2025-08-25 09:54:37,269 - system - INFO - {"timestamp": "2025-08-25T09:54:37.269009", "event_type": "system_start", "message": "Starting Deep Reinforcement Learning Jamming Detection System"}
2025-08-25 09:54:37,269 - system - INFO - {"timestamp": "2025-08-25T09:54:37.269129", "event_type": "mode_set", "message": "Mode: train"}
2025-08-25 09:54:37,269 - system - INFO - {"timestamp": "2025-08-25T09:54:37.269435", "event_type": "device_info", "message": "PyTorch device: CPU"}
2025-08-25 09:54:37,269 - system - INFO - {"timestamp": "2025-08-25T09:54:37.269577", "event_type": "training_start", "message": "Training HYBRID agent for 50 episodes"}
2025-08-25 09:54:38,264 - system - INFO - {"timestamp": "2025-08-25T09:54:38.264660", "event_type": "agent_training_start", "message": "Starting training for HYBRID agent"}
2025-08-27 20:27:39,240 - system - INFO - {"timestamp": "2025-08-27T20:27:39.240372", "event_type": "system_start", "message": "Starting Deep Reinforcement Learning Jamming Detection System"}
2025-08-27 20:27:39,240 - system - INFO - {"timestamp": "2025-08-27T20:27:39.240496", "event_type": "mode_set", "message": "Mode: train"}
2025-08-27 20:27:39,359 - system - INFO - {"timestamp": "2025-08-27T20:27:39.359182", "event_type": "device_info", "message": "PyTorch device: CUDA"}
2025-08-27 20:27:39,359 - system - INFO - {"timestamp": "2025-08-27T20:27:39.359300", "event_type": "usrp_calibration", "message": "\u2705 USRP Performance Calibration: ENABLED"}
2025-08-27 20:27:39,359 - system - INFO - {"timestamp": "2025-08-27T20:27:39.359500", "event_type": "training_start", "message": "Training MLP agent for 100 episodes"}
2025-08-27 20:27:39,534 - system - INFO - {"timestamp": "2025-08-27T20:27:39.534447", "event_type": "agent_training_start", "message": "Starting training for MLP agent"}
2025-08-27 20:27:46,469 - system - INFO - {"timestamp": "2025-08-27T20:27:46.469516", "event_type": "info", "message": "Episode 0: Train Reward: nan, Eval Reward: nan \u00b1 nan"}
2025-08-27 20:32:29,957 - system - INFO - {"timestamp": "2025-08-27T20:32:29.957346", "event_type": "system_start", "message": "Starting Deep Reinforcement Learning Jamming Detection System"}
2025-08-27 20:32:29,957 - system - INFO - {"timestamp": "2025-08-27T20:32:29.957466", "event_type": "mode_set", "message": "Mode: train"}
2025-08-27 20:32:30,038 - system - INFO - {"timestamp": "2025-08-27T20:32:30.038331", "event_type": "device_info", "message": "PyTorch device: CUDA"}
2025-08-27 20:32:30,038 - system - INFO - {"timestamp": "2025-08-27T20:32:30.038465", "event_type": "usrp_calibration", "message": "\u2705 USRP Performance Calibration: ENABLED"}
2025-08-27 20:32:30,038 - system - INFO - {"timestamp": "2025-08-27T20:32:30.038684", "event_type": "training_start", "message": "Training MLP agent for 50 episodes"}
2025-08-27 20:32:30,191 - system - INFO - {"timestamp": "2025-08-27T20:32:30.191780", "event_type": "agent_training_start", "message": "Starting training for MLP agent"}
2025-08-27 20:32:36,724 - system - INFO - {"timestamp": "2025-08-27T20:32:36.724254", "event_type": "info", "message": "Episode 0: Train Reward: nan, Eval Reward: nan \u00b1 nan"}
2025-08-27 20:35:25,598 - system - WARNING - {"timestamp": "2025-08-27T20:35:25.598106", "event_type": "warning", "message": "Episode 50: USRP calibration targets not fully met. F1-target: \u274c, Improvement: \u274c, Target F1: 98.0%"}
2025-08-27 20:35:25,598 - system - INFO - {"timestamp": "2025-08-27T20:35:25.598281", "event_type": "info", "message": "Training completed for MLP agent. Best eval reward: -inf"}
2025-08-27 20:35:25,602 - system - INFO - {"timestamp": "2025-08-27T20:35:25.602311", "event_type": "info", "message": "Agent saved to models/checkpoints/final_mlp_agent.pth"}
2025-08-27 20:35:50,504 - system - INFO - {"timestamp": "2025-08-27T20:35:50.504209", "event_type": "info", "message": "Training results plot saved to mlp_training_results.png"}
2025-08-27 20:35:50,504 - system - INFO - {"timestamp": "2025-08-27T20:35:50.504797", "event_type": "info", "message": "Training history saved to 20250827_203550_mlp_training_history.json"}
2025-08-27 20:35:50,504 - system - INFO - {"timestamp": "2025-08-27T20:35:50.504867", "event_type": "training_complete", "message": "Training completed successfully"}
2025-08-27 20:35:50,504 - system - INFO - {"timestamp": "2025-08-27T20:35:50.504906", "event_type": "info", "message": "DRL Jamming Detection System execution completed"}
2025-08-27 20:36:03,194 - system - INFO - {"timestamp": "2025-08-27T20:36:03.194758", "event_type": "system_start", "message": "Starting Deep Reinforcement Learning Jamming Detection System"}
2025-08-27 20:36:03,194 - system - INFO - {"timestamp": "2025-08-27T20:36:03.194886", "event_type": "mode_set", "message": "Mode: train"}
2025-08-27 20:36:03,292 - system - INFO - {"timestamp": "2025-08-27T20:36:03.292812", "event_type": "device_info", "message": "PyTorch device: CUDA"}
2025-08-27 20:36:03,292 - system - INFO - {"timestamp": "2025-08-27T20:36:03.292919", "event_type": "usrp_calibration", "message": "\u2705 USRP Performance Calibration: ENABLED"}
2025-08-27 20:36:03,293 - system - INFO - {"timestamp": "2025-08-27T20:36:03.293092", "event_type": "training_start", "message": "Training MLP agent for 10 episodes"}
2025-08-27 20:36:03,457 - system - INFO - {"timestamp": "2025-08-27T20:36:03.457842", "event_type": "agent_training_start", "message": "Starting training for MLP agent"}
2025-08-27 20:36:10,602 - system - INFO - {"timestamp": "2025-08-27T20:36:10.602065", "event_type": "info", "message": "Episode 0: Train Reward: nan, Eval Reward: nan \u00b1 nan"}
2025-08-27 20:36:42,010 - system - INFO - {"timestamp": "2025-08-27T20:36:42.010819", "event_type": "info", "message": "Training completed for MLP agent. Best eval reward: -inf"}
2025-08-27 20:36:42,014 - system - INFO - {"timestamp": "2025-08-27T20:36:42.014908", "event_type": "info", "message": "Agent saved to models/checkpoints/final_mlp_agent.pth"}
2025-08-27 20:36:42,015 - system - INFO - {"timestamp": "2025-08-27T20:36:42.015131", "event_type": "info", "message": "Training history saved to 20250827_203642_mlp_training_history.json"}
2025-08-27 20:36:42,015 - system - INFO - {"timestamp": "2025-08-27T20:36:42.015166", "event_type": "training_complete", "message": "Training completed successfully"}
2025-08-27 20:36:42,015 - system - INFO - {"timestamp": "2025-08-27T20:36:42.015188", "event_type": "info", "message": "DRL Jamming Detection System execution completed"}
2025-08-27 20:37:10,871 - system - INFO - {"timestamp": "2025-08-27T20:37:10.871129", "event_type": "system_start", "message": "Starting Deep Reinforcement Learning Jamming Detection System"}
2025-08-27 20:37:10,871 - system - INFO - {"timestamp": "2025-08-27T20:37:10.871259", "event_type": "mode_set", "message": "Mode: evaluate"}
2025-08-27 20:37:10,974 - system - INFO - {"timestamp": "2025-08-27T20:37:10.974029", "event_type": "device_info", "message": "PyTorch device: CUDA"}
2025-08-27 20:37:10,974 - system - INFO - {"timestamp": "2025-08-27T20:37:10.974146", "event_type": "usrp_calibration", "message": "\u2705 USRP Performance Calibration: ENABLED"}
2025-08-27 20:37:10,974 - system - INFO - {"timestamp": "2025-08-27T20:37:10.974296", "event_type": "info", "message": "No model specified. Training new agent..."}
2025-08-27 20:37:11,143 - system - INFO - {"timestamp": "2025-08-27T20:37:11.143072", "event_type": "agent_training_start", "message": "Starting training for MLP agent"}
2025-08-27 20:37:18,033 - system - INFO - {"timestamp": "2025-08-27T20:37:18.033603", "event_type": "info", "message": "Episode 0: Train Reward: 1809.950, Eval Reward: 1769.701 \u00b1 33.414"}
2025-08-27 20:37:18,037 - system - INFO - {"timestamp": "2025-08-27T20:37:18.037445", "event_type": "info", "message": "Agent saved to models/checkpoints/best_mlp_agent.pth"}
2025-08-27 20:40:08,423 - system - WARNING - {"timestamp": "2025-08-27T20:40:08.423506", "event_type": "warning", "message": "Episode 50: USRP calibration targets not fully met. F1-target: \u274c, Improvement: \u274c, Target F1: 98.0%"}
2025-08-27 20:40:15,427 - system - INFO - {"timestamp": "2025-08-27T20:40:15.427581", "event_type": "info", "message": "Episode 50: Train Reward: nan, Eval Reward: nan \u00b1 nan"}
2025-08-27 20:44:47,034 - system - INFO - {"timestamp": "2025-08-27T20:44:47.034405", "event_type": "system_start", "message": "Starting Deep Reinforcement Learning Jamming Detection System"}
2025-08-27 20:44:47,034 - system - INFO - {"timestamp": "2025-08-27T20:44:47.034524", "event_type": "mode_set", "message": "Mode: train"}
2025-08-27 20:44:47,130 - system - INFO - {"timestamp": "2025-08-27T20:44:47.130321", "event_type": "device_info", "message": "PyTorch device: CUDA"}
2025-08-27 20:44:47,130 - system - INFO - {"timestamp": "2025-08-27T20:44:47.130427", "event_type": "usrp_calibration", "message": "\u2705 USRP Performance Calibration: ENABLED"}
2025-08-27 20:44:47,132 - system - INFO - {"timestamp": "2025-08-27T20:44:47.132916", "event_type": "dataset_env_config", "message": "Using dataset environment with state_dim=4"}
2025-08-27 20:44:47,133 - system - INFO - {"timestamp": "2025-08-27T20:44:47.133006", "event_type": "dataset_mode", "message": "Using dataset environment: synthetic_dataset.csv"}
2025-08-27 20:44:47,133 - system - INFO - {"timestamp": "2025-08-27T20:44:47.133041", "event_type": "training_start", "message": "Training MLP agent for 5 episodes"}
2025-08-27 20:44:47,290 - system - INFO - {"timestamp": "2025-08-27T20:44:47.290175", "event_type": "agent_training_start", "message": "Starting training for MLP agent"}
2025-08-27 20:49:14,711 - system - INFO - {"timestamp": "2025-08-27T20:49:14.711916", "event_type": "system_start", "message": "Starting Deep Reinforcement Learning Jamming Detection System"}
2025-08-27 20:49:14,712 - system - INFO - {"timestamp": "2025-08-27T20:49:14.712032", "event_type": "mode_set", "message": "Mode: train"}
2025-08-27 20:49:14,806 - system - INFO - {"timestamp": "2025-08-27T20:49:14.806689", "event_type": "device_info", "message": "PyTorch device: CUDA"}
2025-08-27 20:49:14,806 - system - INFO - {"timestamp": "2025-08-27T20:49:14.806786", "event_type": "usrp_calibration", "message": "\u2705 USRP Performance Calibration: ENABLED"}
2025-08-27 20:49:14,809 - system - INFO - {"timestamp": "2025-08-27T20:49:14.809112", "event_type": "dataset_env_config", "message": "Using dataset environment with state_dim=4"}
2025-08-27 20:49:14,809 - system - INFO - {"timestamp": "2025-08-27T20:49:14.809192", "event_type": "dataset_mode", "message": "Using dataset environment: synthetic_dataset.csv"}
2025-08-27 20:49:14,809 - system - INFO - {"timestamp": "2025-08-27T20:49:14.809239", "event_type": "training_start", "message": "Training MLP agent for 2 episodes"}
2025-08-27 20:49:14,977 - system - INFO - {"timestamp": "2025-08-27T20:49:14.977462", "event_type": "agent_training_start", "message": "Starting training for MLP agent"}
2025-08-27 20:49:17,072 - system - INFO - {"timestamp": "2025-08-27T20:49:17.072606", "event_type": "info", "message": "Episode 0: Train Reward: 62.183, Eval Reward: 63.443 \u00b1 0.096"}
2025-08-27 20:49:17,077 - system - INFO - {"timestamp": "2025-08-27T20:49:17.077556", "event_type": "info", "message": "Agent saved to models/checkpoints/best_mlp_agent.pth"}
2025-08-27 20:49:17,817 - system - INFO - {"timestamp": "2025-08-27T20:49:17.817228", "event_type": "info", "message": "Training completed for MLP agent. Best eval reward: 63.443"}
2025-08-27 20:49:17,820 - system - INFO - {"timestamp": "2025-08-27T20:49:17.820150", "event_type": "info", "message": "Agent saved to models/checkpoints/final_mlp_agent.pth"}
2025-08-27 20:49:17,820 - system - INFO - {"timestamp": "2025-08-27T20:49:17.820389", "event_type": "info", "message": "Training history saved to 20250827_204917_mlp_training_history.json"}
2025-08-27 20:49:17,820 - system - INFO - {"timestamp": "2025-08-27T20:49:17.820428", "event_type": "training_complete", "message": "Training completed successfully"}
2025-08-27 20:49:17,820 - system - INFO - {"timestamp": "2025-08-27T20:49:17.820452", "event_type": "info", "message": "DRL Jamming Detection System execution completed"}
2025-08-27 20:50:48,760 - system - INFO - {"timestamp": "2025-08-27T20:50:48.760682", "event_type": "system_start", "message": "Starting Deep Reinforcement Learning Jamming Detection System"}
2025-08-27 20:50:48,760 - system - INFO - {"timestamp": "2025-08-27T20:50:48.760811", "event_type": "mode_set", "message": "Mode: train"}
2025-08-27 20:50:48,853 - system - INFO - {"timestamp": "2025-08-27T20:50:48.853760", "event_type": "device_info", "message": "PyTorch device: CUDA"}
2025-08-27 20:50:48,853 - system - INFO - {"timestamp": "2025-08-27T20:50:48.853865", "event_type": "usrp_calibration", "message": "\u2705 USRP Performance Calibration: ENABLED"}
2025-08-27 20:50:48,856 - system - INFO - {"timestamp": "2025-08-27T20:50:48.856200", "event_type": "dataset_env_config", "message": "Using dataset environment with state_dim=4"}
2025-08-27 20:50:48,856 - system - INFO - {"timestamp": "2025-08-27T20:50:48.856302", "event_type": "dataset_mode", "message": "Using dataset environment: synthetic_dataset.csv"}
2025-08-27 20:50:48,856 - system - INFO - {"timestamp": "2025-08-27T20:50:48.856335", "event_type": "training_start", "message": "Training MLP agent for 5 episodes"}
2025-08-27 20:50:49,026 - system - INFO - {"timestamp": "2025-08-27T20:50:49.026324", "event_type": "agent_training_start", "message": "Starting training for MLP agent"}
2025-08-27 20:50:50,851 - system - INFO - {"timestamp": "2025-08-27T20:50:50.851726", "event_type": "info", "message": "Episode 0: Train Reward: 26.123, Eval Reward: 63.940 \u00b1 0.151"}
2025-08-27 20:50:50,855 - system - INFO - {"timestamp": "2025-08-27T20:50:50.855301", "event_type": "info", "message": "Agent saved to models/checkpoints/best_mlp_agent.pth"}
2025-08-27 20:50:50,855 - system - INFO - {"timestamp": "2025-08-27T20:50:50.855399", "event_type": "episode_progress", "message": "ep=1/5 reward=26.12 buffer=150 actor_loss=-1.0409 critic_loss=0.2776"}
2025-08-27 20:50:52,621 - system - INFO - {"timestamp": "2025-08-27T20:50:52.621768", "event_type": "info", "message": "Episode 1: Train Reward: 43.678, Eval Reward: 58.135 \u00b1 0.176"}
2025-08-27 20:50:52,621 - system - INFO - {"timestamp": "2025-08-27T20:50:52.621862", "event_type": "episode_progress", "message": "ep=2/5 reward=43.68 buffer=300 actor_loss=-1.2585 critic_loss=0.2945"}
2025-08-27 20:50:54,411 - system - INFO - {"timestamp": "2025-08-27T20:50:54.411803", "event_type": "info", "message": "Episode 2: Train Reward: 50.324, Eval Reward: 66.095 \u00b1 0.116"}
2025-08-27 20:50:54,414 - system - INFO - {"timestamp": "2025-08-27T20:50:54.414894", "event_type": "info", "message": "Agent saved to models/checkpoints/best_mlp_agent.pth"}
2025-08-27 20:50:54,415 - system - INFO - {"timestamp": "2025-08-27T20:50:54.414993", "event_type": "episode_progress", "message": "ep=3/5 reward=50.32 buffer=450 actor_loss=-1.7532 critic_loss=0.2837"}
2025-08-27 20:50:56,169 - system - INFO - {"timestamp": "2025-08-27T20:50:56.169212", "event_type": "info", "message": "Episode 3: Train Reward: 36.805, Eval Reward: 79.500 \u00b1 1.571"}
2025-08-27 20:50:56,171 - system - INFO - {"timestamp": "2025-08-27T20:50:56.171933", "event_type": "info", "message": "Agent saved to models/checkpoints/best_mlp_agent.pth"}
2025-08-27 20:50:56,172 - system - INFO - {"timestamp": "2025-08-27T20:50:56.172018", "event_type": "episode_progress", "message": "ep=4/5 reward=36.80 buffer=600 actor_loss=-2.2930 critic_loss=0.3690"}
2025-08-27 20:50:57,944 - system - INFO - {"timestamp": "2025-08-27T20:50:57.944083", "event_type": "info", "message": "Episode 4: Train Reward: 34.219, Eval Reward: 77.688 \u00b1 0.806"}
2025-08-27 20:50:57,944 - system - INFO - {"timestamp": "2025-08-27T20:50:57.944172", "event_type": "episode_progress", "message": "ep=5/5 reward=34.22 buffer=750 actor_loss=-2.6558 critic_loss=0.2882"}
2025-08-27 20:50:57,944 - system - INFO - {"timestamp": "2025-08-27T20:50:57.944202", "event_type": "info", "message": "Training completed for MLP agent. Best eval reward: 79.500"}
2025-08-27 20:50:57,947 - system - INFO - {"timestamp": "2025-08-27T20:50:57.947133", "event_type": "info", "message": "Agent saved to models/checkpoints/final_mlp_agent.pth"}
2025-08-27 20:50:57,947 - system - INFO - {"timestamp": "2025-08-27T20:50:57.947390", "event_type": "info", "message": "Training history saved to 20250827_205057_mlp_training_history.json"}
2025-08-27 20:50:57,947 - system - INFO - {"timestamp": "2025-08-27T20:50:57.947429", "event_type": "training_complete", "message": "Training completed successfully"}
2025-08-27 20:50:57,947 - system - INFO - {"timestamp": "2025-08-27T20:50:57.947454", "event_type": "info", "message": "DRL Jamming Detection System execution completed"}
2025-08-27 20:51:49,514 - system - INFO - {"timestamp": "2025-08-27T20:51:49.514510", "event_type": "system_start", "message": "Starting Deep Reinforcement Learning Jamming Detection System"}
2025-08-27 20:51:49,514 - system - INFO - {"timestamp": "2025-08-27T20:51:49.514646", "event_type": "mode_set", "message": "Mode: train"}
2025-08-27 20:51:49,604 - system - INFO - {"timestamp": "2025-08-27T20:51:49.604090", "event_type": "device_info", "message": "PyTorch device: CUDA"}
2025-08-27 20:51:49,604 - system - INFO - {"timestamp": "2025-08-27T20:51:49.604229", "event_type": "usrp_calibration", "message": "\u2705 USRP Performance Calibration: ENABLED"}
2025-08-27 20:51:49,606 - system - INFO - {"timestamp": "2025-08-27T20:51:49.606825", "event_type": "dataset_env_config", "message": "Using dataset environment with state_dim=4"}
2025-08-27 20:51:49,606 - system - INFO - {"timestamp": "2025-08-27T20:51:49.606933", "event_type": "dataset_mode", "message": "Using dataset environment: synthetic_dataset.csv"}
2025-08-27 20:51:49,606 - system - INFO - {"timestamp": "2025-08-27T20:51:49.606975", "event_type": "training_start", "message": "Training MLP agent for 3 episodes"}
2025-08-27 20:51:49,773 - system - INFO - {"timestamp": "2025-08-27T20:51:49.773406", "event_type": "agent_training_start", "message": "Starting training for MLP agent"}
2025-08-27 20:51:51,423 - system - INFO - {"timestamp": "2025-08-27T20:51:51.423433", "event_type": "info", "message": "Episode 0: Train Reward: 16.629, Eval Reward: 76.019 \u00b1 0.392"}
2025-08-27 20:51:51,427 - system - INFO - {"timestamp": "2025-08-27T20:51:51.427302", "event_type": "info", "message": "Agent saved to models/checkpoints/best_mlp_agent.pth"}
2025-08-27 20:51:51,427 - system - INFO - {"timestamp": "2025-08-27T20:51:51.427439", "event_type": "episode_progress", "message": "ep=1/3 reward=16.63 buffer=100 actor_loss=-0.5261 critic_loss=0.2492"}
2025-08-27 20:51:53,092 - system - INFO - {"timestamp": "2025-08-27T20:51:53.092279", "event_type": "info", "message": "Episode 1: Train Reward: 39.787, Eval Reward: 67.673 \u00b1 0.062"}
2025-08-27 20:51:53,092 - system - INFO - {"timestamp": "2025-08-27T20:51:53.092409", "event_type": "episode_progress", "message": "ep=2/3 reward=39.79 buffer=200 actor_loss=-0.9995 critic_loss=0.3063"}
2025-08-27 20:51:54,724 - system - INFO - {"timestamp": "2025-08-27T20:51:54.724577", "event_type": "info", "message": "Episode 2: Train Reward: 36.276, Eval Reward: 63.256 \u00b1 0.119"}
2025-08-27 20:51:54,724 - system - INFO - {"timestamp": "2025-08-27T20:51:54.724693", "event_type": "episode_progress", "message": "ep=3/3 reward=36.28 buffer=300 actor_loss=-1.1802 critic_loss=0.3518"}
2025-08-27 20:51:54,724 - system - INFO - {"timestamp": "2025-08-27T20:51:54.724729", "event_type": "info", "message": "Training completed for MLP agent. Best eval reward: 76.019"}
2025-08-27 20:51:54,727 - system - INFO - {"timestamp": "2025-08-27T20:51:54.727636", "event_type": "info", "message": "Agent saved to models/checkpoints/final_mlp_agent.pth"}
2025-08-27 20:51:54,727 - system - INFO - {"timestamp": "2025-08-27T20:51:54.727900", "event_type": "info", "message": "Training history saved to 20250827_205154_mlp_training_history.json"}
2025-08-27 20:51:54,727 - system - INFO - {"timestamp": "2025-08-27T20:51:54.727951", "event_type": "training_complete", "message": "Training completed successfully"}
2025-08-27 20:51:54,727 - system - INFO - {"timestamp": "2025-08-27T20:51:54.727986", "event_type": "info", "message": "DRL Jamming Detection System execution completed"}
2025-08-27 20:59:51,254 - system - INFO - {"timestamp": "2025-08-27T20:59:51.254171", "event_type": "system_start", "message": "Starting Deep Reinforcement Learning Jamming Detection System"}
2025-08-27 20:59:51,254 - system - INFO - {"timestamp": "2025-08-27T20:59:51.254312", "event_type": "mode_set", "message": "Mode: train"}
2025-08-27 20:59:51,349 - system - INFO - {"timestamp": "2025-08-27T20:59:51.349130", "event_type": "device_info", "message": "PyTorch device: CUDA"}
2025-08-27 20:59:51,349 - system - INFO - {"timestamp": "2025-08-27T20:59:51.349287", "event_type": "usrp_calibration", "message": "\u2705 USRP Performance Calibration: ENABLED"}
2025-08-27 20:59:51,352 - system - INFO - {"timestamp": "2025-08-27T20:59:51.352594", "event_type": "dataset_env_config", "message": "Using dataset environment with state_dim=4"}
2025-08-27 20:59:51,352 - system - INFO - {"timestamp": "2025-08-27T20:59:51.352713", "event_type": "dataset_mode", "message": "Using dataset environment: synthetic_dataset.csv"}
2025-08-27 20:59:51,352 - system - INFO - {"timestamp": "2025-08-27T20:59:51.352761", "event_type": "training_start", "message": "Training MLP agent for 3 episodes"}
2025-08-27 20:59:51,521 - system - INFO - {"timestamp": "2025-08-27T20:59:51.521586", "event_type": "agent_training_start", "message": "Starting training for MLP agent"}
2025-08-27 20:59:53,346 - system - INFO - {"timestamp": "2025-08-27T20:59:53.346083", "event_type": "info", "message": "Episode 0: Train Reward: 22.611, Eval Reward: 34.058 \u00b1 4.486"}
2025-08-27 20:59:53,348 - system - INFO - {"timestamp": "2025-08-27T20:59:53.348954", "event_type": "info", "message": "Agent saved to models/checkpoints/best_mlp_agent.pth"}
2025-08-27 20:59:53,349 - system - INFO - {"timestamp": "2025-08-27T20:59:53.349083", "event_type": "episode_progress", "message": "ep=1/3 reward=22.61 eval_best=34.06 buffer=60 actor_loss=0.0000 critic_loss=0.0000"}
2025-08-27 20:59:55,447 - system - INFO - {"timestamp": "2025-08-27T20:59:55.447748", "event_type": "info", "message": "Episode 1: Train Reward: 13.693, Eval Reward: 96.407 \u00b1 1.531"}
2025-08-27 20:59:55,450 - system - INFO - {"timestamp": "2025-08-27T20:59:55.450884", "event_type": "info", "message": "Agent saved to models/checkpoints/best_mlp_agent.pth"}
2025-08-27 20:59:55,451 - system - INFO - {"timestamp": "2025-08-27T20:59:55.451018", "event_type": "episode_progress", "message": "ep=2/3 reward=13.69 eval_best=96.41 buffer=120 actor_loss=-0.3493 critic_loss=0.2184"}
2025-08-27 20:59:57,421 - system - INFO - {"timestamp": "2025-08-27T20:59:57.421299", "event_type": "info", "message": "Episode 2: Train Reward: 18.076, Eval Reward: 71.454 \u00b1 0.115"}
2025-08-27 20:59:57,421 - system - INFO - {"timestamp": "2025-08-27T20:59:57.421426", "event_type": "episode_progress", "message": "ep=3/3 reward=18.08 eval_best=96.41 buffer=180 actor_loss=-0.8681 critic_loss=0.2500"}
2025-08-27 20:59:57,421 - system - INFO - {"timestamp": "2025-08-27T20:59:57.421720", "event_type": "info", "message": "Training completed for MLP agent. Best eval reward: 96.407"}
2025-08-27 20:59:57,424 - system - INFO - {"timestamp": "2025-08-27T20:59:57.424827", "event_type": "info", "message": "Agent saved to models/checkpoints/final_mlp_agent.pth"}
2025-08-27 20:59:57,425 - system - INFO - {"timestamp": "2025-08-27T20:59:57.425095", "event_type": "info", "message": "Training history saved to 20250827_205957_mlp_training_history.json"}
2025-08-27 20:59:57,425 - system - INFO - {"timestamp": "2025-08-27T20:59:57.425145", "event_type": "training_complete", "message": "Training completed successfully"}
2025-08-27 20:59:57,425 - system - INFO - {"timestamp": "2025-08-27T20:59:57.425179", "event_type": "info", "message": "DRL Jamming Detection System execution completed"}
2025-08-27 21:00:22,250 - system - INFO - {"timestamp": "2025-08-27T21:00:22.250336", "event_type": "system_start", "message": "Starting Deep Reinforcement Learning Jamming Detection System"}
2025-08-27 21:00:22,250 - system - INFO - {"timestamp": "2025-08-27T21:00:22.250470", "event_type": "mode_set", "message": "Mode: train"}
2025-08-27 21:00:22,354 - system - INFO - {"timestamp": "2025-08-27T21:00:22.354068", "event_type": "device_info", "message": "PyTorch device: CUDA"}
2025-08-27 21:00:22,354 - system - INFO - {"timestamp": "2025-08-27T21:00:22.354204", "event_type": "usrp_calibration", "message": "\u2705 USRP Performance Calibration: ENABLED"}
2025-08-27 21:00:22,357 - system - INFO - {"timestamp": "2025-08-27T21:00:22.357630", "event_type": "dataset_env_config", "message": "Using dataset environment with state_dim=4"}
2025-08-27 21:00:22,357 - system - INFO - {"timestamp": "2025-08-27T21:00:22.357747", "event_type": "dataset_mode", "message": "Using dataset environment: synthetic_dataset.csv"}
2025-08-27 21:00:22,357 - system - INFO - {"timestamp": "2025-08-27T21:00:22.357792", "event_type": "training_start", "message": "Training MLP agent for 10 episodes"}
2025-08-27 21:00:22,524 - system - INFO - {"timestamp": "2025-08-27T21:00:22.524382", "event_type": "agent_training_start", "message": "Starting training for MLP agent"}
2025-08-27 21:00:24,531 - system - INFO - {"timestamp": "2025-08-27T21:00:24.531888", "event_type": "info", "message": "Episode 0: Train Reward: 11.028, Eval Reward: 28.844 \u00b1 2.017"}
2025-08-27 21:00:24,536 - system - INFO - {"timestamp": "2025-08-27T21:00:24.536421", "event_type": "info", "message": "Agent saved to models/checkpoints/best_mlp_agent.pth"}
2025-08-27 21:00:24,536 - system - INFO - {"timestamp": "2025-08-27T21:00:24.536562", "event_type": "episode_progress", "message": "ep=1/10 reward=11.03 eval_best=28.84 buffer=80 actor_loss=-0.5004 critic_loss=0.2381"}
2025-08-27 21:00:24,857 - system - INFO - {"timestamp": "2025-08-27T21:00:24.857293", "event_type": "episode_progress", "message": "ep=2/10 reward=22.43 eval_best=28.84 buffer=160 actor_loss=-1.0859 critic_loss=0.1631"}
2025-08-27 21:00:26,897 - system - INFO - {"timestamp": "2025-08-27T21:00:26.897916", "event_type": "info", "message": "Episode 2: Train Reward: 26.302, Eval Reward: 70.668 \u00b1 0.138"}
2025-08-27 21:00:26,900 - system - INFO - {"timestamp": "2025-08-27T21:00:26.900845", "event_type": "info", "message": "Agent saved to models/checkpoints/best_mlp_agent.pth"}
2025-08-27 21:00:26,900 - system - INFO - {"timestamp": "2025-08-27T21:00:26.900958", "event_type": "episode_progress", "message": "ep=3/10 reward=26.30 eval_best=70.67 buffer=240 actor_loss=-1.0348 critic_loss=0.1720"}
2025-08-27 21:00:27,223 - system - INFO - {"timestamp": "2025-08-27T21:00:27.223083", "event_type": "episode_progress", "message": "ep=4/10 reward=18.68 eval_best=70.67 buffer=320 actor_loss=-1.0572 critic_loss=0.2844"}
2025-08-27 21:00:29,244 - system - INFO - {"timestamp": "2025-08-27T21:00:29.244764", "event_type": "info", "message": "Episode 4: Train Reward: 30.275, Eval Reward: 61.101 \u00b1 3.190"}
2025-08-27 21:00:29,244 - system - INFO - {"timestamp": "2025-08-27T21:00:29.244885", "event_type": "episode_progress", "message": "ep=5/10 reward=30.28 eval_best=70.67 buffer=400 actor_loss=-1.5344 critic_loss=0.1814"}
2025-08-27 21:00:29,567 - system - INFO - {"timestamp": "2025-08-27T21:00:29.567305", "event_type": "episode_progress", "message": "ep=6/10 reward=22.70 eval_best=70.67 buffer=480 actor_loss=-1.6369 critic_loss=0.2404"}
2025-08-27 21:00:31,595 - system - INFO - {"timestamp": "2025-08-27T21:00:31.595536", "event_type": "info", "message": "Episode 6: Train Reward: 30.915, Eval Reward: 73.617 \u00b1 1.711"}
2025-08-27 21:00:31,598 - system - INFO - {"timestamp": "2025-08-27T21:00:31.598364", "event_type": "info", "message": "Agent saved to models/checkpoints/best_mlp_agent.pth"}
2025-08-27 21:00:31,598 - system - INFO - {"timestamp": "2025-08-27T21:00:31.598474", "event_type": "episode_progress", "message": "ep=7/10 reward=30.92 eval_best=73.62 buffer=560 actor_loss=-1.8638 critic_loss=0.2043"}
2025-08-27 21:00:31,921 - system - INFO - {"timestamp": "2025-08-27T21:00:31.921104", "event_type": "episode_progress", "message": "ep=8/10 reward=29.37 eval_best=73.62 buffer=640 actor_loss=-2.2152 critic_loss=0.1672"}
2025-08-27 21:00:33,965 - system - INFO - {"timestamp": "2025-08-27T21:00:33.965406", "event_type": "info", "message": "Episode 8: Train Reward: 29.124, Eval Reward: 79.364 \u00b1 3.177"}
2025-08-27 21:00:33,968 - system - INFO - {"timestamp": "2025-08-27T21:00:33.968450", "event_type": "info", "message": "Agent saved to models/checkpoints/best_mlp_agent.pth"}
2025-08-27 21:00:33,968 - system - INFO - {"timestamp": "2025-08-27T21:00:33.968580", "event_type": "episode_progress", "message": "ep=9/10 reward=29.12 eval_best=79.36 buffer=720 actor_loss=-2.3685 critic_loss=0.1333"}
2025-08-27 21:00:34,287 - system - INFO - {"timestamp": "2025-08-27T21:00:34.287402", "event_type": "episode_progress", "message": "ep=10/10 reward=26.37 eval_best=79.36 buffer=800 actor_loss=-2.6156 critic_loss=0.2364"}
2025-08-27 21:00:34,287 - system - INFO - {"timestamp": "2025-08-27T21:00:34.287735", "event_type": "info", "message": "Training completed for MLP agent. Best eval reward: 79.364"}
2025-08-27 21:00:34,290 - system - INFO - {"timestamp": "2025-08-27T21:00:34.290406", "event_type": "info", "message": "Agent saved to models/checkpoints/final_mlp_agent.pth"}
2025-08-27 21:00:34,290 - system - INFO - {"timestamp": "2025-08-27T21:00:34.290665", "event_type": "info", "message": "Training history saved to 20250827_210034_mlp_training_history.json"}
2025-08-27 21:00:34,290 - system - INFO - {"timestamp": "2025-08-27T21:00:34.290708", "event_type": "training_complete", "message": "Training completed successfully"}
2025-08-27 21:00:34,290 - system - INFO - {"timestamp": "2025-08-27T21:00:34.290737", "event_type": "info", "message": "DRL Jamming Detection System execution completed"}
2025-08-27 21:01:35,352 - system - INFO - {"timestamp": "2025-08-27T21:01:35.352130", "event_type": "system_start", "message": "Starting Deep Reinforcement Learning Jamming Detection System"}
2025-08-27 21:01:35,352 - system - INFO - {"timestamp": "2025-08-27T21:01:35.352278", "event_type": "mode_set", "message": "Mode: train"}
2025-08-27 21:01:35,452 - system - INFO - {"timestamp": "2025-08-27T21:01:35.452881", "event_type": "device_info", "message": "PyTorch device: CUDA"}
2025-08-27 21:01:35,453 - system - INFO - {"timestamp": "2025-08-27T21:01:35.453047", "event_type": "usrp_calibration", "message": "\u2705 USRP Performance Calibration: ENABLED"}
2025-08-27 21:01:35,456 - system - INFO - {"timestamp": "2025-08-27T21:01:35.456659", "event_type": "dataset_env_config", "message": "Using dataset environment with state_dim=4"}
2025-08-27 21:01:35,456 - system - INFO - {"timestamp": "2025-08-27T21:01:35.456781", "event_type": "dataset_mode", "message": "Using dataset environment: synthetic_dataset.csv"}
2025-08-27 21:01:35,456 - system - INFO - {"timestamp": "2025-08-27T21:01:35.456830", "event_type": "training_start", "message": "Training MLP agent for 1000 episodes"}
2025-08-27 21:01:35,628 - system - INFO - {"timestamp": "2025-08-27T21:01:35.628539", "event_type": "agent_training_start", "message": "Starting training for MLP agent"}
2025-08-27 21:01:37,789 - system - INFO - {"timestamp": "2025-08-27T21:01:37.789085", "event_type": "info", "message": "Episode 0: Train Reward: 18.130, Eval Reward: 80.104 \u00b1 2.249"}
2025-08-27 21:01:37,793 - system - INFO - {"timestamp": "2025-08-27T21:01:37.793162", "event_type": "info", "message": "Agent saved to models/checkpoints/best_mlp_agent.pth"}
2025-08-27 21:01:37,793 - system - INFO - {"timestamp": "2025-08-27T21:01:37.793298", "event_type": "episode_progress", "message": "ep=1/1000 reward=18.13 eval_best=80.10 buffer=80 actor_loss=-0.2935 critic_loss=0.2836"}
2025-08-27 21:01:38,122 - system - INFO - {"timestamp": "2025-08-27T21:01:38.122571", "event_type": "episode_progress", "message": "ep=2/1000 reward=20.01 eval_best=80.10 buffer=160 actor_loss=-0.7863 critic_loss=0.1871"}
2025-08-27 21:01:38,441 - system - INFO - {"timestamp": "2025-08-27T21:01:38.441010", "event_type": "episode_progress", "message": "ep=3/1000 reward=29.63 eval_best=80.10 buffer=240 actor_loss=-0.9087 critic_loss=0.2063"}
2025-08-27 21:01:38,767 - system - INFO - {"timestamp": "2025-08-27T21:01:38.767690", "event_type": "episode_progress", "message": "ep=4/1000 reward=29.41 eval_best=80.10 buffer=320 actor_loss=-1.2104 critic_loss=0.1806"}
2025-08-27 21:01:39,090 - system - INFO - {"timestamp": "2025-08-27T21:01:39.090117", "event_type": "episode_progress", "message": "ep=5/1000 reward=21.45 eval_best=80.10 buffer=400 actor_loss=-1.3924 critic_loss=0.2633"}
2025-08-27 21:01:39,442 - system - INFO - {"timestamp": "2025-08-27T21:01:39.442156", "event_type": "episode_progress", "message": "ep=6/1000 reward=34.94 eval_best=80.10 buffer=480 actor_loss=-1.8039 critic_loss=0.2203"}
2025-08-27 21:01:39,777 - system - INFO - {"timestamp": "2025-08-27T21:01:39.777821", "event_type": "episode_progress", "message": "ep=7/1000 reward=32.91 eval_best=80.10 buffer=560 actor_loss=-1.9488 critic_loss=0.2370"}
2025-08-27 21:01:40,118 - system - INFO - {"timestamp": "2025-08-27T21:01:40.118328", "event_type": "episode_progress", "message": "ep=8/1000 reward=27.73 eval_best=80.10 buffer=640 actor_loss=-2.2638 critic_loss=0.1954"}
2025-08-27 21:01:40,462 - system - INFO - {"timestamp": "2025-08-27T21:01:40.462947", "event_type": "episode_progress", "message": "ep=9/1000 reward=18.57 eval_best=80.10 buffer=720 actor_loss=-2.5835 critic_loss=0.2406"}
2025-08-27 21:01:40,800 - system - INFO - {"timestamp": "2025-08-27T21:01:40.800840", "event_type": "episode_progress", "message": "ep=10/1000 reward=29.80 eval_best=80.10 buffer=800 actor_loss=-2.9401 critic_loss=0.2869"}
2025-08-27 21:01:42,810 - system - INFO - {"timestamp": "2025-08-27T21:01:42.810621", "event_type": "info", "message": "Episode 10: Train Reward: 28.347, Eval Reward: 91.370 \u00b1 1.125"}
2025-08-27 21:01:42,814 - system - INFO - {"timestamp": "2025-08-27T21:01:42.814941", "event_type": "info", "message": "Agent saved to models/checkpoints/best_mlp_agent.pth"}
2025-08-27 21:01:42,815 - system - INFO - {"timestamp": "2025-08-27T21:01:42.815063", "event_type": "episode_progress", "message": "ep=11/1000 reward=28.35 eval_best=91.37 buffer=880 actor_loss=-2.9812 critic_loss=0.3334"}
2025-08-27 21:01:43,173 - system - INFO - {"timestamp": "2025-08-27T21:01:43.173406", "event_type": "episode_progress", "message": "ep=12/1000 reward=30.02 eval_best=91.37 buffer=960 actor_loss=-3.3352 critic_loss=0.4042"}
2025-08-27 21:01:43,507 - system - INFO - {"timestamp": "2025-08-27T21:01:43.507497", "event_type": "episode_progress", "message": "ep=13/1000 reward=29.44 eval_best=91.37 buffer=1040 actor_loss=-3.4928 critic_loss=0.2399"}
2025-08-27 21:01:43,859 - system - INFO - {"timestamp": "2025-08-27T21:01:43.859102", "event_type": "episode_progress", "message": "ep=14/1000 reward=31.30 eval_best=91.37 buffer=1120 actor_loss=-3.7845 critic_loss=0.2692"}
2025-08-27 21:01:44,202 - system - INFO - {"timestamp": "2025-08-27T21:01:44.202538", "event_type": "episode_progress", "message": "ep=15/1000 reward=35.71 eval_best=91.37 buffer=1200 actor_loss=-3.9996 critic_loss=0.4043"}
2025-08-27 21:01:44,524 - system - INFO - {"timestamp": "2025-08-27T21:01:44.524658", "event_type": "episode_progress", "message": "ep=16/1000 reward=19.55 eval_best=91.37 buffer=1280 actor_loss=-4.3366 critic_loss=0.2868"}
2025-08-27 21:01:44,845 - system - INFO - {"timestamp": "2025-08-27T21:01:44.845823", "event_type": "episode_progress", "message": "ep=17/1000 reward=26.29 eval_best=91.37 buffer=1360 actor_loss=-4.4153 critic_loss=0.3380"}
2025-08-27 21:01:45,149 - system - INFO - {"timestamp": "2025-08-27T21:01:45.149739", "event_type": "episode_progress", "message": "ep=18/1000 reward=28.32 eval_best=91.37 buffer=1440 actor_loss=-4.9014 critic_loss=0.3040"}
2025-08-27 21:01:45,472 - system - INFO - {"timestamp": "2025-08-27T21:01:45.472285", "event_type": "episode_progress", "message": "ep=19/1000 reward=34.70 eval_best=91.37 buffer=1520 actor_loss=-5.2512 critic_loss=0.5243"}
2025-08-27 21:01:45,818 - system - INFO - {"timestamp": "2025-08-27T21:01:45.818208", "event_type": "episode_progress", "message": "ep=20/1000 reward=32.60 eval_best=91.37 buffer=1600 actor_loss=-5.4832 critic_loss=0.3684"}
2025-08-27 21:01:47,936 - system - INFO - {"timestamp": "2025-08-27T21:01:47.936574", "event_type": "info", "message": "Episode 20: Train Reward: 33.347, Eval Reward: 93.377 \u00b1 1.480"}
2025-08-27 21:01:47,940 - system - INFO - {"timestamp": "2025-08-27T21:01:47.940034", "event_type": "info", "message": "Agent saved to models/checkpoints/best_mlp_agent.pth"}
2025-08-27 21:01:47,940 - system - INFO - {"timestamp": "2025-08-27T21:01:47.940162", "event_type": "episode_progress", "message": "ep=21/1000 reward=33.35 eval_best=93.38 buffer=1680 actor_loss=-5.4934 critic_loss=0.4973"}
2025-08-27 21:01:48,262 - system - INFO - {"timestamp": "2025-08-27T21:01:48.262335", "event_type": "episode_progress", "message": "ep=22/1000 reward=22.95 eval_best=93.38 buffer=1760 actor_loss=-5.9515 critic_loss=0.4439"}
2025-08-27 21:01:48,577 - system - INFO - {"timestamp": "2025-08-27T21:01:48.577592", "event_type": "episode_progress", "message": "ep=23/1000 reward=24.39 eval_best=93.38 buffer=1840 actor_loss=-6.3798 critic_loss=0.4657"}
2025-08-27 21:01:48,903 - system - INFO - {"timestamp": "2025-08-27T21:01:48.903932", "event_type": "episode_progress", "message": "ep=24/1000 reward=24.12 eval_best=93.38 buffer=1920 actor_loss=-6.1907 critic_loss=0.3734"}
2025-08-27 21:01:49,240 - system - INFO - {"timestamp": "2025-08-27T21:01:49.240603", "event_type": "episode_progress", "message": "ep=25/1000 reward=35.02 eval_best=93.38 buffer=2000 actor_loss=-6.7253 critic_loss=0.6334"}
2025-08-27 21:01:49,562 - system - INFO - {"timestamp": "2025-08-27T21:01:49.562180", "event_type": "episode_progress", "message": "ep=26/1000 reward=30.16 eval_best=93.38 buffer=2080 actor_loss=-6.8182 critic_loss=0.5190"}
2025-08-27 21:01:49,882 - system - INFO - {"timestamp": "2025-08-27T21:01:49.882462", "event_type": "episode_progress", "message": "ep=27/1000 reward=22.22 eval_best=93.38 buffer=2160 actor_loss=-7.1623 critic_loss=0.3956"}
2025-08-27 21:01:50,211 - system - INFO - {"timestamp": "2025-08-27T21:01:50.211956", "event_type": "episode_progress", "message": "ep=28/1000 reward=32.21 eval_best=93.38 buffer=2240 actor_loss=-7.3395 critic_loss=0.5761"}
2025-08-27 21:01:50,553 - system - INFO - {"timestamp": "2025-08-27T21:01:50.553746", "event_type": "episode_progress", "message": "ep=29/1000 reward=28.07 eval_best=93.38 buffer=2320 actor_loss=-7.5197 critic_loss=0.4377"}
2025-08-27 21:01:50,899 - system - INFO - {"timestamp": "2025-08-27T21:01:50.899506", "event_type": "episode_progress", "message": "ep=30/1000 reward=29.78 eval_best=93.38 buffer=2400 actor_loss=-7.9508 critic_loss=0.4064"}
2025-08-27 21:01:53,020 - system - INFO - {"timestamp": "2025-08-27T21:01:53.020059", "event_type": "info", "message": "Episode 30: Train Reward: 29.589, Eval Reward: 95.687 \u00b1 1.739"}
2025-08-27 21:01:53,023 - system - INFO - {"timestamp": "2025-08-27T21:01:53.023479", "event_type": "info", "message": "Agent saved to models/checkpoints/best_mlp_agent.pth"}
2025-08-27 21:01:53,023 - system - INFO - {"timestamp": "2025-08-27T21:01:53.023619", "event_type": "episode_progress", "message": "ep=31/1000 reward=29.59 eval_best=95.69 buffer=2480 actor_loss=-7.9919 critic_loss=0.6485"}
2025-08-27 21:01:53,365 - system - INFO - {"timestamp": "2025-08-27T21:01:53.364993", "event_type": "episode_progress", "message": "ep=32/1000 reward=35.27 eval_best=95.69 buffer=2560 actor_loss=-8.3002 critic_loss=0.6792"}
2025-08-27 21:01:53,719 - system - INFO - {"timestamp": "2025-08-27T21:01:53.719560", "event_type": "episode_progress", "message": "ep=33/1000 reward=35.80 eval_best=95.69 buffer=2640 actor_loss=-8.7625 critic_loss=0.5819"}
2025-08-27 21:01:54,075 - system - INFO - {"timestamp": "2025-08-27T21:01:54.075730", "event_type": "episode_progress", "message": "ep=34/1000 reward=32.38 eval_best=95.69 buffer=2720 actor_loss=-8.5782 critic_loss=0.4187"}
2025-08-27 21:01:54,415 - system - INFO - {"timestamp": "2025-08-27T21:01:54.415547", "event_type": "episode_progress", "message": "ep=35/1000 reward=25.82 eval_best=95.69 buffer=2800 actor_loss=-8.9488 critic_loss=0.6304"}
2025-08-27 21:01:54,747 - system - INFO - {"timestamp": "2025-08-27T21:01:54.747624", "event_type": "episode_progress", "message": "ep=36/1000 reward=33.02 eval_best=95.69 buffer=2880 actor_loss=-9.1947 critic_loss=0.5298"}
2025-08-27 21:01:55,067 - system - INFO - {"timestamp": "2025-08-27T21:01:55.067951", "event_type": "episode_progress", "message": "ep=37/1000 reward=16.65 eval_best=95.69 buffer=2960 actor_loss=-9.4410 critic_loss=0.7001"}
2025-08-27 21:01:55,393 - system - INFO - {"timestamp": "2025-08-27T21:01:55.393829", "event_type": "episode_progress", "message": "ep=38/1000 reward=27.88 eval_best=95.69 buffer=3040 actor_loss=-9.8872 critic_loss=0.7938"}
2025-08-27 21:01:55,722 - system - INFO - {"timestamp": "2025-08-27T21:01:55.722774", "event_type": "episode_progress", "message": "ep=39/1000 reward=33.75 eval_best=95.69 buffer=3120 actor_loss=-10.1288 critic_loss=0.9053"}
2025-08-27 21:01:56,046 - system - INFO - {"timestamp": "2025-08-27T21:01:56.046406", "event_type": "episode_progress", "message": "ep=40/1000 reward=28.57 eval_best=95.69 buffer=3200 actor_loss=-10.0697 critic_loss=0.9739"}
2025-08-27 21:01:58,195 - system - INFO - {"timestamp": "2025-08-27T21:01:58.195200", "event_type": "info", "message": "Episode 40: Train Reward: 22.912, Eval Reward: 100.814 \u00b1 1.501"}
2025-08-27 21:01:58,198 - system - INFO - {"timestamp": "2025-08-27T21:01:58.198424", "event_type": "info", "message": "Agent saved to models/checkpoints/best_mlp_agent.pth"}
2025-08-27 21:01:58,198 - system - INFO - {"timestamp": "2025-08-27T21:01:58.198570", "event_type": "episode_progress", "message": "ep=41/1000 reward=22.91 eval_best=100.81 buffer=3280 actor_loss=-10.5876 critic_loss=0.7597"}
2025-08-27 21:01:58,552 - system - INFO - {"timestamp": "2025-08-27T21:01:58.552021", "event_type": "episode_progress", "message": "ep=42/1000 reward=36.92 eval_best=100.81 buffer=3360 actor_loss=-10.7519 critic_loss=0.7313"}
2025-08-27 21:01:58,895 - system - INFO - {"timestamp": "2025-08-27T21:01:58.895390", "event_type": "episode_progress", "message": "ep=43/1000 reward=33.88 eval_best=100.81 buffer=3440 actor_loss=-11.0068 critic_loss=0.8070"}
2025-08-27 21:01:59,230 - system - INFO - {"timestamp": "2025-08-27T21:01:59.230056", "event_type": "episode_progress", "message": "ep=44/1000 reward=15.00 eval_best=100.81 buffer=3520 actor_loss=-11.0589 critic_loss=0.6610"}
2025-08-27 21:01:59,571 - system - INFO - {"timestamp": "2025-08-27T21:01:59.571866", "event_type": "episode_progress", "message": "ep=45/1000 reward=29.63 eval_best=100.81 buffer=3600 actor_loss=-11.5030 critic_loss=0.8122"}
2025-08-27 21:01:59,912 - system - INFO - {"timestamp": "2025-08-27T21:01:59.912768", "event_type": "episode_progress", "message": "ep=46/1000 reward=27.95 eval_best=100.81 buffer=3680 actor_loss=-11.7261 critic_loss=0.5933"}
2025-08-27 21:02:00,229 - system - INFO - {"timestamp": "2025-08-27T21:02:00.229481", "event_type": "episode_progress", "message": "ep=47/1000 reward=27.60 eval_best=100.81 buffer=3760 actor_loss=-11.9024 critic_loss=0.7745"}
2025-08-27 21:02:00,542 - system - INFO - {"timestamp": "2025-08-27T21:02:00.542389", "event_type": "episode_progress", "message": "ep=48/1000 reward=20.07 eval_best=100.81 buffer=3840 actor_loss=-12.3331 critic_loss=0.6532"}
2025-08-27 21:02:00,867 - system - INFO - {"timestamp": "2025-08-27T21:02:00.867295", "event_type": "episode_progress", "message": "ep=49/1000 reward=34.66 eval_best=100.81 buffer=3920 actor_loss=-12.3545 critic_loss=0.9282"}
2025-08-27 21:02:01,193 - system - WARNING - {"timestamp": "2025-08-27T21:02:01.193015", "event_type": "warning", "message": "Episode 50: USRP calibration targets not fully met. F1-target: \u274c, Improvement: \u274c, Target F1: 98.0%"}
2025-08-27 21:02:01,193 - system - INFO - {"timestamp": "2025-08-27T21:02:01.193121", "event_type": "episode_progress", "message": "ep=50/1000 reward=30.44 eval_best=100.81 buffer=4000 actor_loss=-12.6812 critic_loss=0.9936"}
2025-08-27 21:02:03,240 - system - INFO - {"timestamp": "2025-08-27T21:02:03.240957", "event_type": "info", "message": "Episode 50: Train Reward: 29.019, Eval Reward: 98.940 \u00b1 0.709"}
2025-08-27 21:02:03,241 - system - INFO - {"timestamp": "2025-08-27T21:02:03.241099", "event_type": "episode_progress", "message": "ep=51/1000 reward=29.02 eval_best=100.81 buffer=4080 actor_loss=-12.7590 critic_loss=1.0992"}
2025-08-27 21:02:03,583 - system - INFO - {"timestamp": "2025-08-27T21:02:03.583573", "event_type": "episode_progress", "message": "ep=52/1000 reward=35.58 eval_best=100.81 buffer=4160 actor_loss=-12.9093 critic_loss=0.8128"}
2025-08-27 21:02:03,924 - system - INFO - {"timestamp": "2025-08-27T21:02:03.924892", "event_type": "episode_progress", "message": "ep=53/1000 reward=29.70 eval_best=100.81 buffer=4240 actor_loss=-13.3704 critic_loss=0.7088"}
2025-08-27 21:02:04,255 - system - INFO - {"timestamp": "2025-08-27T21:02:04.255784", "event_type": "episode_progress", "message": "ep=54/1000 reward=31.49 eval_best=100.81 buffer=4320 actor_loss=-13.5764 critic_loss=0.7195"}
2025-08-27 21:02:04,584 - system - INFO - {"timestamp": "2025-08-27T21:02:04.583969", "event_type": "episode_progress", "message": "ep=55/1000 reward=36.18 eval_best=100.81 buffer=4400 actor_loss=-13.7136 critic_loss=1.2804"}
2025-08-27 21:02:04,911 - system - INFO - {"timestamp": "2025-08-27T21:02:04.911613", "event_type": "episode_progress", "message": "ep=56/1000 reward=22.01 eval_best=100.81 buffer=4480 actor_loss=-14.0010 critic_loss=1.0116"}
2025-08-27 21:02:05,235 - system - INFO - {"timestamp": "2025-08-27T21:02:05.235234", "event_type": "episode_progress", "message": "ep=57/1000 reward=31.13 eval_best=100.81 buffer=4560 actor_loss=-14.0001 critic_loss=1.0448"}
2025-08-27 21:02:05,560 - system - INFO - {"timestamp": "2025-08-27T21:02:05.560859", "event_type": "episode_progress", "message": "ep=58/1000 reward=27.70 eval_best=100.81 buffer=4640 actor_loss=-14.3722 critic_loss=1.0619"}
2025-08-27 21:02:05,884 - system - INFO - {"timestamp": "2025-08-27T21:02:05.884578", "event_type": "episode_progress", "message": "ep=59/1000 reward=20.29 eval_best=100.81 buffer=4720 actor_loss=-14.4992 critic_loss=0.9493"}
2025-08-27 21:02:06,212 - system - INFO - {"timestamp": "2025-08-27T21:02:06.212667", "event_type": "episode_progress", "message": "ep=60/1000 reward=35.91 eval_best=100.81 buffer=4800 actor_loss=-15.0566 critic_loss=1.2896"}
2025-08-27 21:02:08,258 - system - INFO - {"timestamp": "2025-08-27T21:02:08.257976", "event_type": "info", "message": "Episode 60: Train Reward: 30.675, Eval Reward: 99.719 \u00b1 1.191"}
2025-08-27 21:02:08,258 - system - INFO - {"timestamp": "2025-08-27T21:02:08.258121", "event_type": "episode_progress", "message": "ep=61/1000 reward=30.68 eval_best=100.81 buffer=4880 actor_loss=-15.1013 critic_loss=0.9104"}
2025-08-27 21:02:08,588 - system - INFO - {"timestamp": "2025-08-27T21:02:08.588729", "event_type": "episode_progress", "message": "ep=62/1000 reward=36.91 eval_best=100.81 buffer=4960 actor_loss=-15.1270 critic_loss=1.0639"}
2025-08-27 21:02:08,916 - system - INFO - {"timestamp": "2025-08-27T21:02:08.916090", "event_type": "episode_progress", "message": "ep=63/1000 reward=35.94 eval_best=100.81 buffer=5040 actor_loss=-15.5370 critic_loss=1.3068"}
2025-08-27 21:02:09,232 - system - INFO - {"timestamp": "2025-08-27T21:02:09.232274", "event_type": "episode_progress", "message": "ep=64/1000 reward=30.44 eval_best=100.81 buffer=5120 actor_loss=-15.7914 critic_loss=1.2677"}
2025-08-27 21:02:09,545 - system - INFO - {"timestamp": "2025-08-27T21:02:09.545398", "event_type": "episode_progress", "message": "ep=65/1000 reward=29.91 eval_best=100.81 buffer=5200 actor_loss=-16.0945 critic_loss=1.4316"}
2025-08-27 21:02:09,871 - system - INFO - {"timestamp": "2025-08-27T21:02:09.871741", "event_type": "episode_progress", "message": "ep=66/1000 reward=30.87 eval_best=100.81 buffer=5280 actor_loss=-16.0409 critic_loss=1.3736"}
2025-08-27 21:02:10,192 - system - INFO - {"timestamp": "2025-08-27T21:02:10.192310", "event_type": "episode_progress", "message": "ep=67/1000 reward=35.27 eval_best=100.81 buffer=5360 actor_loss=-16.5381 critic_loss=1.2910"}
2025-08-27 21:02:10,501 - system - INFO - {"timestamp": "2025-08-27T21:02:10.501369", "event_type": "episode_progress", "message": "ep=68/1000 reward=32.76 eval_best=100.81 buffer=5440 actor_loss=-16.9133 critic_loss=1.3417"}
2025-08-27 21:02:10,822 - system - INFO - {"timestamp": "2025-08-27T21:02:10.822464", "event_type": "episode_progress", "message": "ep=69/1000 reward=37.10 eval_best=100.81 buffer=5520 actor_loss=-16.7772 critic_loss=1.2324"}
2025-08-27 21:02:11,145 - system - INFO - {"timestamp": "2025-08-27T21:02:11.145810", "event_type": "episode_progress", "message": "ep=70/1000 reward=28.68 eval_best=100.81 buffer=5600 actor_loss=-17.7418 critic_loss=1.1092"}
2025-08-27 21:02:13,159 - system - INFO - {"timestamp": "2025-08-27T21:02:13.159558", "event_type": "info", "message": "Episode 70: Train Reward: 29.183, Eval Reward: 99.783 \u00b1 0.979"}
2025-08-27 21:02:13,159 - system - INFO - {"timestamp": "2025-08-27T21:02:13.159661", "event_type": "episode_progress", "message": "ep=71/1000 reward=29.18 eval_best=100.81 buffer=5680 actor_loss=-17.2449 critic_loss=1.1976"}
2025-08-27 21:02:13,480 - system - INFO - {"timestamp": "2025-08-27T21:02:13.480471", "event_type": "episode_progress", "message": "ep=72/1000 reward=31.09 eval_best=100.81 buffer=5760 actor_loss=-17.5428 critic_loss=1.3290"}
2025-08-27 21:02:13,808 - system - INFO - {"timestamp": "2025-08-27T21:02:13.808763", "event_type": "episode_progress", "message": "ep=73/1000 reward=29.93 eval_best=100.81 buffer=5840 actor_loss=-17.8555 critic_loss=1.3884"}
2025-08-27 21:02:14,139 - system - INFO - {"timestamp": "2025-08-27T21:02:14.139005", "event_type": "episode_progress", "message": "ep=74/1000 reward=34.15 eval_best=100.81 buffer=5920 actor_loss=-18.2966 critic_loss=1.6705"}
2025-08-27 21:02:14,462 - system - INFO - {"timestamp": "2025-08-27T21:02:14.462315", "event_type": "episode_progress", "message": "ep=75/1000 reward=30.79 eval_best=100.81 buffer=6000 actor_loss=-18.7013 critic_loss=1.9647"}
2025-08-27 21:02:14,787 - system - INFO - {"timestamp": "2025-08-27T21:02:14.787638", "event_type": "episode_progress", "message": "ep=76/1000 reward=26.63 eval_best=100.81 buffer=6080 actor_loss=-18.5814 critic_loss=1.3915"}
2025-08-27 21:02:15,105 - system - INFO - {"timestamp": "2025-08-27T21:02:15.105440", "event_type": "episode_progress", "message": "ep=77/1000 reward=16.14 eval_best=100.81 buffer=6160 actor_loss=-18.7643 critic_loss=1.2508"}
2025-08-27 21:02:15,428 - system - INFO - {"timestamp": "2025-08-27T21:02:15.428671", "event_type": "episode_progress", "message": "ep=78/1000 reward=32.21 eval_best=100.81 buffer=6240 actor_loss=-18.4773 critic_loss=1.6917"}
2025-08-27 21:02:15,742 - system - INFO - {"timestamp": "2025-08-27T21:02:15.742720", "event_type": "episode_progress", "message": "ep=79/1000 reward=19.53 eval_best=100.81 buffer=6320 actor_loss=-18.9518 critic_loss=1.6677"}
2025-08-27 21:02:16,071 - system - INFO - {"timestamp": "2025-08-27T21:02:16.071898", "event_type": "episode_progress", "message": "ep=80/1000 reward=24.71 eval_best=100.81 buffer=6400 actor_loss=-18.9333 critic_loss=1.5454"}
2025-08-27 21:02:18,073 - system - INFO - {"timestamp": "2025-08-27T21:02:18.073394", "event_type": "info", "message": "Episode 80: Train Reward: 22.533, Eval Reward: 99.994 \u00b1 1.711"}
2025-08-27 21:02:18,073 - system - INFO - {"timestamp": "2025-08-27T21:02:18.073499", "event_type": "episode_progress", "message": "ep=81/1000 reward=22.53 eval_best=100.81 buffer=6480 actor_loss=-19.4467 critic_loss=1.5465"}
2025-08-27 21:02:18,393 - system - INFO - {"timestamp": "2025-08-27T21:02:18.393721", "event_type": "episode_progress", "message": "ep=82/1000 reward=19.38 eval_best=100.81 buffer=6560 actor_loss=-19.4263 critic_loss=1.8839"}
2025-08-27 21:02:18,723 - system - INFO - {"timestamp": "2025-08-27T21:02:18.723642", "event_type": "episode_progress", "message": "ep=83/1000 reward=36.48 eval_best=100.81 buffer=6640 actor_loss=-19.5168 critic_loss=2.0280"}
2025-08-27 21:02:19,054 - system - INFO - {"timestamp": "2025-08-27T21:02:19.054874", "event_type": "episode_progress", "message": "ep=84/1000 reward=31.59 eval_best=100.81 buffer=6720 actor_loss=-20.2229 critic_loss=2.0034"}
2025-08-27 21:02:19,379 - system - INFO - {"timestamp": "2025-08-27T21:02:19.378993", "event_type": "episode_progress", "message": "ep=85/1000 reward=40.03 eval_best=100.81 buffer=6800 actor_loss=-20.2250 critic_loss=2.2047"}
2025-08-27 21:02:19,704 - system - INFO - {"timestamp": "2025-08-27T21:02:19.704828", "event_type": "episode_progress", "message": "ep=86/1000 reward=26.91 eval_best=100.81 buffer=6880 actor_loss=-20.2129 critic_loss=1.8720"}
2025-08-27 21:02:20,028 - system - INFO - {"timestamp": "2025-08-27T21:02:20.028668", "event_type": "episode_progress", "message": "ep=87/1000 reward=31.84 eval_best=100.81 buffer=6960 actor_loss=-20.5730 critic_loss=1.4390"}
2025-08-27 21:02:20,352 - system - INFO - {"timestamp": "2025-08-27T21:02:20.352960", "event_type": "episode_progress", "message": "ep=88/1000 reward=24.10 eval_best=100.81 buffer=7040 actor_loss=-21.0592 critic_loss=1.7920"}
2025-08-27 21:02:20,677 - system - INFO - {"timestamp": "2025-08-27T21:02:20.677416", "event_type": "episode_progress", "message": "ep=89/1000 reward=31.46 eval_best=100.81 buffer=7120 actor_loss=-20.7856 critic_loss=1.7157"}
2025-08-27 21:02:21,017 - system - INFO - {"timestamp": "2025-08-27T21:02:21.017013", "event_type": "episode_progress", "message": "ep=90/1000 reward=25.99 eval_best=100.81 buffer=7200 actor_loss=-21.1889 critic_loss=2.4831"}
2025-08-27 21:02:23,047 - system - INFO - {"timestamp": "2025-08-27T21:02:23.047369", "event_type": "info", "message": "Episode 90: Train Reward: 29.835, Eval Reward: 101.954 \u00b1 1.363"}
2025-08-27 21:02:23,050 - system - INFO - {"timestamp": "2025-08-27T21:02:23.050443", "event_type": "info", "message": "Agent saved to models/checkpoints/best_mlp_agent.pth"}
2025-08-27 21:02:23,050 - system - INFO - {"timestamp": "2025-08-27T21:02:23.050550", "event_type": "episode_progress", "message": "ep=91/1000 reward=29.84 eval_best=101.95 buffer=7280 actor_loss=-21.7718 critic_loss=1.7699"}
2025-08-27 21:02:23,376 - system - INFO - {"timestamp": "2025-08-27T21:02:23.376506", "event_type": "episode_progress", "message": "ep=92/1000 reward=33.18 eval_best=101.95 buffer=7360 actor_loss=-21.1612 critic_loss=2.0624"}
2025-08-27 21:02:23,706 - system - INFO - {"timestamp": "2025-08-27T21:02:23.706415", "event_type": "episode_progress", "message": "ep=93/1000 reward=23.96 eval_best=101.95 buffer=7440 actor_loss=-21.8482 critic_loss=2.4960"}
2025-08-27 21:02:24,038 - system - INFO - {"timestamp": "2025-08-27T21:02:24.038007", "event_type": "episode_progress", "message": "ep=94/1000 reward=24.21 eval_best=101.95 buffer=7520 actor_loss=-22.1214 critic_loss=1.4009"}
2025-08-27 21:02:24,360 - system - INFO - {"timestamp": "2025-08-27T21:02:24.360830", "event_type": "episode_progress", "message": "ep=95/1000 reward=26.02 eval_best=101.95 buffer=7600 actor_loss=-21.7536 critic_loss=1.9110"}
2025-08-27 21:02:24,682 - system - INFO - {"timestamp": "2025-08-27T21:02:24.682546", "event_type": "episode_progress", "message": "ep=96/1000 reward=27.80 eval_best=101.95 buffer=7680 actor_loss=-21.7852 critic_loss=2.5786"}
2025-08-27 21:02:25,007 - system - INFO - {"timestamp": "2025-08-27T21:02:25.007957", "event_type": "episode_progress", "message": "ep=97/1000 reward=35.26 eval_best=101.95 buffer=7760 actor_loss=-22.4216 critic_loss=1.8193"}
2025-08-27 21:02:25,330 - system - INFO - {"timestamp": "2025-08-27T21:02:25.329993", "event_type": "episode_progress", "message": "ep=98/1000 reward=33.13 eval_best=101.95 buffer=7840 actor_loss=-22.9509 critic_loss=2.2046"}
2025-08-27 21:02:25,656 - system - INFO - {"timestamp": "2025-08-27T21:02:25.656406", "event_type": "episode_progress", "message": "ep=99/1000 reward=27.09 eval_best=101.95 buffer=7920 actor_loss=-22.6788 critic_loss=2.2083"}
2025-08-27 21:02:25,980 - system - WARNING - {"timestamp": "2025-08-27T21:02:25.980233", "event_type": "warning", "message": "Episode 100: USRP calibration targets not fully met. F1-target: \u274c, Improvement: \u274c, Target F1: 98.0%"}
2025-08-27 21:02:25,980 - system - INFO - {"timestamp": "2025-08-27T21:02:25.980337", "event_type": "episode_progress", "message": "ep=100/1000 reward=15.89 eval_best=101.95 buffer=8000 actor_loss=-22.6167 critic_loss=1.6199"}
2025-08-27 21:02:28,028 - system - INFO - {"timestamp": "2025-08-27T21:02:28.028301", "event_type": "info", "message": "Episode 100: Train Reward: 35.340, Eval Reward: 100.177 \u00b1 1.542"}
2025-08-27 21:02:28,031 - system - INFO - {"timestamp": "2025-08-27T21:02:28.031631", "event_type": "info", "message": "Agent saved to models/checkpoints/mlp_agent_episode_100.pth"}
2025-08-27 21:02:28,031 - system - INFO - {"timestamp": "2025-08-27T21:02:28.031755", "event_type": "episode_progress", "message": "ep=101/1000 reward=35.34 eval_best=101.95 buffer=8080 actor_loss=-22.7242 critic_loss=1.3945"}
2025-08-27 21:02:28,357 - system - INFO - {"timestamp": "2025-08-27T21:02:28.357535", "event_type": "episode_progress", "message": "ep=102/1000 reward=25.42 eval_best=101.95 buffer=8160 actor_loss=-23.0438 critic_loss=1.6066"}
2025-08-27 21:02:28,680 - system - INFO - {"timestamp": "2025-08-27T21:02:28.680288", "event_type": "episode_progress", "message": "ep=103/1000 reward=33.17 eval_best=101.95 buffer=8240 actor_loss=-23.3686 critic_loss=2.5431"}
2025-08-27 21:02:29,022 - system - INFO - {"timestamp": "2025-08-27T21:02:29.022579", "event_type": "episode_progress", "message": "ep=104/1000 reward=27.22 eval_best=101.95 buffer=8320 actor_loss=-23.3186 critic_loss=1.8822"}
2025-08-27 21:02:29,367 - system - INFO - {"timestamp": "2025-08-27T21:02:29.367352", "event_type": "episode_progress", "message": "ep=105/1000 reward=29.45 eval_best=101.95 buffer=8400 actor_loss=-23.7392 critic_loss=2.6098"}
2025-08-27 21:02:29,690 - system - INFO - {"timestamp": "2025-08-27T21:02:29.690102", "event_type": "episode_progress", "message": "ep=106/1000 reward=25.20 eval_best=101.95 buffer=8480 actor_loss=-24.2257 critic_loss=2.1200"}
2025-08-27 21:02:30,021 - system - INFO - {"timestamp": "2025-08-27T21:02:30.021203", "event_type": "episode_progress", "message": "ep=107/1000 reward=23.48 eval_best=101.95 buffer=8560 actor_loss=-23.5944 critic_loss=2.2106"}
2025-08-27 21:02:30,353 - system - INFO - {"timestamp": "2025-08-27T21:02:30.353210", "event_type": "episode_progress", "message": "ep=108/1000 reward=17.77 eval_best=101.95 buffer=8640 actor_loss=-24.0384 critic_loss=3.3455"}
2025-08-27 21:02:30,681 - system - INFO - {"timestamp": "2025-08-27T21:02:30.681534", "event_type": "episode_progress", "message": "ep=109/1000 reward=28.86 eval_best=101.95 buffer=8720 actor_loss=-24.1316 critic_loss=3.4782"}
2025-08-27 21:02:31,018 - system - INFO - {"timestamp": "2025-08-27T21:02:31.018214", "event_type": "episode_progress", "message": "ep=110/1000 reward=18.12 eval_best=101.95 buffer=8800 actor_loss=-24.3847 critic_loss=2.5459"}
2025-08-27 21:02:33,019 - system - INFO - {"timestamp": "2025-08-27T21:02:33.019775", "event_type": "info", "message": "Episode 110: Train Reward: 30.591, Eval Reward: 100.943 \u00b1 1.128"}
2025-08-27 21:02:33,019 - system - INFO - {"timestamp": "2025-08-27T21:02:33.019886", "event_type": "episode_progress", "message": "ep=111/1000 reward=30.59 eval_best=101.95 buffer=8880 actor_loss=-24.5605 critic_loss=2.3559"}
2025-08-27 21:02:33,338 - system - INFO - {"timestamp": "2025-08-27T21:02:33.338609", "event_type": "episode_progress", "message": "ep=112/1000 reward=22.37 eval_best=101.95 buffer=8960 actor_loss=-24.5792 critic_loss=2.2336"}
2025-08-27 21:02:33,664 - system - INFO - {"timestamp": "2025-08-27T21:02:33.664208", "event_type": "episode_progress", "message": "ep=113/1000 reward=34.62 eval_best=101.95 buffer=9040 actor_loss=-25.0996 critic_loss=1.9206"}
2025-08-27 21:02:33,996 - system - INFO - {"timestamp": "2025-08-27T21:02:33.996780", "event_type": "episode_progress", "message": "ep=114/1000 reward=23.29 eval_best=101.95 buffer=9120 actor_loss=-24.5829 critic_loss=2.9436"}
2025-08-27 21:02:34,315 - system - INFO - {"timestamp": "2025-08-27T21:02:34.315020", "event_type": "episode_progress", "message": "ep=115/1000 reward=25.34 eval_best=101.95 buffer=9200 actor_loss=-25.7216 critic_loss=2.6761"}
2025-08-27 21:02:34,626 - system - INFO - {"timestamp": "2025-08-27T21:02:34.625992", "event_type": "episode_progress", "message": "ep=116/1000 reward=23.41 eval_best=101.95 buffer=9280 actor_loss=-26.2213 critic_loss=2.7940"}
2025-08-27 21:02:34,942 - system - INFO - {"timestamp": "2025-08-27T21:02:34.942595", "event_type": "episode_progress", "message": "ep=117/1000 reward=27.00 eval_best=101.95 buffer=9360 actor_loss=-25.8248 critic_loss=1.7382"}
2025-08-27 21:02:35,270 - system - INFO - {"timestamp": "2025-08-27T21:02:35.270735", "event_type": "episode_progress", "message": "ep=118/1000 reward=31.06 eval_best=101.95 buffer=9440 actor_loss=-26.0299 critic_loss=2.8471"}
2025-08-27 21:02:35,601 - system - INFO - {"timestamp": "2025-08-27T21:02:35.601258", "event_type": "episode_progress", "message": "ep=119/1000 reward=26.78 eval_best=101.95 buffer=9520 actor_loss=-25.7145 critic_loss=2.6307"}
2025-08-27 21:02:35,932 - system - INFO - {"timestamp": "2025-08-27T21:02:35.932143", "event_type": "episode_progress", "message": "ep=120/1000 reward=29.12 eval_best=101.95 buffer=9600 actor_loss=-26.3342 critic_loss=2.4811"}
2025-08-27 21:02:37,987 - system - INFO - {"timestamp": "2025-08-27T21:02:37.987730", "event_type": "info", "message": "Episode 120: Train Reward: 24.058, Eval Reward: 97.429 \u00b1 2.010"}
2025-08-27 21:02:37,987 - system - INFO - {"timestamp": "2025-08-27T21:02:37.987836", "event_type": "episode_progress", "message": "ep=121/1000 reward=24.06 eval_best=101.95 buffer=9680 actor_loss=-26.9196 critic_loss=1.9050"}
2025-08-27 21:02:38,316 - system - INFO - {"timestamp": "2025-08-27T21:02:38.316319", "event_type": "episode_progress", "message": "ep=122/1000 reward=29.92 eval_best=101.95 buffer=9760 actor_loss=-26.6114 critic_loss=2.4972"}
2025-08-27 21:02:38,654 - system - INFO - {"timestamp": "2025-08-27T21:02:38.654861", "event_type": "episode_progress", "message": "ep=123/1000 reward=36.52 eval_best=101.95 buffer=9840 actor_loss=-26.7379 critic_loss=3.2791"}
2025-08-27 21:02:38,988 - system - INFO - {"timestamp": "2025-08-27T21:02:38.988314", "event_type": "episode_progress", "message": "ep=124/1000 reward=35.70 eval_best=101.95 buffer=9920 actor_loss=-26.6328 critic_loss=2.3301"}
2025-08-27 21:02:39,314 - system - INFO - {"timestamp": "2025-08-27T21:02:39.314464", "event_type": "episode_progress", "message": "ep=125/1000 reward=28.95 eval_best=101.95 buffer=10000 actor_loss=-26.7217 critic_loss=2.6352"}
2025-08-27 21:02:39,639 - system - INFO - {"timestamp": "2025-08-27T21:02:39.639493", "event_type": "episode_progress", "message": "ep=126/1000 reward=31.77 eval_best=101.95 buffer=10080 actor_loss=-27.1976 critic_loss=2.3749"}
2025-08-27 21:02:39,968 - system - INFO - {"timestamp": "2025-08-27T21:02:39.968950", "event_type": "episode_progress", "message": "ep=127/1000 reward=30.08 eval_best=101.95 buffer=10160 actor_loss=-27.0327 critic_loss=2.3963"}
2025-08-27 21:02:40,295 - system - INFO - {"timestamp": "2025-08-27T21:02:40.295754", "event_type": "episode_progress", "message": "ep=128/1000 reward=36.37 eval_best=101.95 buffer=10240 actor_loss=-27.3772 critic_loss=2.0504"}
2025-08-27 21:02:40,623 - system - INFO - {"timestamp": "2025-08-27T21:02:40.623739", "event_type": "episode_progress", "message": "ep=129/1000 reward=24.66 eval_best=101.95 buffer=10320 actor_loss=-27.4653 critic_loss=2.5236"}
2025-08-27 21:02:40,939 - system - INFO - {"timestamp": "2025-08-27T21:02:40.939881", "event_type": "episode_progress", "message": "ep=130/1000 reward=42.24 eval_best=101.95 buffer=10400 actor_loss=-27.6217 critic_loss=2.6577"}
2025-08-27 21:02:42,960 - system - INFO - {"timestamp": "2025-08-27T21:02:42.960119", "event_type": "info", "message": "Episode 130: Train Reward: 13.498, Eval Reward: 99.414 \u00b1 1.251"}
2025-08-27 21:02:42,960 - system - INFO - {"timestamp": "2025-08-27T21:02:42.960234", "event_type": "episode_progress", "message": "ep=131/1000 reward=13.50 eval_best=101.95 buffer=10480 actor_loss=-27.8692 critic_loss=2.8788"}
2025-08-27 21:02:43,282 - system - INFO - {"timestamp": "2025-08-27T21:02:43.282906", "event_type": "episode_progress", "message": "ep=132/1000 reward=11.34 eval_best=101.95 buffer=10560 actor_loss=-27.4366 critic_loss=2.0546"}
2025-08-27 21:02:43,604 - system - INFO - {"timestamp": "2025-08-27T21:02:43.604810", "event_type": "episode_progress", "message": "ep=133/1000 reward=36.58 eval_best=101.95 buffer=10640 actor_loss=-28.6458 critic_loss=3.4437"}
2025-08-27 21:02:43,946 - system - INFO - {"timestamp": "2025-08-27T21:02:43.946924", "event_type": "episode_progress", "message": "ep=134/1000 reward=22.69 eval_best=101.95 buffer=10720 actor_loss=-28.4735 critic_loss=2.9538"}
2025-08-27 21:02:44,275 - system - INFO - {"timestamp": "2025-08-27T21:02:44.275611", "event_type": "episode_progress", "message": "ep=135/1000 reward=22.19 eval_best=101.95 buffer=10800 actor_loss=-28.7353 critic_loss=2.3930"}
2025-08-27 21:02:44,609 - system - INFO - {"timestamp": "2025-08-27T21:02:44.609386", "event_type": "episode_progress", "message": "ep=136/1000 reward=32.54 eval_best=101.95 buffer=10880 actor_loss=-28.8301 critic_loss=2.8055"}
2025-08-27 21:02:44,930 - system - INFO - {"timestamp": "2025-08-27T21:02:44.930420", "event_type": "episode_progress", "message": "ep=137/1000 reward=19.97 eval_best=101.95 buffer=10960 actor_loss=-28.7611 critic_loss=2.9346"}
2025-08-27 21:02:45,256 - system - INFO - {"timestamp": "2025-08-27T21:02:45.256929", "event_type": "episode_progress", "message": "ep=138/1000 reward=18.85 eval_best=101.95 buffer=11040 actor_loss=-28.7396 critic_loss=2.1664"}
2025-08-27 21:02:45,576 - system - INFO - {"timestamp": "2025-08-27T21:02:45.576466", "event_type": "episode_progress", "message": "ep=139/1000 reward=28.54 eval_best=101.95 buffer=11120 actor_loss=-29.2872 critic_loss=3.0288"}
2025-08-27 21:02:45,909 - system - INFO - {"timestamp": "2025-08-27T21:02:45.909833", "event_type": "episode_progress", "message": "ep=140/1000 reward=29.65 eval_best=101.95 buffer=11200 actor_loss=-29.0318 critic_loss=3.1452"}
2025-08-27 21:02:47,940 - system - INFO - {"timestamp": "2025-08-27T21:02:47.940862", "event_type": "info", "message": "Episode 140: Train Reward: 34.386, Eval Reward: 99.953 \u00b1 1.532"}
2025-08-27 21:02:47,940 - system - INFO - {"timestamp": "2025-08-27T21:02:47.940972", "event_type": "episode_progress", "message": "ep=141/1000 reward=34.39 eval_best=101.95 buffer=11280 actor_loss=-28.4735 critic_loss=3.6147"}
2025-08-27 21:02:48,277 - system - INFO - {"timestamp": "2025-08-27T21:02:48.277384", "event_type": "episode_progress", "message": "ep=142/1000 reward=37.55 eval_best=101.95 buffer=11360 actor_loss=-28.8347 critic_loss=2.5304"}
2025-08-27 21:02:48,616 - system - INFO - {"timestamp": "2025-08-27T21:02:48.616765", "event_type": "episode_progress", "message": "ep=143/1000 reward=21.79 eval_best=101.95 buffer=11440 actor_loss=-29.4006 critic_loss=2.3786"}
2025-08-27 21:02:48,939 - system - INFO - {"timestamp": "2025-08-27T21:02:48.939568", "event_type": "episode_progress", "message": "ep=144/1000 reward=27.59 eval_best=101.95 buffer=11520 actor_loss=-30.0837 critic_loss=3.5152"}
2025-08-27 21:02:49,285 - system - INFO - {"timestamp": "2025-08-27T21:02:49.285196", "event_type": "episode_progress", "message": "ep=145/1000 reward=25.72 eval_best=101.95 buffer=11600 actor_loss=-29.8335 critic_loss=3.7142"}
2025-08-27 21:02:49,613 - system - INFO - {"timestamp": "2025-08-27T21:02:49.613868", "event_type": "episode_progress", "message": "ep=146/1000 reward=34.16 eval_best=101.95 buffer=11680 actor_loss=-29.8197 critic_loss=2.1065"}
2025-08-27 21:02:49,945 - system - INFO - {"timestamp": "2025-08-27T21:02:49.945673", "event_type": "episode_progress", "message": "ep=147/1000 reward=25.46 eval_best=101.95 buffer=11760 actor_loss=-29.3617 critic_loss=3.9972"}
2025-08-27 21:02:50,276 - system - INFO - {"timestamp": "2025-08-27T21:02:50.276032", "event_type": "episode_progress", "message": "ep=148/1000 reward=18.76 eval_best=101.95 buffer=11840 actor_loss=-30.2204 critic_loss=3.0599"}
2025-08-27 21:02:50,593 - system - INFO - {"timestamp": "2025-08-27T21:02:50.593199", "event_type": "episode_progress", "message": "ep=149/1000 reward=25.17 eval_best=101.95 buffer=11920 actor_loss=-30.1509 critic_loss=4.5840"}
2025-08-27 21:02:50,919 - system - WARNING - {"timestamp": "2025-08-27T21:02:50.919187", "event_type": "warning", "message": "Episode 150: USRP calibration targets not fully met. F1-target: \u274c, Improvement: \u274c, Target F1: 98.0%"}
2025-08-27 21:02:50,919 - system - INFO - {"timestamp": "2025-08-27T21:02:50.919308", "event_type": "episode_progress", "message": "ep=150/1000 reward=33.64 eval_best=101.95 buffer=12000 actor_loss=-30.1200 critic_loss=3.1033"}
2025-08-27 21:02:52,933 - system - INFO - {"timestamp": "2025-08-27T21:02:52.933609", "event_type": "info", "message": "Episode 150: Train Reward: 37.341, Eval Reward: 100.890 \u00b1 1.794"}
2025-08-27 21:02:52,933 - system - INFO - {"timestamp": "2025-08-27T21:02:52.933723", "event_type": "episode_progress", "message": "ep=151/1000 reward=37.34 eval_best=101.95 buffer=12080 actor_loss=-30.6268 critic_loss=2.9743"}
2025-08-27 21:02:53,249 - system - INFO - {"timestamp": "2025-08-27T21:02:53.249741", "event_type": "episode_progress", "message": "ep=152/1000 reward=29.01 eval_best=101.95 buffer=12160 actor_loss=-30.2491 critic_loss=2.1415"}
2025-08-27 21:02:53,588 - system - INFO - {"timestamp": "2025-08-27T21:02:53.588083", "event_type": "episode_progress", "message": "ep=153/1000 reward=35.42 eval_best=101.95 buffer=12240 actor_loss=-30.5020 critic_loss=2.5816"}
2025-08-27 21:02:53,916 - system - INFO - {"timestamp": "2025-08-27T21:02:53.916074", "event_type": "episode_progress", "message": "ep=154/1000 reward=14.09 eval_best=101.95 buffer=12320 actor_loss=-30.6068 critic_loss=3.5725"}
2025-08-27 21:02:54,243 - system - INFO - {"timestamp": "2025-08-27T21:02:54.243647", "event_type": "episode_progress", "message": "ep=155/1000 reward=21.94 eval_best=101.95 buffer=12400 actor_loss=-30.7462 critic_loss=3.8225"}
2025-08-27 21:02:54,586 - system - INFO - {"timestamp": "2025-08-27T21:02:54.586260", "event_type": "episode_progress", "message": "ep=156/1000 reward=34.43 eval_best=101.95 buffer=12480 actor_loss=-31.1433 critic_loss=3.1347"}
2025-08-27 21:02:54,906 - system - INFO - {"timestamp": "2025-08-27T21:02:54.906016", "event_type": "episode_progress", "message": "ep=157/1000 reward=38.45 eval_best=101.95 buffer=12560 actor_loss=-30.8737 critic_loss=3.7599"}
2025-08-27 21:02:55,224 - system - INFO - {"timestamp": "2025-08-27T21:02:55.224651", "event_type": "episode_progress", "message": "ep=158/1000 reward=30.32 eval_best=101.95 buffer=12640 actor_loss=-31.1756 critic_loss=2.1876"}
2025-08-27 21:02:55,543 - system - INFO - {"timestamp": "2025-08-27T21:02:55.543834", "event_type": "episode_progress", "message": "ep=159/1000 reward=35.80 eval_best=101.95 buffer=12720 actor_loss=-31.9131 critic_loss=3.1860"}
2025-08-27 21:02:55,862 - system - INFO - {"timestamp": "2025-08-27T21:02:55.862042", "event_type": "episode_progress", "message": "ep=160/1000 reward=28.22 eval_best=101.95 buffer=12800 actor_loss=-31.6139 critic_loss=2.6162"}
2025-08-27 21:02:57,897 - system - INFO - {"timestamp": "2025-08-27T21:02:57.897821", "event_type": "info", "message": "Episode 160: Train Reward: 23.515, Eval Reward: 101.767 \u00b1 1.286"}
2025-08-27 21:02:57,897 - system - INFO - {"timestamp": "2025-08-27T21:02:57.897931", "event_type": "episode_progress", "message": "ep=161/1000 reward=23.52 eval_best=101.95 buffer=12880 actor_loss=-31.5096 critic_loss=4.5115"}
2025-08-27 21:02:58,225 - system - INFO - {"timestamp": "2025-08-27T21:02:58.225726", "event_type": "episode_progress", "message": "ep=162/1000 reward=28.34 eval_best=101.95 buffer=12960 actor_loss=-31.2453 critic_loss=3.4582"}
2025-08-27 21:02:58,553 - system - INFO - {"timestamp": "2025-08-27T21:02:58.553252", "event_type": "episode_progress", "message": "ep=163/1000 reward=24.80 eval_best=101.95 buffer=13040 actor_loss=-31.4767 critic_loss=3.8334"}
2025-08-27 21:02:58,881 - system - INFO - {"timestamp": "2025-08-27T21:02:58.881856", "event_type": "episode_progress", "message": "ep=164/1000 reward=27.18 eval_best=101.95 buffer=13120 actor_loss=-31.7662 critic_loss=4.1498"}
2025-08-27 21:02:59,213 - system - INFO - {"timestamp": "2025-08-27T21:02:59.213902", "event_type": "episode_progress", "message": "ep=165/1000 reward=39.82 eval_best=101.95 buffer=13200 actor_loss=-32.7513 critic_loss=4.0161"}
2025-08-27 21:02:59,539 - system - INFO - {"timestamp": "2025-08-27T21:02:59.539328", "event_type": "episode_progress", "message": "ep=166/1000 reward=42.93 eval_best=101.95 buffer=13280 actor_loss=-32.0921 critic_loss=2.8526"}
2025-08-27 21:02:59,886 - system - INFO - {"timestamp": "2025-08-27T21:02:59.886465", "event_type": "episode_progress", "message": "ep=167/1000 reward=28.86 eval_best=101.95 buffer=13360 actor_loss=-32.2822 critic_loss=4.2685"}
2025-08-27 21:03:00,222 - system - INFO - {"timestamp": "2025-08-27T21:03:00.221996", "event_type": "episode_progress", "message": "ep=168/1000 reward=19.76 eval_best=101.95 buffer=13440 actor_loss=-32.2276 critic_loss=3.5146"}
2025-08-27 21:03:00,554 - system - INFO - {"timestamp": "2025-08-27T21:03:00.554712", "event_type": "episode_progress", "message": "ep=169/1000 reward=34.13 eval_best=101.95 buffer=13520 actor_loss=-32.7875 critic_loss=3.7907"}
2025-08-27 21:03:00,886 - system - INFO - {"timestamp": "2025-08-27T21:03:00.886809", "event_type": "episode_progress", "message": "ep=170/1000 reward=33.26 eval_best=101.95 buffer=13600 actor_loss=-31.8657 critic_loss=3.8941"}
2025-08-27 21:03:02,961 - system - INFO - {"timestamp": "2025-08-27T21:03:02.961455", "event_type": "info", "message": "Episode 170: Train Reward: 23.812, Eval Reward: 100.178 \u00b1 1.322"}
2025-08-27 21:03:02,961 - system - INFO - {"timestamp": "2025-08-27T21:03:02.961581", "event_type": "episode_progress", "message": "ep=171/1000 reward=23.81 eval_best=101.95 buffer=13680 actor_loss=-33.0111 critic_loss=3.4904"}
2025-08-27 21:03:03,294 - system - INFO - {"timestamp": "2025-08-27T21:03:03.294326", "event_type": "episode_progress", "message": "ep=172/1000 reward=27.47 eval_best=101.95 buffer=13760 actor_loss=-33.2586 critic_loss=2.8573"}
2025-08-27 21:03:03,623 - system - INFO - {"timestamp": "2025-08-27T21:03:03.623624", "event_type": "episode_progress", "message": "ep=173/1000 reward=37.35 eval_best=101.95 buffer=13840 actor_loss=-32.6098 critic_loss=4.5201"}
2025-08-27 21:03:03,949 - system - INFO - {"timestamp": "2025-08-27T21:03:03.949004", "event_type": "episode_progress", "message": "ep=174/1000 reward=33.52 eval_best=101.95 buffer=13920 actor_loss=-32.7888 critic_loss=3.6088"}
2025-08-27 21:03:04,282 - system - INFO - {"timestamp": "2025-08-27T21:03:04.282650", "event_type": "episode_progress", "message": "ep=175/1000 reward=38.63 eval_best=101.95 buffer=14000 actor_loss=-33.6935 critic_loss=3.7016"}
2025-08-27 21:03:04,612 - system - INFO - {"timestamp": "2025-08-27T21:03:04.612826", "event_type": "episode_progress", "message": "ep=176/1000 reward=30.60 eval_best=101.95 buffer=14080 actor_loss=-33.0486 critic_loss=4.0391"}
2025-08-27 21:03:04,943 - system - INFO - {"timestamp": "2025-08-27T21:03:04.943508", "event_type": "episode_progress", "message": "ep=177/1000 reward=35.79 eval_best=101.95 buffer=14160 actor_loss=-33.8312 critic_loss=4.1489"}
2025-08-27 21:03:05,278 - system - INFO - {"timestamp": "2025-08-27T21:03:05.278234", "event_type": "episode_progress", "message": "ep=178/1000 reward=29.58 eval_best=101.95 buffer=14240 actor_loss=-33.4734 critic_loss=2.7404"}
2025-08-27 21:03:05,611 - system - INFO - {"timestamp": "2025-08-27T21:03:05.611169", "event_type": "episode_progress", "message": "ep=179/1000 reward=36.02 eval_best=101.95 buffer=14320 actor_loss=-33.7547 critic_loss=3.9434"}
2025-08-27 21:03:05,947 - system - INFO - {"timestamp": "2025-08-27T21:03:05.947950", "event_type": "episode_progress", "message": "ep=180/1000 reward=13.19 eval_best=101.95 buffer=14400 actor_loss=-33.2263 critic_loss=5.3700"}
2025-08-27 21:03:08,029 - system - INFO - {"timestamp": "2025-08-27T21:03:08.029233", "event_type": "info", "message": "Episode 180: Train Reward: 39.252, Eval Reward: 98.656 \u00b1 1.131"}
2025-08-27 21:03:08,029 - system - INFO - {"timestamp": "2025-08-27T21:03:08.029382", "event_type": "episode_progress", "message": "ep=181/1000 reward=39.25 eval_best=101.95 buffer=14480 actor_loss=-33.9495 critic_loss=3.5498"}
2025-08-27 21:03:08,358 - system - INFO - {"timestamp": "2025-08-27T21:03:08.358787", "event_type": "episode_progress", "message": "ep=182/1000 reward=33.56 eval_best=101.95 buffer=14560 actor_loss=-34.2366 critic_loss=4.5473"}
2025-08-27 21:03:08,690 - system - INFO - {"timestamp": "2025-08-27T21:03:08.690855", "event_type": "episode_progress", "message": "ep=183/1000 reward=26.24 eval_best=101.95 buffer=14640 actor_loss=-34.2226 critic_loss=4.3279"}
2025-08-27 21:03:09,017 - system - INFO - {"timestamp": "2025-08-27T21:03:09.017827", "event_type": "episode_progress", "message": "ep=184/1000 reward=28.91 eval_best=101.95 buffer=14720 actor_loss=-33.7654 critic_loss=2.8079"}
2025-08-27 21:03:09,350 - system - INFO - {"timestamp": "2025-08-27T21:03:09.350674", "event_type": "episode_progress", "message": "ep=185/1000 reward=21.14 eval_best=101.95 buffer=14800 actor_loss=-34.2612 critic_loss=4.6782"}
2025-08-27 21:03:09,684 - system - INFO - {"timestamp": "2025-08-27T21:03:09.684298", "event_type": "episode_progress", "message": "ep=186/1000 reward=25.98 eval_best=101.95 buffer=14880 actor_loss=-34.2375 critic_loss=4.8019"}
2025-08-27 21:03:10,010 - system - INFO - {"timestamp": "2025-08-27T21:03:10.010566", "event_type": "episode_progress", "message": "ep=187/1000 reward=32.01 eval_best=101.95 buffer=14960 actor_loss=-34.1934 critic_loss=4.8971"}
2025-08-27 21:03:10,339 - system - INFO - {"timestamp": "2025-08-27T21:03:10.339726", "event_type": "episode_progress", "message": "ep=188/1000 reward=31.20 eval_best=101.95 buffer=15040 actor_loss=-34.5316 critic_loss=3.2772"}
2025-08-27 21:03:10,670 - system - INFO - {"timestamp": "2025-08-27T21:03:10.670306", "event_type": "episode_progress", "message": "ep=189/1000 reward=30.27 eval_best=101.95 buffer=15120 actor_loss=-33.7895 critic_loss=4.3138"}
2025-08-27 21:03:11,002 - system - INFO - {"timestamp": "2025-08-27T21:03:11.002909", "event_type": "episode_progress", "message": "ep=190/1000 reward=28.19 eval_best=101.95 buffer=15200 actor_loss=-34.8942 critic_loss=3.8039"}
2025-08-27 21:03:13,077 - system - INFO - {"timestamp": "2025-08-27T21:03:13.077017", "event_type": "info", "message": "Episode 190: Train Reward: 30.177, Eval Reward: 97.553 \u00b1 1.422"}
2025-08-27 21:03:13,077 - system - INFO - {"timestamp": "2025-08-27T21:03:13.077139", "event_type": "episode_progress", "message": "ep=191/1000 reward=30.18 eval_best=101.95 buffer=15280 actor_loss=-35.0274 critic_loss=4.5460"}
2025-08-27 21:03:13,410 - system - INFO - {"timestamp": "2025-08-27T21:03:13.410207", "event_type": "episode_progress", "message": "ep=192/1000 reward=34.37 eval_best=101.95 buffer=15360 actor_loss=-35.4080 critic_loss=5.7714"}
2025-08-27 21:03:13,743 - system - INFO - {"timestamp": "2025-08-27T21:03:13.743663", "event_type": "episode_progress", "message": "ep=193/1000 reward=32.33 eval_best=101.95 buffer=15440 actor_loss=-35.2350 critic_loss=4.6072"}
2025-08-27 21:03:14,078 - system - INFO - {"timestamp": "2025-08-27T21:03:14.078304", "event_type": "episode_progress", "message": "ep=194/1000 reward=27.64 eval_best=101.95 buffer=15520 actor_loss=-35.2658 critic_loss=3.8709"}
2025-08-27 21:03:14,416 - system - INFO - {"timestamp": "2025-08-27T21:03:14.416147", "event_type": "episode_progress", "message": "ep=195/1000 reward=35.00 eval_best=101.95 buffer=15600 actor_loss=-35.6159 critic_loss=4.9491"}
2025-08-27 21:03:14,752 - system - INFO - {"timestamp": "2025-08-27T21:03:14.752659", "event_type": "episode_progress", "message": "ep=196/1000 reward=34.12 eval_best=101.95 buffer=15680 actor_loss=-35.1653 critic_loss=2.7424"}
2025-08-27 21:03:15,080 - system - INFO - {"timestamp": "2025-08-27T21:03:15.080276", "event_type": "episode_progress", "message": "ep=197/1000 reward=23.81 eval_best=101.95 buffer=15760 actor_loss=-35.3972 critic_loss=5.4576"}
2025-08-27 21:03:15,411 - system - INFO - {"timestamp": "2025-08-27T21:03:15.411147", "event_type": "episode_progress", "message": "ep=198/1000 reward=27.17 eval_best=101.95 buffer=15840 actor_loss=-36.2873 critic_loss=3.6631"}
2025-08-27 21:03:15,742 - system - INFO - {"timestamp": "2025-08-27T21:03:15.742554", "event_type": "episode_progress", "message": "ep=199/1000 reward=34.32 eval_best=101.95 buffer=15920 actor_loss=-36.1585 critic_loss=4.6632"}
2025-08-27 21:03:16,070 - system - WARNING - {"timestamp": "2025-08-27T21:03:16.070483", "event_type": "warning", "message": "Episode 200: USRP calibration targets not fully met. F1-target: \u274c, Improvement: \u274c, Target F1: 98.0%"}
2025-08-27 21:03:16,070 - system - INFO - {"timestamp": "2025-08-27T21:03:16.070592", "event_type": "episode_progress", "message": "ep=200/1000 reward=18.41 eval_best=101.95 buffer=16000 actor_loss=-36.0431 critic_loss=3.7365"}
2025-08-27 21:03:18,118 - system - INFO - {"timestamp": "2025-08-27T21:03:18.118268", "event_type": "info", "message": "Episode 200: Train Reward: 26.554, Eval Reward: 91.731 \u00b1 1.435"}
2025-08-27 21:03:18,121 - system - INFO - {"timestamp": "2025-08-27T21:03:18.121084", "event_type": "info", "message": "Agent saved to models/checkpoints/mlp_agent_episode_200.pth"}
2025-08-27 21:03:18,121 - system - INFO - {"timestamp": "2025-08-27T21:03:18.121177", "event_type": "episode_progress", "message": "ep=201/1000 reward=26.55 eval_best=101.95 buffer=16080 actor_loss=-35.7659 critic_loss=4.0262"}
2025-08-27 21:03:18,456 - system - INFO - {"timestamp": "2025-08-27T21:03:18.456261", "event_type": "episode_progress", "message": "ep=202/1000 reward=31.22 eval_best=101.95 buffer=16160 actor_loss=-36.5434 critic_loss=4.3746"}
2025-08-27 21:03:18,798 - system - INFO - {"timestamp": "2025-08-27T21:03:18.798120", "event_type": "episode_progress", "message": "ep=203/1000 reward=28.83 eval_best=101.95 buffer=16240 actor_loss=-36.9204 critic_loss=4.0887"}
2025-08-27 21:03:19,132 - system - INFO - {"timestamp": "2025-08-27T21:03:19.132179", "event_type": "episode_progress", "message": "ep=204/1000 reward=23.01 eval_best=101.95 buffer=16320 actor_loss=-36.9919 critic_loss=4.1072"}
2025-08-27 21:03:19,470 - system - INFO - {"timestamp": "2025-08-27T21:03:19.470305", "event_type": "episode_progress", "message": "ep=205/1000 reward=24.85 eval_best=101.95 buffer=16400 actor_loss=-36.6505 critic_loss=4.1324"}
2025-08-27 21:03:19,803 - system - INFO - {"timestamp": "2025-08-27T21:03:19.803622", "event_type": "episode_progress", "message": "ep=206/1000 reward=17.76 eval_best=101.95 buffer=16480 actor_loss=-36.9390 critic_loss=4.5146"}
2025-08-27 21:03:20,135 - system - INFO - {"timestamp": "2025-08-27T21:03:20.135846", "event_type": "episode_progress", "message": "ep=207/1000 reward=27.57 eval_best=101.95 buffer=16560 actor_loss=-37.0144 critic_loss=4.3528"}
2025-08-27 21:03:20,469 - system - INFO - {"timestamp": "2025-08-27T21:03:20.469594", "event_type": "episode_progress", "message": "ep=208/1000 reward=22.55 eval_best=101.95 buffer=16640 actor_loss=-37.3001 critic_loss=4.4449"}
2025-08-27 21:03:20,803 - system - INFO - {"timestamp": "2025-08-27T21:03:20.803344", "event_type": "episode_progress", "message": "ep=209/1000 reward=25.74 eval_best=101.95 buffer=16720 actor_loss=-37.3863 critic_loss=5.0697"}
2025-08-27 21:03:21,133 - system - INFO - {"timestamp": "2025-08-27T21:03:21.133826", "event_type": "episode_progress", "message": "ep=210/1000 reward=29.42 eval_best=101.95 buffer=16800 actor_loss=-37.9345 critic_loss=3.3178"}
2025-08-27 21:03:23,190 - system - INFO - {"timestamp": "2025-08-27T21:03:23.190914", "event_type": "info", "message": "Episode 210: Train Reward: 31.842, Eval Reward: 91.355 \u00b1 0.571"}
2025-08-27 21:03:23,191 - system - INFO - {"timestamp": "2025-08-27T21:03:23.191030", "event_type": "episode_progress", "message": "ep=211/1000 reward=31.84 eval_best=101.95 buffer=16880 actor_loss=-37.6778 critic_loss=4.1043"}
2025-08-27 21:03:23,523 - system - INFO - {"timestamp": "2025-08-27T21:03:23.523812", "event_type": "episode_progress", "message": "ep=212/1000 reward=24.83 eval_best=101.95 buffer=16960 actor_loss=-38.0137 critic_loss=4.8403"}
2025-08-27 21:03:23,855 - system - INFO - {"timestamp": "2025-08-27T21:03:23.855778", "event_type": "episode_progress", "message": "ep=213/1000 reward=25.18 eval_best=101.95 buffer=17040 actor_loss=-38.0252 critic_loss=4.2632"}
2025-08-27 21:03:24,191 - system - INFO - {"timestamp": "2025-08-27T21:03:24.191171", "event_type": "episode_progress", "message": "ep=214/1000 reward=29.93 eval_best=101.95 buffer=17120 actor_loss=-38.6205 critic_loss=4.7834"}
2025-08-27 21:03:24,525 - system - INFO - {"timestamp": "2025-08-27T21:03:24.525848", "event_type": "episode_progress", "message": "ep=215/1000 reward=32.67 eval_best=101.95 buffer=17200 actor_loss=-38.5418 critic_loss=5.6993"}
2025-08-27 21:03:24,869 - system - INFO - {"timestamp": "2025-08-27T21:03:24.869007", "event_type": "episode_progress", "message": "ep=216/1000 reward=17.66 eval_best=101.95 buffer=17280 actor_loss=-38.4422 critic_loss=4.5644"}
2025-08-27 21:03:25,202 - system - INFO - {"timestamp": "2025-08-27T21:03:25.202252", "event_type": "episode_progress", "message": "ep=217/1000 reward=30.43 eval_best=101.95 buffer=17360 actor_loss=-38.9552 critic_loss=4.4828"}
2025-08-27 21:03:25,535 - system - INFO - {"timestamp": "2025-08-27T21:03:25.535955", "event_type": "episode_progress", "message": "ep=218/1000 reward=20.33 eval_best=101.95 buffer=17440 actor_loss=-39.0954 critic_loss=3.2540"}
2025-08-27 21:03:25,868 - system - INFO - {"timestamp": "2025-08-27T21:03:25.868942", "event_type": "episode_progress", "message": "ep=219/1000 reward=16.50 eval_best=101.95 buffer=17520 actor_loss=-38.6225 critic_loss=5.9049"}
2025-08-27 21:03:26,204 - system - INFO - {"timestamp": "2025-08-27T21:03:26.204333", "event_type": "episode_progress", "message": "ep=220/1000 reward=33.74 eval_best=101.95 buffer=17600 actor_loss=-39.1746 critic_loss=4.3100"}
2025-08-27 21:03:28,260 - system - INFO - {"timestamp": "2025-08-27T21:03:28.260064", "event_type": "info", "message": "Episode 220: Train Reward: 27.909, Eval Reward: 92.280 \u00b1 0.397"}
2025-08-27 21:03:28,260 - system - INFO - {"timestamp": "2025-08-27T21:03:28.260172", "event_type": "episode_progress", "message": "ep=221/1000 reward=27.91 eval_best=101.95 buffer=17680 actor_loss=-38.9771 critic_loss=4.0648"}
2025-08-27 21:03:28,591 - system - INFO - {"timestamp": "2025-08-27T21:03:28.591197", "event_type": "episode_progress", "message": "ep=222/1000 reward=38.68 eval_best=101.95 buffer=17760 actor_loss=-39.1104 critic_loss=3.9126"}
2025-08-27 21:03:28,922 - system - INFO - {"timestamp": "2025-08-27T21:03:28.922918", "event_type": "episode_progress", "message": "ep=223/1000 reward=30.13 eval_best=101.95 buffer=17840 actor_loss=-39.0333 critic_loss=6.2765"}
2025-08-27 21:03:29,232 - system - INFO - {"timestamp": "2025-08-27T21:03:29.232630", "event_type": "episode_progress", "message": "ep=224/1000 reward=19.54 eval_best=101.95 buffer=17920 actor_loss=-39.0661 critic_loss=4.6104"}
2025-08-27 21:03:29,546 - system - INFO - {"timestamp": "2025-08-27T21:03:29.546711", "event_type": "episode_progress", "message": "ep=225/1000 reward=29.48 eval_best=101.95 buffer=18000 actor_loss=-39.6099 critic_loss=3.9121"}
2025-08-27 21:03:29,855 - system - INFO - {"timestamp": "2025-08-27T21:03:29.855275", "event_type": "episode_progress", "message": "ep=226/1000 reward=29.79 eval_best=101.95 buffer=18080 actor_loss=-39.7217 critic_loss=5.9963"}
2025-08-27 21:03:30,178 - system - INFO - {"timestamp": "2025-08-27T21:03:30.178043", "event_type": "episode_progress", "message": "ep=227/1000 reward=15.52 eval_best=101.95 buffer=18160 actor_loss=-40.0791 critic_loss=3.6305"}
2025-08-27 21:03:30,499 - system - INFO - {"timestamp": "2025-08-27T21:03:30.499572", "event_type": "episode_progress", "message": "ep=228/1000 reward=26.97 eval_best=101.95 buffer=18240 actor_loss=-39.8922 critic_loss=3.4794"}
2025-08-27 21:03:30,831 - system - INFO - {"timestamp": "2025-08-27T21:03:30.831497", "event_type": "episode_progress", "message": "ep=229/1000 reward=27.31 eval_best=101.95 buffer=18320 actor_loss=-39.2848 critic_loss=4.8738"}
2025-08-27 21:03:31,155 - system - INFO - {"timestamp": "2025-08-27T21:03:31.155720", "event_type": "episode_progress", "message": "ep=230/1000 reward=31.51 eval_best=101.95 buffer=18400 actor_loss=-39.5824 critic_loss=3.9188"}
2025-08-27 21:03:33,150 - system - INFO - {"timestamp": "2025-08-27T21:03:33.150362", "event_type": "info", "message": "Episode 230: Train Reward: 32.222, Eval Reward: 91.680 \u00b1 0.735"}
2025-08-27 21:03:33,150 - system - INFO - {"timestamp": "2025-08-27T21:03:33.150465", "event_type": "episode_progress", "message": "ep=231/1000 reward=32.22 eval_best=101.95 buffer=18480 actor_loss=-40.2249 critic_loss=5.8865"}
2025-08-27 21:03:33,475 - system - INFO - {"timestamp": "2025-08-27T21:03:33.475662", "event_type": "episode_progress", "message": "ep=232/1000 reward=31.61 eval_best=101.95 buffer=18560 actor_loss=-40.3264 critic_loss=4.9846"}
2025-08-27 21:03:33,804 - system - INFO - {"timestamp": "2025-08-27T21:03:33.804130", "event_type": "episode_progress", "message": "ep=233/1000 reward=29.85 eval_best=101.95 buffer=18640 actor_loss=-40.2165 critic_loss=5.5616"}
2025-08-27 21:03:34,130 - system - INFO - {"timestamp": "2025-08-27T21:03:34.130963", "event_type": "episode_progress", "message": "ep=234/1000 reward=30.17 eval_best=101.95 buffer=18720 actor_loss=-40.0436 critic_loss=5.6377"}
2025-08-27 21:03:34,460 - system - INFO - {"timestamp": "2025-08-27T21:03:34.460943", "event_type": "episode_progress", "message": "ep=235/1000 reward=23.38 eval_best=101.95 buffer=18800 actor_loss=-39.8318 critic_loss=3.9260"}
2025-08-27 21:03:34,792 - system - INFO - {"timestamp": "2025-08-27T21:03:34.792757", "event_type": "episode_progress", "message": "ep=236/1000 reward=35.41 eval_best=101.95 buffer=18880 actor_loss=-40.8693 critic_loss=5.6215"}
2025-08-27 21:03:35,116 - system - INFO - {"timestamp": "2025-08-27T21:03:35.116585", "event_type": "episode_progress", "message": "ep=237/1000 reward=23.55 eval_best=101.95 buffer=18960 actor_loss=-40.4954 critic_loss=4.2781"}
2025-08-27 21:03:35,436 - system - INFO - {"timestamp": "2025-08-27T21:03:35.435998", "event_type": "episode_progress", "message": "ep=238/1000 reward=26.99 eval_best=101.95 buffer=19040 actor_loss=-40.6978 critic_loss=5.4361"}
2025-08-27 21:03:35,760 - system - INFO - {"timestamp": "2025-08-27T21:03:35.760828", "event_type": "episode_progress", "message": "ep=239/1000 reward=37.65 eval_best=101.95 buffer=19120 actor_loss=-40.4052 critic_loss=5.3886"}
2025-08-27 21:03:36,085 - system - INFO - {"timestamp": "2025-08-27T21:03:36.085935", "event_type": "episode_progress", "message": "ep=240/1000 reward=21.72 eval_best=101.95 buffer=19200 actor_loss=-41.2335 critic_loss=7.2352"}
2025-08-27 21:03:38,083 - system - INFO - {"timestamp": "2025-08-27T21:03:38.083648", "event_type": "info", "message": "Episode 240: Train Reward: 27.393, Eval Reward: 90.431 \u00b1 1.161"}
2025-08-27 21:03:38,083 - system - INFO - {"timestamp": "2025-08-27T21:03:38.083760", "event_type": "episode_progress", "message": "ep=241/1000 reward=27.39 eval_best=101.95 buffer=19280 actor_loss=-40.8875 critic_loss=5.1773"}
2025-08-27 21:03:38,412 - system - INFO - {"timestamp": "2025-08-27T21:03:38.412153", "event_type": "episode_progress", "message": "ep=242/1000 reward=22.50 eval_best=101.95 buffer=19360 actor_loss=-41.5280 critic_loss=6.7404"}
2025-08-27 21:03:38,740 - system - INFO - {"timestamp": "2025-08-27T21:03:38.740797", "event_type": "episode_progress", "message": "ep=243/1000 reward=32.12 eval_best=101.95 buffer=19440 actor_loss=-40.3597 critic_loss=5.8615"}
2025-08-27 21:03:39,074 - system - INFO - {"timestamp": "2025-08-27T21:03:39.074678", "event_type": "episode_progress", "message": "ep=244/1000 reward=25.96 eval_best=101.95 buffer=19520 actor_loss=-40.7792 critic_loss=5.7362"}
2025-08-27 21:03:39,408 - system - INFO - {"timestamp": "2025-08-27T21:03:39.408673", "event_type": "episode_progress", "message": "ep=245/1000 reward=27.00 eval_best=101.95 buffer=19600 actor_loss=-40.9685 critic_loss=5.3448"}
2025-08-27 21:03:39,736 - system - INFO - {"timestamp": "2025-08-27T21:03:39.736748", "event_type": "episode_progress", "message": "ep=246/1000 reward=25.63 eval_best=101.95 buffer=19680 actor_loss=-41.2603 critic_loss=4.9519"}
2025-08-27 21:03:40,069 - system - INFO - {"timestamp": "2025-08-27T21:03:40.069178", "event_type": "episode_progress", "message": "ep=247/1000 reward=24.02 eval_best=101.95 buffer=19760 actor_loss=-40.7818 critic_loss=5.6629"}
2025-08-27 21:03:40,395 - system - INFO - {"timestamp": "2025-08-27T21:03:40.395774", "event_type": "episode_progress", "message": "ep=248/1000 reward=28.38 eval_best=101.95 buffer=19840 actor_loss=-41.0597 critic_loss=4.4061"}
2025-08-27 21:03:40,723 - system - INFO - {"timestamp": "2025-08-27T21:03:40.723824", "event_type": "episode_progress", "message": "ep=249/1000 reward=21.27 eval_best=101.95 buffer=19920 actor_loss=-40.6426 critic_loss=8.0388"}
2025-08-27 21:03:41,053 - system - WARNING - {"timestamp": "2025-08-27T21:03:41.053319", "event_type": "warning", "message": "Episode 250: USRP calibration targets not fully met. F1-target: \u274c, Improvement: \u274c, Target F1: 98.0%"}
2025-08-27 21:03:41,053 - system - INFO - {"timestamp": "2025-08-27T21:03:41.053420", "event_type": "episode_progress", "message": "ep=250/1000 reward=19.12 eval_best=101.95 buffer=20000 actor_loss=-41.3183 critic_loss=6.3885"}
2025-08-27 21:03:43,092 - system - INFO - {"timestamp": "2025-08-27T21:03:43.092375", "event_type": "info", "message": "Episode 250: Train Reward: 35.486, Eval Reward: 95.717 \u00b1 1.156"}
2025-08-27 21:03:43,092 - system - INFO - {"timestamp": "2025-08-27T21:03:43.092527", "event_type": "episode_progress", "message": "ep=251/1000 reward=35.49 eval_best=101.95 buffer=20080 actor_loss=-41.3870 critic_loss=3.9844"}
2025-08-27 21:03:43,425 - system - INFO - {"timestamp": "2025-08-27T21:03:43.425741", "event_type": "episode_progress", "message": "ep=252/1000 reward=35.68 eval_best=101.95 buffer=20160 actor_loss=-41.4409 critic_loss=6.1684"}
2025-08-27 21:03:43,748 - system - INFO - {"timestamp": "2025-08-27T21:03:43.748330", "event_type": "episode_progress", "message": "ep=253/1000 reward=29.26 eval_best=101.95 buffer=20240 actor_loss=-41.5688 critic_loss=4.9183"}
2025-08-27 21:03:44,081 - system - INFO - {"timestamp": "2025-08-27T21:03:44.081359", "event_type": "episode_progress", "message": "ep=254/1000 reward=21.52 eval_best=101.95 buffer=20320 actor_loss=-41.1490 critic_loss=6.2084"}
2025-08-27 21:03:44,410 - system - INFO - {"timestamp": "2025-08-27T21:03:44.410388", "event_type": "episode_progress", "message": "ep=255/1000 reward=20.13 eval_best=101.95 buffer=20400 actor_loss=-41.8160 critic_loss=3.4966"}
2025-08-27 21:03:44,743 - system - INFO - {"timestamp": "2025-08-27T21:03:44.743237", "event_type": "episode_progress", "message": "ep=256/1000 reward=25.82 eval_best=101.95 buffer=20480 actor_loss=-42.1066 critic_loss=6.0340"}
2025-08-27 21:03:45,079 - system - INFO - {"timestamp": "2025-08-27T21:03:45.079142", "event_type": "episode_progress", "message": "ep=257/1000 reward=21.95 eval_best=101.95 buffer=20560 actor_loss=-41.0474 critic_loss=5.3036"}
2025-08-27 21:03:45,412 - system - INFO - {"timestamp": "2025-08-27T21:03:45.412013", "event_type": "episode_progress", "message": "ep=258/1000 reward=36.45 eval_best=101.95 buffer=20640 actor_loss=-42.5583 critic_loss=4.9165"}
2025-08-27 21:03:45,740 - system - INFO - {"timestamp": "2025-08-27T21:03:45.740258", "event_type": "episode_progress", "message": "ep=259/1000 reward=21.36 eval_best=101.95 buffer=20720 actor_loss=-41.7203 critic_loss=4.6955"}
2025-08-27 21:03:46,071 - system - INFO - {"timestamp": "2025-08-27T21:03:46.071425", "event_type": "episode_progress", "message": "ep=260/1000 reward=21.72 eval_best=101.95 buffer=20800 actor_loss=-42.0135 critic_loss=7.3565"}
2025-08-27 21:03:48,089 - system - INFO - {"timestamp": "2025-08-27T21:03:48.089754", "event_type": "info", "message": "Episode 260: Train Reward: 32.024, Eval Reward: 90.408 \u00b1 0.512"}
2025-08-27 21:03:48,089 - system - INFO - {"timestamp": "2025-08-27T21:03:48.089866", "event_type": "episode_progress", "message": "ep=261/1000 reward=32.02 eval_best=101.95 buffer=20880 actor_loss=-42.4275 critic_loss=4.8467"}
2025-08-27 21:03:48,422 - system - INFO - {"timestamp": "2025-08-27T21:03:48.422427", "event_type": "episode_progress", "message": "ep=262/1000 reward=23.10 eval_best=101.95 buffer=20960 actor_loss=-41.9914 critic_loss=6.4426"}
2025-08-27 21:03:48,752 - system - INFO - {"timestamp": "2025-08-27T21:03:48.751975", "event_type": "episode_progress", "message": "ep=263/1000 reward=29.05 eval_best=101.95 buffer=21040 actor_loss=-42.1457 critic_loss=5.3081"}
2025-08-27 21:03:49,079 - system - INFO - {"timestamp": "2025-08-27T21:03:49.079791", "event_type": "episode_progress", "message": "ep=264/1000 reward=31.88 eval_best=101.95 buffer=21120 actor_loss=-42.3539 critic_loss=5.0260"}
2025-08-27 21:03:49,405 - system - INFO - {"timestamp": "2025-08-27T21:03:49.405475", "event_type": "episode_progress", "message": "ep=265/1000 reward=31.98 eval_best=101.95 buffer=21200 actor_loss=-42.8509 critic_loss=5.6429"}
2025-08-27 21:03:49,729 - system - INFO - {"timestamp": "2025-08-27T21:03:49.729254", "event_type": "episode_progress", "message": "ep=266/1000 reward=21.96 eval_best=101.95 buffer=21280 actor_loss=-42.3593 critic_loss=3.7598"}
2025-08-27 21:03:50,058 - system - INFO - {"timestamp": "2025-08-27T21:03:50.058373", "event_type": "episode_progress", "message": "ep=267/1000 reward=29.27 eval_best=101.95 buffer=21360 actor_loss=-43.2787 critic_loss=4.3483"}
2025-08-27 21:03:50,372 - system - INFO - {"timestamp": "2025-08-27T21:03:50.372058", "event_type": "episode_progress", "message": "ep=268/1000 reward=28.48 eval_best=101.95 buffer=21440 actor_loss=-42.5063 critic_loss=5.9327"}
2025-08-27 21:03:50,713 - system - INFO - {"timestamp": "2025-08-27T21:03:50.713954", "event_type": "episode_progress", "message": "ep=269/1000 reward=25.08 eval_best=101.95 buffer=21520 actor_loss=-42.2176 critic_loss=4.3851"}
2025-08-27 21:03:51,058 - system - INFO - {"timestamp": "2025-08-27T21:03:51.058510", "event_type": "episode_progress", "message": "ep=270/1000 reward=21.24 eval_best=101.95 buffer=21600 actor_loss=-42.1307 critic_loss=6.7743"}
2025-08-27 21:03:53,094 - system - INFO - {"timestamp": "2025-08-27T21:03:53.094561", "event_type": "info", "message": "Episode 270: Train Reward: 28.831, Eval Reward: 94.004 \u00b1 0.521"}
2025-08-27 21:03:53,094 - system - INFO - {"timestamp": "2025-08-27T21:03:53.094678", "event_type": "episode_progress", "message": "ep=271/1000 reward=28.83 eval_best=101.95 buffer=21680 actor_loss=-42.5424 critic_loss=7.2530"}
2025-08-27 21:03:53,422 - system - INFO - {"timestamp": "2025-08-27T21:03:53.422320", "event_type": "episode_progress", "message": "ep=272/1000 reward=30.47 eval_best=101.95 buffer=21760 actor_loss=-42.9241 critic_loss=7.9001"}
2025-08-27 21:03:53,753 - system - INFO - {"timestamp": "2025-08-27T21:03:53.753657", "event_type": "episode_progress", "message": "ep=273/1000 reward=24.22 eval_best=101.95 buffer=21840 actor_loss=-42.8757 critic_loss=5.5436"}
2025-08-27 21:03:54,082 - system - INFO - {"timestamp": "2025-08-27T21:03:54.082188", "event_type": "episode_progress", "message": "ep=274/1000 reward=17.23 eval_best=101.95 buffer=21920 actor_loss=-43.0447 critic_loss=4.7322"}
2025-08-27 21:03:54,403 - system - INFO - {"timestamp": "2025-08-27T21:03:54.403813", "event_type": "episode_progress", "message": "ep=275/1000 reward=21.47 eval_best=101.95 buffer=22000 actor_loss=-42.9679 critic_loss=7.1758"}
2025-08-27 21:03:54,728 - system - INFO - {"timestamp": "2025-08-27T21:03:54.728097", "event_type": "episode_progress", "message": "ep=276/1000 reward=20.61 eval_best=101.95 buffer=22080 actor_loss=-42.7450 critic_loss=5.3528"}
2025-08-27 21:03:55,049 - system - INFO - {"timestamp": "2025-08-27T21:03:55.049484", "event_type": "episode_progress", "message": "ep=277/1000 reward=30.88 eval_best=101.95 buffer=22160 actor_loss=-43.3455 critic_loss=6.9575"}
2025-08-27 21:03:55,372 - system - INFO - {"timestamp": "2025-08-27T21:03:55.372453", "event_type": "episode_progress", "message": "ep=278/1000 reward=34.05 eval_best=101.95 buffer=22240 actor_loss=-42.6554 critic_loss=5.5289"}
2025-08-27 21:03:55,681 - system - INFO - {"timestamp": "2025-08-27T21:03:55.681336", "event_type": "episode_progress", "message": "ep=279/1000 reward=31.56 eval_best=101.95 buffer=22320 actor_loss=-43.2463 critic_loss=6.9417"}
2025-08-27 21:03:56,013 - system - INFO - {"timestamp": "2025-08-27T21:03:56.013775", "event_type": "episode_progress", "message": "ep=280/1000 reward=15.20 eval_best=101.95 buffer=22400 actor_loss=-43.1629 critic_loss=4.0519"}
2025-08-27 21:03:58,053 - system - INFO - {"timestamp": "2025-08-27T21:03:58.053752", "event_type": "info", "message": "Episode 280: Train Reward: 20.929, Eval Reward: 93.606 \u00b1 0.581"}
2025-08-27 21:03:58,053 - system - INFO - {"timestamp": "2025-08-27T21:03:58.053861", "event_type": "episode_progress", "message": "ep=281/1000 reward=20.93 eval_best=101.95 buffer=22480 actor_loss=-43.4243 critic_loss=5.4241"}
2025-08-27 21:03:58,384 - system - INFO - {"timestamp": "2025-08-27T21:03:58.384848", "event_type": "episode_progress", "message": "ep=282/1000 reward=16.41 eval_best=101.95 buffer=22560 actor_loss=-43.3926 critic_loss=7.6270"}
2025-08-27 21:03:58,724 - system - INFO - {"timestamp": "2025-08-27T21:03:58.724759", "event_type": "episode_progress", "message": "ep=283/1000 reward=27.39 eval_best=101.95 buffer=22640 actor_loss=-43.8179 critic_loss=7.2802"}
2025-08-27 21:03:59,057 - system - INFO - {"timestamp": "2025-08-27T21:03:59.057183", "event_type": "episode_progress", "message": "ep=284/1000 reward=33.69 eval_best=101.95 buffer=22720 actor_loss=-43.0797 critic_loss=5.8487"}
2025-08-27 21:03:59,385 - system - INFO - {"timestamp": "2025-08-27T21:03:59.385180", "event_type": "episode_progress", "message": "ep=285/1000 reward=26.45 eval_best=101.95 buffer=22800 actor_loss=-43.4299 critic_loss=5.9147"}
2025-08-27 21:03:59,735 - system - INFO - {"timestamp": "2025-08-27T21:03:59.735208", "event_type": "episode_progress", "message": "ep=286/1000 reward=18.32 eval_best=101.95 buffer=22880 actor_loss=-43.5334 critic_loss=5.2191"}
2025-08-27 21:04:00,065 - system - INFO - {"timestamp": "2025-08-27T21:04:00.064972", "event_type": "episode_progress", "message": "ep=287/1000 reward=17.44 eval_best=101.95 buffer=22960 actor_loss=-43.7248 critic_loss=4.6150"}
2025-08-27 21:04:00,391 - system - INFO - {"timestamp": "2025-08-27T21:04:00.391775", "event_type": "episode_progress", "message": "ep=288/1000 reward=25.74 eval_best=101.95 buffer=23040 actor_loss=-44.0557 critic_loss=5.4120"}
2025-08-27 21:04:00,720 - system - INFO - {"timestamp": "2025-08-27T21:04:00.720445", "event_type": "episode_progress", "message": "ep=289/1000 reward=22.04 eval_best=101.95 buffer=23120 actor_loss=-43.6286 critic_loss=7.7460"}
2025-08-27 21:04:01,047 - system - INFO - {"timestamp": "2025-08-27T21:04:01.047235", "event_type": "episode_progress", "message": "ep=290/1000 reward=23.00 eval_best=101.95 buffer=23200 actor_loss=-43.5847 critic_loss=6.0609"}
2025-08-27 21:04:03,073 - system - INFO - {"timestamp": "2025-08-27T21:04:03.073394", "event_type": "info", "message": "Episode 290: Train Reward: 40.617, Eval Reward: 93.242 \u00b1 1.057"}
2025-08-27 21:04:03,073 - system - INFO - {"timestamp": "2025-08-27T21:04:03.073547", "event_type": "episode_progress", "message": "ep=291/1000 reward=40.62 eval_best=101.95 buffer=23280 actor_loss=-44.0514 critic_loss=4.6865"}
2025-08-27 21:04:03,073 - system - INFO - {"timestamp": "2025-08-27T21:04:03.073703", "event_type": "early_stop", "message": "Stopping early at episode 291"}
2025-08-27 21:04:03,073 - system - INFO - {"timestamp": "2025-08-27T21:04:03.073829", "event_type": "info", "message": "Training completed for MLP agent. Best eval reward: 101.954"}
2025-08-27 21:04:03,077 - system - INFO - {"timestamp": "2025-08-27T21:04:03.077033", "event_type": "info", "message": "Agent saved to models/checkpoints/final_mlp_agent.pth"}
2025-08-27 21:04:03,077 - system - INFO - {"timestamp": "2025-08-27T21:04:03.077743", "event_type": "info", "message": "Training history saved to 20250827_210403_mlp_training_history.json"}
2025-08-27 21:04:03,077 - system - INFO - {"timestamp": "2025-08-27T21:04:03.077794", "event_type": "training_complete", "message": "Training completed successfully"}
2025-08-27 21:04:03,077 - system - INFO - {"timestamp": "2025-08-27T21:04:03.077825", "event_type": "info", "message": "DRL Jamming Detection System execution completed"}
2025-08-27 21:16:56,506 - system - INFO - {"timestamp": "2025-08-27T21:16:56.506189", "event_type": "system_start", "message": "Starting Deep Reinforcement Learning Jamming Detection System"}
2025-08-27 21:16:56,506 - system - INFO - {"timestamp": "2025-08-27T21:16:56.506344", "event_type": "mode_set", "message": "Mode: train"}
2025-08-27 21:16:56,615 - system - INFO - {"timestamp": "2025-08-27T21:16:56.615712", "event_type": "device_info", "message": "PyTorch device: CUDA"}
2025-08-27 21:16:56,615 - system - INFO - {"timestamp": "2025-08-27T21:16:56.615871", "event_type": "usrp_calibration", "message": "\u2705 USRP Performance Calibration: ENABLED"}
2025-08-27 21:16:56,619 - system - INFO - {"timestamp": "2025-08-27T21:16:56.619519", "event_type": "dataset_env_config", "message": "Using dataset environment with state_dim=4"}
2025-08-27 21:16:56,619 - system - INFO - {"timestamp": "2025-08-27T21:16:56.619640", "event_type": "dataset_mode", "message": "Using dataset environment: synthetic_dataset.csv"}
2025-08-27 21:16:56,619 - system - INFO - {"timestamp": "2025-08-27T21:16:56.619687", "event_type": "training_start", "message": "Training MLP agent for 10 episodes"}
2025-08-27 21:16:56,784 - system - INFO - {"timestamp": "2025-08-27T21:16:56.784053", "event_type": "agent_training_start", "message": "Starting training for MLP agent"}
2025-08-27 21:16:58,907 - system - INFO - {"timestamp": "2025-08-27T21:16:58.906984", "event_type": "info", "message": "Episode 0: Train Reward: 22.477, Eval F1: 0.3333, Eval Reward: 41.172 \u00b1 5.159"}
2025-08-27 21:16:58,911 - system - INFO - {"timestamp": "2025-08-27T21:16:58.911019", "event_type": "info", "message": "Agent saved to models/checkpoints/best_mlp_agent.pth"}
2025-08-27 21:16:58,911 - system - INFO - {"timestamp": "2025-08-27T21:16:58.911147", "event_type": "episode_progress", "message": "ep=1/10 reward=22.48 eval_best=41.17 buffer=80 actor_loss=-0.1533 critic_loss=0.2889"}
2025-08-27 21:16:59,265 - system - INFO - {"timestamp": "2025-08-27T21:16:59.265148", "event_type": "episode_progress", "message": "ep=2/10 reward=24.17 eval_best=41.17 buffer=160 actor_loss=-0.5632 critic_loss=0.2110"}
2025-08-27 21:17:01,396 - system - INFO - {"timestamp": "2025-08-27T21:17:01.396116", "event_type": "info", "message": "Episode 2: Train Reward: 26.360, Eval F1: 0.3333, Eval Reward: 66.680 \u00b1 0.063"}
2025-08-27 21:17:01,399 - system - INFO - {"timestamp": "2025-08-27T21:17:01.399214", "event_type": "info", "message": "Agent saved to models/checkpoints/best_mlp_agent.pth"}
2025-08-27 21:17:01,399 - system - INFO - {"timestamp": "2025-08-27T21:17:01.399346", "event_type": "episode_progress", "message": "ep=3/10 reward=26.36 eval_best=66.68 buffer=240 actor_loss=-0.5304 critic_loss=0.1839"}
2025-08-27 21:17:01,736 - system - INFO - {"timestamp": "2025-08-27T21:17:01.736832", "event_type": "episode_progress", "message": "ep=4/10 reward=26.08 eval_best=66.68 buffer=320 actor_loss=-0.8607 critic_loss=0.1737"}
2025-08-27 21:17:03,826 - system - INFO - {"timestamp": "2025-08-27T21:17:03.826971", "event_type": "info", "message": "Episode 4: Train Reward: 22.578, Eval F1: 0.3333, Eval Reward: 69.329 \u00b1 0.075"}
2025-08-27 21:17:03,829 - system - INFO - {"timestamp": "2025-08-27T21:17:03.829908", "event_type": "info", "message": "Agent saved to models/checkpoints/best_mlp_agent.pth"}
2025-08-27 21:17:03,830 - system - INFO - {"timestamp": "2025-08-27T21:17:03.830019", "event_type": "episode_progress", "message": "ep=5/10 reward=22.58 eval_best=69.33 buffer=400 actor_loss=-1.0895 critic_loss=0.1628"}
2025-08-27 21:17:04,159 - system - INFO - {"timestamp": "2025-08-27T21:17:04.159738", "event_type": "episode_progress", "message": "ep=6/10 reward=27.24 eval_best=69.33 buffer=480 actor_loss=-1.1691 critic_loss=0.1873"}
2025-08-27 21:17:06,273 - system - INFO - {"timestamp": "2025-08-27T21:17:06.273115", "event_type": "info", "message": "Episode 6: Train Reward: 18.217, Eval F1: 0.3333, Eval Reward: 70.271 \u00b1 0.188"}
2025-08-27 21:17:06,276 - system - INFO - {"timestamp": "2025-08-27T21:17:06.276132", "event_type": "info", "message": "Agent saved to models/checkpoints/best_mlp_agent.pth"}
2025-08-27 21:17:06,276 - system - INFO - {"timestamp": "2025-08-27T21:17:06.276256", "event_type": "episode_progress", "message": "ep=7/10 reward=18.22 eval_best=70.27 buffer=560 actor_loss=-1.5165 critic_loss=0.2700"}
2025-08-27 21:17:06,626 - system - INFO - {"timestamp": "2025-08-27T21:17:06.626866", "event_type": "episode_progress", "message": "ep=8/10 reward=29.08 eval_best=70.27 buffer=640 actor_loss=-1.8601 critic_loss=0.2897"}
2025-08-27 21:17:08,724 - system - INFO - {"timestamp": "2025-08-27T21:17:08.724026", "event_type": "info", "message": "Episode 8: Train Reward: 23.377, Eval F1: 0.3333, Eval Reward: 71.513 \u00b1 0.113"}
2025-08-27 21:17:08,727 - system - INFO - {"timestamp": "2025-08-27T21:17:08.727190", "event_type": "info", "message": "Agent saved to models/checkpoints/best_mlp_agent.pth"}
2025-08-27 21:17:08,727 - system - INFO - {"timestamp": "2025-08-27T21:17:08.727326", "event_type": "episode_progress", "message": "ep=9/10 reward=23.38 eval_best=71.51 buffer=720 actor_loss=-1.8100 critic_loss=0.3787"}
2025-08-27 21:17:09,053 - system - INFO - {"timestamp": "2025-08-27T21:17:09.053689", "event_type": "episode_progress", "message": "ep=10/10 reward=35.39 eval_best=71.51 buffer=800 actor_loss=-1.9566 critic_loss=0.2403"}
2025-08-27 21:17:09,054 - system - INFO - {"timestamp": "2025-08-27T21:17:09.054023", "event_type": "info", "message": "Training completed for MLP agent. Best eval reward: 71.513"}
2025-08-27 21:17:09,056 - system - INFO - {"timestamp": "2025-08-27T21:17:09.056961", "event_type": "info", "message": "Agent saved to models/checkpoints/final_mlp_agent.pth"}
2025-08-27 21:17:09,057 - system - INFO - {"timestamp": "2025-08-27T21:17:09.057242", "event_type": "info", "message": "Training history saved to 20250827_211709_mlp_training_history.json"}
2025-08-27 21:17:09,057 - system - INFO - {"timestamp": "2025-08-27T21:17:09.057289", "event_type": "training_complete", "message": "Training completed successfully"}
2025-08-27 21:17:09,057 - system - INFO - {"timestamp": "2025-08-27T21:17:09.057318", "event_type": "info", "message": "DRL Jamming Detection System execution completed"}
2025-08-27 21:21:36,847 - system - INFO - {"timestamp": "2025-08-27T21:21:36.847487", "event_type": "system_start", "message": "Starting Deep Reinforcement Learning Jamming Detection System"}
2025-08-27 21:21:36,847 - system - INFO - {"timestamp": "2025-08-27T21:21:36.847625", "event_type": "mode_set", "message": "Mode: train"}
2025-08-27 21:21:36,946 - system - INFO - {"timestamp": "2025-08-27T21:21:36.946889", "event_type": "device_info", "message": "PyTorch device: CUDA"}
2025-08-27 21:21:36,947 - system - INFO - {"timestamp": "2025-08-27T21:21:36.947013", "event_type": "usrp_calibration", "message": "\u2705 USRP Performance Calibration: ENABLED"}
2025-08-27 21:21:36,950 - system - INFO - {"timestamp": "2025-08-27T21:21:36.950426", "event_type": "dataset_env_config", "message": "Using dataset environment with state_dim=4"}
2025-08-27 21:21:36,950 - system - INFO - {"timestamp": "2025-08-27T21:21:36.950554", "event_type": "dataset_mode", "message": "Using dataset environment: synthetic_dataset.csv"}
2025-08-27 21:21:36,950 - system - INFO - {"timestamp": "2025-08-27T21:21:36.950609", "event_type": "training_start", "message": "Training MLP agent for 1000 episodes"}
2025-08-27 21:21:37,117 - system - INFO - {"timestamp": "2025-08-27T21:21:37.117213", "event_type": "agent_training_start", "message": "Starting training for MLP agent"}
2025-08-27 21:21:39,374 - system - INFO - {"timestamp": "2025-08-27T21:21:39.374357", "event_type": "info", "message": "Episode 0: Train Reward: 58.331, Eval F1: 0.3333, Eval Reward: 80.358 \u00b1 0.317"}
2025-08-27 21:21:39,378 - system - INFO - {"timestamp": "2025-08-27T21:21:39.378380", "event_type": "info", "message": "Agent saved to models/checkpoints/best_mlp_agent.pth"}
2025-08-27 21:21:39,378 - system - INFO - {"timestamp": "2025-08-27T21:21:39.378516", "event_type": "episode_progress", "message": "ep=1/1000 reward=58.33 eval_best=80.36 buffer=200 actor_loss=-0.6728 critic_loss=0.2069"}
2025-08-27 21:21:40,196 - system - INFO - {"timestamp": "2025-08-27T21:21:40.196639", "event_type": "episode_progress", "message": "ep=2/1000 reward=68.03 eval_best=80.36 buffer=400 actor_loss=-1.3580 critic_loss=0.1612"}
2025-08-27 21:21:41,020 - system - INFO - {"timestamp": "2025-08-27T21:21:41.020139", "event_type": "episode_progress", "message": "ep=3/1000 reward=73.48 eval_best=80.36 buffer=600 actor_loss=-2.0583 critic_loss=0.1907"}
2025-08-27 21:21:41,836 - system - INFO - {"timestamp": "2025-08-27T21:21:41.836970", "event_type": "episode_progress", "message": "ep=4/1000 reward=59.24 eval_best=80.36 buffer=800 actor_loss=-2.7130 critic_loss=0.2260"}
2025-08-27 21:21:42,653 - system - INFO - {"timestamp": "2025-08-27T21:21:42.653337", "event_type": "episode_progress", "message": "ep=5/1000 reward=69.92 eval_best=80.36 buffer=1000 actor_loss=-3.3109 critic_loss=0.2472"}
2025-08-27 21:21:43,468 - system - INFO - {"timestamp": "2025-08-27T21:21:43.468082", "event_type": "episode_progress", "message": "ep=6/1000 reward=81.79 eval_best=80.36 buffer=1200 actor_loss=-4.1621 critic_loss=0.2733"}
2025-08-27 21:21:44,274 - system - INFO - {"timestamp": "2025-08-27T21:21:44.274366", "event_type": "episode_progress", "message": "ep=7/1000 reward=81.12 eval_best=80.36 buffer=1400 actor_loss=-4.4228 critic_loss=0.4270"}
2025-08-27 21:21:45,084 - system - INFO - {"timestamp": "2025-08-27T21:21:45.084516", "event_type": "episode_progress", "message": "ep=8/1000 reward=64.30 eval_best=80.36 buffer=1600 actor_loss=-5.2811 critic_loss=0.4199"}
2025-08-27 21:21:45,878 - system - INFO - {"timestamp": "2025-08-27T21:21:45.878582", "event_type": "episode_progress", "message": "ep=9/1000 reward=77.09 eval_best=80.36 buffer=1800 actor_loss=-5.8624 critic_loss=0.5646"}
2025-08-27 21:21:46,686 - system - INFO - {"timestamp": "2025-08-27T21:21:46.686722", "event_type": "episode_progress", "message": "ep=10/1000 reward=55.06 eval_best=80.36 buffer=2000 actor_loss=-6.6048 critic_loss=0.6913"}
2025-08-27 21:21:49,164 - system - INFO - {"timestamp": "2025-08-27T21:21:49.164540", "event_type": "info", "message": "Episode 10: Train Reward: 55.636, Eval F1: 0.3367, Eval Reward: 97.430 \u00b1 1.843"}
2025-08-27 21:21:49,167 - system - INFO - {"timestamp": "2025-08-27T21:21:49.167752", "event_type": "info", "message": "Agent saved to models/checkpoints/best_mlp_agent.pth"}
2025-08-27 21:21:49,167 - system - INFO - {"timestamp": "2025-08-27T21:21:49.167873", "event_type": "episode_progress", "message": "ep=11/1000 reward=55.64 eval_best=97.43 buffer=2200 actor_loss=-7.3633 critic_loss=0.5242"}
2025-08-27 21:21:49,988 - system - INFO - {"timestamp": "2025-08-27T21:21:49.988363", "event_type": "episode_progress", "message": "ep=12/1000 reward=60.67 eval_best=97.43 buffer=2400 actor_loss=-7.9298 critic_loss=0.7973"}
2025-08-27 21:21:50,812 - system - INFO - {"timestamp": "2025-08-27T21:21:50.812229", "event_type": "episode_progress", "message": "ep=13/1000 reward=70.47 eval_best=97.43 buffer=2600 actor_loss=-8.8057 critic_loss=0.8621"}
2025-08-27 21:21:51,588 - system - INFO - {"timestamp": "2025-08-27T21:21:51.588133", "event_type": "episode_progress", "message": "ep=14/1000 reward=77.49 eval_best=97.43 buffer=2800 actor_loss=-9.2183 critic_loss=0.6483"}
2025-08-27 21:21:52,401 - system - INFO - {"timestamp": "2025-08-27T21:21:52.401152", "event_type": "episode_progress", "message": "ep=15/1000 reward=69.83 eval_best=97.43 buffer=3000 actor_loss=-10.0295 critic_loss=0.5921"}
2025-08-27 21:21:53,220 - system - INFO - {"timestamp": "2025-08-27T21:21:53.220969", "event_type": "episode_progress", "message": "ep=16/1000 reward=54.54 eval_best=97.43 buffer=3200 actor_loss=-10.5524 critic_loss=0.7424"}
2025-08-27 21:21:54,031 - system - INFO - {"timestamp": "2025-08-27T21:21:54.031053", "event_type": "episode_progress", "message": "ep=17/1000 reward=71.31 eval_best=97.43 buffer=3400 actor_loss=-11.3480 critic_loss=2.3143"}
2025-08-27 21:21:54,848 - system - INFO - {"timestamp": "2025-08-27T21:21:54.848755", "event_type": "episode_progress", "message": "ep=18/1000 reward=74.49 eval_best=97.43 buffer=3600 actor_loss=-11.7622 critic_loss=1.0075"}
2025-08-27 21:21:55,664 - system - INFO - {"timestamp": "2025-08-27T21:21:55.664061", "event_type": "episode_progress", "message": "ep=19/1000 reward=69.89 eval_best=97.43 buffer=3800 actor_loss=-12.5943 critic_loss=3.0356"}
2025-08-27 21:21:56,475 - system - INFO - {"timestamp": "2025-08-27T21:21:56.475590", "event_type": "episode_progress", "message": "ep=20/1000 reward=85.65 eval_best=97.43 buffer=4000 actor_loss=-13.3247 critic_loss=1.0577"}
2025-08-27 21:21:58,996 - system - INFO - {"timestamp": "2025-08-27T21:21:58.996587", "event_type": "info", "message": "Episode 20: Train Reward: 88.565, Eval F1: 0.3753, Eval Reward: 100.263 \u00b1 1.901"}
2025-08-27 21:21:58,999 - system - INFO - {"timestamp": "2025-08-27T21:21:58.999648", "event_type": "info", "message": "Agent saved to models/checkpoints/best_mlp_agent.pth"}
2025-08-27 21:21:58,999 - system - INFO - {"timestamp": "2025-08-27T21:21:58.999769", "event_type": "episode_progress", "message": "ep=21/1000 reward=88.57 eval_best=100.26 buffer=4200 actor_loss=-13.8531 critic_loss=2.8518"}
2025-08-27 21:21:59,821 - system - INFO - {"timestamp": "2025-08-27T21:21:59.821679", "event_type": "episode_progress", "message": "ep=22/1000 reward=62.97 eval_best=100.26 buffer=4400 actor_loss=-14.6089 critic_loss=1.3852"}
2025-08-27 21:22:00,664 - system - INFO - {"timestamp": "2025-08-27T21:22:00.664126", "event_type": "episode_progress", "message": "ep=23/1000 reward=83.15 eval_best=100.26 buffer=4600 actor_loss=-15.3011 critic_loss=1.4441"}
2025-08-27 21:22:01,490 - system - INFO - {"timestamp": "2025-08-27T21:22:01.490822", "event_type": "episode_progress", "message": "ep=24/1000 reward=70.20 eval_best=100.26 buffer=4800 actor_loss=-15.9171 critic_loss=2.7854"}
2025-08-27 21:22:02,319 - system - INFO - {"timestamp": "2025-08-27T21:22:02.319489", "event_type": "episode_progress", "message": "ep=25/1000 reward=74.59 eval_best=100.26 buffer=5000 actor_loss=-16.5900 critic_loss=1.2020"}
2025-08-27 21:22:03,153 - system - INFO - {"timestamp": "2025-08-27T21:22:03.153543", "event_type": "episode_progress", "message": "ep=26/1000 reward=66.37 eval_best=100.26 buffer=5200 actor_loss=-17.0321 critic_loss=1.6102"}
2025-08-27 21:22:03,974 - system - INFO - {"timestamp": "2025-08-27T21:22:03.974296", "event_type": "episode_progress", "message": "ep=27/1000 reward=82.28 eval_best=100.26 buffer=5400 actor_loss=-17.5383 critic_loss=3.0400"}
2025-08-27 21:22:04,795 - system - INFO - {"timestamp": "2025-08-27T21:22:04.795041", "event_type": "episode_progress", "message": "ep=28/1000 reward=59.08 eval_best=100.26 buffer=5600 actor_loss=-17.9691 critic_loss=1.9984"}
2025-08-27 21:22:05,613 - system - INFO - {"timestamp": "2025-08-27T21:22:05.613444", "event_type": "episode_progress", "message": "ep=29/1000 reward=63.71 eval_best=100.26 buffer=5800 actor_loss=-18.8366 critic_loss=4.5298"}
2025-08-27 21:22:06,430 - system - INFO - {"timestamp": "2025-08-27T21:22:06.430145", "event_type": "episode_progress", "message": "ep=30/1000 reward=73.84 eval_best=100.26 buffer=6000 actor_loss=-19.0714 critic_loss=1.6565"}
2025-08-27 21:22:08,986 - system - INFO - {"timestamp": "2025-08-27T21:22:08.986382", "event_type": "info", "message": "Episode 30: Train Reward: 70.032, Eval F1: 0.4251, Eval Reward: 97.612 \u00b1 1.390"}
2025-08-27 21:22:08,986 - system - INFO - {"timestamp": "2025-08-27T21:22:08.986533", "event_type": "episode_progress", "message": "ep=31/1000 reward=70.03 eval_best=100.26 buffer=6200 actor_loss=-19.7530 critic_loss=2.1360"}
2025-08-27 21:22:09,796 - system - INFO - {"timestamp": "2025-08-27T21:22:09.796591", "event_type": "episode_progress", "message": "ep=32/1000 reward=88.81 eval_best=100.26 buffer=6400 actor_loss=-20.4789 critic_loss=2.2505"}
2025-08-27 21:22:10,615 - system - INFO - {"timestamp": "2025-08-27T21:22:10.615660", "event_type": "episode_progress", "message": "ep=33/1000 reward=71.81 eval_best=100.26 buffer=6600 actor_loss=-21.3388 critic_loss=2.0299"}
2025-08-27 21:22:11,402 - system - INFO - {"timestamp": "2025-08-27T21:22:11.402573", "event_type": "episode_progress", "message": "ep=34/1000 reward=75.80 eval_best=100.26 buffer=6800 actor_loss=-21.5714 critic_loss=2.2638"}
2025-08-27 21:22:12,225 - system - INFO - {"timestamp": "2025-08-27T21:22:12.225404", "event_type": "episode_progress", "message": "ep=35/1000 reward=85.03 eval_best=100.26 buffer=7000 actor_loss=-22.3596 critic_loss=2.4993"}
2025-08-27 21:22:13,055 - system - INFO - {"timestamp": "2025-08-27T21:22:13.055311", "event_type": "episode_progress", "message": "ep=36/1000 reward=84.54 eval_best=100.26 buffer=7200 actor_loss=-22.9845 critic_loss=5.4200"}
2025-08-27 21:22:13,882 - system - INFO - {"timestamp": "2025-08-27T21:22:13.882423", "event_type": "episode_progress", "message": "ep=37/1000 reward=69.04 eval_best=100.26 buffer=7400 actor_loss=-23.5848 critic_loss=8.0363"}
2025-08-27 21:22:14,683 - system - INFO - {"timestamp": "2025-08-27T21:22:14.683681", "event_type": "episode_progress", "message": "ep=38/1000 reward=71.93 eval_best=100.26 buffer=7600 actor_loss=-24.1580 critic_loss=3.1472"}
2025-08-27 21:22:15,507 - system - INFO - {"timestamp": "2025-08-27T21:22:15.507621", "event_type": "episode_progress", "message": "ep=39/1000 reward=67.39 eval_best=100.26 buffer=7800 actor_loss=-24.5608 critic_loss=4.5815"}
2025-08-27 21:22:16,349 - system - INFO - {"timestamp": "2025-08-27T21:22:16.349854", "event_type": "episode_progress", "message": "ep=40/1000 reward=68.76 eval_best=100.26 buffer=8000 actor_loss=-25.2739 critic_loss=2.6823"}
2025-08-27 21:22:18,884 - system - INFO - {"timestamp": "2025-08-27T21:22:18.884587", "event_type": "info", "message": "Episode 40: Train Reward: 65.385, Eval F1: 0.4298, Eval Reward: 97.708 \u00b1 1.788"}
2025-08-27 21:22:18,884 - system - INFO - {"timestamp": "2025-08-27T21:22:18.884709", "event_type": "episode_progress", "message": "ep=41/1000 reward=65.38 eval_best=100.26 buffer=8200 actor_loss=-25.7496 critic_loss=7.0255"}
2025-08-27 21:22:19,723 - system - INFO - {"timestamp": "2025-08-27T21:22:19.723390", "event_type": "episode_progress", "message": "ep=42/1000 reward=62.35 eval_best=100.26 buffer=8400 actor_loss=-26.1930 critic_loss=2.9862"}
2025-08-27 21:22:20,590 - system - INFO - {"timestamp": "2025-08-27T21:22:20.590603", "event_type": "episode_progress", "message": "ep=43/1000 reward=77.71 eval_best=100.26 buffer=8600 actor_loss=-26.5378 critic_loss=2.6575"}
2025-08-27 21:22:21,429 - system - INFO - {"timestamp": "2025-08-27T21:22:21.429239", "event_type": "episode_progress", "message": "ep=44/1000 reward=77.97 eval_best=100.26 buffer=8800 actor_loss=-27.3096 critic_loss=4.4956"}
2025-08-27 21:22:22,255 - system - INFO - {"timestamp": "2025-08-27T21:22:22.255970", "event_type": "episode_progress", "message": "ep=45/1000 reward=59.68 eval_best=100.26 buffer=9000 actor_loss=-27.8624 critic_loss=6.5606"}
2025-08-27 21:22:23,090 - system - INFO - {"timestamp": "2025-08-27T21:22:23.090142", "event_type": "episode_progress", "message": "ep=46/1000 reward=69.15 eval_best=100.26 buffer=9200 actor_loss=-28.7862 critic_loss=9.5948"}
2025-08-27 21:22:23,923 - system - INFO - {"timestamp": "2025-08-27T21:22:23.922993", "event_type": "episode_progress", "message": "ep=47/1000 reward=65.07 eval_best=100.26 buffer=9400 actor_loss=-28.3705 critic_loss=3.4434"}
2025-08-27 21:22:24,729 - system - INFO - {"timestamp": "2025-08-27T21:22:24.729288", "event_type": "episode_progress", "message": "ep=48/1000 reward=69.93 eval_best=100.26 buffer=9600 actor_loss=-29.3361 critic_loss=8.9105"}
2025-08-27 21:22:25,542 - system - INFO - {"timestamp": "2025-08-27T21:22:25.542908", "event_type": "episode_progress", "message": "ep=49/1000 reward=53.86 eval_best=100.26 buffer=9800 actor_loss=-29.6162 critic_loss=3.5167"}
2025-08-27 21:22:26,350 - system - WARNING - {"timestamp": "2025-08-27T21:22:26.350422", "event_type": "warning", "message": "Episode 50: USRP calibration targets not fully met. F1-target: \u274c, Improvement: \u274c, Target F1: 98.0%"}
2025-08-27 21:22:26,350 - system - INFO - {"timestamp": "2025-08-27T21:22:26.350529", "event_type": "episode_progress", "message": "ep=50/1000 reward=48.76 eval_best=100.26 buffer=10000 actor_loss=-30.0231 critic_loss=3.6519"}
2025-08-27 21:22:28,855 - system - INFO - {"timestamp": "2025-08-27T21:22:28.855631", "event_type": "info", "message": "Episode 50: Train Reward: 77.699, Eval F1: 0.4314, Eval Reward: 101.363 \u00b1 1.658"}
2025-08-27 21:22:28,858 - system - INFO - {"timestamp": "2025-08-27T21:22:28.858699", "event_type": "info", "message": "Agent saved to models/checkpoints/best_mlp_agent.pth"}
2025-08-27 21:22:28,861 - system - INFO - {"timestamp": "2025-08-27T21:22:28.861314", "event_type": "info", "message": "Agent saved to models/checkpoints/mlp_agent_episode_50.pth"}
2025-08-27 21:22:28,861 - system - INFO - {"timestamp": "2025-08-27T21:22:28.861408", "event_type": "episode_progress", "message": "ep=51/1000 reward=77.70 eval_best=101.36 buffer=10200 actor_loss=-30.2893 critic_loss=14.8405"}
2025-08-27 21:22:29,694 - system - INFO - {"timestamp": "2025-08-27T21:22:29.694830", "event_type": "episode_progress", "message": "ep=52/1000 reward=79.29 eval_best=101.36 buffer=10400 actor_loss=-30.8344 critic_loss=3.5983"}
2025-08-27 21:22:30,519 - system - INFO - {"timestamp": "2025-08-27T21:22:30.519839", "event_type": "episode_progress", "message": "ep=53/1000 reward=74.50 eval_best=101.36 buffer=10600 actor_loss=-31.3140 critic_loss=10.5534"}
2025-08-27 21:22:31,359 - system - INFO - {"timestamp": "2025-08-27T21:22:31.359112", "event_type": "episode_progress", "message": "ep=54/1000 reward=61.43 eval_best=101.36 buffer=10800 actor_loss=-32.1167 critic_loss=3.2146"}
2025-08-27 21:22:32,176 - system - INFO - {"timestamp": "2025-08-27T21:22:32.176911", "event_type": "episode_progress", "message": "ep=55/1000 reward=60.96 eval_best=101.36 buffer=11000 actor_loss=-32.4341 critic_loss=4.3378"}
2025-08-27 21:22:33,001 - system - INFO - {"timestamp": "2025-08-27T21:22:33.001628", "event_type": "episode_progress", "message": "ep=56/1000 reward=80.79 eval_best=101.36 buffer=11200 actor_loss=-32.8822 critic_loss=4.6428"}
2025-08-27 21:22:33,810 - system - INFO - {"timestamp": "2025-08-27T21:22:33.810665", "event_type": "episode_progress", "message": "ep=57/1000 reward=74.23 eval_best=101.36 buffer=11400 actor_loss=-32.7544 critic_loss=4.1634"}
2025-08-27 21:22:34,622 - system - INFO - {"timestamp": "2025-08-27T21:22:34.622197", "event_type": "episode_progress", "message": "ep=58/1000 reward=77.62 eval_best=101.36 buffer=11600 actor_loss=-33.8600 critic_loss=11.9124"}
2025-08-27 21:22:35,453 - system - INFO - {"timestamp": "2025-08-27T21:22:35.453921", "event_type": "episode_progress", "message": "ep=59/1000 reward=70.44 eval_best=101.36 buffer=11800 actor_loss=-34.6559 critic_loss=5.8622"}
2025-08-27 21:22:36,291 - system - INFO - {"timestamp": "2025-08-27T21:22:36.291539", "event_type": "episode_progress", "message": "ep=60/1000 reward=63.56 eval_best=101.36 buffer=12000 actor_loss=-34.1643 critic_loss=18.5610"}
2025-08-27 21:22:38,873 - system - INFO - {"timestamp": "2025-08-27T21:22:38.873474", "event_type": "info", "message": "Episode 60: Train Reward: 58.017, Eval F1: 0.4115, Eval Reward: 97.384 \u00b1 1.272"}
2025-08-27 21:22:38,873 - system - INFO - {"timestamp": "2025-08-27T21:22:38.873594", "event_type": "episode_progress", "message": "ep=61/1000 reward=58.02 eval_best=101.36 buffer=12200 actor_loss=-35.1628 critic_loss=5.1551"}
2025-08-27 21:22:39,718 - system - INFO - {"timestamp": "2025-08-27T21:22:39.718172", "event_type": "episode_progress", "message": "ep=62/1000 reward=71.12 eval_best=101.36 buffer=12400 actor_loss=-35.6445 critic_loss=11.3728"}
2025-08-27 21:22:40,571 - system - INFO - {"timestamp": "2025-08-27T21:22:40.571423", "event_type": "episode_progress", "message": "ep=63/1000 reward=59.24 eval_best=101.36 buffer=12600 actor_loss=-35.8166 critic_loss=22.8093"}
2025-08-27 21:22:41,403 - system - INFO - {"timestamp": "2025-08-27T21:22:41.403649", "event_type": "episode_progress", "message": "ep=64/1000 reward=68.24 eval_best=101.36 buffer=12800 actor_loss=-35.7706 critic_loss=13.7669"}
2025-08-27 21:22:42,218 - system - INFO - {"timestamp": "2025-08-27T21:22:42.218275", "event_type": "episode_progress", "message": "ep=65/1000 reward=58.25 eval_best=101.36 buffer=13000 actor_loss=-36.5941 critic_loss=4.6460"}
2025-08-27 21:22:43,033 - system - INFO - {"timestamp": "2025-08-27T21:22:43.033637", "event_type": "episode_progress", "message": "ep=66/1000 reward=72.36 eval_best=101.36 buffer=13200 actor_loss=-36.8299 critic_loss=6.1316"}
2025-08-27 21:22:43,857 - system - INFO - {"timestamp": "2025-08-27T21:22:43.857281", "event_type": "episode_progress", "message": "ep=67/1000 reward=76.55 eval_best=101.36 buffer=13400 actor_loss=-37.2252 critic_loss=15.8970"}
2025-08-27 21:22:44,696 - system - INFO - {"timestamp": "2025-08-27T21:22:44.696322", "event_type": "episode_progress", "message": "ep=68/1000 reward=77.29 eval_best=101.36 buffer=13600 actor_loss=-37.5961 critic_loss=4.0574"}
2025-08-27 21:22:45,560 - system - INFO - {"timestamp": "2025-08-27T21:22:45.560624", "event_type": "episode_progress", "message": "ep=69/1000 reward=86.69 eval_best=101.36 buffer=13800 actor_loss=-37.8944 critic_loss=4.9871"}
2025-08-27 21:22:46,413 - system - INFO - {"timestamp": "2025-08-27T21:22:46.413140", "event_type": "episode_progress", "message": "ep=70/1000 reward=85.17 eval_best=101.36 buffer=14000 actor_loss=-37.4296 critic_loss=14.8284"}
2025-08-27 21:22:48,993 - system - INFO - {"timestamp": "2025-08-27T21:22:48.993107", "event_type": "info", "message": "Episode 70: Train Reward: 73.595, Eval F1: 0.4323, Eval Reward: 96.642 \u00b1 2.175"}
2025-08-27 21:22:48,993 - system - INFO - {"timestamp": "2025-08-27T21:22:48.993234", "event_type": "episode_progress", "message": "ep=71/1000 reward=73.60 eval_best=101.36 buffer=14200 actor_loss=-38.3414 critic_loss=4.9069"}
2025-08-27 21:22:49,822 - system - INFO - {"timestamp": "2025-08-27T21:22:49.822723", "event_type": "episode_progress", "message": "ep=72/1000 reward=86.78 eval_best=101.36 buffer=14400 actor_loss=-39.2632 critic_loss=6.5222"}
2025-08-27 21:22:50,656 - system - INFO - {"timestamp": "2025-08-27T21:22:50.656936", "event_type": "episode_progress", "message": "ep=73/1000 reward=70.09 eval_best=101.36 buffer=14600 actor_loss=-39.9492 critic_loss=14.9162"}
2025-08-27 21:22:51,476 - system - INFO - {"timestamp": "2025-08-27T21:22:51.476224", "event_type": "episode_progress", "message": "ep=74/1000 reward=80.96 eval_best=101.36 buffer=14800 actor_loss=-39.7358 critic_loss=4.0767"}
2025-08-27 21:22:52,304 - system - INFO - {"timestamp": "2025-08-27T21:22:52.304862", "event_type": "episode_progress", "message": "ep=75/1000 reward=71.67 eval_best=101.36 buffer=15000 actor_loss=-40.1641 critic_loss=7.0043"}
2025-08-27 21:22:53,154 - system - INFO - {"timestamp": "2025-08-27T21:22:53.154890", "event_type": "episode_progress", "message": "ep=76/1000 reward=74.06 eval_best=101.36 buffer=15200 actor_loss=-39.8534 critic_loss=7.2478"}
2025-08-27 21:22:53,992 - system - INFO - {"timestamp": "2025-08-27T21:22:53.992453", "event_type": "episode_progress", "message": "ep=77/1000 reward=72.20 eval_best=101.36 buffer=15400 actor_loss=-40.5643 critic_loss=9.0998"}
2025-08-27 21:22:54,843 - system - INFO - {"timestamp": "2025-08-27T21:22:54.843032", "event_type": "episode_progress", "message": "ep=78/1000 reward=76.65 eval_best=101.36 buffer=15600 actor_loss=-41.2157 critic_loss=6.7755"}
2025-08-27 21:22:55,704 - system - INFO - {"timestamp": "2025-08-27T21:22:55.704384", "event_type": "episode_progress", "message": "ep=79/1000 reward=62.36 eval_best=101.36 buffer=15800 actor_loss=-40.9436 critic_loss=10.1619"}
2025-08-27 21:22:56,503 - system - INFO - {"timestamp": "2025-08-27T21:22:56.503284", "event_type": "episode_progress", "message": "ep=80/1000 reward=50.29 eval_best=101.36 buffer=16000 actor_loss=-41.4680 critic_loss=23.8390"}
2025-08-27 21:22:59,049 - system - INFO - {"timestamp": "2025-08-27T21:22:59.049519", "event_type": "info", "message": "Episode 80: Train Reward: 62.830, Eval F1: 0.4323, Eval Reward: 96.420 \u00b1 1.143"}
2025-08-27 21:22:59,049 - system - INFO - {"timestamp": "2025-08-27T21:22:59.049641", "event_type": "episode_progress", "message": "ep=81/1000 reward=62.83 eval_best=101.36 buffer=16200 actor_loss=-41.9605 critic_loss=5.6116"}
2025-08-27 21:22:59,869 - system - INFO - {"timestamp": "2025-08-27T21:22:59.869611", "event_type": "episode_progress", "message": "ep=82/1000 reward=75.61 eval_best=101.36 buffer=16400 actor_loss=-42.1208 critic_loss=16.6073"}
2025-08-27 21:23:00,703 - system - INFO - {"timestamp": "2025-08-27T21:23:00.703362", "event_type": "episode_progress", "message": "ep=83/1000 reward=64.04 eval_best=101.36 buffer=16600 actor_loss=-42.0627 critic_loss=6.4987"}
2025-08-27 21:23:01,538 - system - INFO - {"timestamp": "2025-08-27T21:23:01.537966", "event_type": "episode_progress", "message": "ep=84/1000 reward=75.88 eval_best=101.36 buffer=16800 actor_loss=-43.0019 critic_loss=7.5183"}
2025-08-27 21:23:02,347 - system - INFO - {"timestamp": "2025-08-27T21:23:02.347200", "event_type": "episode_progress", "message": "ep=85/1000 reward=76.70 eval_best=101.36 buffer=17000 actor_loss=-43.9882 critic_loss=8.9751"}
2025-08-27 21:23:03,198 - system - INFO - {"timestamp": "2025-08-27T21:23:03.198106", "event_type": "episode_progress", "message": "ep=86/1000 reward=57.74 eval_best=101.36 buffer=17200 actor_loss=-43.3820 critic_loss=45.1928"}
2025-08-27 21:23:04,054 - system - INFO - {"timestamp": "2025-08-27T21:23:04.053986", "event_type": "episode_progress", "message": "ep=87/1000 reward=55.07 eval_best=101.36 buffer=17400 actor_loss=-44.4175 critic_loss=21.5847"}
2025-08-27 21:23:04,880 - system - INFO - {"timestamp": "2025-08-27T21:23:04.880397", "event_type": "episode_progress", "message": "ep=88/1000 reward=57.30 eval_best=101.36 buffer=17600 actor_loss=-44.3913 critic_loss=5.3973"}
2025-08-27 21:23:05,693 - system - INFO - {"timestamp": "2025-08-27T21:23:05.693649", "event_type": "episode_progress", "message": "ep=89/1000 reward=72.71 eval_best=101.36 buffer=17800 actor_loss=-45.2395 critic_loss=7.3856"}
2025-08-27 21:23:06,538 - system - INFO - {"timestamp": "2025-08-27T21:23:06.538786", "event_type": "episode_progress", "message": "ep=90/1000 reward=78.15 eval_best=101.36 buffer=18000 actor_loss=-45.3052 critic_loss=24.0902"}
2025-08-27 21:23:09,130 - system - INFO - {"timestamp": "2025-08-27T21:23:09.130721", "event_type": "info", "message": "Episode 90: Train Reward: 57.690, Eval F1: 0.4339, Eval Reward: 99.715 \u00b1 1.125"}
2025-08-27 21:23:09,130 - system - INFO - {"timestamp": "2025-08-27T21:23:09.130864", "event_type": "episode_progress", "message": "ep=91/1000 reward=57.69 eval_best=101.36 buffer=18200 actor_loss=-45.4123 critic_loss=7.1158"}
2025-08-27 21:23:09,992 - system - INFO - {"timestamp": "2025-08-27T21:23:09.992067", "event_type": "episode_progress", "message": "ep=92/1000 reward=71.00 eval_best=101.36 buffer=18400 actor_loss=-45.4728 critic_loss=19.6916"}
2025-08-27 21:23:10,856 - system - INFO - {"timestamp": "2025-08-27T21:23:10.856506", "event_type": "episode_progress", "message": "ep=93/1000 reward=66.48 eval_best=101.36 buffer=18600 actor_loss=-45.0524 critic_loss=6.6976"}
2025-08-27 21:23:11,676 - system - INFO - {"timestamp": "2025-08-27T21:23:11.676731", "event_type": "episode_progress", "message": "ep=94/1000 reward=56.42 eval_best=101.36 buffer=18800 actor_loss=-46.1341 critic_loss=6.7030"}
2025-08-27 21:23:12,501 - system - INFO - {"timestamp": "2025-08-27T21:23:12.501957", "event_type": "episode_progress", "message": "ep=95/1000 reward=57.50 eval_best=101.36 buffer=19000 actor_loss=-45.8791 critic_loss=5.7677"}
2025-08-27 21:23:13,339 - system - INFO - {"timestamp": "2025-08-27T21:23:13.339600", "event_type": "episode_progress", "message": "ep=96/1000 reward=34.47 eval_best=101.36 buffer=19200 actor_loss=-46.9502 critic_loss=8.2664"}
2025-08-27 21:23:14,169 - system - INFO - {"timestamp": "2025-08-27T21:23:14.169101", "event_type": "episode_progress", "message": "ep=97/1000 reward=57.73 eval_best=101.36 buffer=19400 actor_loss=-46.3974 critic_loss=22.1011"}
2025-08-27 21:23:15,001 - system - INFO - {"timestamp": "2025-08-27T21:23:15.001042", "event_type": "episode_progress", "message": "ep=98/1000 reward=62.67 eval_best=101.36 buffer=19600 actor_loss=-47.1946 critic_loss=5.5615"}
2025-08-27 21:23:15,836 - system - INFO - {"timestamp": "2025-08-27T21:23:15.836709", "event_type": "episode_progress", "message": "ep=99/1000 reward=44.58 eval_best=101.36 buffer=19800 actor_loss=-48.0396 critic_loss=25.8740"}
2025-08-27 21:23:16,667 - system - WARNING - {"timestamp": "2025-08-27T21:23:16.667389", "event_type": "warning", "message": "Episode 100: USRP calibration targets not fully met. F1-target: \u274c, Improvement: \u274c, Target F1: 98.0%"}
2025-08-27 21:23:16,667 - system - INFO - {"timestamp": "2025-08-27T21:23:16.667504", "event_type": "episode_progress", "message": "ep=100/1000 reward=53.80 eval_best=101.36 buffer=20000 actor_loss=-47.6035 critic_loss=7.3936"}
2025-08-27 21:23:19,231 - system - INFO - {"timestamp": "2025-08-27T21:23:19.231422", "event_type": "info", "message": "Episode 100: Train Reward: 70.172, Eval F1: 0.4358, Eval Reward: 101.007 \u00b1 0.784"}
2025-08-27 21:23:19,234 - system - INFO - {"timestamp": "2025-08-27T21:23:19.234513", "event_type": "info", "message": "Agent saved to models/checkpoints/mlp_agent_episode_100.pth"}
2025-08-27 21:23:19,234 - system - INFO - {"timestamp": "2025-08-27T21:23:19.234629", "event_type": "episode_progress", "message": "ep=101/1000 reward=70.17 eval_best=101.36 buffer=20200 actor_loss=-47.2540 critic_loss=6.8485"}
2025-08-27 21:23:20,080 - system - INFO - {"timestamp": "2025-08-27T21:23:20.079981", "event_type": "episode_progress", "message": "ep=102/1000 reward=77.23 eval_best=101.36 buffer=20400 actor_loss=-48.2661 critic_loss=23.0505"}
2025-08-27 21:23:20,918 - system - INFO - {"timestamp": "2025-08-27T21:23:20.918563", "event_type": "episode_progress", "message": "ep=103/1000 reward=58.50 eval_best=101.36 buffer=20600 actor_loss=-48.2970 critic_loss=6.4981"}
2025-08-27 21:23:21,750 - system - INFO - {"timestamp": "2025-08-27T21:23:21.750778", "event_type": "episode_progress", "message": "ep=104/1000 reward=64.36 eval_best=101.36 buffer=20800 actor_loss=-47.8477 critic_loss=6.9615"}
2025-08-27 21:23:22,590 - system - INFO - {"timestamp": "2025-08-27T21:23:22.590777", "event_type": "episode_progress", "message": "ep=105/1000 reward=69.95 eval_best=101.36 buffer=21000 actor_loss=-48.5030 critic_loss=6.8347"}
2025-08-27 21:23:23,426 - system - INFO - {"timestamp": "2025-08-27T21:23:23.426019", "event_type": "episode_progress", "message": "ep=106/1000 reward=56.70 eval_best=101.36 buffer=21200 actor_loss=-48.2824 critic_loss=26.6026"}
2025-08-27 21:23:24,264 - system - INFO - {"timestamp": "2025-08-27T21:23:24.263973", "event_type": "episode_progress", "message": "ep=107/1000 reward=46.00 eval_best=101.36 buffer=21400 actor_loss=-48.2326 critic_loss=22.4502"}
2025-08-27 21:23:25,110 - system - INFO - {"timestamp": "2025-08-27T21:23:25.110612", "event_type": "episode_progress", "message": "ep=108/1000 reward=62.00 eval_best=101.36 buffer=21600 actor_loss=-48.0691 critic_loss=22.5982"}
2025-08-27 21:23:25,964 - system - INFO - {"timestamp": "2025-08-27T21:23:25.964749", "event_type": "episode_progress", "message": "ep=109/1000 reward=53.50 eval_best=101.36 buffer=21800 actor_loss=-48.5966 critic_loss=6.0388"}
2025-08-27 21:23:26,797 - system - INFO - {"timestamp": "2025-08-27T21:23:26.797162", "event_type": "episode_progress", "message": "ep=110/1000 reward=73.42 eval_best=101.36 buffer=22000 actor_loss=-49.3101 critic_loss=28.4786"}
2025-08-27 21:23:29,338 - system - INFO - {"timestamp": "2025-08-27T21:23:29.338199", "event_type": "info", "message": "Episode 110: Train Reward: 56.604, Eval F1: 0.4316, Eval Reward: 101.021 \u00b1 0.872"}
2025-08-27 21:23:29,338 - system - INFO - {"timestamp": "2025-08-27T21:23:29.338331", "event_type": "episode_progress", "message": "ep=111/1000 reward=56.60 eval_best=101.36 buffer=22200 actor_loss=-49.4293 critic_loss=16.3902"}
2025-08-27 21:23:30,184 - system - INFO - {"timestamp": "2025-08-27T21:23:30.184172", "event_type": "episode_progress", "message": "ep=112/1000 reward=58.70 eval_best=101.36 buffer=22400 actor_loss=-49.4953 critic_loss=6.5906"}
2025-08-27 21:23:31,023 - system - INFO - {"timestamp": "2025-08-27T21:23:31.023175", "event_type": "episode_progress", "message": "ep=113/1000 reward=78.98 eval_best=101.36 buffer=22600 actor_loss=-49.0854 critic_loss=7.1515"}
2025-08-27 21:23:31,858 - system - INFO - {"timestamp": "2025-08-27T21:23:31.858230", "event_type": "episode_progress", "message": "ep=114/1000 reward=63.08 eval_best=101.36 buffer=22800 actor_loss=-49.6250 critic_loss=8.9530"}
2025-08-27 21:23:32,688 - system - INFO - {"timestamp": "2025-08-27T21:23:32.688291", "event_type": "episode_progress", "message": "ep=115/1000 reward=80.26 eval_best=101.36 buffer=23000 actor_loss=-49.8233 critic_loss=9.5738"}
2025-08-27 21:23:33,521 - system - INFO - {"timestamp": "2025-08-27T21:23:33.521826", "event_type": "episode_progress", "message": "ep=116/1000 reward=52.30 eval_best=101.36 buffer=23200 actor_loss=-49.7511 critic_loss=23.8836"}
2025-08-27 21:23:34,360 - system - INFO - {"timestamp": "2025-08-27T21:23:34.360745", "event_type": "episode_progress", "message": "ep=117/1000 reward=49.82 eval_best=101.36 buffer=23400 actor_loss=-50.6135 critic_loss=26.5646"}
2025-08-27 21:23:35,206 - system - INFO - {"timestamp": "2025-08-27T21:23:35.206445", "event_type": "episode_progress", "message": "ep=118/1000 reward=79.13 eval_best=101.36 buffer=23600 actor_loss=-50.9304 critic_loss=6.0816"}
2025-08-27 21:23:36,042 - system - INFO - {"timestamp": "2025-08-27T21:23:36.042622", "event_type": "episode_progress", "message": "ep=119/1000 reward=59.60 eval_best=101.36 buffer=23800 actor_loss=-50.6840 critic_loss=30.2035"}
2025-08-27 21:23:36,881 - system - INFO - {"timestamp": "2025-08-27T21:23:36.881545", "event_type": "episode_progress", "message": "ep=120/1000 reward=43.48 eval_best=101.36 buffer=24000 actor_loss=-50.9590 critic_loss=27.7467"}
2025-08-27 21:23:39,451 - system - INFO - {"timestamp": "2025-08-27T21:23:39.451814", "event_type": "info", "message": "Episode 120: Train Reward: 70.601, Eval F1: 0.4357, Eval Reward: 100.489 \u00b1 0.989"}
2025-08-27 21:23:39,451 - system - INFO - {"timestamp": "2025-08-27T21:23:39.451943", "event_type": "episode_progress", "message": "ep=121/1000 reward=70.60 eval_best=101.36 buffer=24200 actor_loss=-51.5390 critic_loss=29.5809"}
2025-08-27 21:23:40,310 - system - INFO - {"timestamp": "2025-08-27T21:23:40.310815", "event_type": "episode_progress", "message": "ep=122/1000 reward=64.20 eval_best=101.36 buffer=24400 actor_loss=-50.9745 critic_loss=7.6675"}
2025-08-27 21:23:41,158 - system - INFO - {"timestamp": "2025-08-27T21:23:41.158461", "event_type": "episode_progress", "message": "ep=123/1000 reward=65.84 eval_best=101.36 buffer=24600 actor_loss=-51.3605 critic_loss=30.9763"}
2025-08-27 21:23:41,981 - system - INFO - {"timestamp": "2025-08-27T21:23:41.981765", "event_type": "episode_progress", "message": "ep=124/1000 reward=51.24 eval_best=101.36 buffer=24800 actor_loss=-51.5255 critic_loss=7.7278"}
2025-08-27 21:23:42,819 - system - INFO - {"timestamp": "2025-08-27T21:23:42.819751", "event_type": "episode_progress", "message": "ep=125/1000 reward=65.25 eval_best=101.36 buffer=25000 actor_loss=-51.7326 critic_loss=31.5014"}
2025-08-27 21:23:43,634 - system - INFO - {"timestamp": "2025-08-27T21:23:43.634585", "event_type": "episode_progress", "message": "ep=126/1000 reward=53.86 eval_best=101.36 buffer=25200 actor_loss=-51.4513 critic_loss=52.9694"}
2025-08-27 21:23:44,465 - system - INFO - {"timestamp": "2025-08-27T21:23:44.465125", "event_type": "episode_progress", "message": "ep=127/1000 reward=60.62 eval_best=101.36 buffer=25400 actor_loss=-50.6726 critic_loss=10.4929"}
2025-08-27 21:23:45,318 - system - INFO - {"timestamp": "2025-08-27T21:23:45.318933", "event_type": "episode_progress", "message": "ep=128/1000 reward=44.36 eval_best=101.36 buffer=25600 actor_loss=-52.2239 critic_loss=12.1920"}
2025-08-27 21:23:46,168 - system - INFO - {"timestamp": "2025-08-27T21:23:46.168046", "event_type": "episode_progress", "message": "ep=129/1000 reward=80.15 eval_best=101.36 buffer=25800 actor_loss=-51.9228 critic_loss=49.1966"}
2025-08-27 21:23:47,006 - system - INFO - {"timestamp": "2025-08-27T21:23:47.005982", "event_type": "episode_progress", "message": "ep=130/1000 reward=69.36 eval_best=101.36 buffer=26000 actor_loss=-52.4165 critic_loss=26.2032"}
2025-08-27 21:23:49,623 - system - INFO - {"timestamp": "2025-08-27T21:23:49.623639", "event_type": "info", "message": "Episode 130: Train Reward: 68.904, Eval F1: 0.4253, Eval Reward: 99.686 \u00b1 1.428"}
2025-08-27 21:23:49,623 - system - INFO - {"timestamp": "2025-08-27T21:23:49.623773", "event_type": "episode_progress", "message": "ep=131/1000 reward=68.90 eval_best=101.36 buffer=26200 actor_loss=-51.9656 critic_loss=18.6873"}
2025-08-27 21:23:50,483 - system - INFO - {"timestamp": "2025-08-27T21:23:50.483882", "event_type": "episode_progress", "message": "ep=132/1000 reward=52.47 eval_best=101.36 buffer=26400 actor_loss=-53.9039 critic_loss=8.4778"}
2025-08-27 21:23:51,340 - system - INFO - {"timestamp": "2025-08-27T21:23:51.340461", "event_type": "episode_progress", "message": "ep=133/1000 reward=57.96 eval_best=101.36 buffer=26600 actor_loss=-52.7725 critic_loss=5.4047"}
2025-08-27 21:23:52,191 - system - INFO - {"timestamp": "2025-08-27T21:23:52.191637", "event_type": "episode_progress", "message": "ep=134/1000 reward=65.49 eval_best=101.36 buffer=26800 actor_loss=-53.0182 critic_loss=48.9761"}
2025-08-27 21:23:53,034 - system - INFO - {"timestamp": "2025-08-27T21:23:53.034701", "event_type": "episode_progress", "message": "ep=135/1000 reward=72.58 eval_best=101.36 buffer=27000 actor_loss=-53.1605 critic_loss=8.3110"}
2025-08-27 21:23:53,876 - system - INFO - {"timestamp": "2025-08-27T21:23:53.876943", "event_type": "episode_progress", "message": "ep=136/1000 reward=52.77 eval_best=101.36 buffer=27200 actor_loss=-52.6034 critic_loss=53.5300"}
2025-08-27 21:23:54,721 - system - INFO - {"timestamp": "2025-08-27T21:23:54.721859", "event_type": "episode_progress", "message": "ep=137/1000 reward=57.43 eval_best=101.36 buffer=27400 actor_loss=-53.0246 critic_loss=24.0307"}
2025-08-27 21:23:55,571 - system - INFO - {"timestamp": "2025-08-27T21:23:55.571233", "event_type": "episode_progress", "message": "ep=138/1000 reward=73.08 eval_best=101.36 buffer=27600 actor_loss=-53.4761 critic_loss=8.8147"}
2025-08-27 21:23:56,423 - system - INFO - {"timestamp": "2025-08-27T21:23:56.423043", "event_type": "episode_progress", "message": "ep=139/1000 reward=50.79 eval_best=101.36 buffer=27800 actor_loss=-53.3762 critic_loss=9.2947"}
2025-08-27 21:23:57,276 - system - INFO - {"timestamp": "2025-08-27T21:23:57.276853", "event_type": "episode_progress", "message": "ep=140/1000 reward=76.55 eval_best=101.36 buffer=28000 actor_loss=-53.7650 critic_loss=28.5012"}
2025-08-27 21:23:59,895 - system - INFO - {"timestamp": "2025-08-27T21:23:59.895377", "event_type": "info", "message": "Episode 140: Train Reward: 83.013, Eval F1: 0.4513, Eval Reward: 97.312 \u00b1 1.161"}
2025-08-27 21:23:59,895 - system - INFO - {"timestamp": "2025-08-27T21:23:59.895527", "event_type": "episode_progress", "message": "ep=141/1000 reward=83.01 eval_best=101.36 buffer=28200 actor_loss=-52.7473 critic_loss=9.0743"}
2025-08-27 21:24:00,743 - system - INFO - {"timestamp": "2025-08-27T21:24:00.743013", "event_type": "episode_progress", "message": "ep=142/1000 reward=79.69 eval_best=101.36 buffer=28400 actor_loss=-53.7312 critic_loss=13.2624"}
2025-08-27 21:24:01,601 - system - INFO - {"timestamp": "2025-08-27T21:24:01.601674", "event_type": "episode_progress", "message": "ep=143/1000 reward=48.75 eval_best=101.36 buffer=28600 actor_loss=-53.9889 critic_loss=29.1681"}
2025-08-27 21:24:02,451 - system - INFO - {"timestamp": "2025-08-27T21:24:02.451814", "event_type": "episode_progress", "message": "ep=144/1000 reward=57.21 eval_best=101.36 buffer=28800 actor_loss=-53.2810 critic_loss=10.6528"}
2025-08-27 21:24:03,307 - system - INFO - {"timestamp": "2025-08-27T21:24:03.307105", "event_type": "episode_progress", "message": "ep=145/1000 reward=69.27 eval_best=101.36 buffer=29000 actor_loss=-54.0074 critic_loss=8.4462"}
2025-08-27 21:24:04,158 - system - INFO - {"timestamp": "2025-08-27T21:24:04.158928", "event_type": "episode_progress", "message": "ep=146/1000 reward=68.80 eval_best=101.36 buffer=29200 actor_loss=-53.0728 critic_loss=49.8726"}
2025-08-27 21:24:05,008 - system - INFO - {"timestamp": "2025-08-27T21:24:05.008060", "event_type": "episode_progress", "message": "ep=147/1000 reward=59.44 eval_best=101.36 buffer=29400 actor_loss=-52.9106 critic_loss=28.4151"}
2025-08-27 21:24:05,858 - system - INFO - {"timestamp": "2025-08-27T21:24:05.858125", "event_type": "episode_progress", "message": "ep=148/1000 reward=63.11 eval_best=101.36 buffer=29600 actor_loss=-54.4342 critic_loss=30.9044"}
2025-08-27 21:24:06,739 - system - INFO - {"timestamp": "2025-08-27T21:24:06.739323", "event_type": "episode_progress", "message": "ep=149/1000 reward=60.36 eval_best=101.36 buffer=29800 actor_loss=-54.0711 critic_loss=31.6763"}
2025-08-27 21:24:07,615 - system - WARNING - {"timestamp": "2025-08-27T21:24:07.615822", "event_type": "warning", "message": "Episode 150: USRP calibration targets not fully met. F1-target: \u274c, Improvement: \u274c, Target F1: 98.0%"}
2025-08-27 21:24:07,615 - system - INFO - {"timestamp": "2025-08-27T21:24:07.615970", "event_type": "episode_progress", "message": "ep=150/1000 reward=55.26 eval_best=101.36 buffer=30000 actor_loss=-53.5027 critic_loss=10.4825"}
2025-08-27 21:24:10,237 - system - INFO - {"timestamp": "2025-08-27T21:24:10.237704", "event_type": "info", "message": "Episode 150: Train Reward: 71.829, Eval F1: 0.4345, Eval Reward: 98.852 \u00b1 0.725"}
2025-08-27 21:24:10,240 - system - INFO - {"timestamp": "2025-08-27T21:24:10.240597", "event_type": "info", "message": "Agent saved to models/checkpoints/mlp_agent_episode_150.pth"}
2025-08-27 21:24:10,240 - system - INFO - {"timestamp": "2025-08-27T21:24:10.240698", "event_type": "episode_progress", "message": "ep=151/1000 reward=71.83 eval_best=101.36 buffer=30200 actor_loss=-54.3394 critic_loss=6.9974"}
2025-08-27 21:24:11,114 - system - INFO - {"timestamp": "2025-08-27T21:24:11.114200", "event_type": "episode_progress", "message": "ep=152/1000 reward=56.93 eval_best=101.36 buffer=30400 actor_loss=-53.9472 critic_loss=14.7521"}
2025-08-27 21:24:11,971 - system - INFO - {"timestamp": "2025-08-27T21:24:11.971247", "event_type": "episode_progress", "message": "ep=153/1000 reward=72.79 eval_best=101.36 buffer=30600 actor_loss=-54.9827 critic_loss=6.7540"}
2025-08-27 21:24:12,835 - system - INFO - {"timestamp": "2025-08-27T21:24:12.835146", "event_type": "episode_progress", "message": "ep=154/1000 reward=51.17 eval_best=101.36 buffer=30800 actor_loss=-54.5647 critic_loss=47.6188"}
2025-08-27 21:24:13,691 - system - INFO - {"timestamp": "2025-08-27T21:24:13.691479", "event_type": "episode_progress", "message": "ep=155/1000 reward=58.73 eval_best=101.36 buffer=31000 actor_loss=-55.0945 critic_loss=31.4176"}
2025-08-27 21:24:14,536 - system - INFO - {"timestamp": "2025-08-27T21:24:14.536120", "event_type": "episode_progress", "message": "ep=156/1000 reward=71.72 eval_best=101.36 buffer=31200 actor_loss=-54.8175 critic_loss=51.2021"}
2025-08-27 21:24:15,418 - system - INFO - {"timestamp": "2025-08-27T21:24:15.418775", "event_type": "episode_progress", "message": "ep=157/1000 reward=79.17 eval_best=101.36 buffer=31400 actor_loss=-54.8151 critic_loss=8.5704"}
2025-08-27 21:24:16,255 - system - INFO - {"timestamp": "2025-08-27T21:24:16.255741", "event_type": "episode_progress", "message": "ep=158/1000 reward=64.85 eval_best=101.36 buffer=31600 actor_loss=-55.3333 critic_loss=56.5058"}
2025-08-27 21:24:17,100 - system - INFO - {"timestamp": "2025-08-27T21:24:17.100574", "event_type": "episode_progress", "message": "ep=159/1000 reward=63.98 eval_best=101.36 buffer=31800 actor_loss=-54.8628 critic_loss=8.7927"}
2025-08-27 21:24:17,942 - system - INFO - {"timestamp": "2025-08-27T21:24:17.942225", "event_type": "episode_progress", "message": "ep=160/1000 reward=67.55 eval_best=101.36 buffer=32000 actor_loss=-54.8093 critic_loss=33.3297"}
2025-08-27 21:24:20,542 - system - INFO - {"timestamp": "2025-08-27T21:24:20.542548", "event_type": "info", "message": "Episode 160: Train Reward: 56.381, Eval F1: 0.4426, Eval Reward: 97.457 \u00b1 1.031"}
2025-08-27 21:24:20,542 - system - INFO - {"timestamp": "2025-08-27T21:24:20.542669", "event_type": "episode_progress", "message": "ep=161/1000 reward=56.38 eval_best=101.36 buffer=32200 actor_loss=-55.4537 critic_loss=77.2358"}
2025-08-27 21:24:21,385 - system - INFO - {"timestamp": "2025-08-27T21:24:21.385847", "event_type": "episode_progress", "message": "ep=162/1000 reward=53.54 eval_best=101.36 buffer=32400 actor_loss=-55.1224 critic_loss=32.2536"}
2025-08-27 21:24:22,214 - system - INFO - {"timestamp": "2025-08-27T21:24:22.214129", "event_type": "episode_progress", "message": "ep=163/1000 reward=65.67 eval_best=101.36 buffer=32600 actor_loss=-56.6076 critic_loss=8.3228"}
2025-08-27 21:24:23,051 - system - INFO - {"timestamp": "2025-08-27T21:24:23.051775", "event_type": "episode_progress", "message": "ep=164/1000 reward=63.14 eval_best=101.36 buffer=32800 actor_loss=-56.2881 critic_loss=55.5091"}
2025-08-27 21:24:23,867 - system - INFO - {"timestamp": "2025-08-27T21:24:23.867856", "event_type": "episode_progress", "message": "ep=165/1000 reward=57.58 eval_best=101.36 buffer=33000 actor_loss=-55.5348 critic_loss=29.6796"}
2025-08-27 21:24:24,714 - system - INFO - {"timestamp": "2025-08-27T21:24:24.714234", "event_type": "episode_progress", "message": "ep=166/1000 reward=76.82 eval_best=101.36 buffer=33200 actor_loss=-55.7867 critic_loss=8.2347"}
2025-08-27 21:24:25,566 - system - INFO - {"timestamp": "2025-08-27T21:24:25.566393", "event_type": "episode_progress", "message": "ep=167/1000 reward=39.10 eval_best=101.36 buffer=33400 actor_loss=-55.3881 critic_loss=8.6712"}
2025-08-27 21:24:26,431 - system - INFO - {"timestamp": "2025-08-27T21:24:26.431197", "event_type": "episode_progress", "message": "ep=168/1000 reward=64.32 eval_best=101.36 buffer=33600 actor_loss=-55.9460 critic_loss=6.7185"}
2025-08-27 21:24:27,276 - system - INFO - {"timestamp": "2025-08-27T21:24:27.276672", "event_type": "episode_progress", "message": "ep=169/1000 reward=74.48 eval_best=101.36 buffer=33800 actor_loss=-56.1230 critic_loss=8.1423"}
2025-08-27 21:24:28,151 - system - INFO - {"timestamp": "2025-08-27T21:24:28.151152", "event_type": "episode_progress", "message": "ep=170/1000 reward=46.77 eval_best=101.36 buffer=34000 actor_loss=-56.8657 critic_loss=31.4675"}
2025-08-27 21:24:30,751 - system - INFO - {"timestamp": "2025-08-27T21:24:30.751840", "event_type": "info", "message": "Episode 170: Train Reward: 70.905, Eval F1: 0.4495, Eval Reward: 97.916 \u00b1 0.603"}
2025-08-27 21:24:30,751 - system - INFO - {"timestamp": "2025-08-27T21:24:30.751973", "event_type": "episode_progress", "message": "ep=171/1000 reward=70.90 eval_best=101.36 buffer=34200 actor_loss=-55.5889 critic_loss=9.1860"}
2025-08-27 21:24:31,610 - system - INFO - {"timestamp": "2025-08-27T21:24:31.610354", "event_type": "episode_progress", "message": "ep=172/1000 reward=74.62 eval_best=101.36 buffer=34400 actor_loss=-56.0108 critic_loss=10.8944"}
2025-08-27 21:24:32,467 - system - INFO - {"timestamp": "2025-08-27T21:24:32.467234", "event_type": "episode_progress", "message": "ep=173/1000 reward=66.71 eval_best=101.36 buffer=34600 actor_loss=-56.1262 critic_loss=9.6042"}
2025-08-27 21:24:33,318 - system - INFO - {"timestamp": "2025-08-27T21:24:33.318614", "event_type": "episode_progress", "message": "ep=174/1000 reward=56.91 eval_best=101.36 buffer=34800 actor_loss=-57.3763 critic_loss=27.5069"}
2025-08-27 21:24:34,172 - system - INFO - {"timestamp": "2025-08-27T21:24:34.172186", "event_type": "episode_progress", "message": "ep=175/1000 reward=70.46 eval_best=101.36 buffer=35000 actor_loss=-55.9038 critic_loss=9.3883"}
2025-08-27 21:24:35,015 - system - INFO - {"timestamp": "2025-08-27T21:24:35.015429", "event_type": "episode_progress", "message": "ep=176/1000 reward=61.71 eval_best=101.36 buffer=35200 actor_loss=-56.8137 critic_loss=10.5587"}
2025-08-27 21:24:35,860 - system - INFO - {"timestamp": "2025-08-27T21:24:35.860759", "event_type": "episode_progress", "message": "ep=177/1000 reward=53.31 eval_best=101.36 buffer=35400 actor_loss=-57.1648 critic_loss=31.0813"}
2025-08-27 21:24:36,714 - system - INFO - {"timestamp": "2025-08-27T21:24:36.714553", "event_type": "episode_progress", "message": "ep=178/1000 reward=59.43 eval_best=101.36 buffer=35600 actor_loss=-56.6958 critic_loss=8.1528"}
2025-08-27 21:24:37,571 - system - INFO - {"timestamp": "2025-08-27T21:24:37.571307", "event_type": "episode_progress", "message": "ep=179/1000 reward=51.94 eval_best=101.36 buffer=35800 actor_loss=-57.0676 critic_loss=8.1550"}
2025-08-27 21:24:38,426 - system - INFO - {"timestamp": "2025-08-27T21:24:38.426783", "event_type": "episode_progress", "message": "ep=180/1000 reward=65.42 eval_best=101.36 buffer=36000 actor_loss=-57.0450 critic_loss=7.9612"}
2025-08-27 21:24:41,032 - system - INFO - {"timestamp": "2025-08-27T21:24:41.032685", "event_type": "info", "message": "Episode 180: Train Reward: 60.113, Eval F1: 0.4470, Eval Reward: 99.402 \u00b1 0.936"}
2025-08-27 21:24:41,032 - system - INFO - {"timestamp": "2025-08-27T21:24:41.032825", "event_type": "episode_progress", "message": "ep=181/1000 reward=60.11 eval_best=101.36 buffer=36200 actor_loss=-57.3188 critic_loss=28.1850"}
2025-08-27 21:24:41,892 - system - INFO - {"timestamp": "2025-08-27T21:24:41.892571", "event_type": "episode_progress", "message": "ep=182/1000 reward=59.19 eval_best=101.36 buffer=36400 actor_loss=-58.1766 critic_loss=7.6638"}
2025-08-27 21:24:42,757 - system - INFO - {"timestamp": "2025-08-27T21:24:42.757342", "event_type": "episode_progress", "message": "ep=183/1000 reward=60.40 eval_best=101.36 buffer=36600 actor_loss=-58.5071 critic_loss=34.3690"}
2025-08-27 21:24:43,611 - system - INFO - {"timestamp": "2025-08-27T21:24:43.611387", "event_type": "episode_progress", "message": "ep=184/1000 reward=67.16 eval_best=101.36 buffer=36800 actor_loss=-57.2588 critic_loss=32.3084"}
2025-08-27 21:24:44,464 - system - INFO - {"timestamp": "2025-08-27T21:24:44.464942", "event_type": "episode_progress", "message": "ep=185/1000 reward=44.53 eval_best=101.36 buffer=37000 actor_loss=-57.3711 critic_loss=56.8627"}
2025-08-27 21:24:45,321 - system - INFO - {"timestamp": "2025-08-27T21:24:45.321375", "event_type": "episode_progress", "message": "ep=186/1000 reward=61.17 eval_best=101.36 buffer=37200 actor_loss=-58.1329 critic_loss=59.1772"}
2025-08-27 21:24:46,176 - system - INFO - {"timestamp": "2025-08-27T21:24:46.176897", "event_type": "episode_progress", "message": "ep=187/1000 reward=61.84 eval_best=101.36 buffer=37400 actor_loss=-58.1363 critic_loss=7.5588"}
2025-08-27 21:24:47,029 - system - INFO - {"timestamp": "2025-08-27T21:24:47.029036", "event_type": "episode_progress", "message": "ep=188/1000 reward=63.13 eval_best=101.36 buffer=37600 actor_loss=-57.8531 critic_loss=9.0752"}
2025-08-27 21:24:47,886 - system - INFO - {"timestamp": "2025-08-27T21:24:47.886142", "event_type": "episode_progress", "message": "ep=189/1000 reward=41.50 eval_best=101.36 buffer=37800 actor_loss=-57.7886 critic_loss=9.6389"}
2025-08-27 21:24:48,743 - system - INFO - {"timestamp": "2025-08-27T21:24:48.743555", "event_type": "episode_progress", "message": "ep=190/1000 reward=59.86 eval_best=101.36 buffer=38000 actor_loss=-58.2102 critic_loss=8.6392"}
2025-08-27 21:24:51,336 - system - INFO - {"timestamp": "2025-08-27T21:24:51.336425", "event_type": "info", "message": "Episode 190: Train Reward: 47.536, Eval F1: 0.4479, Eval Reward: 98.501 \u00b1 0.845"}
2025-08-27 21:24:51,336 - system - INFO - {"timestamp": "2025-08-27T21:24:51.336557", "event_type": "episode_progress", "message": "ep=191/1000 reward=47.54 eval_best=101.36 buffer=38200 actor_loss=-58.8687 critic_loss=9.7195"}
2025-08-27 21:24:52,179 - system - INFO - {"timestamp": "2025-08-27T21:24:52.179108", "event_type": "episode_progress", "message": "ep=192/1000 reward=56.52 eval_best=101.36 buffer=38400 actor_loss=-58.4317 critic_loss=6.1181"}
2025-08-27 21:24:53,023 - system - INFO - {"timestamp": "2025-08-27T21:24:53.023015", "event_type": "episode_progress", "message": "ep=193/1000 reward=71.70 eval_best=101.36 buffer=38600 actor_loss=-58.1989 critic_loss=12.4975"}
2025-08-27 21:24:53,858 - system - INFO - {"timestamp": "2025-08-27T21:24:53.858830", "event_type": "episode_progress", "message": "ep=194/1000 reward=66.57 eval_best=101.36 buffer=38800 actor_loss=-58.1143 critic_loss=31.1445"}
2025-08-27 21:24:54,722 - system - INFO - {"timestamp": "2025-08-27T21:24:54.722670", "event_type": "episode_progress", "message": "ep=195/1000 reward=66.61 eval_best=101.36 buffer=39000 actor_loss=-58.4021 critic_loss=9.7004"}
2025-08-27 21:24:55,568 - system - INFO - {"timestamp": "2025-08-27T21:24:55.568312", "event_type": "episode_progress", "message": "ep=196/1000 reward=68.48 eval_best=101.36 buffer=39200 actor_loss=-57.9704 critic_loss=57.5361"}
2025-08-27 21:24:56,441 - system - INFO - {"timestamp": "2025-08-27T21:24:56.441047", "event_type": "episode_progress", "message": "ep=197/1000 reward=51.91 eval_best=101.36 buffer=39400 actor_loss=-57.8240 critic_loss=8.2360"}
2025-08-27 21:24:57,289 - system - INFO - {"timestamp": "2025-08-27T21:24:57.289534", "event_type": "episode_progress", "message": "ep=198/1000 reward=56.22 eval_best=101.36 buffer=39600 actor_loss=-58.2254 critic_loss=36.9374"}
2025-08-27 21:24:58,136 - system - INFO - {"timestamp": "2025-08-27T21:24:58.136950", "event_type": "episode_progress", "message": "ep=199/1000 reward=61.80 eval_best=101.36 buffer=39800 actor_loss=-58.4673 critic_loss=28.3459"}
2025-08-27 21:24:59,018 - system - WARNING - {"timestamp": "2025-08-27T21:24:59.018018", "event_type": "warning", "message": "Episode 200: USRP calibration targets not fully met. F1-target: \u274c, Improvement: \u274c, Target F1: 98.0%"}
2025-08-27 21:24:59,018 - system - INFO - {"timestamp": "2025-08-27T21:24:59.018153", "event_type": "episode_progress", "message": "ep=200/1000 reward=55.88 eval_best=101.36 buffer=40000 actor_loss=-58.0290 critic_loss=33.7453"}
2025-08-27 21:25:01,629 - system - INFO - {"timestamp": "2025-08-27T21:25:01.629853", "event_type": "info", "message": "Episode 200: Train Reward: 66.591, Eval F1: 0.4464, Eval Reward: 98.587 \u00b1 0.684"}
2025-08-27 21:25:01,633 - system - INFO - {"timestamp": "2025-08-27T21:25:01.633266", "event_type": "info", "message": "Agent saved to models/checkpoints/mlp_agent_episode_200.pth"}
2025-08-27 21:25:01,633 - system - INFO - {"timestamp": "2025-08-27T21:25:01.633395", "event_type": "episode_progress", "message": "ep=201/1000 reward=66.59 eval_best=101.36 buffer=40200 actor_loss=-58.8550 critic_loss=33.7780"}
2025-08-27 21:25:02,509 - system - INFO - {"timestamp": "2025-08-27T21:25:02.509140", "event_type": "episode_progress", "message": "ep=202/1000 reward=82.17 eval_best=101.36 buffer=40400 actor_loss=-57.3138 critic_loss=9.0495"}
2025-08-27 21:25:03,360 - system - INFO - {"timestamp": "2025-08-27T21:25:03.360501", "event_type": "episode_progress", "message": "ep=203/1000 reward=41.38 eval_best=101.36 buffer=40600 actor_loss=-57.8576 critic_loss=33.3990"}
2025-08-27 21:25:04,237 - system - INFO - {"timestamp": "2025-08-27T21:25:04.237624", "event_type": "episode_progress", "message": "ep=204/1000 reward=84.54 eval_best=101.36 buffer=40800 actor_loss=-57.9748 critic_loss=31.4081"}
2025-08-27 21:25:05,103 - system - INFO - {"timestamp": "2025-08-27T21:25:05.103955", "event_type": "episode_progress", "message": "ep=205/1000 reward=71.15 eval_best=101.36 buffer=41000 actor_loss=-57.8843 critic_loss=58.6447"}
2025-08-27 21:25:05,949 - system - INFO - {"timestamp": "2025-08-27T21:25:05.949938", "event_type": "episode_progress", "message": "ep=206/1000 reward=55.82 eval_best=101.36 buffer=41200 actor_loss=-58.3372 critic_loss=7.6996"}
2025-08-27 21:25:06,819 - system - INFO - {"timestamp": "2025-08-27T21:25:06.819422", "event_type": "episode_progress", "message": "ep=207/1000 reward=60.89 eval_best=101.36 buffer=41400 actor_loss=-58.1193 critic_loss=9.9939"}
2025-08-27 21:25:07,690 - system - INFO - {"timestamp": "2025-08-27T21:25:07.689972", "event_type": "episode_progress", "message": "ep=208/1000 reward=62.77 eval_best=101.36 buffer=41600 actor_loss=-58.4170 critic_loss=7.9883"}
2025-08-27 21:25:08,554 - system - INFO - {"timestamp": "2025-08-27T21:25:08.554781", "event_type": "episode_progress", "message": "ep=209/1000 reward=60.46 eval_best=101.36 buffer=41800 actor_loss=-58.8981 critic_loss=6.6974"}
2025-08-27 21:25:09,404 - system - INFO - {"timestamp": "2025-08-27T21:25:09.404400", "event_type": "episode_progress", "message": "ep=210/1000 reward=41.02 eval_best=101.36 buffer=42000 actor_loss=-58.8406 critic_loss=7.0710"}
2025-08-27 21:25:12,020 - system - INFO - {"timestamp": "2025-08-27T21:25:12.020660", "event_type": "info", "message": "Episode 210: Train Reward: 61.608, Eval F1: 0.4476, Eval Reward: 93.759 \u00b1 1.337"}
2025-08-27 21:25:12,020 - system - INFO - {"timestamp": "2025-08-27T21:25:12.020795", "event_type": "episode_progress", "message": "ep=211/1000 reward=61.61 eval_best=101.36 buffer=42200 actor_loss=-58.8779 critic_loss=31.4200"}
2025-08-27 21:25:12,914 - system - INFO - {"timestamp": "2025-08-27T21:25:12.914753", "event_type": "episode_progress", "message": "ep=212/1000 reward=57.08 eval_best=101.36 buffer=42400 actor_loss=-57.9727 critic_loss=8.7431"}
2025-08-27 21:25:13,802 - system - INFO - {"timestamp": "2025-08-27T21:25:13.802040", "event_type": "episode_progress", "message": "ep=213/1000 reward=78.06 eval_best=101.36 buffer=42600 actor_loss=-58.5027 critic_loss=30.2418"}
2025-08-27 21:25:14,676 - system - INFO - {"timestamp": "2025-08-27T21:25:14.676642", "event_type": "episode_progress", "message": "ep=214/1000 reward=59.67 eval_best=101.36 buffer=42800 actor_loss=-58.5282 critic_loss=9.6795"}
2025-08-27 21:25:15,544 - system - INFO - {"timestamp": "2025-08-27T21:25:15.544645", "event_type": "episode_progress", "message": "ep=215/1000 reward=46.98 eval_best=101.36 buffer=43000 actor_loss=-59.0565 critic_loss=9.2857"}
2025-08-27 21:25:16,402 - system - INFO - {"timestamp": "2025-08-27T21:25:16.402053", "event_type": "episode_progress", "message": "ep=216/1000 reward=71.75 eval_best=101.36 buffer=43200 actor_loss=-58.2524 critic_loss=36.1116"}
2025-08-27 21:25:17,268 - system - INFO - {"timestamp": "2025-08-27T21:25:17.268819", "event_type": "episode_progress", "message": "ep=217/1000 reward=60.81 eval_best=101.36 buffer=43400 actor_loss=-58.5209 critic_loss=7.0321"}
2025-08-27 21:25:18,103 - system - INFO - {"timestamp": "2025-08-27T21:25:18.103774", "event_type": "episode_progress", "message": "ep=218/1000 reward=49.41 eval_best=101.36 buffer=43600 actor_loss=-58.2644 critic_loss=31.5964"}
2025-08-27 21:25:18,936 - system - INFO - {"timestamp": "2025-08-27T21:25:18.936142", "event_type": "episode_progress", "message": "ep=219/1000 reward=69.21 eval_best=101.36 buffer=43800 actor_loss=-58.3603 critic_loss=22.2140"}
2025-08-27 21:25:19,747 - system - INFO - {"timestamp": "2025-08-27T21:25:19.747943", "event_type": "episode_progress", "message": "ep=220/1000 reward=58.03 eval_best=101.36 buffer=44000 actor_loss=-58.3503 critic_loss=7.8637"}
2025-08-27 21:25:22,289 - system - INFO - {"timestamp": "2025-08-27T21:25:22.289424", "event_type": "info", "message": "Episode 220: Train Reward: 66.406, Eval F1: 0.4479, Eval Reward: 94.062 \u00b1 0.878"}
2025-08-27 21:25:22,289 - system - INFO - {"timestamp": "2025-08-27T21:25:22.289568", "event_type": "episode_progress", "message": "ep=221/1000 reward=66.41 eval_best=101.36 buffer=44200 actor_loss=-59.3317 critic_loss=36.7716"}
2025-08-27 21:25:23,149 - system - INFO - {"timestamp": "2025-08-27T21:25:23.149169", "event_type": "episode_progress", "message": "ep=222/1000 reward=57.49 eval_best=101.36 buffer=44400 actor_loss=-58.5646 critic_loss=31.3669"}
2025-08-27 21:25:23,993 - system - INFO - {"timestamp": "2025-08-27T21:25:23.993386", "event_type": "episode_progress", "message": "ep=223/1000 reward=60.93 eval_best=101.36 buffer=44600 actor_loss=-58.4096 critic_loss=8.7478"}
2025-08-27 21:25:24,835 - system - INFO - {"timestamp": "2025-08-27T21:25:24.835319", "event_type": "episode_progress", "message": "ep=224/1000 reward=55.15 eval_best=101.36 buffer=44800 actor_loss=-58.4623 critic_loss=90.9397"}
2025-08-27 21:25:25,665 - system - INFO - {"timestamp": "2025-08-27T21:25:25.665672", "event_type": "episode_progress", "message": "ep=225/1000 reward=47.27 eval_best=101.36 buffer=45000 actor_loss=-58.9687 critic_loss=7.5375"}
2025-08-27 21:25:26,498 - system - INFO - {"timestamp": "2025-08-27T21:25:26.497997", "event_type": "episode_progress", "message": "ep=226/1000 reward=74.45 eval_best=101.36 buffer=45200 actor_loss=-58.5497 critic_loss=7.8548"}
2025-08-27 21:25:27,344 - system - INFO - {"timestamp": "2025-08-27T21:25:27.344215", "event_type": "episode_progress", "message": "ep=227/1000 reward=78.83 eval_best=101.36 buffer=45400 actor_loss=-57.8525 critic_loss=31.0064"}
2025-08-27 21:25:28,170 - system - INFO - {"timestamp": "2025-08-27T21:25:28.170317", "event_type": "episode_progress", "message": "ep=228/1000 reward=66.90 eval_best=101.36 buffer=45600 actor_loss=-58.3772 critic_loss=33.0954"}
2025-08-27 21:25:29,006 - system - INFO - {"timestamp": "2025-08-27T21:25:29.006795", "event_type": "episode_progress", "message": "ep=229/1000 reward=55.19 eval_best=101.36 buffer=45800 actor_loss=-57.9167 critic_loss=32.1384"}
2025-08-27 21:25:29,896 - system - INFO - {"timestamp": "2025-08-27T21:25:29.896210", "event_type": "episode_progress", "message": "ep=230/1000 reward=60.13 eval_best=101.36 buffer=46000 actor_loss=-58.6120 critic_loss=9.5572"}
2025-08-27 21:25:32,454 - system - INFO - {"timestamp": "2025-08-27T21:25:32.454699", "event_type": "info", "message": "Episode 230: Train Reward: 46.225, Eval F1: 0.4470, Eval Reward: 93.613 \u00b1 0.900"}
2025-08-27 21:25:32,454 - system - INFO - {"timestamp": "2025-08-27T21:25:32.454832", "event_type": "episode_progress", "message": "ep=231/1000 reward=46.23 eval_best=101.36 buffer=46200 actor_loss=-58.6282 critic_loss=9.8690"}
2025-08-27 21:25:33,308 - system - INFO - {"timestamp": "2025-08-27T21:25:33.308045", "event_type": "episode_progress", "message": "ep=232/1000 reward=48.87 eval_best=101.36 buffer=46400 actor_loss=-58.8833 critic_loss=33.3520"}
2025-08-27 21:25:34,157 - system - INFO - {"timestamp": "2025-08-27T21:25:34.157370", "event_type": "episode_progress", "message": "ep=233/1000 reward=37.98 eval_best=101.36 buffer=46600 actor_loss=-58.4910 critic_loss=32.9017"}
2025-08-27 21:25:35,019 - system - INFO - {"timestamp": "2025-08-27T21:25:35.019727", "event_type": "episode_progress", "message": "ep=234/1000 reward=52.33 eval_best=101.36 buffer=46800 actor_loss=-58.2594 critic_loss=7.2275"}
2025-08-27 21:25:35,882 - system - INFO - {"timestamp": "2025-08-27T21:25:35.882235", "event_type": "episode_progress", "message": "ep=235/1000 reward=69.24 eval_best=101.36 buffer=47000 actor_loss=-58.3414 critic_loss=34.6804"}
2025-08-27 21:25:36,722 - system - INFO - {"timestamp": "2025-08-27T21:25:36.722701", "event_type": "episode_progress", "message": "ep=236/1000 reward=71.41 eval_best=101.36 buffer=47200 actor_loss=-58.5772 critic_loss=27.3501"}
2025-08-27 21:25:37,583 - system - INFO - {"timestamp": "2025-08-27T21:25:37.583008", "event_type": "episode_progress", "message": "ep=237/1000 reward=42.76 eval_best=101.36 buffer=47400 actor_loss=-58.6137 critic_loss=8.9064"}
2025-08-27 21:25:38,452 - system - INFO - {"timestamp": "2025-08-27T21:25:38.452004", "event_type": "episode_progress", "message": "ep=238/1000 reward=58.06 eval_best=101.36 buffer=47600 actor_loss=-57.8550 critic_loss=33.0409"}
2025-08-27 21:25:39,308 - system - INFO - {"timestamp": "2025-08-27T21:25:39.308024", "event_type": "episode_progress", "message": "ep=239/1000 reward=67.78 eval_best=101.36 buffer=47800 actor_loss=-58.8903 critic_loss=8.6054"}
2025-08-27 21:25:40,177 - system - INFO - {"timestamp": "2025-08-27T21:25:40.177024", "event_type": "episode_progress", "message": "ep=240/1000 reward=61.30 eval_best=101.36 buffer=48000 actor_loss=-57.7099 critic_loss=33.3176"}
2025-08-27 21:25:42,742 - system - INFO - {"timestamp": "2025-08-27T21:25:42.742445", "event_type": "info", "message": "Episode 240: Train Reward: 63.051, Eval F1: 0.4470, Eval Reward: 94.517 \u00b1 0.408"}
2025-08-27 21:25:42,742 - system - INFO - {"timestamp": "2025-08-27T21:25:42.742569", "event_type": "episode_progress", "message": "ep=241/1000 reward=63.05 eval_best=101.36 buffer=48200 actor_loss=-57.9840 critic_loss=8.3536"}
2025-08-27 21:25:43,600 - system - INFO - {"timestamp": "2025-08-27T21:25:43.600889", "event_type": "episode_progress", "message": "ep=242/1000 reward=59.09 eval_best=101.36 buffer=48400 actor_loss=-59.2222 critic_loss=36.2121"}
2025-08-27 21:25:44,451 - system - INFO - {"timestamp": "2025-08-27T21:25:44.451820", "event_type": "episode_progress", "message": "ep=243/1000 reward=51.33 eval_best=101.36 buffer=48600 actor_loss=-58.9225 critic_loss=35.1507"}
2025-08-27 21:25:45,321 - system - INFO - {"timestamp": "2025-08-27T21:25:45.321525", "event_type": "episode_progress", "message": "ep=244/1000 reward=85.57 eval_best=101.36 buffer=48800 actor_loss=-58.7036 critic_loss=8.0658"}
2025-08-27 21:25:46,210 - system - INFO - {"timestamp": "2025-08-27T21:25:46.210201", "event_type": "episode_progress", "message": "ep=245/1000 reward=60.11 eval_best=101.36 buffer=49000 actor_loss=-58.5974 critic_loss=7.4178"}
2025-08-27 21:25:47,084 - system - INFO - {"timestamp": "2025-08-27T21:25:47.084643", "event_type": "episode_progress", "message": "ep=246/1000 reward=69.26 eval_best=101.36 buffer=49200 actor_loss=-57.7211 critic_loss=36.5925"}
2025-08-27 21:25:47,929 - system - INFO - {"timestamp": "2025-08-27T21:25:47.929026", "event_type": "episode_progress", "message": "ep=247/1000 reward=71.73 eval_best=101.36 buffer=49400 actor_loss=-58.1803 critic_loss=6.3214"}
2025-08-27 21:25:48,775 - system - INFO - {"timestamp": "2025-08-27T21:25:48.775443", "event_type": "episode_progress", "message": "ep=248/1000 reward=52.94 eval_best=101.36 buffer=49600 actor_loss=-58.4261 critic_loss=6.4100"}
2025-08-27 21:25:49,619 - system - INFO - {"timestamp": "2025-08-27T21:25:49.619050", "event_type": "episode_progress", "message": "ep=249/1000 reward=68.88 eval_best=101.36 buffer=49800 actor_loss=-59.0302 critic_loss=9.7761"}
2025-08-27 21:25:50,470 - system - WARNING - {"timestamp": "2025-08-27T21:25:50.470609", "event_type": "warning", "message": "Episode 250: USRP calibration targets not fully met. F1-target: \u274c, Improvement: \u274c, Target F1: 98.0%"}
2025-08-27 21:25:50,470 - system - INFO - {"timestamp": "2025-08-27T21:25:50.470734", "event_type": "episode_progress", "message": "ep=250/1000 reward=64.08 eval_best=101.36 buffer=50000 actor_loss=-57.1386 critic_loss=31.2705"}
2025-08-27 21:25:53,053 - system - INFO - {"timestamp": "2025-08-27T21:25:53.053263", "event_type": "info", "message": "Episode 250: Train Reward: 67.044, Eval F1: 0.4461, Eval Reward: 93.835 \u00b1 0.979"}
2025-08-27 21:25:53,056 - system - INFO - {"timestamp": "2025-08-27T21:25:53.056394", "event_type": "info", "message": "Agent saved to models/checkpoints/mlp_agent_episode_250.pth"}
2025-08-27 21:25:53,056 - system - INFO - {"timestamp": "2025-08-27T21:25:53.056501", "event_type": "episode_progress", "message": "ep=251/1000 reward=67.04 eval_best=101.36 buffer=50200 actor_loss=-57.5912 critic_loss=19.9995"}
2025-08-27 21:25:53,916 - system - INFO - {"timestamp": "2025-08-27T21:25:53.916188", "event_type": "episode_progress", "message": "ep=252/1000 reward=64.51 eval_best=101.36 buffer=50400 actor_loss=-58.3904 critic_loss=7.7180"}
2025-08-27 21:25:54,781 - system - INFO - {"timestamp": "2025-08-27T21:25:54.781926", "event_type": "episode_progress", "message": "ep=253/1000 reward=71.16 eval_best=101.36 buffer=50600 actor_loss=-58.5473 critic_loss=23.7263"}
2025-08-27 21:25:55,675 - system - INFO - {"timestamp": "2025-08-27T21:25:55.675315", "event_type": "episode_progress", "message": "ep=254/1000 reward=71.67 eval_best=101.36 buffer=50800 actor_loss=-58.2013 critic_loss=24.6400"}
2025-08-27 21:25:56,562 - system - INFO - {"timestamp": "2025-08-27T21:25:56.562238", "event_type": "episode_progress", "message": "ep=255/1000 reward=78.26 eval_best=101.36 buffer=51000 actor_loss=-58.2966 critic_loss=8.0033"}
2025-08-27 21:25:57,438 - system - INFO - {"timestamp": "2025-08-27T21:25:57.438754", "event_type": "episode_progress", "message": "ep=256/1000 reward=58.92 eval_best=101.36 buffer=51200 actor_loss=-57.6368 critic_loss=50.2967"}
2025-08-27 21:25:58,304 - system - INFO - {"timestamp": "2025-08-27T21:25:58.304330", "event_type": "episode_progress", "message": "ep=257/1000 reward=75.99 eval_best=101.36 buffer=51400 actor_loss=-58.8277 critic_loss=36.7260"}
2025-08-27 21:25:59,182 - system - INFO - {"timestamp": "2025-08-27T21:25:59.182704", "event_type": "episode_progress", "message": "ep=258/1000 reward=54.25 eval_best=101.36 buffer=51600 actor_loss=-58.0970 critic_loss=26.8977"}
2025-08-27 21:26:00,033 - system - INFO - {"timestamp": "2025-08-27T21:26:00.033191", "event_type": "episode_progress", "message": "ep=259/1000 reward=73.35 eval_best=101.36 buffer=51800 actor_loss=-58.2564 critic_loss=8.2848"}
2025-08-27 21:26:00,906 - system - INFO - {"timestamp": "2025-08-27T21:26:00.906170", "event_type": "episode_progress", "message": "ep=260/1000 reward=73.01 eval_best=101.36 buffer=52000 actor_loss=-58.0727 critic_loss=8.6928"}
2025-08-27 21:26:03,526 - system - INFO - {"timestamp": "2025-08-27T21:26:03.526512", "event_type": "info", "message": "Episode 260: Train Reward: 77.832, Eval F1: 0.4470, Eval Reward: 93.525 \u00b1 0.494"}
2025-08-27 21:26:03,526 - system - INFO - {"timestamp": "2025-08-27T21:26:03.526639", "event_type": "episode_progress", "message": "ep=261/1000 reward=77.83 eval_best=101.36 buffer=52200 actor_loss=-57.9521 critic_loss=6.7971"}
2025-08-27 21:26:04,391 - system - INFO - {"timestamp": "2025-08-27T21:26:04.391358", "event_type": "episode_progress", "message": "ep=262/1000 reward=61.84 eval_best=101.36 buffer=52400 actor_loss=-59.0043 critic_loss=34.9112"}
2025-08-27 21:26:05,264 - system - INFO - {"timestamp": "2025-08-27T21:26:05.264865", "event_type": "episode_progress", "message": "ep=263/1000 reward=69.37 eval_best=101.36 buffer=52600 actor_loss=-57.8086 critic_loss=22.9949"}
2025-08-27 21:26:06,122 - system - INFO - {"timestamp": "2025-08-27T21:26:06.122820", "event_type": "episode_progress", "message": "ep=264/1000 reward=68.45 eval_best=101.36 buffer=52800 actor_loss=-58.4455 critic_loss=34.3667"}
2025-08-27 21:26:07,005 - system - INFO - {"timestamp": "2025-08-27T21:26:07.005345", "event_type": "episode_progress", "message": "ep=265/1000 reward=69.87 eval_best=101.36 buffer=53000 actor_loss=-57.4772 critic_loss=32.1426"}
2025-08-27 21:26:07,867 - system - INFO - {"timestamp": "2025-08-27T21:26:07.867920", "event_type": "episode_progress", "message": "ep=266/1000 reward=42.39 eval_best=101.36 buffer=53200 actor_loss=-58.2447 critic_loss=5.9926"}
2025-08-27 21:26:08,727 - system - INFO - {"timestamp": "2025-08-27T21:26:08.727044", "event_type": "episode_progress", "message": "ep=267/1000 reward=60.77 eval_best=101.36 buffer=53400 actor_loss=-56.8896 critic_loss=10.8933"}
2025-08-27 21:26:09,605 - system - INFO - {"timestamp": "2025-08-27T21:26:09.605353", "event_type": "episode_progress", "message": "ep=268/1000 reward=65.24 eval_best=101.36 buffer=53600 actor_loss=-57.4823 critic_loss=7.0300"}
2025-08-27 21:26:10,493 - system - INFO - {"timestamp": "2025-08-27T21:26:10.493801", "event_type": "episode_progress", "message": "ep=269/1000 reward=69.59 eval_best=101.36 buffer=53800 actor_loss=-58.3931 critic_loss=28.6490"}
2025-08-27 21:26:11,388 - system - INFO - {"timestamp": "2025-08-27T21:26:11.388012", "event_type": "episode_progress", "message": "ep=270/1000 reward=76.02 eval_best=101.36 buffer=54000 actor_loss=-58.6436 critic_loss=57.1418"}
2025-08-27 21:26:14,033 - system - INFO - {"timestamp": "2025-08-27T21:26:14.033482", "event_type": "info", "message": "Episode 270: Train Reward: 48.586, Eval F1: 0.4808, Eval Reward: 94.939 \u00b1 0.642"}
2025-08-27 21:26:14,033 - system - INFO - {"timestamp": "2025-08-27T21:26:14.033608", "event_type": "episode_progress", "message": "ep=271/1000 reward=48.59 eval_best=101.36 buffer=54200 actor_loss=-58.0368 critic_loss=28.6804"}
2025-08-27 21:26:14,911 - system - INFO - {"timestamp": "2025-08-27T21:26:14.911940", "event_type": "episode_progress", "message": "ep=272/1000 reward=70.31 eval_best=101.36 buffer=54400 actor_loss=-58.1279 critic_loss=6.8570"}
2025-08-27 21:26:15,804 - system - INFO - {"timestamp": "2025-08-27T21:26:15.804933", "event_type": "episode_progress", "message": "ep=273/1000 reward=51.87 eval_best=101.36 buffer=54600 actor_loss=-57.6090 critic_loss=7.4808"}
2025-08-27 21:26:16,677 - system - INFO - {"timestamp": "2025-08-27T21:26:16.677295", "event_type": "episode_progress", "message": "ep=274/1000 reward=66.49 eval_best=101.36 buffer=54800 actor_loss=-57.0599 critic_loss=8.6703"}
2025-08-27 21:26:17,544 - system - INFO - {"timestamp": "2025-08-27T21:26:17.544001", "event_type": "episode_progress", "message": "ep=275/1000 reward=60.98 eval_best=101.36 buffer=55000 actor_loss=-57.5133 critic_loss=34.4464"}
2025-08-27 21:26:18,396 - system - INFO - {"timestamp": "2025-08-27T21:26:18.396389", "event_type": "episode_progress", "message": "ep=276/1000 reward=65.05 eval_best=101.36 buffer=55200 actor_loss=-57.7762 critic_loss=5.4479"}
2025-08-27 21:26:19,253 - system - INFO - {"timestamp": "2025-08-27T21:26:19.253867", "event_type": "episode_progress", "message": "ep=277/1000 reward=70.11 eval_best=101.36 buffer=55400 actor_loss=-57.8752 critic_loss=7.3775"}
2025-08-27 21:26:20,121 - system - INFO - {"timestamp": "2025-08-27T21:26:20.121445", "event_type": "episode_progress", "message": "ep=278/1000 reward=68.89 eval_best=101.36 buffer=55600 actor_loss=-58.0477 critic_loss=6.9306"}
2025-08-27 21:26:20,966 - system - INFO - {"timestamp": "2025-08-27T21:26:20.966073", "event_type": "episode_progress", "message": "ep=279/1000 reward=49.24 eval_best=101.36 buffer=55800 actor_loss=-57.4077 critic_loss=56.7998"}
2025-08-27 21:26:21,834 - system - INFO - {"timestamp": "2025-08-27T21:26:21.834912", "event_type": "episode_progress", "message": "ep=280/1000 reward=71.50 eval_best=101.36 buffer=56000 actor_loss=-57.4485 critic_loss=57.2850"}
2025-08-27 21:26:24,410 - system - INFO - {"timestamp": "2025-08-27T21:26:24.410793", "event_type": "info", "message": "Episode 280: Train Reward: 66.895, Eval F1: 0.5062, Eval Reward: 92.693 \u00b1 0.871"}
2025-08-27 21:26:24,410 - system - INFO - {"timestamp": "2025-08-27T21:26:24.410913", "event_type": "episode_progress", "message": "ep=281/1000 reward=66.89 eval_best=101.36 buffer=56200 actor_loss=-57.7592 critic_loss=6.1611"}
2025-08-27 21:26:25,271 - system - INFO - {"timestamp": "2025-08-27T21:26:25.270992", "event_type": "episode_progress", "message": "ep=282/1000 reward=68.43 eval_best=101.36 buffer=56400 actor_loss=-57.5967 critic_loss=30.5057"}
2025-08-27 21:26:26,145 - system - INFO - {"timestamp": "2025-08-27T21:26:26.145645", "event_type": "episode_progress", "message": "ep=283/1000 reward=42.71 eval_best=101.36 buffer=56600 actor_loss=-57.5040 critic_loss=6.6237"}
2025-08-27 21:26:27,003 - system - INFO - {"timestamp": "2025-08-27T21:26:27.003110", "event_type": "episode_progress", "message": "ep=284/1000 reward=53.55 eval_best=101.36 buffer=56800 actor_loss=-57.0872 critic_loss=8.8963"}
2025-08-27 21:26:27,850 - system - INFO - {"timestamp": "2025-08-27T21:26:27.850210", "event_type": "episode_progress", "message": "ep=285/1000 reward=55.25 eval_best=101.36 buffer=57000 actor_loss=-58.0122 critic_loss=35.0304"}
2025-08-27 21:26:28,743 - system - INFO - {"timestamp": "2025-08-27T21:26:28.743558", "event_type": "episode_progress", "message": "ep=286/1000 reward=68.47 eval_best=101.36 buffer=57200 actor_loss=-57.5277 critic_loss=32.8533"}
2025-08-27 21:26:29,617 - system - INFO - {"timestamp": "2025-08-27T21:26:29.617796", "event_type": "episode_progress", "message": "ep=287/1000 reward=64.87 eval_best=101.36 buffer=57400 actor_loss=-58.1639 critic_loss=7.0195"}
2025-08-27 21:26:30,490 - system - INFO - {"timestamp": "2025-08-27T21:26:30.490043", "event_type": "episode_progress", "message": "ep=288/1000 reward=55.28 eval_best=101.36 buffer=57600 actor_loss=-57.4683 critic_loss=7.6147"}
2025-08-27 21:26:31,341 - system - INFO - {"timestamp": "2025-08-27T21:26:31.340983", "event_type": "episode_progress", "message": "ep=289/1000 reward=53.63 eval_best=101.36 buffer=57800 actor_loss=-57.7311 critic_loss=7.0527"}
2025-08-27 21:26:32,196 - system - INFO - {"timestamp": "2025-08-27T21:26:32.196194", "event_type": "episode_progress", "message": "ep=290/1000 reward=52.47 eval_best=101.36 buffer=58000 actor_loss=-58.3794 critic_loss=6.6210"}
2025-08-27 21:26:34,788 - system - INFO - {"timestamp": "2025-08-27T21:26:34.788253", "event_type": "info", "message": "Episode 290: Train Reward: 64.170, Eval F1: 0.5087, Eval Reward: 86.751 \u00b1 0.911"}
2025-08-27 21:26:34,788 - system - INFO - {"timestamp": "2025-08-27T21:26:34.788381", "event_type": "episode_progress", "message": "ep=291/1000 reward=64.17 eval_best=101.36 buffer=58200 actor_loss=-57.6359 critic_loss=6.6948"}
2025-08-27 21:26:35,643 - system - INFO - {"timestamp": "2025-08-27T21:26:35.643900", "event_type": "episode_progress", "message": "ep=292/1000 reward=50.80 eval_best=101.36 buffer=58400 actor_loss=-58.6158 critic_loss=35.3307"}
2025-08-27 21:26:36,507 - system - INFO - {"timestamp": "2025-08-27T21:26:36.507135", "event_type": "episode_progress", "message": "ep=293/1000 reward=59.06 eval_best=101.36 buffer=58600 actor_loss=-58.0697 critic_loss=5.7419"}
2025-08-27 21:26:37,402 - system - INFO - {"timestamp": "2025-08-27T21:26:37.402948", "event_type": "episode_progress", "message": "ep=294/1000 reward=38.43 eval_best=101.36 buffer=58800 actor_loss=-58.6302 critic_loss=6.5989"}
2025-08-27 21:26:38,290 - system - INFO - {"timestamp": "2025-08-27T21:26:38.290143", "event_type": "episode_progress", "message": "ep=295/1000 reward=52.62 eval_best=101.36 buffer=59000 actor_loss=-57.7651 critic_loss=33.9308"}
2025-08-27 21:26:39,163 - system - INFO - {"timestamp": "2025-08-27T21:26:39.163745", "event_type": "episode_progress", "message": "ep=296/1000 reward=66.92 eval_best=101.36 buffer=59200 actor_loss=-58.2946 critic_loss=9.0964"}
2025-08-27 21:26:40,018 - system - INFO - {"timestamp": "2025-08-27T21:26:40.018424", "event_type": "episode_progress", "message": "ep=297/1000 reward=53.15 eval_best=101.36 buffer=59400 actor_loss=-58.9241 critic_loss=7.8159"}
2025-08-27 21:26:40,895 - system - INFO - {"timestamp": "2025-08-27T21:26:40.895765", "event_type": "episode_progress", "message": "ep=298/1000 reward=49.04 eval_best=101.36 buffer=59600 actor_loss=-58.1229 critic_loss=7.1735"}
2025-08-27 21:26:41,771 - system - INFO - {"timestamp": "2025-08-27T21:26:41.771305", "event_type": "episode_progress", "message": "ep=299/1000 reward=74.30 eval_best=101.36 buffer=59800 actor_loss=-58.4806 critic_loss=4.9707"}
2025-08-27 21:26:42,632 - system - WARNING - {"timestamp": "2025-08-27T21:26:42.632880", "event_type": "warning", "message": "Episode 300: USRP calibration targets not fully met. F1-target: \u274c, Improvement: \u274c, Target F1: 98.0%"}
2025-08-27 21:26:42,633 - system - INFO - {"timestamp": "2025-08-27T21:26:42.633006", "event_type": "episode_progress", "message": "ep=300/1000 reward=69.51 eval_best=101.36 buffer=60000 actor_loss=-58.8379 critic_loss=27.1087"}
2025-08-27 21:26:45,223 - system - INFO - {"timestamp": "2025-08-27T21:26:45.223722", "event_type": "info", "message": "Episode 300: Train Reward: 52.820, Eval F1: 0.5091, Eval Reward: 84.022 \u00b1 1.075"}
2025-08-27 21:26:45,226 - system - INFO - {"timestamp": "2025-08-27T21:26:45.226720", "event_type": "info", "message": "Agent saved to models/checkpoints/mlp_agent_episode_300.pth"}
2025-08-27 21:26:45,226 - system - INFO - {"timestamp": "2025-08-27T21:26:45.226826", "event_type": "episode_progress", "message": "ep=301/1000 reward=52.82 eval_best=101.36 buffer=60200 actor_loss=-58.1652 critic_loss=35.1524"}
2025-08-27 21:26:46,104 - system - INFO - {"timestamp": "2025-08-27T21:26:46.104360", "event_type": "episode_progress", "message": "ep=302/1000 reward=45.45 eval_best=101.36 buffer=60400 actor_loss=-58.6811 critic_loss=5.6874"}
2025-08-27 21:26:46,985 - system - INFO - {"timestamp": "2025-08-27T21:26:46.985881", "event_type": "episode_progress", "message": "ep=303/1000 reward=53.26 eval_best=101.36 buffer=60600 actor_loss=-58.9071 critic_loss=8.1004"}
2025-08-27 21:26:47,849 - system - INFO - {"timestamp": "2025-08-27T21:26:47.849103", "event_type": "episode_progress", "message": "ep=304/1000 reward=66.24 eval_best=101.36 buffer=60800 actor_loss=-59.1350 critic_loss=31.6569"}
2025-08-27 21:26:48,709 - system - INFO - {"timestamp": "2025-08-27T21:26:48.709852", "event_type": "episode_progress", "message": "ep=305/1000 reward=53.71 eval_best=101.36 buffer=61000 actor_loss=-58.0936 critic_loss=8.7651"}
2025-08-27 21:26:49,565 - system - INFO - {"timestamp": "2025-08-27T21:26:49.565321", "event_type": "episode_progress", "message": "ep=306/1000 reward=38.23 eval_best=101.36 buffer=61200 actor_loss=-58.6206 critic_loss=35.1274"}
2025-08-27 21:26:50,446 - system - INFO - {"timestamp": "2025-08-27T21:26:50.446302", "event_type": "episode_progress", "message": "ep=307/1000 reward=63.43 eval_best=101.36 buffer=61400 actor_loss=-58.6794 critic_loss=34.2747"}
2025-08-27 21:26:51,336 - system - INFO - {"timestamp": "2025-08-27T21:26:51.336565", "event_type": "episode_progress", "message": "ep=308/1000 reward=68.71 eval_best=101.36 buffer=61600 actor_loss=-58.3110 critic_loss=31.2767"}
2025-08-27 21:26:52,199 - system - INFO - {"timestamp": "2025-08-27T21:26:52.198971", "event_type": "episode_progress", "message": "ep=309/1000 reward=58.16 eval_best=101.36 buffer=61800 actor_loss=-58.3629 critic_loss=36.0122"}
2025-08-27 21:26:53,069 - system - INFO - {"timestamp": "2025-08-27T21:26:53.069761", "event_type": "episode_progress", "message": "ep=310/1000 reward=74.00 eval_best=101.36 buffer=62000 actor_loss=-58.8797 critic_loss=32.2004"}
2025-08-27 21:26:55,638 - system - INFO - {"timestamp": "2025-08-27T21:26:55.638622", "event_type": "info", "message": "Episode 310: Train Reward: 52.276, Eval F1: 0.5293, Eval Reward: 89.134 \u00b1 1.146"}
2025-08-27 21:26:55,638 - system - INFO - {"timestamp": "2025-08-27T21:26:55.638763", "event_type": "episode_progress", "message": "ep=311/1000 reward=52.28 eval_best=101.36 buffer=62200 actor_loss=-58.8740 critic_loss=5.9347"}
2025-08-27 21:26:56,517 - system - INFO - {"timestamp": "2025-08-27T21:26:56.517155", "event_type": "episode_progress", "message": "ep=312/1000 reward=55.95 eval_best=101.36 buffer=62400 actor_loss=-58.6429 critic_loss=33.0577"}
2025-08-27 21:26:57,390 - system - INFO - {"timestamp": "2025-08-27T21:26:57.390872", "event_type": "episode_progress", "message": "ep=313/1000 reward=68.99 eval_best=101.36 buffer=62600 actor_loss=-59.2140 critic_loss=31.6790"}
2025-08-27 21:26:58,270 - system - INFO - {"timestamp": "2025-08-27T21:26:58.270842", "event_type": "episode_progress", "message": "ep=314/1000 reward=65.09 eval_best=101.36 buffer=62800 actor_loss=-58.6306 critic_loss=6.1888"}
2025-08-27 21:26:59,153 - system - INFO - {"timestamp": "2025-08-27T21:26:59.153309", "event_type": "episode_progress", "message": "ep=315/1000 reward=52.68 eval_best=101.36 buffer=63000 actor_loss=-59.1190 critic_loss=6.2685"}
2025-08-27 21:27:00,029 - system - INFO - {"timestamp": "2025-08-27T21:27:00.028989", "event_type": "episode_progress", "message": "ep=316/1000 reward=47.13 eval_best=101.36 buffer=63200 actor_loss=-59.3448 critic_loss=6.4257"}
2025-08-27 21:27:00,911 - system - INFO - {"timestamp": "2025-08-27T21:27:00.911500", "event_type": "episode_progress", "message": "ep=317/1000 reward=65.76 eval_best=101.36 buffer=63400 actor_loss=-59.2379 critic_loss=29.5904"}
2025-08-27 21:27:01,765 - system - INFO - {"timestamp": "2025-08-27T21:27:01.765106", "event_type": "episode_progress", "message": "ep=318/1000 reward=55.73 eval_best=101.36 buffer=63600 actor_loss=-59.5818 critic_loss=7.5471"}
2025-08-27 21:27:02,619 - system - INFO - {"timestamp": "2025-08-27T21:27:02.619253", "event_type": "episode_progress", "message": "ep=319/1000 reward=54.95 eval_best=101.36 buffer=63800 actor_loss=-59.6719 critic_loss=7.0101"}
2025-08-27 21:27:03,508 - system - INFO - {"timestamp": "2025-08-27T21:27:03.508295", "event_type": "episode_progress", "message": "ep=320/1000 reward=53.09 eval_best=101.36 buffer=64000 actor_loss=-59.9026 critic_loss=7.9756"}
2025-08-27 21:27:06,167 - system - INFO - {"timestamp": "2025-08-27T21:27:06.167701", "event_type": "info", "message": "Episode 320: Train Reward: 51.678, Eval F1: 0.5308, Eval Reward: 91.528 \u00b1 0.856"}
2025-08-27 21:27:06,167 - system - INFO - {"timestamp": "2025-08-27T21:27:06.167832", "event_type": "episode_progress", "message": "ep=321/1000 reward=51.68 eval_best=101.36 buffer=64200 actor_loss=-59.4539 critic_loss=7.4704"}
2025-08-27 21:27:07,082 - system - INFO - {"timestamp": "2025-08-27T21:27:07.082166", "event_type": "episode_progress", "message": "ep=322/1000 reward=56.51 eval_best=101.36 buffer=64400 actor_loss=-59.9324 critic_loss=7.4927"}
2025-08-27 21:27:07,962 - system - INFO - {"timestamp": "2025-08-27T21:27:07.962769", "event_type": "episode_progress", "message": "ep=323/1000 reward=47.60 eval_best=101.36 buffer=64600 actor_loss=-59.7705 critic_loss=6.8390"}
2025-08-27 21:27:08,841 - system - INFO - {"timestamp": "2025-08-27T21:27:08.841139", "event_type": "episode_progress", "message": "ep=324/1000 reward=73.34 eval_best=101.36 buffer=64800 actor_loss=-59.7077 critic_loss=6.5461"}
2025-08-27 21:27:09,712 - system - INFO - {"timestamp": "2025-08-27T21:27:09.712007", "event_type": "episode_progress", "message": "ep=325/1000 reward=70.64 eval_best=101.36 buffer=65000 actor_loss=-59.9152 critic_loss=6.0151"}
2025-08-27 21:27:10,593 - system - INFO - {"timestamp": "2025-08-27T21:27:10.593261", "event_type": "episode_progress", "message": "ep=326/1000 reward=68.47 eval_best=101.36 buffer=65200 actor_loss=-58.9663 critic_loss=35.2156"}
2025-08-27 21:27:11,480 - system - INFO - {"timestamp": "2025-08-27T21:27:11.480950", "event_type": "episode_progress", "message": "ep=327/1000 reward=71.29 eval_best=101.36 buffer=65400 actor_loss=-60.1516 critic_loss=31.8022"}
2025-08-27 21:27:12,358 - system - INFO - {"timestamp": "2025-08-27T21:27:12.358817", "event_type": "episode_progress", "message": "ep=328/1000 reward=68.90 eval_best=101.36 buffer=65600 actor_loss=-59.5702 critic_loss=8.9693"}
2025-08-27 21:27:13,250 - system - INFO - {"timestamp": "2025-08-27T21:27:13.250060", "event_type": "episode_progress", "message": "ep=329/1000 reward=64.97 eval_best=101.36 buffer=65800 actor_loss=-59.5964 critic_loss=33.2648"}
2025-08-27 21:27:14,154 - system - INFO - {"timestamp": "2025-08-27T21:27:14.154888", "event_type": "episode_progress", "message": "ep=330/1000 reward=64.67 eval_best=101.36 buffer=66000 actor_loss=-59.3579 critic_loss=9.4473"}
2025-08-27 21:27:16,783 - system - INFO - {"timestamp": "2025-08-27T21:27:16.783651", "event_type": "info", "message": "Episode 330: Train Reward: 70.844, Eval F1: 0.5335, Eval Reward: 93.335 \u00b1 0.872"}
2025-08-27 21:27:16,783 - system - INFO - {"timestamp": "2025-08-27T21:27:16.783781", "event_type": "episode_progress", "message": "ep=331/1000 reward=70.84 eval_best=101.36 buffer=66200 actor_loss=-59.0426 critic_loss=8.0483"}
2025-08-27 21:27:17,674 - system - INFO - {"timestamp": "2025-08-27T21:27:17.674473", "event_type": "episode_progress", "message": "ep=332/1000 reward=73.91 eval_best=101.36 buffer=66400 actor_loss=-60.2824 critic_loss=32.0134"}
2025-08-27 21:27:18,550 - system - INFO - {"timestamp": "2025-08-27T21:27:18.550631", "event_type": "episode_progress", "message": "ep=333/1000 reward=64.19 eval_best=101.36 buffer=66600 actor_loss=-59.9553 critic_loss=33.3966"}
2025-08-27 21:27:19,411 - system - INFO - {"timestamp": "2025-08-27T21:27:19.411081", "event_type": "episode_progress", "message": "ep=334/1000 reward=55.24 eval_best=101.36 buffer=66800 actor_loss=-59.0993 critic_loss=9.3661"}
2025-08-27 21:27:20,296 - system - INFO - {"timestamp": "2025-08-27T21:27:20.296695", "event_type": "episode_progress", "message": "ep=335/1000 reward=66.30 eval_best=101.36 buffer=67000 actor_loss=-59.6663 critic_loss=18.6001"}
2025-08-27 21:27:21,176 - system - INFO - {"timestamp": "2025-08-27T21:27:21.176769", "event_type": "episode_progress", "message": "ep=336/1000 reward=66.82 eval_best=101.36 buffer=67200 actor_loss=-59.6658 critic_loss=7.1148"}
2025-08-27 21:27:22,034 - system - INFO - {"timestamp": "2025-08-27T21:27:22.034357", "event_type": "episode_progress", "message": "ep=337/1000 reward=66.97 eval_best=101.36 buffer=67400 actor_loss=-59.8303 critic_loss=57.4651"}
2025-08-27 21:27:22,954 - system - INFO - {"timestamp": "2025-08-27T21:27:22.954478", "event_type": "episode_progress", "message": "ep=338/1000 reward=53.34 eval_best=101.36 buffer=67600 actor_loss=-59.9719 critic_loss=8.5190"}
2025-08-27 21:27:23,820 - system - INFO - {"timestamp": "2025-08-27T21:27:23.820962", "event_type": "episode_progress", "message": "ep=339/1000 reward=58.82 eval_best=101.36 buffer=67800 actor_loss=-60.0674 critic_loss=6.6043"}
2025-08-27 21:27:24,719 - system - INFO - {"timestamp": "2025-08-27T21:27:24.719214", "event_type": "episode_progress", "message": "ep=340/1000 reward=71.90 eval_best=101.36 buffer=68000 actor_loss=-59.6206 critic_loss=7.3279"}
2025-08-27 21:27:27,321 - system - INFO - {"timestamp": "2025-08-27T21:27:27.321495", "event_type": "info", "message": "Episode 340: Train Reward: 54.718, Eval F1: 0.5265, Eval Reward: 93.021 \u00b1 0.682"}
2025-08-27 21:27:27,321 - system - INFO - {"timestamp": "2025-08-27T21:27:27.321630", "event_type": "episode_progress", "message": "ep=341/1000 reward=54.72 eval_best=101.36 buffer=68200 actor_loss=-59.4497 critic_loss=7.1326"}
2025-08-27 21:27:28,171 - system - INFO - {"timestamp": "2025-08-27T21:27:28.171742", "event_type": "episode_progress", "message": "ep=342/1000 reward=71.81 eval_best=101.36 buffer=68400 actor_loss=-60.0553 critic_loss=6.5842"}
2025-08-27 21:27:29,055 - system - INFO - {"timestamp": "2025-08-27T21:27:29.055931", "event_type": "episode_progress", "message": "ep=343/1000 reward=69.06 eval_best=101.36 buffer=68600 actor_loss=-59.7891 critic_loss=30.1455"}
2025-08-27 21:27:29,936 - system - INFO - {"timestamp": "2025-08-27T21:27:29.936399", "event_type": "episode_progress", "message": "ep=344/1000 reward=40.77 eval_best=101.36 buffer=68800 actor_loss=-59.6886 critic_loss=7.1735"}
2025-08-27 21:27:30,802 - system - INFO - {"timestamp": "2025-08-27T21:27:30.802884", "event_type": "episode_progress", "message": "ep=345/1000 reward=67.94 eval_best=101.36 buffer=69000 actor_loss=-59.7543 critic_loss=6.9884"}
2025-08-27 21:27:31,677 - system - INFO - {"timestamp": "2025-08-27T21:27:31.677600", "event_type": "episode_progress", "message": "ep=346/1000 reward=43.07 eval_best=101.36 buffer=69200 actor_loss=-59.8041 critic_loss=34.3919"}
2025-08-27 21:27:32,536 - system - INFO - {"timestamp": "2025-08-27T21:27:32.536950", "event_type": "episode_progress", "message": "ep=347/1000 reward=71.11 eval_best=101.36 buffer=69400 actor_loss=-60.5118 critic_loss=34.2909"}
2025-08-27 21:27:33,419 - system - INFO - {"timestamp": "2025-08-27T21:27:33.419361", "event_type": "episode_progress", "message": "ep=348/1000 reward=67.40 eval_best=101.36 buffer=69600 actor_loss=-60.2463 critic_loss=6.6898"}
2025-08-27 21:27:34,300 - system - INFO - {"timestamp": "2025-08-27T21:27:34.300489", "event_type": "episode_progress", "message": "ep=349/1000 reward=69.68 eval_best=101.36 buffer=69800 actor_loss=-59.6872 critic_loss=30.1516"}
2025-08-27 21:27:35,163 - system - WARNING - {"timestamp": "2025-08-27T21:27:35.163785", "event_type": "warning", "message": "Episode 350: USRP calibration targets not fully met. F1-target: \u274c, Improvement: \u274c, Target F1: 98.0%"}
2025-08-27 21:27:35,163 - system - INFO - {"timestamp": "2025-08-27T21:27:35.163923", "event_type": "episode_progress", "message": "ep=350/1000 reward=57.96 eval_best=101.36 buffer=70000 actor_loss=-59.7654 critic_loss=6.2310"}
2025-08-27 21:27:37,789 - system - INFO - {"timestamp": "2025-08-27T21:27:37.789634", "event_type": "info", "message": "Episode 350: Train Reward: 56.363, Eval F1: 0.5308, Eval Reward: 90.182 \u00b1 1.095"}
2025-08-27 21:27:37,792 - system - INFO - {"timestamp": "2025-08-27T21:27:37.792930", "event_type": "info", "message": "Agent saved to models/checkpoints/mlp_agent_episode_350.pth"}
2025-08-27 21:27:37,793 - system - INFO - {"timestamp": "2025-08-27T21:27:37.793040", "event_type": "episode_progress", "message": "ep=351/1000 reward=56.36 eval_best=101.36 buffer=70200 actor_loss=-60.1231 critic_loss=5.4756"}
2025-08-27 21:27:38,663 - system - INFO - {"timestamp": "2025-08-27T21:27:38.663151", "event_type": "episode_progress", "message": "ep=352/1000 reward=54.59 eval_best=101.36 buffer=70400 actor_loss=-60.4201 critic_loss=34.3396"}
2025-08-27 21:27:39,551 - system - INFO - {"timestamp": "2025-08-27T21:27:39.551089", "event_type": "episode_progress", "message": "ep=353/1000 reward=71.17 eval_best=101.36 buffer=70600 actor_loss=-59.8039 critic_loss=31.6006"}
2025-08-27 21:27:40,441 - system - INFO - {"timestamp": "2025-08-27T21:27:40.441768", "event_type": "episode_progress", "message": "ep=354/1000 reward=54.31 eval_best=101.36 buffer=70800 actor_loss=-59.9100 critic_loss=7.1591"}
2025-08-27 21:27:41,332 - system - INFO - {"timestamp": "2025-08-27T21:27:41.332544", "event_type": "episode_progress", "message": "ep=355/1000 reward=70.00 eval_best=101.36 buffer=71000 actor_loss=-59.3792 critic_loss=8.1647"}
2025-08-27 21:27:42,222 - system - INFO - {"timestamp": "2025-08-27T21:27:42.221994", "event_type": "episode_progress", "message": "ep=356/1000 reward=69.63 eval_best=101.36 buffer=71200 actor_loss=-60.7647 critic_loss=35.3762"}
2025-08-27 21:27:43,107 - system - INFO - {"timestamp": "2025-08-27T21:27:43.107242", "event_type": "episode_progress", "message": "ep=357/1000 reward=68.83 eval_best=101.36 buffer=71400 actor_loss=-60.0004 critic_loss=7.7906"}
2025-08-27 21:27:43,986 - system - INFO - {"timestamp": "2025-08-27T21:27:43.986188", "event_type": "episode_progress", "message": "ep=358/1000 reward=35.58 eval_best=101.36 buffer=71600 actor_loss=-60.7713 critic_loss=5.8285"}
2025-08-27 21:27:44,861 - system - INFO - {"timestamp": "2025-08-27T21:27:44.861680", "event_type": "episode_progress", "message": "ep=359/1000 reward=49.38 eval_best=101.36 buffer=71800 actor_loss=-60.7104 critic_loss=5.5747"}
2025-08-27 21:27:45,752 - system - INFO - {"timestamp": "2025-08-27T21:27:45.751986", "event_type": "episode_progress", "message": "ep=360/1000 reward=48.04 eval_best=101.36 buffer=72000 actor_loss=-58.2900 critic_loss=10.1785"}
2025-08-27 21:27:48,333 - system - INFO - {"timestamp": "2025-08-27T21:27:48.333598", "event_type": "info", "message": "Episode 360: Train Reward: 58.770, Eval F1: 0.5320, Eval Reward: 90.541 \u00b1 0.791"}
2025-08-27 21:27:48,333 - system - INFO - {"timestamp": "2025-08-27T21:27:48.333740", "event_type": "episode_progress", "message": "ep=361/1000 reward=58.77 eval_best=101.36 buffer=72200 actor_loss=-59.3726 critic_loss=32.5229"}
2025-08-27 21:27:49,237 - system - INFO - {"timestamp": "2025-08-27T21:27:49.237017", "event_type": "episode_progress", "message": "ep=362/1000 reward=52.41 eval_best=101.36 buffer=72400 actor_loss=-58.7016 critic_loss=7.0381"}
2025-08-27 21:27:50,120 - system - INFO - {"timestamp": "2025-08-27T21:27:50.120392", "event_type": "episode_progress", "message": "ep=363/1000 reward=61.27 eval_best=101.36 buffer=72600 actor_loss=-58.9127 critic_loss=5.3342"}
2025-08-27 21:27:51,016 - system - INFO - {"timestamp": "2025-08-27T21:27:51.016670", "event_type": "episode_progress", "message": "ep=364/1000 reward=61.82 eval_best=101.36 buffer=72800 actor_loss=-59.5081 critic_loss=5.8929"}
2025-08-27 21:27:51,904 - system - INFO - {"timestamp": "2025-08-27T21:27:51.904548", "event_type": "episode_progress", "message": "ep=365/1000 reward=69.91 eval_best=101.36 buffer=73000 actor_loss=-58.6551 critic_loss=5.7404"}
2025-08-27 21:27:52,790 - system - INFO - {"timestamp": "2025-08-27T21:27:52.790027", "event_type": "episode_progress", "message": "ep=366/1000 reward=64.01 eval_best=101.36 buffer=73200 actor_loss=-59.3514 critic_loss=32.9374"}
2025-08-27 21:27:53,664 - system - INFO - {"timestamp": "2025-08-27T21:27:53.664515", "event_type": "episode_progress", "message": "ep=367/1000 reward=66.59 eval_best=101.36 buffer=73400 actor_loss=-59.2122 critic_loss=10.6761"}
2025-08-27 21:27:54,562 - system - INFO - {"timestamp": "2025-08-27T21:27:54.562141", "event_type": "episode_progress", "message": "ep=368/1000 reward=64.98 eval_best=101.36 buffer=73600 actor_loss=-59.2998 critic_loss=5.7330"}
2025-08-27 21:27:55,454 - system - INFO - {"timestamp": "2025-08-27T21:27:55.454399", "event_type": "episode_progress", "message": "ep=369/1000 reward=68.28 eval_best=101.36 buffer=73800 actor_loss=-58.5725 critic_loss=6.0360"}
2025-08-27 21:27:56,355 - system - INFO - {"timestamp": "2025-08-27T21:27:56.355750", "event_type": "episode_progress", "message": "ep=370/1000 reward=43.41 eval_best=101.36 buffer=74000 actor_loss=-58.5045 critic_loss=59.3394"}
2025-08-27 21:27:58,964 - system - INFO - {"timestamp": "2025-08-27T21:27:58.964957", "event_type": "info", "message": "Episode 370: Train Reward: 46.956, Eval F1: 0.5319, Eval Reward: 89.930 \u00b1 1.020"}
2025-08-27 21:27:58,965 - system - INFO - {"timestamp": "2025-08-27T21:27:58.965114", "event_type": "episode_progress", "message": "ep=371/1000 reward=46.96 eval_best=101.36 buffer=74200 actor_loss=-58.6069 critic_loss=34.3870"}
2025-08-27 21:27:59,858 - system - INFO - {"timestamp": "2025-08-27T21:27:59.857980", "event_type": "episode_progress", "message": "ep=372/1000 reward=52.27 eval_best=101.36 buffer=74400 actor_loss=-58.3515 critic_loss=5.6552"}
2025-08-27 21:28:00,762 - system - INFO - {"timestamp": "2025-08-27T21:28:00.762766", "event_type": "episode_progress", "message": "ep=373/1000 reward=47.46 eval_best=101.36 buffer=74600 actor_loss=-58.2541 critic_loss=6.1226"}
2025-08-27 21:28:01,663 - system - INFO - {"timestamp": "2025-08-27T21:28:01.663473", "event_type": "episode_progress", "message": "ep=374/1000 reward=61.60 eval_best=101.36 buffer=74800 actor_loss=-58.0002 critic_loss=6.1107"}
2025-08-27 21:28:02,544 - system - INFO - {"timestamp": "2025-08-27T21:28:02.544790", "event_type": "episode_progress", "message": "ep=375/1000 reward=63.86 eval_best=101.36 buffer=75000 actor_loss=-58.1001 critic_loss=63.0703"}
2025-08-27 21:28:03,414 - system - INFO - {"timestamp": "2025-08-27T21:28:03.414421", "event_type": "episode_progress", "message": "ep=376/1000 reward=61.31 eval_best=101.36 buffer=75200 actor_loss=-58.2479 critic_loss=6.0602"}
2025-08-27 21:28:04,280 - system - INFO - {"timestamp": "2025-08-27T21:28:04.280166", "event_type": "episode_progress", "message": "ep=377/1000 reward=52.37 eval_best=101.36 buffer=75400 actor_loss=-57.6571 critic_loss=6.7583"}
2025-08-27 21:28:05,161 - system - INFO - {"timestamp": "2025-08-27T21:28:05.161849", "event_type": "episode_progress", "message": "ep=378/1000 reward=61.51 eval_best=101.36 buffer=75600 actor_loss=-57.6581 critic_loss=6.8889"}
2025-08-27 21:28:06,037 - system - INFO - {"timestamp": "2025-08-27T21:28:06.037835", "event_type": "episode_progress", "message": "ep=379/1000 reward=64.81 eval_best=101.36 buffer=75800 actor_loss=-58.1087 critic_loss=33.2305"}
2025-08-27 21:28:06,929 - system - INFO - {"timestamp": "2025-08-27T21:28:06.929730", "event_type": "episode_progress", "message": "ep=380/1000 reward=74.00 eval_best=101.36 buffer=76000 actor_loss=-58.1787 critic_loss=32.5647"}
2025-08-27 21:28:09,561 - system - INFO - {"timestamp": "2025-08-27T21:28:09.561941", "event_type": "info", "message": "Episode 380: Train Reward: 66.500, Eval F1: 0.5370, Eval Reward: 92.143 \u00b1 1.113"}
2025-08-27 21:28:09,562 - system - INFO - {"timestamp": "2025-08-27T21:28:09.562099", "event_type": "episode_progress", "message": "ep=381/1000 reward=66.50 eval_best=101.36 buffer=76200 actor_loss=-57.3352 critic_loss=29.4122"}
2025-08-27 21:28:10,459 - system - INFO - {"timestamp": "2025-08-27T21:28:10.459106", "event_type": "episode_progress", "message": "ep=382/1000 reward=46.04 eval_best=101.36 buffer=76400 actor_loss=-58.4323 critic_loss=29.3704"}
2025-08-27 21:28:11,393 - system - INFO - {"timestamp": "2025-08-27T21:28:11.393163", "event_type": "episode_progress", "message": "ep=383/1000 reward=48.82 eval_best=101.36 buffer=76600 actor_loss=-57.8556 critic_loss=5.7601"}
2025-08-27 21:28:12,267 - system - INFO - {"timestamp": "2025-08-27T21:28:12.267608", "event_type": "episode_progress", "message": "ep=384/1000 reward=61.08 eval_best=101.36 buffer=76800 actor_loss=-58.0124 critic_loss=6.0336"}
2025-08-27 21:28:13,140 - system - INFO - {"timestamp": "2025-08-27T21:28:13.140283", "event_type": "episode_progress", "message": "ep=385/1000 reward=62.62 eval_best=101.36 buffer=77000 actor_loss=-58.3397 critic_loss=33.4400"}
2025-08-27 21:28:14,022 - system - INFO - {"timestamp": "2025-08-27T21:28:14.022509", "event_type": "episode_progress", "message": "ep=386/1000 reward=54.98 eval_best=101.36 buffer=77200 actor_loss=-57.4484 critic_loss=5.6668"}
2025-08-27 21:28:14,913 - system - INFO - {"timestamp": "2025-08-27T21:28:14.913528", "event_type": "episode_progress", "message": "ep=387/1000 reward=62.67 eval_best=101.36 buffer=77400 actor_loss=-57.7690 critic_loss=5.9256"}
2025-08-27 21:28:15,807 - system - INFO - {"timestamp": "2025-08-27T21:28:15.807182", "event_type": "episode_progress", "message": "ep=388/1000 reward=69.67 eval_best=101.36 buffer=77600 actor_loss=-57.5741 critic_loss=4.3605"}
2025-08-27 21:28:16,696 - system - INFO - {"timestamp": "2025-08-27T21:28:16.696203", "event_type": "episode_progress", "message": "ep=389/1000 reward=54.01 eval_best=101.36 buffer=77800 actor_loss=-57.6486 critic_loss=5.6680"}
2025-08-27 21:28:17,581 - system - INFO - {"timestamp": "2025-08-27T21:28:17.581737", "event_type": "episode_progress", "message": "ep=390/1000 reward=65.70 eval_best=101.36 buffer=78000 actor_loss=-57.0663 critic_loss=5.4570"}
2025-08-27 21:28:20,166 - system - INFO - {"timestamp": "2025-08-27T21:28:20.166379", "event_type": "info", "message": "Episode 390: Train Reward: 63.244, Eval F1: 0.5358, Eval Reward: 91.531 \u00b1 0.810"}
2025-08-27 21:28:20,166 - system - INFO - {"timestamp": "2025-08-27T21:28:20.166504", "event_type": "episode_progress", "message": "ep=391/1000 reward=63.24 eval_best=101.36 buffer=78200 actor_loss=-57.0903 critic_loss=3.9276"}
2025-08-27 21:28:21,048 - system - INFO - {"timestamp": "2025-08-27T21:28:21.048702", "event_type": "episode_progress", "message": "ep=392/1000 reward=62.47 eval_best=101.36 buffer=78400 actor_loss=-56.9009 critic_loss=33.5953"}
2025-08-27 21:28:21,924 - system - INFO - {"timestamp": "2025-08-27T21:28:21.924124", "event_type": "episode_progress", "message": "ep=393/1000 reward=37.15 eval_best=101.36 buffer=78600 actor_loss=-57.0522 critic_loss=54.0774"}
2025-08-27 21:28:22,801 - system - INFO - {"timestamp": "2025-08-27T21:28:22.801510", "event_type": "episode_progress", "message": "ep=394/1000 reward=72.22 eval_best=101.36 buffer=78800 actor_loss=-56.3268 critic_loss=5.1981"}
2025-08-27 21:28:23,663 - system - INFO - {"timestamp": "2025-08-27T21:28:23.663135", "event_type": "episode_progress", "message": "ep=395/1000 reward=51.90 eval_best=101.36 buffer=79000 actor_loss=-56.5515 critic_loss=5.0721"}
2025-08-27 21:28:24,530 - system - INFO - {"timestamp": "2025-08-27T21:28:24.530104", "event_type": "episode_progress", "message": "ep=396/1000 reward=53.77 eval_best=101.36 buffer=79200 actor_loss=-56.5480 critic_loss=4.7035"}
2025-08-27 21:28:25,419 - system - INFO - {"timestamp": "2025-08-27T21:28:25.419727", "event_type": "episode_progress", "message": "ep=397/1000 reward=66.01 eval_best=101.36 buffer=79400 actor_loss=-55.9961 critic_loss=51.7300"}
2025-08-27 21:28:26,304 - system - INFO - {"timestamp": "2025-08-27T21:28:26.304583", "event_type": "episode_progress", "message": "ep=398/1000 reward=61.09 eval_best=101.36 buffer=79600 actor_loss=-56.7767 critic_loss=4.5109"}
2025-08-27 21:28:27,181 - system - INFO - {"timestamp": "2025-08-27T21:28:27.181456", "event_type": "episode_progress", "message": "ep=399/1000 reward=64.62 eval_best=101.36 buffer=79800 actor_loss=-56.3783 critic_loss=4.3497"}
2025-08-27 21:28:28,070 - system - WARNING - {"timestamp": "2025-08-27T21:28:28.070521", "event_type": "warning", "message": "Episode 400: USRP calibration targets not fully met. F1-target: \u274c, Improvement: \u274c, Target F1: 98.0%"}
2025-08-27 21:28:28,070 - system - INFO - {"timestamp": "2025-08-27T21:28:28.070732", "event_type": "episode_progress", "message": "ep=400/1000 reward=73.74 eval_best=101.36 buffer=80000 actor_loss=-56.1643 critic_loss=5.1206"}
2025-08-27 21:28:30,701 - system - INFO - {"timestamp": "2025-08-27T21:28:30.701032", "event_type": "info", "message": "Episode 400: Train Reward: 47.761, Eval F1: 0.5358, Eval Reward: 92.124 \u00b1 0.695"}
2025-08-27 21:28:30,704 - system - INFO - {"timestamp": "2025-08-27T21:28:30.704085", "event_type": "info", "message": "Agent saved to models/checkpoints/mlp_agent_episode_400.pth"}
2025-08-27 21:28:30,704 - system - INFO - {"timestamp": "2025-08-27T21:28:30.704196", "event_type": "episode_progress", "message": "ep=401/1000 reward=47.76 eval_best=101.36 buffer=80200 actor_loss=-56.5828 critic_loss=4.6066"}
2025-08-27 21:28:31,597 - system - INFO - {"timestamp": "2025-08-27T21:28:31.596993", "event_type": "episode_progress", "message": "ep=402/1000 reward=67.66 eval_best=101.36 buffer=80400 actor_loss=-56.2319 critic_loss=33.6161"}
2025-08-27 21:28:32,484 - system - INFO - {"timestamp": "2025-08-27T21:28:32.484319", "event_type": "episode_progress", "message": "ep=403/1000 reward=57.48 eval_best=101.36 buffer=80600 actor_loss=-55.8730 critic_loss=5.2862"}
2025-08-27 21:28:33,376 - system - INFO - {"timestamp": "2025-08-27T21:28:33.376611", "event_type": "episode_progress", "message": "ep=404/1000 reward=60.98 eval_best=101.36 buffer=80800 actor_loss=-55.7700 critic_loss=6.7537"}
2025-08-27 21:28:34,266 - system - INFO - {"timestamp": "2025-08-27T21:28:34.266409", "event_type": "episode_progress", "message": "ep=405/1000 reward=76.10 eval_best=101.36 buffer=81000 actor_loss=-55.8285 critic_loss=75.9529"}
2025-08-27 21:28:35,178 - system - INFO - {"timestamp": "2025-08-27T21:28:35.178048", "event_type": "episode_progress", "message": "ep=406/1000 reward=58.08 eval_best=101.36 buffer=81200 actor_loss=-54.8394 critic_loss=8.3938"}
2025-08-27 21:28:36,083 - system - INFO - {"timestamp": "2025-08-27T21:28:36.083240", "event_type": "episode_progress", "message": "ep=407/1000 reward=62.53 eval_best=101.36 buffer=81400 actor_loss=-54.9732 critic_loss=4.0468"}
2025-08-27 21:28:36,964 - system - INFO - {"timestamp": "2025-08-27T21:28:36.964702", "event_type": "episode_progress", "message": "ep=408/1000 reward=62.43 eval_best=101.36 buffer=81600 actor_loss=-55.3045 critic_loss=6.0617"}
2025-08-27 21:28:37,841 - system - INFO - {"timestamp": "2025-08-27T21:28:37.841188", "event_type": "episode_progress", "message": "ep=409/1000 reward=74.89 eval_best=101.36 buffer=81800 actor_loss=-56.3633 critic_loss=27.3769"}
2025-08-27 21:28:38,736 - system - INFO - {"timestamp": "2025-08-27T21:28:38.736920", "event_type": "episode_progress", "message": "ep=410/1000 reward=64.49 eval_best=101.36 buffer=82000 actor_loss=-55.1812 critic_loss=4.9323"}
2025-08-27 21:28:41,329 - system - INFO - {"timestamp": "2025-08-27T21:28:41.329699", "event_type": "info", "message": "Episode 410: Train Reward: 73.392, Eval F1: 0.5311, Eval Reward: 92.935 \u00b1 1.888"}
2025-08-27 21:28:41,329 - system - INFO - {"timestamp": "2025-08-27T21:28:41.329829", "event_type": "episode_progress", "message": "ep=411/1000 reward=73.39 eval_best=101.36 buffer=82200 actor_loss=-55.3175 critic_loss=4.1837"}
2025-08-27 21:28:42,209 - system - INFO - {"timestamp": "2025-08-27T21:28:42.209908", "event_type": "episode_progress", "message": "ep=412/1000 reward=67.20 eval_best=101.36 buffer=82400 actor_loss=-55.2820 critic_loss=29.8044"}
2025-08-27 21:28:43,101 - system - INFO - {"timestamp": "2025-08-27T21:28:43.101302", "event_type": "episode_progress", "message": "ep=413/1000 reward=59.95 eval_best=101.36 buffer=82600 actor_loss=-55.0616 critic_loss=4.9456"}
2025-08-27 21:28:43,984 - system - INFO - {"timestamp": "2025-08-27T21:28:43.984924", "event_type": "episode_progress", "message": "ep=414/1000 reward=48.49 eval_best=101.36 buffer=82800 actor_loss=-55.0414 critic_loss=5.2964"}
2025-08-27 21:28:44,861 - system - INFO - {"timestamp": "2025-08-27T21:28:44.861003", "event_type": "episode_progress", "message": "ep=415/1000 reward=58.58 eval_best=101.36 buffer=83000 actor_loss=-54.9679 critic_loss=26.8125"}
2025-08-27 21:28:45,762 - system - INFO - {"timestamp": "2025-08-27T21:28:45.762308", "event_type": "episode_progress", "message": "ep=416/1000 reward=75.28 eval_best=101.36 buffer=83200 actor_loss=-54.9688 critic_loss=5.5088"}
2025-08-27 21:28:46,662 - system - INFO - {"timestamp": "2025-08-27T21:28:46.662439", "event_type": "episode_progress", "message": "ep=417/1000 reward=63.44 eval_best=101.36 buffer=83400 actor_loss=-53.9357 critic_loss=6.3601"}
2025-08-27 21:28:47,547 - system - INFO - {"timestamp": "2025-08-27T21:28:47.547691", "event_type": "episode_progress", "message": "ep=418/1000 reward=58.02 eval_best=101.36 buffer=83600 actor_loss=-54.4460 critic_loss=3.8783"}
2025-08-27 21:28:48,438 - system - INFO - {"timestamp": "2025-08-27T21:28:48.438895", "event_type": "episode_progress", "message": "ep=419/1000 reward=53.98 eval_best=101.36 buffer=83800 actor_loss=-54.0450 critic_loss=26.4947"}
2025-08-27 21:28:49,318 - system - INFO - {"timestamp": "2025-08-27T21:28:49.317975", "event_type": "episode_progress", "message": "ep=420/1000 reward=55.07 eval_best=101.36 buffer=84000 actor_loss=-54.0366 critic_loss=21.6406"}
2025-08-27 21:28:51,942 - system - INFO - {"timestamp": "2025-08-27T21:28:51.942190", "event_type": "info", "message": "Episode 420: Train Reward: 57.120, Eval F1: 0.5295, Eval Reward: 95.671 \u00b1 2.470"}
2025-08-27 21:28:51,942 - system - INFO - {"timestamp": "2025-08-27T21:28:51.942328", "event_type": "episode_progress", "message": "ep=421/1000 reward=57.12 eval_best=101.36 buffer=84200 actor_loss=-54.5427 critic_loss=4.7934"}
2025-08-27 21:28:52,827 - system - INFO - {"timestamp": "2025-08-27T21:28:52.827016", "event_type": "episode_progress", "message": "ep=422/1000 reward=74.98 eval_best=101.36 buffer=84400 actor_loss=-54.5418 critic_loss=4.5244"}
2025-08-27 21:28:53,713 - system - INFO - {"timestamp": "2025-08-27T21:28:53.713904", "event_type": "episode_progress", "message": "ep=423/1000 reward=62.63 eval_best=101.36 buffer=84600 actor_loss=-53.3138 critic_loss=4.3801"}
2025-08-27 21:28:54,584 - system - INFO - {"timestamp": "2025-08-27T21:28:54.584935", "event_type": "episode_progress", "message": "ep=424/1000 reward=62.80 eval_best=101.36 buffer=84800 actor_loss=-53.7347 critic_loss=25.5835"}
2025-08-27 21:28:55,487 - system - INFO - {"timestamp": "2025-08-27T21:28:55.487360", "event_type": "episode_progress", "message": "ep=425/1000 reward=53.29 eval_best=101.36 buffer=85000 actor_loss=-53.9809 critic_loss=26.2173"}
2025-08-27 21:28:56,385 - system - INFO - {"timestamp": "2025-08-27T21:28:56.385918", "event_type": "episode_progress", "message": "ep=426/1000 reward=64.04 eval_best=101.36 buffer=85200 actor_loss=-54.0213 critic_loss=44.8615"}
2025-08-27 21:28:57,262 - system - INFO - {"timestamp": "2025-08-27T21:28:57.262535", "event_type": "episode_progress", "message": "ep=427/1000 reward=44.45 eval_best=101.36 buffer=85400 actor_loss=-53.1772 critic_loss=49.8740"}
2025-08-27 21:28:58,114 - system - INFO - {"timestamp": "2025-08-27T21:28:58.113989", "event_type": "episode_progress", "message": "ep=428/1000 reward=67.40 eval_best=101.36 buffer=85600 actor_loss=-52.9115 critic_loss=27.0703"}
2025-08-27 21:28:59,012 - system - INFO - {"timestamp": "2025-08-27T21:28:59.012959", "event_type": "episode_progress", "message": "ep=429/1000 reward=62.13 eval_best=101.36 buffer=85800 actor_loss=-53.8727 critic_loss=26.1083"}
2025-08-27 21:28:59,887 - system - INFO - {"timestamp": "2025-08-27T21:28:59.887621", "event_type": "episode_progress", "message": "ep=430/1000 reward=65.04 eval_best=101.36 buffer=86000 actor_loss=-53.4440 critic_loss=4.2429"}
2025-08-27 21:29:02,526 - system - INFO - {"timestamp": "2025-08-27T21:29:02.526153", "event_type": "info", "message": "Episode 430: Train Reward: 53.367, Eval F1: 0.4515, Eval Reward: 94.701 \u00b1 1.119"}
2025-08-27 21:29:02,526 - system - INFO - {"timestamp": "2025-08-27T21:29:02.526285", "event_type": "episode_progress", "message": "ep=431/1000 reward=53.37 eval_best=101.36 buffer=86200 actor_loss=-53.4586 critic_loss=3.1445"}
2025-08-27 21:29:03,406 - system - INFO - {"timestamp": "2025-08-27T21:29:03.406562", "event_type": "episode_progress", "message": "ep=432/1000 reward=64.79 eval_best=101.36 buffer=86400 actor_loss=-52.4627 critic_loss=27.9012"}
2025-08-27 21:29:04,303 - system - INFO - {"timestamp": "2025-08-27T21:29:04.303289", "event_type": "episode_progress", "message": "ep=433/1000 reward=65.49 eval_best=101.36 buffer=86600 actor_loss=-53.1406 critic_loss=4.3995"}
2025-08-27 21:29:05,213 - system - INFO - {"timestamp": "2025-08-27T21:29:05.213451", "event_type": "episode_progress", "message": "ep=434/1000 reward=57.58 eval_best=101.36 buffer=86800 actor_loss=-53.2119 critic_loss=3.9740"}
2025-08-27 21:29:06,110 - system - INFO - {"timestamp": "2025-08-27T21:29:06.110075", "event_type": "episode_progress", "message": "ep=435/1000 reward=54.75 eval_best=101.36 buffer=87000 actor_loss=-52.9973 critic_loss=3.5935"}
2025-08-27 21:29:07,026 - system - INFO - {"timestamp": "2025-08-27T21:29:07.026174", "event_type": "episode_progress", "message": "ep=436/1000 reward=61.34 eval_best=101.36 buffer=87200 actor_loss=-53.2593 critic_loss=3.5061"}
2025-08-27 21:29:07,925 - system - INFO - {"timestamp": "2025-08-27T21:29:07.925104", "event_type": "episode_progress", "message": "ep=437/1000 reward=77.31 eval_best=101.36 buffer=87400 actor_loss=-53.1681 critic_loss=4.3514"}
2025-08-27 21:29:08,811 - system - INFO - {"timestamp": "2025-08-27T21:29:08.811941", "event_type": "episode_progress", "message": "ep=438/1000 reward=51.97 eval_best=101.36 buffer=87600 actor_loss=-52.0700 critic_loss=24.8636"}
2025-08-27 21:29:09,684 - system - INFO - {"timestamp": "2025-08-27T21:29:09.684378", "event_type": "episode_progress", "message": "ep=439/1000 reward=68.39 eval_best=101.36 buffer=87800 actor_loss=-52.0383 critic_loss=3.7037"}
2025-08-27 21:29:10,597 - system - INFO - {"timestamp": "2025-08-27T21:29:10.597526", "event_type": "episode_progress", "message": "ep=440/1000 reward=52.60 eval_best=101.36 buffer=88000 actor_loss=-52.8101 critic_loss=24.9068"}
2025-08-27 21:29:13,204 - system - INFO - {"timestamp": "2025-08-27T21:29:13.204517", "event_type": "info", "message": "Episode 440: Train Reward: 61.054, Eval F1: 0.4511, Eval Reward: 94.530 \u00b1 2.013"}
2025-08-27 21:29:13,204 - system - INFO - {"timestamp": "2025-08-27T21:29:13.204650", "event_type": "episode_progress", "message": "ep=441/1000 reward=61.05 eval_best=101.36 buffer=88200 actor_loss=-51.7276 critic_loss=45.4671"}
2025-08-27 21:29:14,086 - system - INFO - {"timestamp": "2025-08-27T21:29:14.086202", "event_type": "episode_progress", "message": "ep=442/1000 reward=54.70 eval_best=101.36 buffer=88400 actor_loss=-52.1079 critic_loss=24.7105"}
2025-08-27 21:29:14,982 - system - INFO - {"timestamp": "2025-08-27T21:29:14.982317", "event_type": "episode_progress", "message": "ep=443/1000 reward=65.56 eval_best=101.36 buffer=88600 actor_loss=-51.9956 critic_loss=24.5396"}
2025-08-27 21:29:15,869 - system - INFO - {"timestamp": "2025-08-27T21:29:15.869664", "event_type": "episode_progress", "message": "ep=444/1000 reward=54.21 eval_best=101.36 buffer=88800 actor_loss=-52.3158 critic_loss=26.5851"}
2025-08-27 21:29:16,768 - system - INFO - {"timestamp": "2025-08-27T21:29:16.768256", "event_type": "episode_progress", "message": "ep=445/1000 reward=53.92 eval_best=101.36 buffer=89000 actor_loss=-51.9340 critic_loss=4.2315"}
2025-08-27 21:29:17,660 - system - INFO - {"timestamp": "2025-08-27T21:29:17.660614", "event_type": "episode_progress", "message": "ep=446/1000 reward=73.53 eval_best=101.36 buffer=89200 actor_loss=-51.7200 critic_loss=24.8100"}
2025-08-27 21:29:18,564 - system - INFO - {"timestamp": "2025-08-27T21:29:18.564177", "event_type": "episode_progress", "message": "ep=447/1000 reward=69.55 eval_best=101.36 buffer=89400 actor_loss=-52.3994 critic_loss=3.6463"}
2025-08-27 21:29:19,466 - system - INFO - {"timestamp": "2025-08-27T21:29:19.466707", "event_type": "episode_progress", "message": "ep=448/1000 reward=59.63 eval_best=101.36 buffer=89600 actor_loss=-52.2135 critic_loss=23.0635"}
2025-08-27 21:29:20,357 - system - INFO - {"timestamp": "2025-08-27T21:29:20.357883", "event_type": "episode_progress", "message": "ep=449/1000 reward=52.25 eval_best=101.36 buffer=89800 actor_loss=-52.2919 critic_loss=3.8277"}
2025-08-27 21:29:21,271 - system - WARNING - {"timestamp": "2025-08-27T21:29:21.271170", "event_type": "warning", "message": "Episode 450: USRP calibration targets not fully met. F1-target: \u274c, Improvement: \u274c, Target F1: 98.0%"}
2025-08-27 21:29:21,271 - system - INFO - {"timestamp": "2025-08-27T21:29:21.271300", "event_type": "episode_progress", "message": "ep=450/1000 reward=62.68 eval_best=101.36 buffer=90000 actor_loss=-51.8007 critic_loss=4.3187"}
2025-08-27 21:29:23,925 - system - INFO - {"timestamp": "2025-08-27T21:29:23.925210", "event_type": "info", "message": "Episode 450: Train Reward: 70.750, Eval F1: 0.4511, Eval Reward: 96.660 \u00b1 1.539"}
2025-08-27 21:29:23,928 - system - INFO - {"timestamp": "2025-08-27T21:29:23.928206", "event_type": "info", "message": "Agent saved to models/checkpoints/mlp_agent_episode_450.pth"}
2025-08-27 21:29:23,928 - system - INFO - {"timestamp": "2025-08-27T21:29:23.928317", "event_type": "episode_progress", "message": "ep=451/1000 reward=70.75 eval_best=101.36 buffer=90200 actor_loss=-51.9947 critic_loss=3.6981"}
2025-08-27 21:29:24,835 - system - INFO - {"timestamp": "2025-08-27T21:29:24.835743", "event_type": "episode_progress", "message": "ep=452/1000 reward=54.13 eval_best=101.36 buffer=90400 actor_loss=-51.8572 critic_loss=2.9500"}
2025-08-27 21:29:25,741 - system - INFO - {"timestamp": "2025-08-27T21:29:25.740999", "event_type": "episode_progress", "message": "ep=453/1000 reward=80.06 eval_best=101.36 buffer=90600 actor_loss=-51.7920 critic_loss=11.1113"}
2025-08-27 21:29:26,627 - system - INFO - {"timestamp": "2025-08-27T21:29:26.626988", "event_type": "episode_progress", "message": "ep=454/1000 reward=65.65 eval_best=101.36 buffer=90800 actor_loss=-51.2117 critic_loss=3.5126"}
2025-08-27 21:29:27,486 - system - INFO - {"timestamp": "2025-08-27T21:29:27.486547", "event_type": "episode_progress", "message": "ep=455/1000 reward=70.50 eval_best=101.36 buffer=91000 actor_loss=-51.0453 critic_loss=3.4463"}
2025-08-27 21:29:28,374 - system - INFO - {"timestamp": "2025-08-27T21:29:28.374827", "event_type": "episode_progress", "message": "ep=456/1000 reward=77.04 eval_best=101.36 buffer=91200 actor_loss=-51.0417 critic_loss=23.2612"}
2025-08-27 21:29:29,264 - system - INFO - {"timestamp": "2025-08-27T21:29:29.264165", "event_type": "episode_progress", "message": "ep=457/1000 reward=53.03 eval_best=101.36 buffer=91400 actor_loss=-51.8855 critic_loss=12.3510"}
2025-08-27 21:29:30,156 - system - INFO - {"timestamp": "2025-08-27T21:29:30.156695", "event_type": "episode_progress", "message": "ep=458/1000 reward=74.90 eval_best=101.36 buffer=91600 actor_loss=-51.1325 critic_loss=23.4413"}
2025-08-27 21:29:31,045 - system - INFO - {"timestamp": "2025-08-27T21:29:31.045462", "event_type": "episode_progress", "message": "ep=459/1000 reward=39.31 eval_best=101.36 buffer=91800 actor_loss=-51.3117 critic_loss=3.9702"}
2025-08-27 21:29:31,938 - system - INFO - {"timestamp": "2025-08-27T21:29:31.938670", "event_type": "episode_progress", "message": "ep=460/1000 reward=58.97 eval_best=101.36 buffer=92000 actor_loss=-51.4424 critic_loss=3.2393"}
2025-08-27 21:29:34,538 - system - INFO - {"timestamp": "2025-08-27T21:29:34.538038", "event_type": "info", "message": "Episode 460: Train Reward: 80.355, Eval F1: 0.4511, Eval Reward: 96.798 \u00b1 2.154"}
2025-08-27 21:29:34,538 - system - INFO - {"timestamp": "2025-08-27T21:29:34.538159", "event_type": "episode_progress", "message": "ep=461/1000 reward=80.36 eval_best=101.36 buffer=92200 actor_loss=-51.2486 critic_loss=3.7509"}
2025-08-27 21:29:35,445 - system - INFO - {"timestamp": "2025-08-27T21:29:35.445497", "event_type": "episode_progress", "message": "ep=462/1000 reward=64.80 eval_best=101.36 buffer=92400 actor_loss=-51.0350 critic_loss=22.7181"}
2025-08-27 21:29:36,347 - system - INFO - {"timestamp": "2025-08-27T21:29:36.347603", "event_type": "episode_progress", "message": "ep=463/1000 reward=46.98 eval_best=101.36 buffer=92600 actor_loss=-50.8753 critic_loss=3.5679"}
2025-08-27 21:29:37,236 - system - INFO - {"timestamp": "2025-08-27T21:29:37.236681", "event_type": "episode_progress", "message": "ep=464/1000 reward=49.27 eval_best=101.36 buffer=92800 actor_loss=-50.3589 critic_loss=2.8340"}
2025-08-27 21:29:38,125 - system - INFO - {"timestamp": "2025-08-27T21:29:38.125054", "event_type": "episode_progress", "message": "ep=465/1000 reward=57.64 eval_best=101.36 buffer=93000 actor_loss=-51.3139 critic_loss=3.4956"}
2025-08-27 21:29:39,019 - system - INFO - {"timestamp": "2025-08-27T21:29:39.019616", "event_type": "episode_progress", "message": "ep=466/1000 reward=68.63 eval_best=101.36 buffer=93200 actor_loss=-51.0034 critic_loss=21.2168"}
2025-08-27 21:29:39,911 - system - INFO - {"timestamp": "2025-08-27T21:29:39.911513", "event_type": "episode_progress", "message": "ep=467/1000 reward=62.86 eval_best=101.36 buffer=93400 actor_loss=-50.9197 critic_loss=44.6560"}
2025-08-27 21:29:40,795 - system - INFO - {"timestamp": "2025-08-27T21:29:40.795656", "event_type": "episode_progress", "message": "ep=468/1000 reward=78.67 eval_best=101.36 buffer=93600 actor_loss=-51.3904 critic_loss=3.5519"}
2025-08-27 21:29:41,685 - system - INFO - {"timestamp": "2025-08-27T21:29:41.685779", "event_type": "episode_progress", "message": "ep=469/1000 reward=56.07 eval_best=101.36 buffer=93800 actor_loss=-50.6353 critic_loss=3.1495"}
2025-08-27 21:29:42,586 - system - INFO - {"timestamp": "2025-08-27T21:29:42.586451", "event_type": "episode_progress", "message": "ep=470/1000 reward=69.48 eval_best=101.36 buffer=94000 actor_loss=-51.4037 critic_loss=19.4060"}
2025-08-27 21:29:45,201 - system - INFO - {"timestamp": "2025-08-27T21:29:45.201919", "event_type": "info", "message": "Episode 470: Train Reward: 65.951, Eval F1: 0.4511, Eval Reward: 97.097 \u00b1 1.509"}
2025-08-27 21:29:45,202 - system - INFO - {"timestamp": "2025-08-27T21:29:45.202046", "event_type": "episode_progress", "message": "ep=471/1000 reward=65.95 eval_best=101.36 buffer=94200 actor_loss=-50.9318 critic_loss=2.8143"}
2025-08-27 21:29:46,122 - system - INFO - {"timestamp": "2025-08-27T21:29:46.122376", "event_type": "episode_progress", "message": "ep=472/1000 reward=65.52 eval_best=101.36 buffer=94400 actor_loss=-50.8360 critic_loss=2.9191"}
2025-08-27 21:29:47,031 - system - INFO - {"timestamp": "2025-08-27T21:29:47.031336", "event_type": "episode_progress", "message": "ep=473/1000 reward=61.71 eval_best=101.36 buffer=94600 actor_loss=-50.3445 critic_loss=21.5274"}
2025-08-27 21:29:47,923 - system - INFO - {"timestamp": "2025-08-27T21:29:47.923299", "event_type": "episode_progress", "message": "ep=474/1000 reward=60.82 eval_best=101.36 buffer=94800 actor_loss=-50.5637 critic_loss=22.6213"}
2025-08-27 21:29:48,817 - system - INFO - {"timestamp": "2025-08-27T21:29:48.817534", "event_type": "episode_progress", "message": "ep=475/1000 reward=76.71 eval_best=101.36 buffer=95000 actor_loss=-50.7725 critic_loss=3.0806"}
2025-08-27 21:29:49,706 - system - INFO - {"timestamp": "2025-08-27T21:29:49.706890", "event_type": "episode_progress", "message": "ep=476/1000 reward=41.47 eval_best=101.36 buffer=95200 actor_loss=-50.5415 critic_loss=43.2927"}
2025-08-27 21:29:50,607 - system - INFO - {"timestamp": "2025-08-27T21:29:50.607051", "event_type": "episode_progress", "message": "ep=477/1000 reward=69.20 eval_best=101.36 buffer=95400 actor_loss=-50.3882 critic_loss=21.3659"}
2025-08-27 21:29:51,501 - system - INFO - {"timestamp": "2025-08-27T21:29:51.501612", "event_type": "episode_progress", "message": "ep=478/1000 reward=78.14 eval_best=101.36 buffer=95600 actor_loss=-50.5509 critic_loss=2.6114"}
2025-08-27 21:29:52,388 - system - INFO - {"timestamp": "2025-08-27T21:29:52.388562", "event_type": "episode_progress", "message": "ep=479/1000 reward=69.18 eval_best=101.36 buffer=95800 actor_loss=-50.3031 critic_loss=21.9178"}
2025-08-27 21:29:53,285 - system - INFO - {"timestamp": "2025-08-27T21:29:53.285210", "event_type": "episode_progress", "message": "ep=480/1000 reward=62.53 eval_best=101.36 buffer=96000 actor_loss=-50.6397 critic_loss=3.2321"}
2025-08-27 21:29:55,919 - system - INFO - {"timestamp": "2025-08-27T21:29:55.919287", "event_type": "info", "message": "Episode 480: Train Reward: 70.180, Eval F1: 0.4521, Eval Reward: 97.957 \u00b1 1.094"}
2025-08-27 21:29:55,919 - system - INFO - {"timestamp": "2025-08-27T21:29:55.919425", "event_type": "episode_progress", "message": "ep=481/1000 reward=70.18 eval_best=101.36 buffer=96200 actor_loss=-50.1480 critic_loss=27.5713"}
2025-08-27 21:29:56,850 - system - INFO - {"timestamp": "2025-08-27T21:29:56.850940", "event_type": "episode_progress", "message": "ep=482/1000 reward=62.91 eval_best=101.36 buffer=96400 actor_loss=-50.7639 critic_loss=3.1297"}
2025-08-27 21:29:57,809 - system - INFO - {"timestamp": "2025-08-27T21:29:57.809665", "event_type": "episode_progress", "message": "ep=483/1000 reward=55.20 eval_best=101.36 buffer=96600 actor_loss=-50.3155 critic_loss=2.8580"}
2025-08-27 21:29:58,721 - system - INFO - {"timestamp": "2025-08-27T21:29:58.721113", "event_type": "episode_progress", "message": "ep=484/1000 reward=57.86 eval_best=101.36 buffer=96800 actor_loss=-49.7983 critic_loss=20.8045"}
2025-08-27 21:29:59,634 - system - INFO - {"timestamp": "2025-08-27T21:29:59.634758", "event_type": "episode_progress", "message": "ep=485/1000 reward=60.83 eval_best=101.36 buffer=97000 actor_loss=-49.8526 critic_loss=40.0844"}
2025-08-27 21:30:00,555 - system - INFO - {"timestamp": "2025-08-27T21:30:00.555372", "event_type": "episode_progress", "message": "ep=486/1000 reward=78.36 eval_best=101.36 buffer=97200 actor_loss=-49.8914 critic_loss=2.4199"}
2025-08-27 21:30:01,490 - system - INFO - {"timestamp": "2025-08-27T21:30:01.490493", "event_type": "episode_progress", "message": "ep=487/1000 reward=64.18 eval_best=101.36 buffer=97400 actor_loss=-49.4646 critic_loss=38.8565"}
2025-08-27 21:30:02,399 - system - INFO - {"timestamp": "2025-08-27T21:30:02.399076", "event_type": "episode_progress", "message": "ep=488/1000 reward=54.88 eval_best=101.36 buffer=97600 actor_loss=-49.4643 critic_loss=2.8782"}
2025-08-27 21:30:03,337 - system - INFO - {"timestamp": "2025-08-27T21:30:03.337332", "event_type": "episode_progress", "message": "ep=489/1000 reward=48.71 eval_best=101.36 buffer=97800 actor_loss=-50.0773 critic_loss=2.4803"}
2025-08-27 21:30:04,247 - system - INFO - {"timestamp": "2025-08-27T21:30:04.247830", "event_type": "episode_progress", "message": "ep=490/1000 reward=63.35 eval_best=101.36 buffer=98000 actor_loss=-49.5033 critic_loss=20.5643"}
2025-08-27 21:30:06,883 - system - INFO - {"timestamp": "2025-08-27T21:30:06.883575", "event_type": "info", "message": "Episode 490: Train Reward: 64.182, Eval F1: 0.4454, Eval Reward: 99.178 \u00b1 2.195"}
2025-08-27 21:30:06,883 - system - INFO - {"timestamp": "2025-08-27T21:30:06.883721", "event_type": "episode_progress", "message": "ep=491/1000 reward=64.18 eval_best=101.36 buffer=98200 actor_loss=-49.9796 critic_loss=2.7418"}
2025-08-27 21:30:07,805 - system - INFO - {"timestamp": "2025-08-27T21:30:07.805466", "event_type": "episode_progress", "message": "ep=492/1000 reward=62.24 eval_best=101.36 buffer=98400 actor_loss=-50.0457 critic_loss=2.3478"}
2025-08-27 21:30:08,724 - system - INFO - {"timestamp": "2025-08-27T21:30:08.724794", "event_type": "episode_progress", "message": "ep=493/1000 reward=52.67 eval_best=101.36 buffer=98600 actor_loss=-49.6219 critic_loss=2.7206"}
2025-08-27 21:30:09,650 - system - INFO - {"timestamp": "2025-08-27T21:30:09.650091", "event_type": "episode_progress", "message": "ep=494/1000 reward=61.28 eval_best=101.36 buffer=98800 actor_loss=-49.3853 critic_loss=2.2464"}
2025-08-27 21:30:10,576 - system - INFO - {"timestamp": "2025-08-27T21:30:10.576438", "event_type": "episode_progress", "message": "ep=495/1000 reward=70.60 eval_best=101.36 buffer=99000 actor_loss=-49.4850 critic_loss=20.7138"}
2025-08-27 21:30:11,497 - system - INFO - {"timestamp": "2025-08-27T21:30:11.497170", "event_type": "episode_progress", "message": "ep=496/1000 reward=52.50 eval_best=101.36 buffer=99200 actor_loss=-49.0323 critic_loss=60.1480"}
2025-08-27 21:30:12,414 - system - INFO - {"timestamp": "2025-08-27T21:30:12.414746", "event_type": "episode_progress", "message": "ep=497/1000 reward=71.67 eval_best=101.36 buffer=99400 actor_loss=-48.9255 critic_loss=2.1597"}
2025-08-27 21:30:13,339 - system - INFO - {"timestamp": "2025-08-27T21:30:13.339091", "event_type": "episode_progress", "message": "ep=498/1000 reward=69.42 eval_best=101.36 buffer=99600 actor_loss=-49.1352 critic_loss=21.4417"}
2025-08-27 21:30:14,265 - system - INFO - {"timestamp": "2025-08-27T21:30:14.265387", "event_type": "episode_progress", "message": "ep=499/1000 reward=59.27 eval_best=101.36 buffer=99800 actor_loss=-49.0372 critic_loss=64.3197"}
2025-08-27 21:30:15,174 - system - WARNING - {"timestamp": "2025-08-27T21:30:15.174896", "event_type": "warning", "message": "Episode 500: USRP calibration targets not fully met. F1-target: \u274c, Improvement: \u274c, Target F1: 98.0%"}
2025-08-27 21:30:15,175 - system - INFO - {"timestamp": "2025-08-27T21:30:15.175043", "event_type": "episode_progress", "message": "ep=500/1000 reward=39.19 eval_best=101.36 buffer=100000 actor_loss=-48.2304 critic_loss=2.8254"}
2025-08-27 21:30:17,775 - system - INFO - {"timestamp": "2025-08-27T21:30:17.775278", "event_type": "info", "message": "Episode 500: Train Reward: 54.369, Eval F1: 0.4454, Eval Reward: 100.390 \u00b1 1.184"}
2025-08-27 21:30:17,778 - system - INFO - {"timestamp": "2025-08-27T21:30:17.778423", "event_type": "info", "message": "Agent saved to models/checkpoints/mlp_agent_episode_500.pth"}
2025-08-27 21:30:17,778 - system - INFO - {"timestamp": "2025-08-27T21:30:17.778534", "event_type": "episode_progress", "message": "ep=501/1000 reward=54.37 eval_best=101.36 buffer=100200 actor_loss=-48.9395 critic_loss=2.4409"}
2025-08-27 21:30:18,728 - system - INFO - {"timestamp": "2025-08-27T21:30:18.728490", "event_type": "episode_progress", "message": "ep=502/1000 reward=72.72 eval_best=101.36 buffer=100400 actor_loss=-49.1166 critic_loss=1.9102"}
2025-08-27 21:30:19,629 - system - INFO - {"timestamp": "2025-08-27T21:30:19.629878", "event_type": "episode_progress", "message": "ep=503/1000 reward=62.87 eval_best=101.36 buffer=100600 actor_loss=-48.5522 critic_loss=19.3571"}
2025-08-27 21:30:20,531 - system - INFO - {"timestamp": "2025-08-27T21:30:20.531693", "event_type": "episode_progress", "message": "ep=504/1000 reward=67.08 eval_best=101.36 buffer=100800 actor_loss=-48.2708 critic_loss=55.4003"}
2025-08-27 21:30:21,427 - system - INFO - {"timestamp": "2025-08-27T21:30:21.427085", "event_type": "episode_progress", "message": "ep=505/1000 reward=56.79 eval_best=101.36 buffer=101000 actor_loss=-48.5166 critic_loss=19.0972"}
2025-08-27 21:30:22,325 - system - INFO - {"timestamp": "2025-08-27T21:30:22.324974", "event_type": "episode_progress", "message": "ep=506/1000 reward=59.60 eval_best=101.36 buffer=101200 actor_loss=-47.8387 critic_loss=35.9016"}
2025-08-27 21:30:23,218 - system - INFO - {"timestamp": "2025-08-27T21:30:23.218716", "event_type": "episode_progress", "message": "ep=507/1000 reward=59.75 eval_best=101.36 buffer=101400 actor_loss=-48.5398 critic_loss=19.6366"}
2025-08-27 21:30:24,140 - system - INFO - {"timestamp": "2025-08-27T21:30:24.140518", "event_type": "episode_progress", "message": "ep=508/1000 reward=71.25 eval_best=101.36 buffer=101600 actor_loss=-48.4085 critic_loss=2.8491"}
2025-08-27 21:30:25,012 - system - INFO - {"timestamp": "2025-08-27T21:30:25.012879", "event_type": "episode_progress", "message": "ep=509/1000 reward=50.07 eval_best=101.36 buffer=101800 actor_loss=-49.0126 critic_loss=38.1866"}
2025-08-27 21:30:25,870 - system - INFO - {"timestamp": "2025-08-27T21:30:25.870569", "event_type": "episode_progress", "message": "ep=510/1000 reward=74.07 eval_best=101.36 buffer=102000 actor_loss=-48.4943 critic_loss=19.9868"}
2025-08-27 21:30:28,293 - system - INFO - {"timestamp": "2025-08-27T21:30:28.293562", "event_type": "info", "message": "Episode 510: Train Reward: 58.604, Eval F1: 0.4386, Eval Reward: 100.241 \u00b1 1.258"}
2025-08-27 21:30:28,293 - system - INFO - {"timestamp": "2025-08-27T21:30:28.293677", "event_type": "episode_progress", "message": "ep=511/1000 reward=58.60 eval_best=101.36 buffer=102200 actor_loss=-48.1506 critic_loss=2.4371"}
2025-08-27 21:30:29,147 - system - INFO - {"timestamp": "2025-08-27T21:30:29.147234", "event_type": "episode_progress", "message": "ep=512/1000 reward=59.08 eval_best=101.36 buffer=102400 actor_loss=-48.3918 critic_loss=2.1649"}
2025-08-27 21:30:30,000 - system - INFO - {"timestamp": "2025-08-27T21:30:30.000756", "event_type": "episode_progress", "message": "ep=513/1000 reward=61.51 eval_best=101.36 buffer=102600 actor_loss=-48.3300 critic_loss=2.4681"}
2025-08-27 21:30:30,855 - system - INFO - {"timestamp": "2025-08-27T21:30:30.855019", "event_type": "episode_progress", "message": "ep=514/1000 reward=70.30 eval_best=101.36 buffer=102800 actor_loss=-48.3373 critic_loss=2.2498"}
2025-08-27 21:30:31,707 - system - INFO - {"timestamp": "2025-08-27T21:30:31.707966", "event_type": "episode_progress", "message": "ep=515/1000 reward=73.93 eval_best=101.36 buffer=103000 actor_loss=-48.1306 critic_loss=1.9377"}
2025-08-27 21:30:32,555 - system - INFO - {"timestamp": "2025-08-27T21:30:32.555828", "event_type": "episode_progress", "message": "ep=516/1000 reward=47.17 eval_best=101.36 buffer=103200 actor_loss=-48.2291 critic_loss=35.9187"}
2025-08-27 21:30:33,406 - system - INFO - {"timestamp": "2025-08-27T21:30:33.406801", "event_type": "episode_progress", "message": "ep=517/1000 reward=66.53 eval_best=101.36 buffer=103400 actor_loss=-48.5193 critic_loss=32.4212"}
2025-08-27 21:30:34,254 - system - INFO - {"timestamp": "2025-08-27T21:30:34.254676", "event_type": "episode_progress", "message": "ep=518/1000 reward=64.58 eval_best=101.36 buffer=103600 actor_loss=-48.0091 critic_loss=1.6165"}
2025-08-27 21:30:35,110 - system - INFO - {"timestamp": "2025-08-27T21:30:35.110463", "event_type": "episode_progress", "message": "ep=519/1000 reward=56.90 eval_best=101.36 buffer=103800 actor_loss=-48.2267 critic_loss=2.0763"}
2025-08-27 21:30:35,956 - system - INFO - {"timestamp": "2025-08-27T21:30:35.956277", "event_type": "episode_progress", "message": "ep=520/1000 reward=77.23 eval_best=101.36 buffer=104000 actor_loss=-48.2195 critic_loss=2.0977"}
2025-08-27 21:30:38,350 - system - INFO - {"timestamp": "2025-08-27T21:30:38.350201", "event_type": "info", "message": "Episode 520: Train Reward: 60.974, Eval F1: 0.4342, Eval Reward: 100.798 \u00b1 2.235"}
2025-08-27 21:30:38,350 - system - INFO - {"timestamp": "2025-08-27T21:30:38.350307", "event_type": "episode_progress", "message": "ep=521/1000 reward=60.97 eval_best=101.36 buffer=104200 actor_loss=-47.1070 critic_loss=1.8232"}
2025-08-27 21:30:39,198 - system - INFO - {"timestamp": "2025-08-27T21:30:39.198731", "event_type": "episode_progress", "message": "ep=522/1000 reward=63.91 eval_best=101.36 buffer=104400 actor_loss=-47.8076 critic_loss=1.8854"}
2025-08-27 21:30:40,043 - system - INFO - {"timestamp": "2025-08-27T21:30:40.043818", "event_type": "episode_progress", "message": "ep=523/1000 reward=52.81 eval_best=101.36 buffer=104600 actor_loss=-47.6948 critic_loss=2.0471"}
2025-08-27 21:30:40,884 - system - INFO - {"timestamp": "2025-08-27T21:30:40.884058", "event_type": "episode_progress", "message": "ep=524/1000 reward=58.15 eval_best=101.36 buffer=104800 actor_loss=-47.7811 critic_loss=18.7180"}
2025-08-27 21:30:41,726 - system - INFO - {"timestamp": "2025-08-27T21:30:41.726648", "event_type": "episode_progress", "message": "ep=525/1000 reward=54.08 eval_best=101.36 buffer=105000 actor_loss=-47.5247 critic_loss=2.1122"}
2025-08-27 21:30:42,570 - system - INFO - {"timestamp": "2025-08-27T21:30:42.570915", "event_type": "episode_progress", "message": "ep=526/1000 reward=36.30 eval_best=101.36 buffer=105200 actor_loss=-47.6001 critic_loss=2.3028"}
2025-08-27 21:30:43,411 - system - INFO - {"timestamp": "2025-08-27T21:30:43.411834", "event_type": "episode_progress", "message": "ep=527/1000 reward=56.58 eval_best=101.36 buffer=105400 actor_loss=-47.3097 critic_loss=2.1047"}
2025-08-27 21:30:44,252 - system - INFO - {"timestamp": "2025-08-27T21:30:44.252438", "event_type": "episode_progress", "message": "ep=528/1000 reward=60.36 eval_best=101.36 buffer=105600 actor_loss=-47.1278 critic_loss=35.5980"}
2025-08-27 21:30:45,095 - system - INFO - {"timestamp": "2025-08-27T21:30:45.095278", "event_type": "episode_progress", "message": "ep=529/1000 reward=67.98 eval_best=101.36 buffer=105800 actor_loss=-47.7420 critic_loss=1.9914"}
2025-08-27 21:30:45,941 - system - INFO - {"timestamp": "2025-08-27T21:30:45.941047", "event_type": "episode_progress", "message": "ep=530/1000 reward=59.52 eval_best=101.36 buffer=106000 actor_loss=-47.3570 critic_loss=1.9332"}
2025-08-27 21:30:48,345 - system - INFO - {"timestamp": "2025-08-27T21:30:48.345862", "event_type": "info", "message": "Episode 530: Train Reward: 77.349, Eval F1: 0.4420, Eval Reward: 101.593 \u00b1 0.994"}
2025-08-27 21:30:48,348 - system - INFO - {"timestamp": "2025-08-27T21:30:48.348738", "event_type": "info", "message": "Agent saved to models/checkpoints/best_mlp_agent.pth"}
2025-08-27 21:30:48,348 - system - INFO - {"timestamp": "2025-08-27T21:30:48.348836", "event_type": "episode_progress", "message": "ep=531/1000 reward=77.35 eval_best=101.59 buffer=106200 actor_loss=-47.5845 critic_loss=1.3686"}
2025-08-27 21:30:49,193 - system - INFO - {"timestamp": "2025-08-27T21:30:49.193812", "event_type": "episode_progress", "message": "ep=532/1000 reward=52.67 eval_best=101.59 buffer=106400 actor_loss=-46.9652 critic_loss=2.3348"}
2025-08-27 21:30:50,035 - system - INFO - {"timestamp": "2025-08-27T21:30:50.035881", "event_type": "episode_progress", "message": "ep=533/1000 reward=39.06 eval_best=101.59 buffer=106600 actor_loss=-47.0351 critic_loss=1.8183"}
2025-08-27 21:30:50,882 - system - INFO - {"timestamp": "2025-08-27T21:30:50.882621", "event_type": "episode_progress", "message": "ep=534/1000 reward=73.04 eval_best=101.59 buffer=106800 actor_loss=-46.8830 critic_loss=17.7991"}
2025-08-27 21:30:51,728 - system - INFO - {"timestamp": "2025-08-27T21:30:51.728873", "event_type": "episode_progress", "message": "ep=535/1000 reward=53.24 eval_best=101.59 buffer=107000 actor_loss=-46.0280 critic_loss=50.6074"}
2025-08-27 21:30:52,575 - system - INFO - {"timestamp": "2025-08-27T21:30:52.575568", "event_type": "episode_progress", "message": "ep=536/1000 reward=60.82 eval_best=101.59 buffer=107200 actor_loss=-47.4533 critic_loss=2.1556"}
2025-08-27 21:30:53,425 - system - INFO - {"timestamp": "2025-08-27T21:30:53.425959", "event_type": "episode_progress", "message": "ep=537/1000 reward=66.59 eval_best=101.59 buffer=107400 actor_loss=-46.7144 critic_loss=18.3853"}
2025-08-27 21:30:54,272 - system - INFO - {"timestamp": "2025-08-27T21:30:54.272319", "event_type": "episode_progress", "message": "ep=538/1000 reward=69.52 eval_best=101.59 buffer=107600 actor_loss=-46.5123 critic_loss=2.3033"}
2025-08-27 21:30:55,121 - system - INFO - {"timestamp": "2025-08-27T21:30:55.121751", "event_type": "episode_progress", "message": "ep=539/1000 reward=61.96 eval_best=101.59 buffer=107800 actor_loss=-46.6609 critic_loss=1.8217"}
2025-08-27 21:30:55,968 - system - INFO - {"timestamp": "2025-08-27T21:30:55.968924", "event_type": "episode_progress", "message": "ep=540/1000 reward=48.56 eval_best=101.59 buffer=108000 actor_loss=-46.7211 critic_loss=2.0261"}
2025-08-27 21:30:58,367 - system - INFO - {"timestamp": "2025-08-27T21:30:58.367084", "event_type": "info", "message": "Episode 540: Train Reward: 55.217, Eval F1: 0.4438, Eval Reward: 100.992 \u00b1 1.348"}
2025-08-27 21:30:58,367 - system - INFO - {"timestamp": "2025-08-27T21:30:58.367175", "event_type": "episode_progress", "message": "ep=541/1000 reward=55.22 eval_best=101.59 buffer=108200 actor_loss=-47.0329 critic_loss=49.9927"}
2025-08-27 21:30:59,219 - system - INFO - {"timestamp": "2025-08-27T21:30:59.218992", "event_type": "episode_progress", "message": "ep=542/1000 reward=71.54 eval_best=101.59 buffer=108400 actor_loss=-46.3471 critic_loss=35.2353"}
2025-08-27 21:31:00,064 - system - INFO - {"timestamp": "2025-08-27T21:31:00.064581", "event_type": "episode_progress", "message": "ep=543/1000 reward=53.14 eval_best=101.59 buffer=108600 actor_loss=-46.9463 critic_loss=3.4097"}
2025-08-27 21:31:00,912 - system - INFO - {"timestamp": "2025-08-27T21:31:00.912525", "event_type": "episode_progress", "message": "ep=544/1000 reward=64.65 eval_best=101.59 buffer=108800 actor_loss=-46.5547 critic_loss=32.9784"}
2025-08-27 21:31:01,760 - system - INFO - {"timestamp": "2025-08-27T21:31:01.760619", "event_type": "episode_progress", "message": "ep=545/1000 reward=39.79 eval_best=101.59 buffer=109000 actor_loss=-46.4907 critic_loss=18.1930"}
2025-08-27 21:31:02,614 - system - INFO - {"timestamp": "2025-08-27T21:31:02.614273", "event_type": "episode_progress", "message": "ep=546/1000 reward=45.91 eval_best=101.59 buffer=109200 actor_loss=-46.4773 critic_loss=19.6929"}
2025-08-27 21:31:03,465 - system - INFO - {"timestamp": "2025-08-27T21:31:03.465347", "event_type": "episode_progress", "message": "ep=547/1000 reward=53.03 eval_best=101.59 buffer=109400 actor_loss=-46.4665 critic_loss=1.7204"}
2025-08-27 21:31:04,315 - system - INFO - {"timestamp": "2025-08-27T21:31:04.315254", "event_type": "episode_progress", "message": "ep=548/1000 reward=60.34 eval_best=101.59 buffer=109600 actor_loss=-46.6704 critic_loss=1.7037"}
2025-08-27 21:31:05,166 - system - INFO - {"timestamp": "2025-08-27T21:31:05.166688", "event_type": "episode_progress", "message": "ep=549/1000 reward=51.76 eval_best=101.59 buffer=109800 actor_loss=-46.4783 critic_loss=34.5915"}
2025-08-27 21:31:06,020 - system - WARNING - {"timestamp": "2025-08-27T21:31:06.020903", "event_type": "warning", "message": "Episode 550: USRP calibration targets not fully met. F1-target: \u274c, Improvement: \u274c, Target F1: 98.0%"}
2025-08-27 21:31:06,021 - system - INFO - {"timestamp": "2025-08-27T21:31:06.021000", "event_type": "episode_progress", "message": "ep=550/1000 reward=53.92 eval_best=101.59 buffer=110000 actor_loss=-46.1265 critic_loss=1.9143"}
2025-08-27 21:31:08,478 - system - INFO - {"timestamp": "2025-08-27T21:31:08.478553", "event_type": "info", "message": "Episode 550: Train Reward: 62.344, Eval F1: 0.4423, Eval Reward: 101.113 \u00b1 1.968"}
2025-08-27 21:31:08,481 - system - INFO - {"timestamp": "2025-08-27T21:31:08.481464", "event_type": "info", "message": "Agent saved to models/checkpoints/mlp_agent_episode_550.pth"}
2025-08-27 21:31:08,481 - system - INFO - {"timestamp": "2025-08-27T21:31:08.481571", "event_type": "episode_progress", "message": "ep=551/1000 reward=62.34 eval_best=101.59 buffer=110200 actor_loss=-46.3733 critic_loss=1.5994"}
2025-08-27 21:31:09,358 - system - INFO - {"timestamp": "2025-08-27T21:31:09.358640", "event_type": "episode_progress", "message": "ep=552/1000 reward=63.62 eval_best=101.59 buffer=110400 actor_loss=-46.4511 critic_loss=34.5564"}
2025-08-27 21:31:10,229 - system - INFO - {"timestamp": "2025-08-27T21:31:10.229476", "event_type": "episode_progress", "message": "ep=553/1000 reward=56.84 eval_best=101.59 buffer=110600 actor_loss=-46.4088 critic_loss=1.7041"}
2025-08-27 21:31:11,101 - system - INFO - {"timestamp": "2025-08-27T21:31:11.101098", "event_type": "episode_progress", "message": "ep=554/1000 reward=60.19 eval_best=101.59 buffer=110800 actor_loss=-46.0270 critic_loss=8.7428"}
2025-08-27 21:31:11,961 - system - INFO - {"timestamp": "2025-08-27T21:31:11.961600", "event_type": "episode_progress", "message": "ep=555/1000 reward=61.25 eval_best=101.59 buffer=111000 actor_loss=-46.3107 critic_loss=34.9586"}
2025-08-27 21:31:12,818 - system - INFO - {"timestamp": "2025-08-27T21:31:12.818675", "event_type": "episode_progress", "message": "ep=556/1000 reward=53.33 eval_best=101.59 buffer=111200 actor_loss=-45.9239 critic_loss=2.3562"}
2025-08-27 21:31:13,674 - system - INFO - {"timestamp": "2025-08-27T21:31:13.674358", "event_type": "episode_progress", "message": "ep=557/1000 reward=73.90 eval_best=101.59 buffer=111400 actor_loss=-46.3717 critic_loss=1.7796"}
2025-08-27 21:31:14,530 - system - INFO - {"timestamp": "2025-08-27T21:31:14.530146", "event_type": "episode_progress", "message": "ep=558/1000 reward=71.19 eval_best=101.59 buffer=111600 actor_loss=-46.3460 critic_loss=35.6324"}
2025-08-27 21:31:15,388 - system - INFO - {"timestamp": "2025-08-27T21:31:15.388054", "event_type": "episode_progress", "message": "ep=559/1000 reward=58.95 eval_best=101.59 buffer=111800 actor_loss=-45.9702 critic_loss=2.1005"}
2025-08-27 21:31:16,242 - system - INFO - {"timestamp": "2025-08-27T21:31:16.242237", "event_type": "episode_progress", "message": "ep=560/1000 reward=67.09 eval_best=101.59 buffer=112000 actor_loss=-46.3858 critic_loss=35.3979"}
2025-08-27 21:31:18,662 - system - INFO - {"timestamp": "2025-08-27T21:31:18.662932", "event_type": "info", "message": "Episode 560: Train Reward: 66.840, Eval F1: 0.4475, Eval Reward: 101.248 \u00b1 1.526"}
2025-08-27 21:31:18,663 - system - INFO - {"timestamp": "2025-08-27T21:31:18.663026", "event_type": "episode_progress", "message": "ep=561/1000 reward=66.84 eval_best=101.59 buffer=112200 actor_loss=-46.3018 critic_loss=35.1161"}
2025-08-27 21:31:19,515 - system - INFO - {"timestamp": "2025-08-27T21:31:19.515628", "event_type": "episode_progress", "message": "ep=562/1000 reward=63.46 eval_best=101.59 buffer=112400 actor_loss=-46.0586 critic_loss=1.9530"}
2025-08-27 21:31:20,367 - system - INFO - {"timestamp": "2025-08-27T21:31:20.367098", "event_type": "episode_progress", "message": "ep=563/1000 reward=53.35 eval_best=101.59 buffer=112600 actor_loss=-46.2565 critic_loss=57.8977"}
2025-08-27 21:31:21,211 - system - INFO - {"timestamp": "2025-08-27T21:31:21.211302", "event_type": "episode_progress", "message": "ep=564/1000 reward=48.54 eval_best=101.59 buffer=112800 actor_loss=-46.1754 critic_loss=1.6070"}
2025-08-27 21:31:22,073 - system - INFO - {"timestamp": "2025-08-27T21:31:22.073696", "event_type": "episode_progress", "message": "ep=565/1000 reward=76.82 eval_best=101.59 buffer=113000 actor_loss=-46.5582 critic_loss=18.6275"}
2025-08-27 21:31:23,050 - system - INFO - {"timestamp": "2025-08-27T21:31:23.050029", "event_type": "episode_progress", "message": "ep=566/1000 reward=45.20 eval_best=101.59 buffer=113200 actor_loss=-46.5698 critic_loss=1.9473"}
2025-08-27 21:31:23,977 - system - INFO - {"timestamp": "2025-08-27T21:31:23.977135", "event_type": "episode_progress", "message": "ep=567/1000 reward=62.30 eval_best=101.59 buffer=113400 actor_loss=-46.5934 critic_loss=1.6761"}
2025-08-27 21:31:24,887 - system - INFO - {"timestamp": "2025-08-27T21:31:24.887685", "event_type": "episode_progress", "message": "ep=568/1000 reward=48.49 eval_best=101.59 buffer=113600 actor_loss=-46.4500 critic_loss=17.2083"}
2025-08-27 21:31:25,797 - system - INFO - {"timestamp": "2025-08-27T21:31:25.797582", "event_type": "episode_progress", "message": "ep=569/1000 reward=62.51 eval_best=101.59 buffer=113800 actor_loss=-45.9974 critic_loss=31.1807"}
2025-08-27 21:31:26,715 - system - INFO - {"timestamp": "2025-08-27T21:31:26.715943", "event_type": "episode_progress", "message": "ep=570/1000 reward=61.83 eval_best=101.59 buffer=114000 actor_loss=-46.5262 critic_loss=17.8222"}
2025-08-27 21:31:29,293 - system - INFO - {"timestamp": "2025-08-27T21:31:29.293640", "event_type": "info", "message": "Episode 570: Train Reward: 52.481, Eval F1: 0.4414, Eval Reward: 102.086 \u00b1 1.095"}
2025-08-27 21:31:29,296 - system - INFO - {"timestamp": "2025-08-27T21:31:29.296800", "event_type": "info", "message": "Agent saved to models/checkpoints/best_mlp_agent.pth"}
2025-08-27 21:31:29,296 - system - INFO - {"timestamp": "2025-08-27T21:31:29.296913", "event_type": "episode_progress", "message": "ep=571/1000 reward=52.48 eval_best=102.09 buffer=114200 actor_loss=-46.1736 critic_loss=18.9781"}
2025-08-27 21:31:30,217 - system - INFO - {"timestamp": "2025-08-27T21:31:30.217894", "event_type": "episode_progress", "message": "ep=572/1000 reward=45.74 eval_best=102.09 buffer=114400 actor_loss=-46.2082 critic_loss=1.7128"}
2025-08-27 21:31:31,122 - system - INFO - {"timestamp": "2025-08-27T21:31:31.122495", "event_type": "episode_progress", "message": "ep=573/1000 reward=57.09 eval_best=102.09 buffer=114600 actor_loss=-46.7840 critic_loss=1.7430"}
2025-08-27 21:31:32,135 - system - INFO - {"timestamp": "2025-08-27T21:31:32.135132", "event_type": "episode_progress", "message": "ep=574/1000 reward=58.43 eval_best=102.09 buffer=114800 actor_loss=-45.9326 critic_loss=1.7359"}
2025-08-27 21:31:33,132 - system - INFO - {"timestamp": "2025-08-27T21:31:33.132897", "event_type": "episode_progress", "message": "ep=575/1000 reward=49.75 eval_best=102.09 buffer=115000 actor_loss=-46.5182 critic_loss=34.5134"}
2025-08-27 21:31:34,064 - system - INFO - {"timestamp": "2025-08-27T21:31:34.064912", "event_type": "episode_progress", "message": "ep=576/1000 reward=57.92 eval_best=102.09 buffer=115200 actor_loss=-46.5608 critic_loss=35.2193"}
2025-08-27 21:31:35,007 - system - INFO - {"timestamp": "2025-08-27T21:31:35.007393", "event_type": "episode_progress", "message": "ep=577/1000 reward=63.55 eval_best=102.09 buffer=115400 actor_loss=-47.0862 critic_loss=1.7262"}
2025-08-27 21:31:35,935 - system - INFO - {"timestamp": "2025-08-27T21:31:35.935510", "event_type": "episode_progress", "message": "ep=578/1000 reward=55.65 eval_best=102.09 buffer=115600 actor_loss=-46.1887 critic_loss=1.8469"}
2025-08-27 21:31:36,887 - system - INFO - {"timestamp": "2025-08-27T21:31:36.887726", "event_type": "episode_progress", "message": "ep=579/1000 reward=78.17 eval_best=102.09 buffer=115800 actor_loss=-46.3550 critic_loss=1.2316"}
2025-08-27 21:31:37,828 - system - INFO - {"timestamp": "2025-08-27T21:31:37.828744", "event_type": "episode_progress", "message": "ep=580/1000 reward=73.06 eval_best=102.09 buffer=116000 actor_loss=-46.0462 critic_loss=1.5064"}
2025-08-27 21:31:40,519 - system - INFO - {"timestamp": "2025-08-27T21:31:40.519862", "event_type": "info", "message": "Episode 580: Train Reward: 61.050, Eval F1: 0.4330, Eval Reward: 101.461 \u00b1 1.792"}
2025-08-27 21:31:40,520 - system - INFO - {"timestamp": "2025-08-27T21:31:40.519988", "event_type": "episode_progress", "message": "ep=581/1000 reward=61.05 eval_best=102.09 buffer=116200 actor_loss=-46.2303 critic_loss=33.3211"}
2025-08-27 21:31:41,465 - system - INFO - {"timestamp": "2025-08-27T21:31:41.465358", "event_type": "episode_progress", "message": "ep=582/1000 reward=55.70 eval_best=102.09 buffer=116400 actor_loss=-45.9829 critic_loss=1.8554"}
2025-08-27 21:31:42,418 - system - INFO - {"timestamp": "2025-08-27T21:31:42.418859", "event_type": "episode_progress", "message": "ep=583/1000 reward=79.22 eval_best=102.09 buffer=116600 actor_loss=-45.6798 critic_loss=2.2788"}
2025-08-27 21:31:43,356 - system - INFO - {"timestamp": "2025-08-27T21:31:43.356711", "event_type": "episode_progress", "message": "ep=584/1000 reward=64.82 eval_best=102.09 buffer=116800 actor_loss=-46.1899 critic_loss=17.2255"}
2025-08-27 21:31:44,280 - system - INFO - {"timestamp": "2025-08-27T21:31:44.280318", "event_type": "episode_progress", "message": "ep=585/1000 reward=58.28 eval_best=102.09 buffer=117000 actor_loss=-46.5510 critic_loss=1.8872"}
2025-08-27 21:31:45,190 - system - INFO - {"timestamp": "2025-08-27T21:31:45.190081", "event_type": "episode_progress", "message": "ep=586/1000 reward=43.24 eval_best=102.09 buffer=117200 actor_loss=-46.3604 critic_loss=1.6180"}
2025-08-27 21:31:46,121 - system - INFO - {"timestamp": "2025-08-27T21:31:46.121948", "event_type": "episode_progress", "message": "ep=587/1000 reward=50.31 eval_best=102.09 buffer=117400 actor_loss=-46.0424 critic_loss=1.6603"}
2025-08-27 21:31:47,057 - system - INFO - {"timestamp": "2025-08-27T21:31:47.057685", "event_type": "episode_progress", "message": "ep=588/1000 reward=52.84 eval_best=102.09 buffer=117600 actor_loss=-46.5706 critic_loss=1.2197"}
2025-08-27 21:31:47,991 - system - INFO - {"timestamp": "2025-08-27T21:31:47.991806", "event_type": "episode_progress", "message": "ep=589/1000 reward=70.28 eval_best=102.09 buffer=117800 actor_loss=-46.2618 critic_loss=1.2393"}
2025-08-27 21:31:48,926 - system - INFO - {"timestamp": "2025-08-27T21:31:48.926392", "event_type": "episode_progress", "message": "ep=590/1000 reward=72.67 eval_best=102.09 buffer=118000 actor_loss=-46.1760 critic_loss=1.6385"}
2025-08-27 21:31:51,604 - system - INFO - {"timestamp": "2025-08-27T21:31:51.604824", "event_type": "info", "message": "Episode 590: Train Reward: 62.057, Eval F1: 0.3560, Eval Reward: 100.706 \u00b1 1.578"}
2025-08-27 21:31:51,604 - system - INFO - {"timestamp": "2025-08-27T21:31:51.604951", "event_type": "episode_progress", "message": "ep=591/1000 reward=62.06 eval_best=102.09 buffer=118200 actor_loss=-46.2391 critic_loss=1.5214"}
2025-08-27 21:31:52,549 - system - INFO - {"timestamp": "2025-08-27T21:31:52.549780", "event_type": "episode_progress", "message": "ep=592/1000 reward=48.60 eval_best=102.09 buffer=118400 actor_loss=-46.2148 critic_loss=1.3716"}
2025-08-27 21:31:53,493 - system - INFO - {"timestamp": "2025-08-27T21:31:53.493411", "event_type": "episode_progress", "message": "ep=593/1000 reward=51.44 eval_best=102.09 buffer=118600 actor_loss=-45.8954 critic_loss=50.0777"}
2025-08-27 21:31:54,415 - system - INFO - {"timestamp": "2025-08-27T21:31:54.415964", "event_type": "episode_progress", "message": "ep=594/1000 reward=63.87 eval_best=102.09 buffer=118800 actor_loss=-46.5717 critic_loss=1.3085"}
2025-08-27 21:31:55,351 - system - INFO - {"timestamp": "2025-08-27T21:31:55.351779", "event_type": "episode_progress", "message": "ep=595/1000 reward=56.29 eval_best=102.09 buffer=119000 actor_loss=-45.9064 critic_loss=1.5359"}
2025-08-27 21:31:56,287 - system - INFO - {"timestamp": "2025-08-27T21:31:56.287520", "event_type": "episode_progress", "message": "ep=596/1000 reward=60.60 eval_best=102.09 buffer=119200 actor_loss=-46.1553 critic_loss=27.7737"}
2025-08-27 21:31:57,219 - system - INFO - {"timestamp": "2025-08-27T21:31:57.219259", "event_type": "episode_progress", "message": "ep=597/1000 reward=68.71 eval_best=102.09 buffer=119400 actor_loss=-46.4710 critic_loss=1.3808"}
2025-08-27 21:31:58,157 - system - INFO - {"timestamp": "2025-08-27T21:31:58.157541", "event_type": "episode_progress", "message": "ep=598/1000 reward=52.01 eval_best=102.09 buffer=119600 actor_loss=-45.5868 critic_loss=2.0235"}
2025-08-27 21:31:59,125 - system - INFO - {"timestamp": "2025-08-27T21:31:59.125756", "event_type": "episode_progress", "message": "ep=599/1000 reward=87.64 eval_best=102.09 buffer=119800 actor_loss=-46.1644 critic_loss=1.5009"}
2025-08-27 21:32:00,055 - system - WARNING - {"timestamp": "2025-08-27T21:32:00.054910", "event_type": "warning", "message": "Episode 600: USRP calibration targets not fully met. F1-target: \u274c, Improvement: \u274c, Target F1: 98.0%"}
2025-08-27 21:32:00,055 - system - INFO - {"timestamp": "2025-08-27T21:32:00.055273", "event_type": "episode_progress", "message": "ep=600/1000 reward=67.12 eval_best=102.09 buffer=120000 actor_loss=-46.4296 critic_loss=17.9198"}
2025-08-27 21:32:02,673 - system - INFO - {"timestamp": "2025-08-27T21:32:02.673288", "event_type": "info", "message": "Episode 600: Train Reward: 61.758, Eval F1: 0.3669, Eval Reward: 100.991 \u00b1 1.644"}
2025-08-27 21:32:02,676 - system - INFO - {"timestamp": "2025-08-27T21:32:02.676416", "event_type": "info", "message": "Agent saved to models/checkpoints/mlp_agent_episode_600.pth"}
2025-08-27 21:32:02,676 - system - INFO - {"timestamp": "2025-08-27T21:32:02.676521", "event_type": "episode_progress", "message": "ep=601/1000 reward=61.76 eval_best=102.09 buffer=120200 actor_loss=-46.1989 critic_loss=33.3440"}
2025-08-27 21:32:03,615 - system - INFO - {"timestamp": "2025-08-27T21:32:03.615015", "event_type": "episode_progress", "message": "ep=602/1000 reward=43.60 eval_best=102.09 buffer=120400 actor_loss=-45.5264 critic_loss=8.8689"}
2025-08-27 21:32:04,587 - system - INFO - {"timestamp": "2025-08-27T21:32:04.587665", "event_type": "episode_progress", "message": "ep=603/1000 reward=71.01 eval_best=102.09 buffer=120600 actor_loss=-46.3170 critic_loss=18.2986"}
2025-08-27 21:32:05,562 - system - INFO - {"timestamp": "2025-08-27T21:32:05.562299", "event_type": "episode_progress", "message": "ep=604/1000 reward=53.08 eval_best=102.09 buffer=120800 actor_loss=-46.3456 critic_loss=1.4596"}
2025-08-27 21:32:06,482 - system - INFO - {"timestamp": "2025-08-27T21:32:06.482022", "event_type": "episode_progress", "message": "ep=605/1000 reward=54.65 eval_best=102.09 buffer=121000 actor_loss=-46.2796 critic_loss=1.4665"}
2025-08-27 21:32:07,421 - system - INFO - {"timestamp": "2025-08-27T21:32:07.421903", "event_type": "episode_progress", "message": "ep=606/1000 reward=51.98 eval_best=102.09 buffer=121200 actor_loss=-46.3674 critic_loss=1.4396"}
2025-08-27 21:32:08,369 - system - INFO - {"timestamp": "2025-08-27T21:32:08.369413", "event_type": "episode_progress", "message": "ep=607/1000 reward=60.66 eval_best=102.09 buffer=121400 actor_loss=-45.9965 critic_loss=17.4752"}
2025-08-27 21:32:09,313 - system - INFO - {"timestamp": "2025-08-27T21:32:09.313547", "event_type": "episode_progress", "message": "ep=608/1000 reward=54.16 eval_best=102.09 buffer=121600 actor_loss=-45.9098 critic_loss=1.4545"}
2025-08-27 21:32:10,246 - system - INFO - {"timestamp": "2025-08-27T21:32:10.246747", "event_type": "episode_progress", "message": "ep=609/1000 reward=62.93 eval_best=102.09 buffer=121800 actor_loss=-46.0433 critic_loss=17.7259"}
2025-08-27 21:32:11,157 - system - INFO - {"timestamp": "2025-08-27T21:32:11.157157", "event_type": "episode_progress", "message": "ep=610/1000 reward=45.88 eval_best=102.09 buffer=122000 actor_loss=-45.6672 critic_loss=16.6918"}
2025-08-27 21:32:13,806 - system - INFO - {"timestamp": "2025-08-27T21:32:13.806600", "event_type": "info", "message": "Episode 610: Train Reward: 55.601, Eval F1: 0.3541, Eval Reward: 101.413 \u00b1 1.919"}
2025-08-27 21:32:13,806 - system - INFO - {"timestamp": "2025-08-27T21:32:13.806735", "event_type": "episode_progress", "message": "ep=611/1000 reward=55.60 eval_best=102.09 buffer=122200 actor_loss=-45.8928 critic_loss=1.5089"}
2025-08-27 21:32:14,747 - system - INFO - {"timestamp": "2025-08-27T21:32:14.747177", "event_type": "episode_progress", "message": "ep=612/1000 reward=66.15 eval_best=102.09 buffer=122400 actor_loss=-46.0292 critic_loss=16.0649"}
2025-08-27 21:32:15,685 - system - INFO - {"timestamp": "2025-08-27T21:32:15.685358", "event_type": "episode_progress", "message": "ep=613/1000 reward=50.17 eval_best=102.09 buffer=122600 actor_loss=-45.7525 critic_loss=1.4963"}
2025-08-27 21:32:16,594 - system - INFO - {"timestamp": "2025-08-27T21:32:16.594140", "event_type": "episode_progress", "message": "ep=614/1000 reward=69.49 eval_best=102.09 buffer=122800 actor_loss=-45.6417 critic_loss=18.5555"}
2025-08-27 21:32:17,513 - system - INFO - {"timestamp": "2025-08-27T21:32:17.513671", "event_type": "episode_progress", "message": "ep=615/1000 reward=70.52 eval_best=102.09 buffer=123000 actor_loss=-45.9306 critic_loss=1.0388"}
2025-08-27 21:32:18,428 - system - INFO - {"timestamp": "2025-08-27T21:32:18.428185", "event_type": "episode_progress", "message": "ep=616/1000 reward=54.48 eval_best=102.09 buffer=123200 actor_loss=-45.7874 critic_loss=17.1411"}
2025-08-27 21:32:19,384 - system - INFO - {"timestamp": "2025-08-27T21:32:19.384091", "event_type": "episode_progress", "message": "ep=617/1000 reward=70.50 eval_best=102.09 buffer=123400 actor_loss=-45.8404 critic_loss=1.3904"}
2025-08-27 21:32:20,335 - system - INFO - {"timestamp": "2025-08-27T21:32:20.335953", "event_type": "episode_progress", "message": "ep=618/1000 reward=73.94 eval_best=102.09 buffer=123600 actor_loss=-45.6195 critic_loss=1.5445"}
2025-08-27 21:32:21,266 - system - INFO - {"timestamp": "2025-08-27T21:32:21.265967", "event_type": "episode_progress", "message": "ep=619/1000 reward=62.54 eval_best=102.09 buffer=123800 actor_loss=-45.4562 critic_loss=1.5901"}
2025-08-27 21:32:22,176 - system - INFO - {"timestamp": "2025-08-27T21:32:22.176233", "event_type": "episode_progress", "message": "ep=620/1000 reward=61.54 eval_best=102.09 buffer=124000 actor_loss=-44.9226 critic_loss=2.2259"}
2025-08-27 21:32:24,815 - system - INFO - {"timestamp": "2025-08-27T21:32:24.815298", "event_type": "info", "message": "Episode 620: Train Reward: 56.317, Eval F1: 0.3530, Eval Reward: 101.530 \u00b1 0.829"}
2025-08-27 21:32:24,815 - system - INFO - {"timestamp": "2025-08-27T21:32:24.815431", "event_type": "episode_progress", "message": "ep=621/1000 reward=56.32 eval_best=102.09 buffer=124200 actor_loss=-45.9041 critic_loss=32.8188"}
2025-08-27 21:32:25,744 - system - INFO - {"timestamp": "2025-08-27T21:32:25.744547", "event_type": "episode_progress", "message": "ep=622/1000 reward=68.86 eval_best=102.09 buffer=124400 actor_loss=-45.1693 critic_loss=18.1877"}
2025-08-27 21:32:26,679 - system - INFO - {"timestamp": "2025-08-27T21:32:26.679428", "event_type": "episode_progress", "message": "ep=623/1000 reward=64.65 eval_best=102.09 buffer=124600 actor_loss=-45.6642 critic_loss=16.6446"}
2025-08-27 21:32:27,623 - system - INFO - {"timestamp": "2025-08-27T21:32:27.623442", "event_type": "episode_progress", "message": "ep=624/1000 reward=51.61 eval_best=102.09 buffer=124800 actor_loss=-45.7719 critic_loss=16.8632"}
2025-08-27 21:32:28,582 - system - INFO - {"timestamp": "2025-08-27T21:32:28.582957", "event_type": "episode_progress", "message": "ep=625/1000 reward=54.12 eval_best=102.09 buffer=125000 actor_loss=-45.6372 critic_loss=1.4861"}
2025-08-27 21:32:29,536 - system - INFO - {"timestamp": "2025-08-27T21:32:29.536013", "event_type": "episode_progress", "message": "ep=626/1000 reward=55.86 eval_best=102.09 buffer=125200 actor_loss=-45.2256 critic_loss=17.4260"}
2025-08-27 21:32:30,492 - system - INFO - {"timestamp": "2025-08-27T21:32:30.492447", "event_type": "episode_progress", "message": "ep=627/1000 reward=72.31 eval_best=102.09 buffer=125400 actor_loss=-45.5868 critic_loss=16.5983"}
2025-08-27 21:32:31,430 - system - INFO - {"timestamp": "2025-08-27T21:32:31.430406", "event_type": "episode_progress", "message": "ep=628/1000 reward=58.11 eval_best=102.09 buffer=125600 actor_loss=-45.4881 critic_loss=17.5729"}
2025-08-27 21:32:32,353 - system - INFO - {"timestamp": "2025-08-27T21:32:32.353231", "event_type": "episode_progress", "message": "ep=629/1000 reward=68.13 eval_best=102.09 buffer=125800 actor_loss=-45.9625 critic_loss=2.1374"}
2025-08-27 21:32:33,317 - system - INFO - {"timestamp": "2025-08-27T21:32:33.317594", "event_type": "episode_progress", "message": "ep=630/1000 reward=65.65 eval_best=102.09 buffer=126000 actor_loss=-45.8322 critic_loss=1.5149"}
2025-08-27 21:32:35,975 - system - INFO - {"timestamp": "2025-08-27T21:32:35.975708", "event_type": "info", "message": "Episode 630: Train Reward: 67.749, Eval F1: 0.3552, Eval Reward: 98.905 \u00b1 1.873"}
2025-08-27 21:32:35,975 - system - INFO - {"timestamp": "2025-08-27T21:32:35.975853", "event_type": "episode_progress", "message": "ep=631/1000 reward=67.75 eval_best=102.09 buffer=126200 actor_loss=-45.6818 critic_loss=1.5424"}
2025-08-27 21:32:36,912 - system - INFO - {"timestamp": "2025-08-27T21:32:36.912073", "event_type": "episode_progress", "message": "ep=632/1000 reward=62.09 eval_best=102.09 buffer=126400 actor_loss=-45.1287 critic_loss=32.7198"}
2025-08-27 21:32:37,878 - system - INFO - {"timestamp": "2025-08-27T21:32:37.878070", "event_type": "episode_progress", "message": "ep=633/1000 reward=53.60 eval_best=102.09 buffer=126600 actor_loss=-45.7337 critic_loss=46.9988"}
2025-08-27 21:32:38,864 - system - INFO - {"timestamp": "2025-08-27T21:32:38.864428", "event_type": "episode_progress", "message": "ep=634/1000 reward=64.23 eval_best=102.09 buffer=126800 actor_loss=-45.4954 critic_loss=17.1168"}
2025-08-27 21:32:39,782 - system - INFO - {"timestamp": "2025-08-27T21:32:39.782735", "event_type": "episode_progress", "message": "ep=635/1000 reward=39.80 eval_best=102.09 buffer=127000 actor_loss=-45.3201 critic_loss=1.4734"}
2025-08-27 21:32:40,696 - system - INFO - {"timestamp": "2025-08-27T21:32:40.696067", "event_type": "episode_progress", "message": "ep=636/1000 reward=70.28 eval_best=102.09 buffer=127200 actor_loss=-45.2523 critic_loss=1.2748"}
2025-08-27 21:32:41,641 - system - INFO - {"timestamp": "2025-08-27T21:32:41.641429", "event_type": "episode_progress", "message": "ep=637/1000 reward=48.81 eval_best=102.09 buffer=127400 actor_loss=-45.6940 critic_loss=1.4276"}
2025-08-27 21:32:42,585 - system - INFO - {"timestamp": "2025-08-27T21:32:42.585142", "event_type": "episode_progress", "message": "ep=638/1000 reward=68.42 eval_best=102.09 buffer=127600 actor_loss=-45.1912 critic_loss=17.0621"}
2025-08-27 21:32:43,536 - system - INFO - {"timestamp": "2025-08-27T21:32:43.536450", "event_type": "episode_progress", "message": "ep=639/1000 reward=53.83 eval_best=102.09 buffer=127800 actor_loss=-46.0458 critic_loss=33.7753"}
2025-08-27 21:32:44,493 - system - INFO - {"timestamp": "2025-08-27T21:32:44.493406", "event_type": "episode_progress", "message": "ep=640/1000 reward=48.86 eval_best=102.09 buffer=128000 actor_loss=-45.9608 critic_loss=1.0648"}
2025-08-27 21:32:47,174 - system - INFO - {"timestamp": "2025-08-27T21:32:47.174839", "event_type": "info", "message": "Episode 640: Train Reward: 49.969, Eval F1: 0.3552, Eval Reward: 91.626 \u00b1 1.302"}
2025-08-27 21:32:47,174 - system - INFO - {"timestamp": "2025-08-27T21:32:47.174970", "event_type": "episode_progress", "message": "ep=641/1000 reward=49.97 eval_best=102.09 buffer=128200 actor_loss=-45.8520 critic_loss=32.4662"}
2025-08-27 21:32:48,105 - system - INFO - {"timestamp": "2025-08-27T21:32:48.105737", "event_type": "episode_progress", "message": "ep=642/1000 reward=60.55 eval_best=102.09 buffer=128400 actor_loss=-45.7415 critic_loss=16.4399"}
2025-08-27 21:32:49,072 - system - INFO - {"timestamp": "2025-08-27T21:32:49.072530", "event_type": "episode_progress", "message": "ep=643/1000 reward=59.65 eval_best=102.09 buffer=128600 actor_loss=-45.4788 critic_loss=1.2517"}
2025-08-27 21:32:50,037 - system - INFO - {"timestamp": "2025-08-27T21:32:50.037904", "event_type": "episode_progress", "message": "ep=644/1000 reward=60.13 eval_best=102.09 buffer=128800 actor_loss=-45.4998 critic_loss=16.8747"}
2025-08-27 21:32:51,026 - system - INFO - {"timestamp": "2025-08-27T21:32:51.026347", "event_type": "episode_progress", "message": "ep=645/1000 reward=32.52 eval_best=102.09 buffer=129000 actor_loss=-45.4806 critic_loss=1.1244"}
2025-08-27 21:32:51,950 - system - INFO - {"timestamp": "2025-08-27T21:32:51.950301", "event_type": "episode_progress", "message": "ep=646/1000 reward=58.22 eval_best=102.09 buffer=129200 actor_loss=-44.7266 critic_loss=5.7487"}
2025-08-27 21:32:52,875 - system - INFO - {"timestamp": "2025-08-27T21:32:52.875131", "event_type": "episode_progress", "message": "ep=647/1000 reward=60.64 eval_best=102.09 buffer=129400 actor_loss=-45.4222 critic_loss=1.2269"}
2025-08-27 21:32:53,845 - system - INFO - {"timestamp": "2025-08-27T21:32:53.845705", "event_type": "episode_progress", "message": "ep=648/1000 reward=78.19 eval_best=102.09 buffer=129600 actor_loss=-45.3907 critic_loss=17.5892"}
2025-08-27 21:32:54,781 - system - INFO - {"timestamp": "2025-08-27T21:32:54.781255", "event_type": "episode_progress", "message": "ep=649/1000 reward=54.10 eval_best=102.09 buffer=129800 actor_loss=-45.4551 critic_loss=1.8974"}
2025-08-27 21:32:55,733 - system - WARNING - {"timestamp": "2025-08-27T21:32:55.733900", "event_type": "warning", "message": "Episode 650: USRP calibration targets not fully met. F1-target: \u274c, Improvement: \u274c, Target F1: 98.0%"}
2025-08-27 21:32:55,734 - system - INFO - {"timestamp": "2025-08-27T21:32:55.734032", "event_type": "episode_progress", "message": "ep=650/1000 reward=60.79 eval_best=102.09 buffer=130000 actor_loss=-45.5534 critic_loss=1.1015"}
2025-08-27 21:32:58,351 - system - INFO - {"timestamp": "2025-08-27T21:32:58.351018", "event_type": "info", "message": "Episode 650: Train Reward: 60.883, Eval F1: 0.4106, Eval Reward: 90.753 \u00b1 1.187"}
2025-08-27 21:32:58,354 - system - INFO - {"timestamp": "2025-08-27T21:32:58.354204", "event_type": "info", "message": "Agent saved to models/checkpoints/mlp_agent_episode_650.pth"}
2025-08-27 21:32:58,354 - system - INFO - {"timestamp": "2025-08-27T21:32:58.354319", "event_type": "episode_progress", "message": "ep=651/1000 reward=60.88 eval_best=102.09 buffer=130200 actor_loss=-45.1358 critic_loss=1.3475"}
2025-08-27 21:32:59,332 - system - INFO - {"timestamp": "2025-08-27T21:32:59.332790", "event_type": "episode_progress", "message": "ep=652/1000 reward=57.62 eval_best=102.09 buffer=130400 actor_loss=-45.7369 critic_loss=1.0798"}
2025-08-27 21:33:00,262 - system - INFO - {"timestamp": "2025-08-27T21:33:00.262073", "event_type": "episode_progress", "message": "ep=653/1000 reward=55.28 eval_best=102.09 buffer=130600 actor_loss=-45.5474 critic_loss=1.3995"}
2025-08-27 21:33:01,179 - system - INFO - {"timestamp": "2025-08-27T21:33:01.179020", "event_type": "episode_progress", "message": "ep=654/1000 reward=51.93 eval_best=102.09 buffer=130800 actor_loss=-45.7405 critic_loss=1.1727"}
2025-08-27 21:33:02,088 - system - INFO - {"timestamp": "2025-08-27T21:33:02.088398", "event_type": "episode_progress", "message": "ep=655/1000 reward=63.23 eval_best=102.09 buffer=131000 actor_loss=-45.0875 critic_loss=1.1825"}
2025-08-27 21:33:03,007 - system - INFO - {"timestamp": "2025-08-27T21:33:03.007568", "event_type": "episode_progress", "message": "ep=656/1000 reward=74.61 eval_best=102.09 buffer=131200 actor_loss=-45.3673 critic_loss=1.5343"}
2025-08-27 21:33:03,921 - system - INFO - {"timestamp": "2025-08-27T21:33:03.921644", "event_type": "episode_progress", "message": "ep=657/1000 reward=55.94 eval_best=102.09 buffer=131400 actor_loss=-45.7089 critic_loss=1.2690"}
2025-08-27 21:33:04,817 - system - INFO - {"timestamp": "2025-08-27T21:33:04.817290", "event_type": "episode_progress", "message": "ep=658/1000 reward=72.73 eval_best=102.09 buffer=131600 actor_loss=-45.5171 critic_loss=16.1113"}
2025-08-27 21:33:05,728 - system - INFO - {"timestamp": "2025-08-27T21:33:05.728236", "event_type": "episode_progress", "message": "ep=659/1000 reward=51.22 eval_best=102.09 buffer=131800 actor_loss=-45.2556 critic_loss=1.2260"}
2025-08-27 21:33:06,637 - system - INFO - {"timestamp": "2025-08-27T21:33:06.637494", "event_type": "episode_progress", "message": "ep=660/1000 reward=42.19 eval_best=102.09 buffer=132000 actor_loss=-45.3691 critic_loss=1.4255"}
2025-08-27 21:33:09,262 - system - INFO - {"timestamp": "2025-08-27T21:33:09.262506", "event_type": "info", "message": "Episode 660: Train Reward: 48.108, Eval F1: 0.4183, Eval Reward: 90.137 \u00b1 1.063"}
2025-08-27 21:33:09,262 - system - INFO - {"timestamp": "2025-08-27T21:33:09.262646", "event_type": "episode_progress", "message": "ep=661/1000 reward=48.11 eval_best=102.09 buffer=132200 actor_loss=-44.8987 critic_loss=20.5414"}
2025-08-27 21:33:10,215 - system - INFO - {"timestamp": "2025-08-27T21:33:10.215535", "event_type": "episode_progress", "message": "ep=662/1000 reward=43.29 eval_best=102.09 buffer=132400 actor_loss=-45.5432 critic_loss=1.1271"}
2025-08-27 21:33:11,152 - system - INFO - {"timestamp": "2025-08-27T21:33:11.152466", "event_type": "episode_progress", "message": "ep=663/1000 reward=59.05 eval_best=102.09 buffer=132600 actor_loss=-45.2609 critic_loss=1.2594"}
2025-08-27 21:33:12,078 - system - INFO - {"timestamp": "2025-08-27T21:33:12.078691", "event_type": "episode_progress", "message": "ep=664/1000 reward=49.04 eval_best=102.09 buffer=132800 actor_loss=-45.3607 critic_loss=16.7469"}
2025-08-27 21:33:12,980 - system - INFO - {"timestamp": "2025-08-27T21:33:12.980352", "event_type": "episode_progress", "message": "ep=665/1000 reward=55.07 eval_best=102.09 buffer=133000 actor_loss=-45.4000 critic_loss=1.1685"}
2025-08-27 21:33:13,896 - system - INFO - {"timestamp": "2025-08-27T21:33:13.896639", "event_type": "episode_progress", "message": "ep=666/1000 reward=64.78 eval_best=102.09 buffer=133200 actor_loss=-45.1698 critic_loss=1.2707"}
2025-08-27 21:33:14,851 - system - INFO - {"timestamp": "2025-08-27T21:33:14.851113", "event_type": "episode_progress", "message": "ep=667/1000 reward=52.38 eval_best=102.09 buffer=133400 actor_loss=-45.1881 critic_loss=16.6402"}
2025-08-27 21:33:15,807 - system - INFO - {"timestamp": "2025-08-27T21:33:15.807965", "event_type": "episode_progress", "message": "ep=668/1000 reward=70.10 eval_best=102.09 buffer=133600 actor_loss=-45.8981 critic_loss=1.2108"}
2025-08-27 21:33:16,735 - system - INFO - {"timestamp": "2025-08-27T21:33:16.735908", "event_type": "episode_progress", "message": "ep=669/1000 reward=68.68 eval_best=102.09 buffer=133800 actor_loss=-45.7743 critic_loss=2.2702"}
2025-08-27 21:33:17,669 - system - INFO - {"timestamp": "2025-08-27T21:33:17.669007", "event_type": "episode_progress", "message": "ep=670/1000 reward=58.64 eval_best=102.09 buffer=134000 actor_loss=-45.1680 critic_loss=16.6326"}
2025-08-27 21:33:20,286 - system - INFO - {"timestamp": "2025-08-27T21:33:20.286294", "event_type": "info", "message": "Episode 670: Train Reward: 70.196, Eval F1: 0.4003, Eval Reward: 93.232 \u00b1 0.752"}
2025-08-27 21:33:20,286 - system - INFO - {"timestamp": "2025-08-27T21:33:20.286434", "event_type": "episode_progress", "message": "ep=671/1000 reward=70.20 eval_best=102.09 buffer=134200 actor_loss=-45.6926 critic_loss=16.8885"}
2025-08-27 21:33:21,252 - system - INFO - {"timestamp": "2025-08-27T21:33:21.252429", "event_type": "episode_progress", "message": "ep=672/1000 reward=52.22 eval_best=102.09 buffer=134400 actor_loss=-45.7134 critic_loss=1.1286"}
2025-08-27 21:33:22,204 - system - INFO - {"timestamp": "2025-08-27T21:33:22.204435", "event_type": "episode_progress", "message": "ep=673/1000 reward=64.64 eval_best=102.09 buffer=134600 actor_loss=-45.9048 critic_loss=32.5449"}
2025-08-27 21:33:23,148 - system - INFO - {"timestamp": "2025-08-27T21:33:23.148149", "event_type": "episode_progress", "message": "ep=674/1000 reward=49.77 eval_best=102.09 buffer=134800 actor_loss=-45.8374 critic_loss=1.1153"}
2025-08-27 21:33:24,107 - system - INFO - {"timestamp": "2025-08-27T21:33:24.107573", "event_type": "episode_progress", "message": "ep=675/1000 reward=58.46 eval_best=102.09 buffer=135000 actor_loss=-45.1950 critic_loss=1.4623"}
2025-08-27 21:33:25,051 - system - INFO - {"timestamp": "2025-08-27T21:33:25.051595", "event_type": "episode_progress", "message": "ep=676/1000 reward=53.83 eval_best=102.09 buffer=135200 actor_loss=-45.2932 critic_loss=1.2814"}
2025-08-27 21:33:25,986 - system - INFO - {"timestamp": "2025-08-27T21:33:25.986572", "event_type": "episode_progress", "message": "ep=677/1000 reward=69.98 eval_best=102.09 buffer=135400 actor_loss=-45.7472 critic_loss=16.7780"}
2025-08-27 21:33:26,910 - system - INFO - {"timestamp": "2025-08-27T21:33:26.910607", "event_type": "episode_progress", "message": "ep=678/1000 reward=55.36 eval_best=102.09 buffer=135600 actor_loss=-44.9151 critic_loss=1.6541"}
2025-08-27 21:33:27,839 - system - INFO - {"timestamp": "2025-08-27T21:33:27.839796", "event_type": "episode_progress", "message": "ep=679/1000 reward=64.97 eval_best=102.09 buffer=135800 actor_loss=-45.6619 critic_loss=16.8964"}
2025-08-27 21:33:28,768 - system - INFO - {"timestamp": "2025-08-27T21:33:28.768533", "event_type": "episode_progress", "message": "ep=680/1000 reward=46.37 eval_best=102.09 buffer=136000 actor_loss=-45.5261 critic_loss=16.3713"}
2025-08-27 21:33:31,431 - system - INFO - {"timestamp": "2025-08-27T21:33:31.431094", "event_type": "info", "message": "Episode 680: Train Reward: 67.307, Eval F1: 0.4203, Eval Reward: 92.785 \u00b1 0.411"}
2025-08-27 21:33:31,431 - system - INFO - {"timestamp": "2025-08-27T21:33:31.431244", "event_type": "episode_progress", "message": "ep=681/1000 reward=67.31 eval_best=102.09 buffer=136200 actor_loss=-45.4042 critic_loss=32.8746"}
2025-08-27 21:33:32,369 - system - INFO - {"timestamp": "2025-08-27T21:33:32.369428", "event_type": "episode_progress", "message": "ep=682/1000 reward=52.14 eval_best=102.09 buffer=136400 actor_loss=-45.1081 critic_loss=1.2077"}
2025-08-27 21:33:33,297 - system - INFO - {"timestamp": "2025-08-27T21:33:33.297508", "event_type": "episode_progress", "message": "ep=683/1000 reward=55.77 eval_best=102.09 buffer=136600 actor_loss=-45.2593 critic_loss=2.9851"}
2025-08-27 21:33:34,216 - system - INFO - {"timestamp": "2025-08-27T21:33:34.216388", "event_type": "episode_progress", "message": "ep=684/1000 reward=58.53 eval_best=102.09 buffer=136800 actor_loss=-45.4337 critic_loss=16.8712"}
2025-08-27 21:33:35,171 - system - INFO - {"timestamp": "2025-08-27T21:33:35.171157", "event_type": "episode_progress", "message": "ep=685/1000 reward=72.19 eval_best=102.09 buffer=137000 actor_loss=-45.2516 critic_loss=16.4248"}
2025-08-27 21:33:36,116 - system - INFO - {"timestamp": "2025-08-27T21:33:36.116614", "event_type": "episode_progress", "message": "ep=686/1000 reward=51.63 eval_best=102.09 buffer=137200 actor_loss=-45.6178 critic_loss=16.9670"}
2025-08-27 21:33:37,060 - system - INFO - {"timestamp": "2025-08-27T21:33:37.060049", "event_type": "episode_progress", "message": "ep=687/1000 reward=53.16 eval_best=102.09 buffer=137400 actor_loss=-45.2436 critic_loss=1.1151"}
2025-08-27 21:33:38,000 - system - INFO - {"timestamp": "2025-08-27T21:33:38.000835", "event_type": "episode_progress", "message": "ep=688/1000 reward=50.49 eval_best=102.09 buffer=137600 actor_loss=-45.4378 critic_loss=0.9035"}
2025-08-27 21:33:38,972 - system - INFO - {"timestamp": "2025-08-27T21:33:38.972449", "event_type": "episode_progress", "message": "ep=689/1000 reward=65.05 eval_best=102.09 buffer=137800 actor_loss=-45.6415 critic_loss=0.9748"}
2025-08-27 21:33:39,935 - system - INFO - {"timestamp": "2025-08-27T21:33:39.935773", "event_type": "episode_progress", "message": "ep=690/1000 reward=58.19 eval_best=102.09 buffer=138000 actor_loss=-45.5515 critic_loss=1.1248"}
2025-08-27 21:33:42,589 - system - INFO - {"timestamp": "2025-08-27T21:33:42.589770", "event_type": "info", "message": "Episode 690: Train Reward: 63.890, Eval F1: 0.4093, Eval Reward: 93.535 \u00b1 0.741"}
2025-08-27 21:33:42,589 - system - INFO - {"timestamp": "2025-08-27T21:33:42.589895", "event_type": "episode_progress", "message": "ep=691/1000 reward=63.89 eval_best=102.09 buffer=138200 actor_loss=-45.3117 critic_loss=16.0321"}
2025-08-27 21:33:43,549 - system - INFO - {"timestamp": "2025-08-27T21:33:43.549434", "event_type": "episode_progress", "message": "ep=692/1000 reward=76.48 eval_best=102.09 buffer=138400 actor_loss=-45.2673 critic_loss=0.9085"}
2025-08-27 21:33:44,474 - system - INFO - {"timestamp": "2025-08-27T21:33:44.474352", "event_type": "episode_progress", "message": "ep=693/1000 reward=74.43 eval_best=102.09 buffer=138600 actor_loss=-45.3229 critic_loss=0.9930"}
2025-08-27 21:33:45,415 - system - INFO - {"timestamp": "2025-08-27T21:33:45.415496", "event_type": "episode_progress", "message": "ep=694/1000 reward=61.97 eval_best=102.09 buffer=138800 actor_loss=-45.1571 critic_loss=16.5825"}
2025-08-27 21:33:46,358 - system - INFO - {"timestamp": "2025-08-27T21:33:46.358123", "event_type": "episode_progress", "message": "ep=695/1000 reward=43.05 eval_best=102.09 buffer=139000 actor_loss=-45.2706 critic_loss=0.9706"}
2025-08-27 21:33:47,275 - system - INFO - {"timestamp": "2025-08-27T21:33:47.275363", "event_type": "episode_progress", "message": "ep=696/1000 reward=52.27 eval_best=102.09 buffer=139200 actor_loss=-45.2743 critic_loss=1.0347"}
2025-08-27 21:33:48,194 - system - INFO - {"timestamp": "2025-08-27T21:33:48.194650", "event_type": "episode_progress", "message": "ep=697/1000 reward=69.08 eval_best=102.09 buffer=139400 actor_loss=-45.0173 critic_loss=1.0234"}
2025-08-27 21:33:49,107 - system - INFO - {"timestamp": "2025-08-27T21:33:49.107751", "event_type": "episode_progress", "message": "ep=698/1000 reward=62.54 eval_best=102.09 buffer=139600 actor_loss=-44.9697 critic_loss=15.5892"}
2025-08-27 21:33:50,058 - system - INFO - {"timestamp": "2025-08-27T21:33:50.058147", "event_type": "episode_progress", "message": "ep=699/1000 reward=71.77 eval_best=102.09 buffer=139800 actor_loss=-45.0860 critic_loss=31.9720"}
2025-08-27 21:33:50,987 - system - WARNING - {"timestamp": "2025-08-27T21:33:50.987130", "event_type": "warning", "message": "Episode 700: USRP calibration targets not fully met. F1-target: \u274c, Improvement: \u274c, Target F1: 98.0%"}
2025-08-27 21:33:50,987 - system - INFO - {"timestamp": "2025-08-27T21:33:50.987259", "event_type": "episode_progress", "message": "ep=700/1000 reward=63.87 eval_best=102.09 buffer=140000 actor_loss=-44.7104 critic_loss=16.7285"}
2025-08-27 21:33:53,615 - system - INFO - {"timestamp": "2025-08-27T21:33:53.615540", "event_type": "info", "message": "Episode 700: Train Reward: 60.655, Eval F1: 0.3563, Eval Reward: 95.701 \u00b1 0.795"}
2025-08-27 21:33:53,618 - system - INFO - {"timestamp": "2025-08-27T21:33:53.618596", "event_type": "info", "message": "Agent saved to models/checkpoints/mlp_agent_episode_700.pth"}
2025-08-27 21:33:53,618 - system - INFO - {"timestamp": "2025-08-27T21:33:53.618701", "event_type": "episode_progress", "message": "ep=701/1000 reward=60.65 eval_best=102.09 buffer=140200 actor_loss=-45.7311 critic_loss=17.4837"}
2025-08-27 21:33:54,585 - system - INFO - {"timestamp": "2025-08-27T21:33:54.585129", "event_type": "episode_progress", "message": "ep=702/1000 reward=64.85 eval_best=102.09 buffer=140400 actor_loss=-45.4398 critic_loss=1.0609"}
2025-08-27 21:33:55,532 - system - INFO - {"timestamp": "2025-08-27T21:33:55.532001", "event_type": "episode_progress", "message": "ep=703/1000 reward=53.28 eval_best=102.09 buffer=140600 actor_loss=-45.4071 critic_loss=1.0971"}
2025-08-27 21:33:56,461 - system - INFO - {"timestamp": "2025-08-27T21:33:56.461190", "event_type": "episode_progress", "message": "ep=704/1000 reward=46.58 eval_best=102.09 buffer=140800 actor_loss=-45.2010 critic_loss=15.5282"}
2025-08-27 21:33:57,416 - system - INFO - {"timestamp": "2025-08-27T21:33:57.416037", "event_type": "episode_progress", "message": "ep=705/1000 reward=21.69 eval_best=102.09 buffer=141000 actor_loss=-45.3097 critic_loss=16.0384"}
2025-08-27 21:33:58,381 - system - INFO - {"timestamp": "2025-08-27T21:33:58.381056", "event_type": "episode_progress", "message": "ep=706/1000 reward=52.50 eval_best=102.09 buffer=141200 actor_loss=-45.1645 critic_loss=0.8959"}
2025-08-27 21:33:59,310 - system - INFO - {"timestamp": "2025-08-27T21:33:59.310545", "event_type": "episode_progress", "message": "ep=707/1000 reward=50.87 eval_best=102.09 buffer=141400 actor_loss=-44.6297 critic_loss=1.6016"}
2025-08-27 21:34:00,268 - system - INFO - {"timestamp": "2025-08-27T21:34:00.268633", "event_type": "episode_progress", "message": "ep=708/1000 reward=74.21 eval_best=102.09 buffer=141600 actor_loss=-45.1845 critic_loss=16.5730"}
2025-08-27 21:34:01,217 - system - INFO - {"timestamp": "2025-08-27T21:34:01.217256", "event_type": "episode_progress", "message": "ep=709/1000 reward=54.48 eval_best=102.09 buffer=141800 actor_loss=-44.8811 critic_loss=16.1025"}
2025-08-27 21:34:02,124 - system - INFO - {"timestamp": "2025-08-27T21:34:02.124823", "event_type": "episode_progress", "message": "ep=710/1000 reward=35.31 eval_best=102.09 buffer=142000 actor_loss=-44.6122 critic_loss=1.1496"}
2025-08-27 21:34:04,783 - system - INFO - {"timestamp": "2025-08-27T21:34:04.783317", "event_type": "info", "message": "Episode 710: Train Reward: 64.517, Eval F1: 0.3552, Eval Reward: 100.049 \u00b1 1.783"}
2025-08-27 21:34:04,783 - system - INFO - {"timestamp": "2025-08-27T21:34:04.783446", "event_type": "episode_progress", "message": "ep=711/1000 reward=64.52 eval_best=102.09 buffer=142200 actor_loss=-45.1059 critic_loss=16.3035"}
2025-08-27 21:34:05,724 - system - INFO - {"timestamp": "2025-08-27T21:34:05.724446", "event_type": "episode_progress", "message": "ep=712/1000 reward=48.99 eval_best=102.09 buffer=142400 actor_loss=-45.0364 critic_loss=1.5192"}
2025-08-27 21:34:06,638 - system - INFO - {"timestamp": "2025-08-27T21:34:06.638255", "event_type": "episode_progress", "message": "ep=713/1000 reward=54.04 eval_best=102.09 buffer=142600 actor_loss=-45.2560 critic_loss=16.5737"}
2025-08-27 21:34:07,594 - system - INFO - {"timestamp": "2025-08-27T21:34:07.594772", "event_type": "episode_progress", "message": "ep=714/1000 reward=63.52 eval_best=102.09 buffer=142800 actor_loss=-44.7937 critic_loss=1.1460"}
2025-08-27 21:34:08,579 - system - INFO - {"timestamp": "2025-08-27T21:34:08.579234", "event_type": "episode_progress", "message": "ep=715/1000 reward=65.09 eval_best=102.09 buffer=143000 actor_loss=-44.7187 critic_loss=16.2071"}
2025-08-27 21:34:09,537 - system - INFO - {"timestamp": "2025-08-27T21:34:09.537518", "event_type": "episode_progress", "message": "ep=716/1000 reward=62.13 eval_best=102.09 buffer=143200 actor_loss=-44.9294 critic_loss=31.8830"}
2025-08-27 21:34:10,496 - system - INFO - {"timestamp": "2025-08-27T21:34:10.495973", "event_type": "episode_progress", "message": "ep=717/1000 reward=71.33 eval_best=102.09 buffer=143400 actor_loss=-44.8332 critic_loss=16.7530"}
2025-08-27 21:34:11,441 - system - INFO - {"timestamp": "2025-08-27T21:34:11.441863", "event_type": "episode_progress", "message": "ep=718/1000 reward=49.62 eval_best=102.09 buffer=143600 actor_loss=-45.3157 critic_loss=0.9663"}
2025-08-27 21:34:12,418 - system - INFO - {"timestamp": "2025-08-27T21:34:12.418778", "event_type": "episode_progress", "message": "ep=719/1000 reward=47.05 eval_best=102.09 buffer=143800 actor_loss=-45.2046 critic_loss=0.9492"}
2025-08-27 21:34:13,380 - system - INFO - {"timestamp": "2025-08-27T21:34:13.379981", "event_type": "episode_progress", "message": "ep=720/1000 reward=62.45 eval_best=102.09 buffer=144000 actor_loss=-45.6265 critic_loss=0.7981"}
2025-08-27 21:34:16,041 - system - INFO - {"timestamp": "2025-08-27T21:34:16.041115", "event_type": "info", "message": "Episode 720: Train Reward: 54.831, Eval F1: 0.3616, Eval Reward: 103.452 \u00b1 0.934"}
2025-08-27 21:34:16,044 - system - INFO - {"timestamp": "2025-08-27T21:34:16.044570", "event_type": "info", "message": "Agent saved to models/checkpoints/best_mlp_agent.pth"}
2025-08-27 21:34:16,044 - system - INFO - {"timestamp": "2025-08-27T21:34:16.044695", "event_type": "episode_progress", "message": "ep=721/1000 reward=54.83 eval_best=103.45 buffer=144200 actor_loss=-44.6488 critic_loss=15.3476"}
2025-08-27 21:34:17,006 - system - INFO - {"timestamp": "2025-08-27T21:34:17.006391", "event_type": "episode_progress", "message": "ep=722/1000 reward=46.15 eval_best=103.45 buffer=144400 actor_loss=-45.5493 critic_loss=31.4872"}
2025-08-27 21:34:17,983 - system - INFO - {"timestamp": "2025-08-27T21:34:17.983313", "event_type": "episode_progress", "message": "ep=723/1000 reward=48.65 eval_best=103.45 buffer=144600 actor_loss=-45.2831 critic_loss=1.1557"}
2025-08-27 21:34:18,930 - system - INFO - {"timestamp": "2025-08-27T21:34:18.930073", "event_type": "episode_progress", "message": "ep=724/1000 reward=62.97 eval_best=103.45 buffer=144800 actor_loss=-45.3036 critic_loss=16.2829"}
2025-08-27 21:34:19,859 - system - INFO - {"timestamp": "2025-08-27T21:34:19.859231", "event_type": "episode_progress", "message": "ep=725/1000 reward=64.66 eval_best=103.45 buffer=145000 actor_loss=-45.3803 critic_loss=0.9920"}
2025-08-27 21:34:20,795 - system - INFO - {"timestamp": "2025-08-27T21:34:20.795276", "event_type": "episode_progress", "message": "ep=726/1000 reward=62.73 eval_best=103.45 buffer=145200 actor_loss=-44.6654 critic_loss=1.2838"}
2025-08-27 21:34:21,733 - system - INFO - {"timestamp": "2025-08-27T21:34:21.733268", "event_type": "episode_progress", "message": "ep=727/1000 reward=55.97 eval_best=103.45 buffer=145400 actor_loss=-45.5896 critic_loss=16.6505"}
2025-08-27 21:34:22,673 - system - INFO - {"timestamp": "2025-08-27T21:34:22.673446", "event_type": "episode_progress", "message": "ep=728/1000 reward=68.21 eval_best=103.45 buffer=145600 actor_loss=-45.5266 critic_loss=1.2513"}
2025-08-27 21:34:23,612 - system - INFO - {"timestamp": "2025-08-27T21:34:23.612583", "event_type": "episode_progress", "message": "ep=729/1000 reward=87.73 eval_best=103.45 buffer=145800 actor_loss=-45.3161 critic_loss=1.0124"}
2025-08-27 21:34:24,549 - system - INFO - {"timestamp": "2025-08-27T21:34:24.549741", "event_type": "episode_progress", "message": "ep=730/1000 reward=56.93 eval_best=103.45 buffer=146000 actor_loss=-45.4771 critic_loss=0.9930"}
2025-08-27 21:34:27,189 - system - INFO - {"timestamp": "2025-08-27T21:34:27.189534", "event_type": "info", "message": "Episode 730: Train Reward: 66.398, Eval F1: 0.3656, Eval Reward: 102.596 \u00b1 1.459"}
2025-08-27 21:34:27,189 - system - INFO - {"timestamp": "2025-08-27T21:34:27.189660", "event_type": "episode_progress", "message": "ep=731/1000 reward=66.40 eval_best=103.45 buffer=146200 actor_loss=-45.0990 critic_loss=31.9238"}
2025-08-27 21:34:28,125 - system - INFO - {"timestamp": "2025-08-27T21:34:28.125591", "event_type": "episode_progress", "message": "ep=732/1000 reward=57.60 eval_best=103.45 buffer=146400 actor_loss=-45.4442 critic_loss=16.3233"}
2025-08-27 21:34:29,081 - system - INFO - {"timestamp": "2025-08-27T21:34:29.081414", "event_type": "episode_progress", "message": "ep=733/1000 reward=69.46 eval_best=103.45 buffer=146600 actor_loss=-45.2925 critic_loss=32.1799"}
2025-08-27 21:34:30,021 - system - INFO - {"timestamp": "2025-08-27T21:34:30.021001", "event_type": "episode_progress", "message": "ep=734/1000 reward=48.35 eval_best=103.45 buffer=146800 actor_loss=-45.3896 critic_loss=16.7894"}
2025-08-27 21:34:30,970 - system - INFO - {"timestamp": "2025-08-27T21:34:30.970434", "event_type": "episode_progress", "message": "ep=735/1000 reward=56.27 eval_best=103.45 buffer=147000 actor_loss=-45.2329 critic_loss=1.0329"}
2025-08-27 21:34:31,914 - system - INFO - {"timestamp": "2025-08-27T21:34:31.914449", "event_type": "episode_progress", "message": "ep=736/1000 reward=54.88 eval_best=103.45 buffer=147200 actor_loss=-45.5004 critic_loss=16.1669"}
2025-08-27 21:34:32,858 - system - INFO - {"timestamp": "2025-08-27T21:34:32.858590", "event_type": "episode_progress", "message": "ep=737/1000 reward=65.56 eval_best=103.45 buffer=147400 actor_loss=-45.6216 critic_loss=0.8538"}
2025-08-27 21:34:33,789 - system - INFO - {"timestamp": "2025-08-27T21:34:33.789854", "event_type": "episode_progress", "message": "ep=738/1000 reward=75.50 eval_best=103.45 buffer=147600 actor_loss=-44.8409 critic_loss=1.4553"}
2025-08-27 21:34:34,732 - system - INFO - {"timestamp": "2025-08-27T21:34:34.732664", "event_type": "episode_progress", "message": "ep=739/1000 reward=51.22 eval_best=103.45 buffer=147800 actor_loss=-45.4254 critic_loss=1.0522"}
2025-08-27 21:34:35,678 - system - INFO - {"timestamp": "2025-08-27T21:34:35.678621", "event_type": "episode_progress", "message": "ep=740/1000 reward=57.68 eval_best=103.45 buffer=148000 actor_loss=-45.4161 critic_loss=1.0579"}
2025-08-27 21:34:38,313 - system - INFO - {"timestamp": "2025-08-27T21:34:38.313482", "event_type": "info", "message": "Episode 740: Train Reward: 51.208, Eval F1: 0.3571, Eval Reward: 104.290 \u00b1 0.970"}
2025-08-27 21:34:38,316 - system - INFO - {"timestamp": "2025-08-27T21:34:38.316846", "event_type": "info", "message": "Agent saved to models/checkpoints/best_mlp_agent.pth"}
2025-08-27 21:34:38,316 - system - INFO - {"timestamp": "2025-08-27T21:34:38.316968", "event_type": "episode_progress", "message": "ep=741/1000 reward=51.21 eval_best=104.29 buffer=148200 actor_loss=-45.7229 critic_loss=1.1629"}
2025-08-27 21:34:39,264 - system - INFO - {"timestamp": "2025-08-27T21:34:39.264647", "event_type": "episode_progress", "message": "ep=742/1000 reward=45.62 eval_best=104.29 buffer=148400 actor_loss=-45.2947 critic_loss=32.0136"}
2025-08-27 21:34:40,198 - system - INFO - {"timestamp": "2025-08-27T21:34:40.198033", "event_type": "episode_progress", "message": "ep=743/1000 reward=46.15 eval_best=104.29 buffer=148600 actor_loss=-45.0792 critic_loss=1.0677"}
2025-08-27 21:34:41,140 - system - INFO - {"timestamp": "2025-08-27T21:34:41.140741", "event_type": "episode_progress", "message": "ep=744/1000 reward=59.43 eval_best=104.29 buffer=148800 actor_loss=-45.5963 critic_loss=16.9358"}
2025-08-27 21:34:42,084 - system - INFO - {"timestamp": "2025-08-27T21:34:42.084844", "event_type": "episode_progress", "message": "ep=745/1000 reward=47.65 eval_best=104.29 buffer=149000 actor_loss=-45.5706 critic_loss=0.8135"}
2025-08-27 21:34:43,048 - system - INFO - {"timestamp": "2025-08-27T21:34:43.048537", "event_type": "episode_progress", "message": "ep=746/1000 reward=64.21 eval_best=104.29 buffer=149200 actor_loss=-45.3679 critic_loss=0.7565"}
2025-08-27 21:34:43,975 - system - INFO - {"timestamp": "2025-08-27T21:34:43.975177", "event_type": "episode_progress", "message": "ep=747/1000 reward=39.84 eval_best=104.29 buffer=149400 actor_loss=-45.7919 critic_loss=3.7819"}
2025-08-27 21:34:44,900 - system - INFO - {"timestamp": "2025-08-27T21:34:44.900855", "event_type": "episode_progress", "message": "ep=748/1000 reward=58.14 eval_best=104.29 buffer=149600 actor_loss=-45.8752 critic_loss=0.9310"}
2025-08-27 21:34:45,845 - system - INFO - {"timestamp": "2025-08-27T21:34:45.845531", "event_type": "episode_progress", "message": "ep=749/1000 reward=54.55 eval_best=104.29 buffer=149800 actor_loss=-45.5190 critic_loss=32.7740"}
2025-08-27 21:34:46,795 - system - WARNING - {"timestamp": "2025-08-27T21:34:46.795636", "event_type": "warning", "message": "Episode 750: USRP calibration targets not fully met. F1-target: \u274c, Improvement: \u274c, Target F1: 98.0%"}
2025-08-27 21:34:46,796 - system - INFO - {"timestamp": "2025-08-27T21:34:46.795981", "event_type": "episode_progress", "message": "ep=750/1000 reward=56.89 eval_best=104.29 buffer=150000 actor_loss=-45.8583 critic_loss=0.7704"}
2025-08-27 21:34:49,433 - system - INFO - {"timestamp": "2025-08-27T21:34:49.433530", "event_type": "info", "message": "Episode 750: Train Reward: 41.774, Eval F1: 0.3941, Eval Reward: 101.917 \u00b1 1.297"}
2025-08-27 21:34:49,437 - system - INFO - {"timestamp": "2025-08-27T21:34:49.436987", "event_type": "info", "message": "Agent saved to models/checkpoints/mlp_agent_episode_750.pth"}
2025-08-27 21:34:49,437 - system - INFO - {"timestamp": "2025-08-27T21:34:49.437093", "event_type": "episode_progress", "message": "ep=751/1000 reward=41.77 eval_best=104.29 buffer=150200 actor_loss=-45.2840 critic_loss=19.0481"}
2025-08-27 21:34:50,392 - system - INFO - {"timestamp": "2025-08-27T21:34:50.392258", "event_type": "episode_progress", "message": "ep=752/1000 reward=58.98 eval_best=104.29 buffer=150400 actor_loss=-45.6076 critic_loss=32.3138"}
2025-08-27 21:34:51,327 - system - INFO - {"timestamp": "2025-08-27T21:34:51.327542", "event_type": "episode_progress", "message": "ep=753/1000 reward=51.76 eval_best=104.29 buffer=150600 actor_loss=-45.8435 critic_loss=0.8486"}
2025-08-27 21:34:52,279 - system - INFO - {"timestamp": "2025-08-27T21:34:52.279154", "event_type": "episode_progress", "message": "ep=754/1000 reward=42.22 eval_best=104.29 buffer=150800 actor_loss=-45.7192 critic_loss=16.7971"}
2025-08-27 21:34:53,214 - system - INFO - {"timestamp": "2025-08-27T21:34:53.214200", "event_type": "episode_progress", "message": "ep=755/1000 reward=63.58 eval_best=104.29 buffer=151000 actor_loss=-45.5931 critic_loss=16.3366"}
2025-08-27 21:34:54,149 - system - INFO - {"timestamp": "2025-08-27T21:34:54.149673", "event_type": "episode_progress", "message": "ep=756/1000 reward=51.66 eval_best=104.29 buffer=151200 actor_loss=-45.3289 critic_loss=1.7610"}
2025-08-27 21:34:55,122 - system - INFO - {"timestamp": "2025-08-27T21:34:55.122763", "event_type": "episode_progress", "message": "ep=757/1000 reward=56.89 eval_best=104.29 buffer=151400 actor_loss=-45.4802 critic_loss=1.0063"}
2025-08-27 21:34:56,055 - system - INFO - {"timestamp": "2025-08-27T21:34:56.055666", "event_type": "episode_progress", "message": "ep=758/1000 reward=46.67 eval_best=104.29 buffer=151600 actor_loss=-45.4730 critic_loss=1.1001"}
2025-08-27 21:34:57,005 - system - INFO - {"timestamp": "2025-08-27T21:34:57.005927", "event_type": "episode_progress", "message": "ep=759/1000 reward=61.31 eval_best=104.29 buffer=151800 actor_loss=-46.1866 critic_loss=6.1698"}
2025-08-27 21:34:57,953 - system - INFO - {"timestamp": "2025-08-27T21:34:57.953089", "event_type": "episode_progress", "message": "ep=760/1000 reward=62.36 eval_best=104.29 buffer=152000 actor_loss=-46.1313 critic_loss=16.8032"}
2025-08-27 21:35:00,673 - system - INFO - {"timestamp": "2025-08-27T21:35:00.673580", "event_type": "info", "message": "Episode 760: Train Reward: 54.781, Eval F1: 0.4849, Eval Reward: 102.042 \u00b1 1.065"}
2025-08-27 21:35:00,673 - system - INFO - {"timestamp": "2025-08-27T21:35:00.673719", "event_type": "episode_progress", "message": "ep=761/1000 reward=54.78 eval_best=104.29 buffer=152200 actor_loss=-46.1716 critic_loss=1.0615"}
2025-08-27 21:35:01,639 - system - INFO - {"timestamp": "2025-08-27T21:35:01.639043", "event_type": "episode_progress", "message": "ep=762/1000 reward=62.36 eval_best=104.29 buffer=152400 actor_loss=-45.7134 critic_loss=1.1588"}
2025-08-27 21:35:02,593 - system - INFO - {"timestamp": "2025-08-27T21:35:02.593258", "event_type": "episode_progress", "message": "ep=763/1000 reward=63.47 eval_best=104.29 buffer=152600 actor_loss=-45.6573 critic_loss=1.7109"}
2025-08-27 21:35:03,553 - system - INFO - {"timestamp": "2025-08-27T21:35:03.553827", "event_type": "episode_progress", "message": "ep=764/1000 reward=47.99 eval_best=104.29 buffer=152800 actor_loss=-46.0790 critic_loss=1.0615"}
2025-08-27 21:35:04,520 - system - INFO - {"timestamp": "2025-08-27T21:35:04.520890", "event_type": "episode_progress", "message": "ep=765/1000 reward=55.87 eval_best=104.29 buffer=153000 actor_loss=-46.1401 critic_loss=1.2202"}
2025-08-27 21:35:05,473 - system - INFO - {"timestamp": "2025-08-27T21:35:05.473429", "event_type": "episode_progress", "message": "ep=766/1000 reward=60.59 eval_best=104.29 buffer=153200 actor_loss=-46.1794 critic_loss=1.0810"}
2025-08-27 21:35:06,434 - system - INFO - {"timestamp": "2025-08-27T21:35:06.434895", "event_type": "episode_progress", "message": "ep=767/1000 reward=49.44 eval_best=104.29 buffer=153400 actor_loss=-45.6963 critic_loss=16.8615"}
2025-08-27 21:35:07,400 - system - INFO - {"timestamp": "2025-08-27T21:35:07.400755", "event_type": "episode_progress", "message": "ep=768/1000 reward=64.57 eval_best=104.29 buffer=153600 actor_loss=-46.3139 critic_loss=17.3711"}
2025-08-27 21:35:08,353 - system - INFO - {"timestamp": "2025-08-27T21:35:08.353409", "event_type": "episode_progress", "message": "ep=769/1000 reward=47.15 eval_best=104.29 buffer=153800 actor_loss=-46.6621 critic_loss=0.9178"}
2025-08-27 21:35:09,305 - system - INFO - {"timestamp": "2025-08-27T21:35:09.305712", "event_type": "episode_progress", "message": "ep=770/1000 reward=65.09 eval_best=104.29 buffer=154000 actor_loss=-46.3716 critic_loss=0.8801"}
2025-08-27 21:35:11,983 - system - INFO - {"timestamp": "2025-08-27T21:35:11.983128", "event_type": "info", "message": "Episode 770: Train Reward: 60.810, Eval F1: 0.3581, Eval Reward: 103.392 \u00b1 1.420"}
2025-08-27 21:35:11,983 - system - INFO - {"timestamp": "2025-08-27T21:35:11.983271", "event_type": "episode_progress", "message": "ep=771/1000 reward=60.81 eval_best=104.29 buffer=154200 actor_loss=-45.7942 critic_loss=16.8251"}
2025-08-27 21:35:12,928 - system - INFO - {"timestamp": "2025-08-27T21:35:12.928762", "event_type": "episode_progress", "message": "ep=772/1000 reward=64.35 eval_best=104.29 buffer=154400 actor_loss=-46.4026 critic_loss=1.0199"}
2025-08-27 21:35:13,884 - system - INFO - {"timestamp": "2025-08-27T21:35:13.883981", "event_type": "episode_progress", "message": "ep=773/1000 reward=59.52 eval_best=104.29 buffer=154600 actor_loss=-46.1896 critic_loss=1.1787"}
2025-08-27 21:35:14,835 - system - INFO - {"timestamp": "2025-08-27T21:35:14.835537", "event_type": "episode_progress", "message": "ep=774/1000 reward=71.24 eval_best=104.29 buffer=154800 actor_loss=-46.4187 critic_loss=0.9476"}
2025-08-27 21:35:15,806 - system - INFO - {"timestamp": "2025-08-27T21:35:15.806399", "event_type": "episode_progress", "message": "ep=775/1000 reward=51.57 eval_best=104.29 buffer=155000 actor_loss=-46.5675 critic_loss=17.7041"}
2025-08-27 21:35:16,775 - system - INFO - {"timestamp": "2025-08-27T21:35:16.775812", "event_type": "episode_progress", "message": "ep=776/1000 reward=64.41 eval_best=104.29 buffer=155200 actor_loss=-46.2655 critic_loss=16.8062"}
2025-08-27 21:35:17,737 - system - INFO - {"timestamp": "2025-08-27T21:35:17.737104", "event_type": "episode_progress", "message": "ep=777/1000 reward=82.58 eval_best=104.29 buffer=155400 actor_loss=-45.8843 critic_loss=17.1115"}
2025-08-27 21:35:18,699 - system - INFO - {"timestamp": "2025-08-27T21:35:18.699083", "event_type": "episode_progress", "message": "ep=778/1000 reward=54.13 eval_best=104.29 buffer=155600 actor_loss=-46.7310 critic_loss=17.6164"}
2025-08-27 21:35:19,647 - system - INFO - {"timestamp": "2025-08-27T21:35:19.647844", "event_type": "episode_progress", "message": "ep=779/1000 reward=57.28 eval_best=104.29 buffer=155800 actor_loss=-46.4205 critic_loss=0.9230"}
2025-08-27 21:35:20,608 - system - INFO - {"timestamp": "2025-08-27T21:35:20.608677", "event_type": "episode_progress", "message": "ep=780/1000 reward=60.76 eval_best=104.29 buffer=156000 actor_loss=-46.3907 critic_loss=1.3724"}
2025-08-27 21:35:23,305 - system - INFO - {"timestamp": "2025-08-27T21:35:23.305694", "event_type": "info", "message": "Episode 780: Train Reward: 69.800, Eval F1: 0.3530, Eval Reward: 104.233 \u00b1 1.081"}
2025-08-27 21:35:23,305 - system - INFO - {"timestamp": "2025-08-27T21:35:23.305823", "event_type": "episode_progress", "message": "ep=781/1000 reward=69.80 eval_best=104.29 buffer=156200 actor_loss=-46.3877 critic_loss=0.9474"}
2025-08-27 21:35:24,261 - system - INFO - {"timestamp": "2025-08-27T21:35:24.261563", "event_type": "episode_progress", "message": "ep=782/1000 reward=71.10 eval_best=104.29 buffer=156400 actor_loss=-45.9409 critic_loss=1.1533"}
2025-08-27 21:35:25,213 - system - INFO - {"timestamp": "2025-08-27T21:35:25.213041", "event_type": "episode_progress", "message": "ep=783/1000 reward=56.58 eval_best=104.29 buffer=156600 actor_loss=-46.4008 critic_loss=1.0849"}
2025-08-27 21:35:26,161 - system - INFO - {"timestamp": "2025-08-27T21:35:26.161826", "event_type": "episode_progress", "message": "ep=784/1000 reward=66.74 eval_best=104.29 buffer=156800 actor_loss=-46.0969 critic_loss=1.3051"}
2025-08-27 21:35:27,107 - system - INFO - {"timestamp": "2025-08-27T21:35:27.107961", "event_type": "episode_progress", "message": "ep=785/1000 reward=40.58 eval_best=104.29 buffer=157000 actor_loss=-46.7945 critic_loss=17.7173"}
2025-08-27 21:35:28,066 - system - INFO - {"timestamp": "2025-08-27T21:35:28.066312", "event_type": "episode_progress", "message": "ep=786/1000 reward=61.22 eval_best=104.29 buffer=157200 actor_loss=-46.5703 critic_loss=1.0277"}
2025-08-27 21:35:29,030 - system - INFO - {"timestamp": "2025-08-27T21:35:29.030564", "event_type": "episode_progress", "message": "ep=787/1000 reward=59.56 eval_best=104.29 buffer=157400 actor_loss=-46.2776 critic_loss=17.5318"}
2025-08-27 21:35:29,995 - system - INFO - {"timestamp": "2025-08-27T21:35:29.995327", "event_type": "episode_progress", "message": "ep=788/1000 reward=55.36 eval_best=104.29 buffer=157600 actor_loss=-46.8992 critic_loss=17.6164"}
2025-08-27 21:35:30,981 - system - INFO - {"timestamp": "2025-08-27T21:35:30.981734", "event_type": "episode_progress", "message": "ep=789/1000 reward=60.20 eval_best=104.29 buffer=157800 actor_loss=-46.7484 critic_loss=16.9496"}
2025-08-27 21:35:31,954 - system - INFO - {"timestamp": "2025-08-27T21:35:31.954961", "event_type": "episode_progress", "message": "ep=790/1000 reward=50.80 eval_best=104.29 buffer=158000 actor_loss=-46.7522 critic_loss=1.1586"}
2025-08-27 21:35:34,604 - system - INFO - {"timestamp": "2025-08-27T21:35:34.604547", "event_type": "info", "message": "Episode 790: Train Reward: 68.495, Eval F1: 0.3976, Eval Reward: 101.134 \u00b1 1.646"}
2025-08-27 21:35:34,604 - system - INFO - {"timestamp": "2025-08-27T21:35:34.604682", "event_type": "episode_progress", "message": "ep=791/1000 reward=68.50 eval_best=104.29 buffer=158200 actor_loss=-46.7589 critic_loss=17.9895"}
2025-08-27 21:35:35,584 - system - INFO - {"timestamp": "2025-08-27T21:35:35.584769", "event_type": "episode_progress", "message": "ep=792/1000 reward=61.41 eval_best=104.29 buffer=158400 actor_loss=-46.8391 critic_loss=1.1724"}
2025-08-27 21:35:36,528 - system - INFO - {"timestamp": "2025-08-27T21:35:36.528841", "event_type": "episode_progress", "message": "ep=793/1000 reward=35.81 eval_best=104.29 buffer=158600 actor_loss=-46.4892 critic_loss=18.1198"}
2025-08-27 21:35:37,466 - system - INFO - {"timestamp": "2025-08-27T21:35:37.466637", "event_type": "episode_progress", "message": "ep=794/1000 reward=51.75 eval_best=104.29 buffer=158800 actor_loss=-46.8285 critic_loss=0.9414"}
2025-08-27 21:35:38,422 - system - INFO - {"timestamp": "2025-08-27T21:35:38.422516", "event_type": "episode_progress", "message": "ep=795/1000 reward=47.06 eval_best=104.29 buffer=159000 actor_loss=-46.6021 critic_loss=0.9942"}
2025-08-27 21:35:39,387 - system - INFO - {"timestamp": "2025-08-27T21:35:39.387779", "event_type": "episode_progress", "message": "ep=796/1000 reward=64.98 eval_best=104.29 buffer=159200 actor_loss=-46.4643 critic_loss=17.6404"}
2025-08-27 21:35:40,348 - system - INFO - {"timestamp": "2025-08-27T21:35:40.348407", "event_type": "episode_progress", "message": "ep=797/1000 reward=40.10 eval_best=104.29 buffer=159400 actor_loss=-46.9771 critic_loss=17.4744"}
2025-08-27 21:35:41,300 - system - INFO - {"timestamp": "2025-08-27T21:35:41.300148", "event_type": "episode_progress", "message": "ep=798/1000 reward=52.47 eval_best=104.29 buffer=159600 actor_loss=-46.3512 critic_loss=1.3115"}
2025-08-27 21:35:42,250 - system - INFO - {"timestamp": "2025-08-27T21:35:42.250384", "event_type": "episode_progress", "message": "ep=799/1000 reward=47.41 eval_best=104.29 buffer=159800 actor_loss=-46.9859 critic_loss=0.8764"}
2025-08-27 21:35:43,219 - system - WARNING - {"timestamp": "2025-08-27T21:35:43.219533", "event_type": "warning", "message": "Episode 800: USRP calibration targets not fully met. F1-target: \u274c, Improvement: \u274c, Target F1: 98.0%"}
2025-08-27 21:35:43,219 - system - INFO - {"timestamp": "2025-08-27T21:35:43.219646", "event_type": "episode_progress", "message": "ep=800/1000 reward=43.12 eval_best=104.29 buffer=160000 actor_loss=-46.1803 critic_loss=17.5673"}
2025-08-27 21:35:45,879 - system - INFO - {"timestamp": "2025-08-27T21:35:45.879898", "event_type": "info", "message": "Episode 800: Train Reward: 53.061, Eval F1: 0.3616, Eval Reward: 103.133 \u00b1 0.892"}
2025-08-27 21:35:45,883 - system - INFO - {"timestamp": "2025-08-27T21:35:45.883069", "event_type": "info", "message": "Agent saved to models/checkpoints/mlp_agent_episode_800.pth"}
2025-08-27 21:35:45,883 - system - INFO - {"timestamp": "2025-08-27T21:35:45.883177", "event_type": "episode_progress", "message": "ep=801/1000 reward=53.06 eval_best=104.29 buffer=160200 actor_loss=-46.9715 critic_loss=34.4985"}
2025-08-27 21:35:46,838 - system - INFO - {"timestamp": "2025-08-27T21:35:46.838648", "event_type": "episode_progress", "message": "ep=802/1000 reward=54.25 eval_best=104.29 buffer=160400 actor_loss=-46.5207 critic_loss=0.9846"}
2025-08-27 21:35:47,784 - system - INFO - {"timestamp": "2025-08-27T21:35:47.784387", "event_type": "episode_progress", "message": "ep=803/1000 reward=60.14 eval_best=104.29 buffer=160600 actor_loss=-47.1601 critic_loss=1.0640"}
2025-08-27 21:35:48,729 - system - INFO - {"timestamp": "2025-08-27T21:35:48.729921", "event_type": "episode_progress", "message": "ep=804/1000 reward=76.11 eval_best=104.29 buffer=160800 actor_loss=-47.0400 critic_loss=1.0053"}
2025-08-27 21:35:49,672 - system - INFO - {"timestamp": "2025-08-27T21:35:49.672782", "event_type": "episode_progress", "message": "ep=805/1000 reward=40.85 eval_best=104.29 buffer=161000 actor_loss=-46.6674 critic_loss=0.9497"}
2025-08-27 21:35:50,618 - system - INFO - {"timestamp": "2025-08-27T21:35:50.618539", "event_type": "episode_progress", "message": "ep=806/1000 reward=62.97 eval_best=104.29 buffer=161200 actor_loss=-46.4869 critic_loss=1.2657"}
2025-08-27 21:35:51,565 - system - INFO - {"timestamp": "2025-08-27T21:35:51.565666", "event_type": "episode_progress", "message": "ep=807/1000 reward=58.90 eval_best=104.29 buffer=161400 actor_loss=-46.5988 critic_loss=1.2174"}
2025-08-27 21:35:52,513 - system - INFO - {"timestamp": "2025-08-27T21:35:52.513339", "event_type": "episode_progress", "message": "ep=808/1000 reward=41.36 eval_best=104.29 buffer=161600 actor_loss=-46.9361 critic_loss=1.0440"}
2025-08-27 21:35:53,465 - system - INFO - {"timestamp": "2025-08-27T21:35:53.465319", "event_type": "episode_progress", "message": "ep=809/1000 reward=52.07 eval_best=104.29 buffer=161800 actor_loss=-47.1481 critic_loss=0.8769"}
2025-08-27 21:35:54,414 - system - INFO - {"timestamp": "2025-08-27T21:35:54.414526", "event_type": "episode_progress", "message": "ep=810/1000 reward=61.77 eval_best=104.29 buffer=162000 actor_loss=-46.8313 critic_loss=0.8569"}
2025-08-27 21:35:57,087 - system - INFO - {"timestamp": "2025-08-27T21:35:57.087877", "event_type": "info", "message": "Episode 810: Train Reward: 59.848, Eval F1: 0.3552, Eval Reward: 104.625 \u00b1 1.677"}
2025-08-27 21:35:57,091 - system - INFO - {"timestamp": "2025-08-27T21:35:57.091489", "event_type": "info", "message": "Agent saved to models/checkpoints/best_mlp_agent.pth"}
2025-08-27 21:35:57,091 - system - INFO - {"timestamp": "2025-08-27T21:35:57.091610", "event_type": "episode_progress", "message": "ep=811/1000 reward=59.85 eval_best=104.62 buffer=162200 actor_loss=-46.4337 critic_loss=1.3555"}
2025-08-27 21:35:58,076 - system - INFO - {"timestamp": "2025-08-27T21:35:58.076758", "event_type": "episode_progress", "message": "ep=812/1000 reward=59.33 eval_best=104.62 buffer=162400 actor_loss=-47.0959 critic_loss=0.9591"}
2025-08-27 21:35:59,066 - system - INFO - {"timestamp": "2025-08-27T21:35:59.066038", "event_type": "episode_progress", "message": "ep=813/1000 reward=63.93 eval_best=104.62 buffer=162600 actor_loss=-46.6543 critic_loss=0.9021"}
2025-08-27 21:36:00,038 - system - INFO - {"timestamp": "2025-08-27T21:36:00.038049", "event_type": "episode_progress", "message": "ep=814/1000 reward=52.78 eval_best=104.62 buffer=162800 actor_loss=-47.4034 critic_loss=0.9248"}
2025-08-27 21:36:01,007 - system - INFO - {"timestamp": "2025-08-27T21:36:01.007544", "event_type": "episode_progress", "message": "ep=815/1000 reward=63.89 eval_best=104.62 buffer=163000 actor_loss=-46.8458 critic_loss=17.8046"}
2025-08-27 21:36:01,961 - system - INFO - {"timestamp": "2025-08-27T21:36:01.961575", "event_type": "episode_progress", "message": "ep=816/1000 reward=60.15 eval_best=104.62 buffer=163200 actor_loss=-47.1569 critic_loss=0.9271"}
2025-08-27 21:36:02,951 - system - INFO - {"timestamp": "2025-08-27T21:36:02.951049", "event_type": "episode_progress", "message": "ep=817/1000 reward=55.45 eval_best=104.62 buffer=163400 actor_loss=-46.9066 critic_loss=17.4553"}
2025-08-27 21:36:03,938 - system - INFO - {"timestamp": "2025-08-27T21:36:03.938657", "event_type": "episode_progress", "message": "ep=818/1000 reward=56.47 eval_best=104.62 buffer=163600 actor_loss=-46.4294 critic_loss=17.4025"}
2025-08-27 21:36:04,909 - system - INFO - {"timestamp": "2025-08-27T21:36:04.909310", "event_type": "episode_progress", "message": "ep=819/1000 reward=61.65 eval_best=104.62 buffer=163800 actor_loss=-46.9997 critic_loss=0.8558"}
2025-08-27 21:36:05,882 - system - INFO - {"timestamp": "2025-08-27T21:36:05.882594", "event_type": "episode_progress", "message": "ep=820/1000 reward=67.03 eval_best=104.62 buffer=164000 actor_loss=-46.6406 critic_loss=1.0152"}
2025-08-27 21:36:08,591 - system - INFO - {"timestamp": "2025-08-27T21:36:08.591593", "event_type": "info", "message": "Episode 820: Train Reward: 38.446, Eval F1: 0.3530, Eval Reward: 103.984 \u00b1 1.489"}
2025-08-27 21:36:08,591 - system - INFO - {"timestamp": "2025-08-27T21:36:08.591754", "event_type": "episode_progress", "message": "ep=821/1000 reward=38.45 eval_best=104.62 buffer=164200 actor_loss=-46.9355 critic_loss=17.4514"}
2025-08-27 21:36:09,607 - system - INFO - {"timestamp": "2025-08-27T21:36:09.607165", "event_type": "episode_progress", "message": "ep=822/1000 reward=54.64 eval_best=104.62 buffer=164400 actor_loss=-47.1221 critic_loss=0.9538"}
2025-08-27 21:36:10,591 - system - INFO - {"timestamp": "2025-08-27T21:36:10.591895", "event_type": "episode_progress", "message": "ep=823/1000 reward=33.20 eval_best=104.62 buffer=164600 actor_loss=-46.5300 critic_loss=17.8552"}
2025-08-27 21:36:11,578 - system - INFO - {"timestamp": "2025-08-27T21:36:11.578423", "event_type": "episode_progress", "message": "ep=824/1000 reward=61.97 eval_best=104.62 buffer=164800 actor_loss=-46.9686 critic_loss=0.8786"}
2025-08-27 21:36:12,569 - system - INFO - {"timestamp": "2025-08-27T21:36:12.569545", "event_type": "episode_progress", "message": "ep=825/1000 reward=56.18 eval_best=104.62 buffer=165000 actor_loss=-46.8900 critic_loss=17.7240"}
2025-08-27 21:36:13,515 - system - INFO - {"timestamp": "2025-08-27T21:36:13.515098", "event_type": "episode_progress", "message": "ep=826/1000 reward=47.87 eval_best=104.62 buffer=165200 actor_loss=-46.8998 critic_loss=17.1833"}
2025-08-27 21:36:14,456 - system - INFO - {"timestamp": "2025-08-27T21:36:14.456761", "event_type": "episode_progress", "message": "ep=827/1000 reward=53.76 eval_best=104.62 buffer=165400 actor_loss=-46.5032 critic_loss=1.1246"}
2025-08-27 21:36:15,415 - system - INFO - {"timestamp": "2025-08-27T21:36:15.415071", "event_type": "episode_progress", "message": "ep=828/1000 reward=45.42 eval_best=104.62 buffer=165600 actor_loss=-47.0957 critic_loss=0.8706"}
2025-08-27 21:36:16,362 - system - INFO - {"timestamp": "2025-08-27T21:36:16.362873", "event_type": "episode_progress", "message": "ep=829/1000 reward=66.81 eval_best=104.62 buffer=165800 actor_loss=-47.2193 critic_loss=0.7637"}
2025-08-27 21:36:17,285 - system - INFO - {"timestamp": "2025-08-27T21:36:17.285052", "event_type": "episode_progress", "message": "ep=830/1000 reward=41.92 eval_best=104.62 buffer=166000 actor_loss=-47.3351 critic_loss=17.4725"}
2025-08-27 21:36:19,950 - system - INFO - {"timestamp": "2025-08-27T21:36:19.950897", "event_type": "info", "message": "Episode 830: Train Reward: 61.789, Eval F1: 0.3541, Eval Reward: 103.138 \u00b1 1.589"}
2025-08-27 21:36:19,951 - system - INFO - {"timestamp": "2025-08-27T21:36:19.951026", "event_type": "episode_progress", "message": "ep=831/1000 reward=61.79 eval_best=104.62 buffer=166200 actor_loss=-46.6744 critic_loss=28.5452"}
2025-08-27 21:36:20,906 - system - INFO - {"timestamp": "2025-08-27T21:36:20.906085", "event_type": "episode_progress", "message": "ep=832/1000 reward=45.54 eval_best=104.62 buffer=166400 actor_loss=-47.1743 critic_loss=0.7873"}
2025-08-27 21:36:21,852 - system - INFO - {"timestamp": "2025-08-27T21:36:21.852476", "event_type": "episode_progress", "message": "ep=833/1000 reward=59.35 eval_best=104.62 buffer=166600 actor_loss=-47.2662 critic_loss=1.0762"}
2025-08-27 21:36:22,799 - system - INFO - {"timestamp": "2025-08-27T21:36:22.799674", "event_type": "episode_progress", "message": "ep=834/1000 reward=40.21 eval_best=104.62 buffer=166800 actor_loss=-47.1434 critic_loss=0.8894"}
2025-08-27 21:36:23,752 - system - INFO - {"timestamp": "2025-08-27T21:36:23.752649", "event_type": "episode_progress", "message": "ep=835/1000 reward=58.59 eval_best=104.62 buffer=167000 actor_loss=-46.9170 critic_loss=0.8838"}
2025-08-27 21:36:24,699 - system - INFO - {"timestamp": "2025-08-27T21:36:24.699668", "event_type": "episode_progress", "message": "ep=836/1000 reward=41.39 eval_best=104.62 buffer=167200 actor_loss=-47.1300 critic_loss=51.4688"}
2025-08-27 21:36:25,662 - system - INFO - {"timestamp": "2025-08-27T21:36:25.662660", "event_type": "episode_progress", "message": "ep=837/1000 reward=59.67 eval_best=104.62 buffer=167400 actor_loss=-46.9538 critic_loss=0.9639"}
2025-08-27 21:36:26,620 - system - INFO - {"timestamp": "2025-08-27T21:36:26.620851", "event_type": "episode_progress", "message": "ep=838/1000 reward=54.99 eval_best=104.62 buffer=167600 actor_loss=-47.1029 critic_loss=1.0098"}
2025-08-27 21:36:27,572 - system - INFO - {"timestamp": "2025-08-27T21:36:27.572394", "event_type": "episode_progress", "message": "ep=839/1000 reward=49.75 eval_best=104.62 buffer=167800 actor_loss=-46.8680 critic_loss=1.1023"}
2025-08-27 21:36:28,517 - system - INFO - {"timestamp": "2025-08-27T21:36:28.517513", "event_type": "episode_progress", "message": "ep=840/1000 reward=39.13 eval_best=104.62 buffer=168000 actor_loss=-47.2816 critic_loss=0.9675"}
2025-08-27 21:36:31,168 - system - INFO - {"timestamp": "2025-08-27T21:36:31.167989", "event_type": "info", "message": "Episode 840: Train Reward: 44.236, Eval F1: 0.3693, Eval Reward: 102.466 \u00b1 1.751"}
2025-08-27 21:36:31,168 - system - INFO - {"timestamp": "2025-08-27T21:36:31.168115", "event_type": "episode_progress", "message": "ep=841/1000 reward=44.24 eval_best=104.62 buffer=168200 actor_loss=-47.0887 critic_loss=17.6977"}
2025-08-27 21:36:32,177 - system - INFO - {"timestamp": "2025-08-27T21:36:32.177233", "event_type": "episode_progress", "message": "ep=842/1000 reward=58.12 eval_best=104.62 buffer=168400 actor_loss=-47.7411 critic_loss=17.7370"}
2025-08-27 21:36:33,163 - system - INFO - {"timestamp": "2025-08-27T21:36:33.163914", "event_type": "episode_progress", "message": "ep=843/1000 reward=58.21 eval_best=104.62 buffer=168600 actor_loss=-46.9712 critic_loss=17.1935"}
2025-08-27 21:36:34,138 - system - INFO - {"timestamp": "2025-08-27T21:36:34.138965", "event_type": "episode_progress", "message": "ep=844/1000 reward=38.95 eval_best=104.62 buffer=168800 actor_loss=-47.3916 critic_loss=17.0916"}
2025-08-27 21:36:35,138 - system - INFO - {"timestamp": "2025-08-27T21:36:35.138334", "event_type": "episode_progress", "message": "ep=845/1000 reward=46.60 eval_best=104.62 buffer=169000 actor_loss=-46.7867 critic_loss=16.9347"}
2025-08-27 21:36:36,100 - system - INFO - {"timestamp": "2025-08-27T21:36:36.100759", "event_type": "episode_progress", "message": "ep=846/1000 reward=54.89 eval_best=104.62 buffer=169200 actor_loss=-46.6750 critic_loss=0.9344"}
2025-08-27 21:36:37,052 - system - INFO - {"timestamp": "2025-08-27T21:36:37.052838", "event_type": "episode_progress", "message": "ep=847/1000 reward=57.31 eval_best=104.62 buffer=169400 actor_loss=-47.4052 critic_loss=0.8178"}
2025-08-27 21:36:38,005 - system - INFO - {"timestamp": "2025-08-27T21:36:38.005549", "event_type": "episode_progress", "message": "ep=848/1000 reward=55.75 eval_best=104.62 buffer=169600 actor_loss=-46.4427 critic_loss=17.8444"}
2025-08-27 21:36:38,987 - system - INFO - {"timestamp": "2025-08-27T21:36:38.987429", "event_type": "episode_progress", "message": "ep=849/1000 reward=58.96 eval_best=104.62 buffer=169800 actor_loss=-46.3593 critic_loss=1.2254"}
2025-08-27 21:36:39,952 - system - WARNING - {"timestamp": "2025-08-27T21:36:39.952588", "event_type": "warning", "message": "Episode 850: USRP calibration targets not fully met. F1-target: \u274c, Improvement: \u274c, Target F1: 98.0%"}
2025-08-27 21:36:39,952 - system - INFO - {"timestamp": "2025-08-27T21:36:39.952708", "event_type": "episode_progress", "message": "ep=850/1000 reward=47.83 eval_best=104.62 buffer=170000 actor_loss=-46.9866 critic_loss=17.6620"}
2025-08-27 21:36:42,571 - system - INFO - {"timestamp": "2025-08-27T21:36:42.571124", "event_type": "info", "message": "Episode 850: Train Reward: 57.971, Eval F1: 0.3530, Eval Reward: 104.168 \u00b1 1.978"}
2025-08-27 21:36:42,574 - system - INFO - {"timestamp": "2025-08-27T21:36:42.574478", "event_type": "info", "message": "Agent saved to models/checkpoints/mlp_agent_episode_850.pth"}
2025-08-27 21:36:42,574 - system - INFO - {"timestamp": "2025-08-27T21:36:42.574593", "event_type": "episode_progress", "message": "ep=851/1000 reward=57.97 eval_best=104.62 buffer=170200 actor_loss=-46.6279 critic_loss=17.9309"}
2025-08-27 21:36:43,540 - system - INFO - {"timestamp": "2025-08-27T21:36:43.540242", "event_type": "episode_progress", "message": "ep=852/1000 reward=52.18 eval_best=104.62 buffer=170400 actor_loss=-46.9811 critic_loss=0.5634"}
2025-08-27 21:36:44,468 - system - INFO - {"timestamp": "2025-08-27T21:36:44.468097", "event_type": "episode_progress", "message": "ep=853/1000 reward=47.21 eval_best=104.62 buffer=170600 actor_loss=-46.7088 critic_loss=0.7034"}
2025-08-27 21:36:45,400 - system - INFO - {"timestamp": "2025-08-27T21:36:45.400285", "event_type": "episode_progress", "message": "ep=854/1000 reward=50.52 eval_best=104.62 buffer=170800 actor_loss=-46.5206 critic_loss=16.7370"}
2025-08-27 21:36:46,323 - system - INFO - {"timestamp": "2025-08-27T21:36:46.323399", "event_type": "episode_progress", "message": "ep=855/1000 reward=58.49 eval_best=104.62 buffer=171000 actor_loss=-46.5944 critic_loss=0.9933"}
2025-08-27 21:36:47,262 - system - INFO - {"timestamp": "2025-08-27T21:36:47.262698", "event_type": "episode_progress", "message": "ep=856/1000 reward=51.16 eval_best=104.62 buffer=171200 actor_loss=-46.1075 critic_loss=1.1025"}
2025-08-27 21:36:48,193 - system - INFO - {"timestamp": "2025-08-27T21:36:48.193603", "event_type": "episode_progress", "message": "ep=857/1000 reward=49.95 eval_best=104.62 buffer=171400 actor_loss=-46.4828 critic_loss=17.2684"}
2025-08-27 21:36:49,107 - system - INFO - {"timestamp": "2025-08-27T21:36:49.107904", "event_type": "episode_progress", "message": "ep=858/1000 reward=60.63 eval_best=104.62 buffer=171600 actor_loss=-46.1069 critic_loss=1.0990"}
2025-08-27 21:36:50,020 - system - INFO - {"timestamp": "2025-08-27T21:36:50.020821", "event_type": "episode_progress", "message": "ep=859/1000 reward=72.56 eval_best=104.62 buffer=171800 actor_loss=-46.3035 critic_loss=1.0399"}
2025-08-27 21:36:50,949 - system - INFO - {"timestamp": "2025-08-27T21:36:50.949414", "event_type": "episode_progress", "message": "ep=860/1000 reward=46.31 eval_best=104.62 buffer=172000 actor_loss=-46.2269 critic_loss=16.3495"}
2025-08-27 21:36:53,503 - system - INFO - {"timestamp": "2025-08-27T21:36:53.503799", "event_type": "info", "message": "Episode 860: Train Reward: 62.981, Eval F1: 0.3552, Eval Reward: 103.771 \u00b1 1.044"}
2025-08-27 21:36:53,503 - system - INFO - {"timestamp": "2025-08-27T21:36:53.503924", "event_type": "episode_progress", "message": "ep=861/1000 reward=62.98 eval_best=104.62 buffer=172200 actor_loss=-46.5462 critic_loss=0.7306"}
2025-08-27 21:36:54,415 - system - INFO - {"timestamp": "2025-08-27T21:36:54.415486", "event_type": "episode_progress", "message": "ep=862/1000 reward=51.25 eval_best=104.62 buffer=172400 actor_loss=-46.1035 critic_loss=17.2269"}
2025-08-27 21:36:55,349 - system - INFO - {"timestamp": "2025-08-27T21:36:55.349554", "event_type": "episode_progress", "message": "ep=863/1000 reward=58.52 eval_best=104.62 buffer=172600 actor_loss=-46.5131 critic_loss=0.7586"}
2025-08-27 21:36:56,292 - system - INFO - {"timestamp": "2025-08-27T21:36:56.292953", "event_type": "episode_progress", "message": "ep=864/1000 reward=60.53 eval_best=104.62 buffer=172800 actor_loss=-45.5983 critic_loss=16.9334"}
2025-08-27 21:36:57,235 - system - INFO - {"timestamp": "2025-08-27T21:36:57.235823", "event_type": "episode_progress", "message": "ep=865/1000 reward=50.66 eval_best=104.62 buffer=173000 actor_loss=-46.0648 critic_loss=33.4786"}
2025-08-27 21:36:58,176 - system - INFO - {"timestamp": "2025-08-27T21:36:58.176897", "event_type": "episode_progress", "message": "ep=866/1000 reward=39.30 eval_best=104.62 buffer=173200 actor_loss=-45.9757 critic_loss=17.3258"}
2025-08-27 21:36:59,098 - system - INFO - {"timestamp": "2025-08-27T21:36:59.098060", "event_type": "episode_progress", "message": "ep=867/1000 reward=70.28 eval_best=104.62 buffer=173400 actor_loss=-46.3490 critic_loss=0.9033"}
2025-08-27 21:37:00,024 - system - INFO - {"timestamp": "2025-08-27T21:37:00.024909", "event_type": "episode_progress", "message": "ep=868/1000 reward=60.36 eval_best=104.62 buffer=173600 actor_loss=-46.1217 critic_loss=33.3944"}
2025-08-27 21:37:00,958 - system - INFO - {"timestamp": "2025-08-27T21:37:00.958296", "event_type": "episode_progress", "message": "ep=869/1000 reward=52.64 eval_best=104.62 buffer=173800 actor_loss=-46.4113 critic_loss=0.7253"}
2025-08-27 21:37:01,941 - system - INFO - {"timestamp": "2025-08-27T21:37:01.941013", "event_type": "episode_progress", "message": "ep=870/1000 reward=50.89 eval_best=104.62 buffer=174000 actor_loss=-46.0413 critic_loss=32.0116"}
2025-08-27 21:37:04,506 - system - INFO - {"timestamp": "2025-08-27T21:37:04.506089", "event_type": "info", "message": "Episode 870: Train Reward: 55.273, Eval F1: 0.3541, Eval Reward: 104.653 \u00b1 1.279"}
2025-08-27 21:37:04,509 - system - INFO - {"timestamp": "2025-08-27T21:37:04.509211", "event_type": "info", "message": "Agent saved to models/checkpoints/best_mlp_agent.pth"}
2025-08-27 21:37:04,509 - system - INFO - {"timestamp": "2025-08-27T21:37:04.509319", "event_type": "episode_progress", "message": "ep=871/1000 reward=55.27 eval_best=104.65 buffer=174200 actor_loss=-45.7354 critic_loss=1.0872"}
2025-08-27 21:37:05,480 - system - INFO - {"timestamp": "2025-08-27T21:37:05.480599", "event_type": "episode_progress", "message": "ep=872/1000 reward=63.72 eval_best=104.65 buffer=174400 actor_loss=-45.8760 critic_loss=0.9352"}
2025-08-27 21:37:06,415 - system - INFO - {"timestamp": "2025-08-27T21:37:06.415716", "event_type": "episode_progress", "message": "ep=873/1000 reward=49.10 eval_best=104.65 buffer=174600 actor_loss=-45.7478 critic_loss=1.0716"}
2025-08-27 21:37:07,377 - system - INFO - {"timestamp": "2025-08-27T21:37:07.377702", "event_type": "episode_progress", "message": "ep=874/1000 reward=60.41 eval_best=104.65 buffer=174800 actor_loss=-45.7546 critic_loss=0.6471"}
2025-08-27 21:37:08,330 - system - INFO - {"timestamp": "2025-08-27T21:37:08.330184", "event_type": "episode_progress", "message": "ep=875/1000 reward=52.41 eval_best=104.65 buffer=175000 actor_loss=-45.9506 critic_loss=3.2470"}
2025-08-27 21:37:09,270 - system - INFO - {"timestamp": "2025-08-27T21:37:09.270231", "event_type": "episode_progress", "message": "ep=876/1000 reward=43.16 eval_best=104.65 buffer=175200 actor_loss=-46.3411 critic_loss=17.2015"}
2025-08-27 21:37:10,210 - system - INFO - {"timestamp": "2025-08-27T21:37:10.210112", "event_type": "episode_progress", "message": "ep=877/1000 reward=61.95 eval_best=104.65 buffer=175400 actor_loss=-45.6464 critic_loss=16.4176"}
2025-08-27 21:37:11,148 - system - INFO - {"timestamp": "2025-08-27T21:37:11.148520", "event_type": "episode_progress", "message": "ep=878/1000 reward=58.41 eval_best=104.65 buffer=175600 actor_loss=-45.5854 critic_loss=0.9227"}
2025-08-27 21:37:12,084 - system - INFO - {"timestamp": "2025-08-27T21:37:12.084886", "event_type": "episode_progress", "message": "ep=879/1000 reward=46.61 eval_best=104.65 buffer=175800 actor_loss=-45.9486 critic_loss=0.7591"}
2025-08-27 21:37:13,028 - system - INFO - {"timestamp": "2025-08-27T21:37:13.028908", "event_type": "episode_progress", "message": "ep=880/1000 reward=52.76 eval_best=104.65 buffer=176000 actor_loss=-45.8275 critic_loss=0.6161"}
2025-08-27 21:37:15,587 - system - INFO - {"timestamp": "2025-08-27T21:37:15.587274", "event_type": "info", "message": "Episode 880: Train Reward: 46.648, Eval F1: 0.3541, Eval Reward: 105.214 \u00b1 1.516"}
2025-08-27 21:37:15,590 - system - INFO - {"timestamp": "2025-08-27T21:37:15.590579", "event_type": "info", "message": "Agent saved to models/checkpoints/best_mlp_agent.pth"}
2025-08-27 21:37:15,590 - system - INFO - {"timestamp": "2025-08-27T21:37:15.590688", "event_type": "episode_progress", "message": "ep=881/1000 reward=46.65 eval_best=105.21 buffer=176200 actor_loss=-45.8065 critic_loss=19.8275"}
2025-08-27 21:37:16,506 - system - INFO - {"timestamp": "2025-08-27T21:37:16.506712", "event_type": "episode_progress", "message": "ep=882/1000 reward=50.02 eval_best=105.21 buffer=176400 actor_loss=-45.9155 critic_loss=31.6499"}
2025-08-27 21:37:17,448 - system - INFO - {"timestamp": "2025-08-27T21:37:17.448695", "event_type": "episode_progress", "message": "ep=883/1000 reward=65.93 eval_best=105.21 buffer=176600 actor_loss=-45.4091 critic_loss=32.1772"}
2025-08-27 21:37:18,390 - system - INFO - {"timestamp": "2025-08-27T21:37:18.390820", "event_type": "episode_progress", "message": "ep=884/1000 reward=58.04 eval_best=105.21 buffer=176800 actor_loss=-45.3662 critic_loss=0.8828"}
2025-08-27 21:37:19,333 - system - INFO - {"timestamp": "2025-08-27T21:37:19.333736", "event_type": "episode_progress", "message": "ep=885/1000 reward=58.39 eval_best=105.21 buffer=177000 actor_loss=-46.0229 critic_loss=0.6845"}
2025-08-27 21:37:20,271 - system - INFO - {"timestamp": "2025-08-27T21:37:20.271887", "event_type": "episode_progress", "message": "ep=886/1000 reward=45.56 eval_best=105.21 buffer=177200 actor_loss=-45.6827 critic_loss=16.4186"}
2025-08-27 21:37:21,223 - system - INFO - {"timestamp": "2025-08-27T21:37:21.222987", "event_type": "episode_progress", "message": "ep=887/1000 reward=44.71 eval_best=105.21 buffer=177400 actor_loss=-46.0425 critic_loss=16.5969"}
2025-08-27 21:37:22,153 - system - INFO - {"timestamp": "2025-08-27T21:37:22.153722", "event_type": "episode_progress", "message": "ep=888/1000 reward=37.88 eval_best=105.21 buffer=177600 actor_loss=-45.9428 critic_loss=0.5573"}
2025-08-27 21:37:23,087 - system - INFO - {"timestamp": "2025-08-27T21:37:23.087904", "event_type": "episode_progress", "message": "ep=889/1000 reward=50.10 eval_best=105.21 buffer=177800 actor_loss=-45.8658 critic_loss=16.7823"}
2025-08-27 21:37:24,022 - system - INFO - {"timestamp": "2025-08-27T21:37:24.022864", "event_type": "episode_progress", "message": "ep=890/1000 reward=38.31 eval_best=105.21 buffer=178000 actor_loss=-46.0969 critic_loss=17.1065"}
2025-08-27 21:37:26,582 - system - INFO - {"timestamp": "2025-08-27T21:37:26.582872", "event_type": "info", "message": "Episode 890: Train Reward: 43.432, Eval F1: 0.3573, Eval Reward: 104.218 \u00b1 1.204"}
2025-08-27 21:37:26,582 - system - INFO - {"timestamp": "2025-08-27T21:37:26.582965", "event_type": "episode_progress", "message": "ep=891/1000 reward=43.43 eval_best=105.21 buffer=178200 actor_loss=-45.9117 critic_loss=16.8495"}
2025-08-27 21:37:27,516 - system - INFO - {"timestamp": "2025-08-27T21:37:27.516005", "event_type": "episode_progress", "message": "ep=892/1000 reward=33.39 eval_best=105.21 buffer=178400 actor_loss=-45.8759 critic_loss=0.6654"}
2025-08-27 21:37:28,453 - system - INFO - {"timestamp": "2025-08-27T21:37:28.453469", "event_type": "episode_progress", "message": "ep=893/1000 reward=56.27 eval_best=105.21 buffer=178600 actor_loss=-45.9740 critic_loss=0.8221"}
2025-08-27 21:37:29,402 - system - INFO - {"timestamp": "2025-08-27T21:37:29.402798", "event_type": "episode_progress", "message": "ep=894/1000 reward=60.92 eval_best=105.21 buffer=178800 actor_loss=-45.9011 critic_loss=16.4108"}
2025-08-27 21:37:30,356 - system - INFO - {"timestamp": "2025-08-27T21:37:30.356859", "event_type": "episode_progress", "message": "ep=895/1000 reward=69.26 eval_best=105.21 buffer=179000 actor_loss=-45.7606 critic_loss=16.4347"}
2025-08-27 21:37:31,319 - system - INFO - {"timestamp": "2025-08-27T21:37:31.319044", "event_type": "episode_progress", "message": "ep=896/1000 reward=60.16 eval_best=105.21 buffer=179200 actor_loss=-45.8251 critic_loss=18.4335"}
2025-08-27 21:37:32,257 - system - INFO - {"timestamp": "2025-08-27T21:37:32.257380", "event_type": "episode_progress", "message": "ep=897/1000 reward=56.36 eval_best=105.21 buffer=179400 actor_loss=-45.7475 critic_loss=16.4028"}
2025-08-27 21:37:33,213 - system - INFO - {"timestamp": "2025-08-27T21:37:33.213058", "event_type": "episode_progress", "message": "ep=898/1000 reward=60.29 eval_best=105.21 buffer=179600 actor_loss=-45.7857 critic_loss=32.7529"}
2025-08-27 21:37:34,154 - system - INFO - {"timestamp": "2025-08-27T21:37:34.154527", "event_type": "episode_progress", "message": "ep=899/1000 reward=75.95 eval_best=105.21 buffer=179800 actor_loss=-45.7961 critic_loss=31.6958"}
2025-08-27 21:37:35,089 - system - WARNING - {"timestamp": "2025-08-27T21:37:35.089496", "event_type": "warning", "message": "Episode 900: USRP calibration targets not fully met. F1-target: \u274c, Improvement: \u274c, Target F1: 98.0%"}
2025-08-27 21:37:35,089 - system - INFO - {"timestamp": "2025-08-27T21:37:35.089613", "event_type": "episode_progress", "message": "ep=900/1000 reward=51.89 eval_best=105.21 buffer=180000 actor_loss=-45.4507 critic_loss=0.8476"}
2025-08-27 21:37:37,634 - system - INFO - {"timestamp": "2025-08-27T21:37:37.634892", "event_type": "info", "message": "Episode 900: Train Reward: 55.107, Eval F1: 0.3563, Eval Reward: 104.083 \u00b1 1.086"}
2025-08-27 21:37:37,638 - system - INFO - {"timestamp": "2025-08-27T21:37:37.638067", "event_type": "info", "message": "Agent saved to models/checkpoints/mlp_agent_episode_900.pth"}
2025-08-27 21:37:37,638 - system - INFO - {"timestamp": "2025-08-27T21:37:37.638161", "event_type": "episode_progress", "message": "ep=901/1000 reward=55.11 eval_best=105.21 buffer=180200 actor_loss=-45.6349 critic_loss=17.0583"}
2025-08-27 21:37:38,581 - system - INFO - {"timestamp": "2025-08-27T21:37:38.581272", "event_type": "episode_progress", "message": "ep=902/1000 reward=45.07 eval_best=105.21 buffer=180400 actor_loss=-45.9550 critic_loss=0.8410"}
2025-08-27 21:37:39,526 - system - INFO - {"timestamp": "2025-08-27T21:37:39.526699", "event_type": "episode_progress", "message": "ep=903/1000 reward=63.15 eval_best=105.21 buffer=180600 actor_loss=-45.7238 critic_loss=16.2427"}
2025-08-27 21:37:40,478 - system - INFO - {"timestamp": "2025-08-27T21:37:40.478731", "event_type": "episode_progress", "message": "ep=904/1000 reward=65.64 eval_best=105.21 buffer=180800 actor_loss=-45.4182 critic_loss=17.3889"}
2025-08-27 21:37:41,415 - system - INFO - {"timestamp": "2025-08-27T21:37:41.415512", "event_type": "episode_progress", "message": "ep=905/1000 reward=67.25 eval_best=105.21 buffer=181000 actor_loss=-45.6193 critic_loss=17.1031"}
2025-08-27 21:37:42,353 - system - INFO - {"timestamp": "2025-08-27T21:37:42.353107", "event_type": "episode_progress", "message": "ep=906/1000 reward=56.42 eval_best=105.21 buffer=181200 actor_loss=-45.8687 critic_loss=0.7054"}
2025-08-27 21:37:43,298 - system - INFO - {"timestamp": "2025-08-27T21:37:43.298293", "event_type": "episode_progress", "message": "ep=907/1000 reward=51.99 eval_best=105.21 buffer=181400 actor_loss=-46.2593 critic_loss=17.0450"}
2025-08-27 21:37:44,234 - system - INFO - {"timestamp": "2025-08-27T21:37:44.234473", "event_type": "episode_progress", "message": "ep=908/1000 reward=49.26 eval_best=105.21 buffer=181600 actor_loss=-45.4611 critic_loss=0.9054"}
2025-08-27 21:37:45,178 - system - INFO - {"timestamp": "2025-08-27T21:37:45.178866", "event_type": "episode_progress", "message": "ep=909/1000 reward=33.68 eval_best=105.21 buffer=181800 actor_loss=-45.6844 critic_loss=0.8543"}
2025-08-27 21:37:46,114 - system - INFO - {"timestamp": "2025-08-27T21:37:46.114869", "event_type": "episode_progress", "message": "ep=910/1000 reward=66.44 eval_best=105.21 buffer=182000 actor_loss=-45.8098 critic_loss=0.7238"}
2025-08-27 21:37:48,679 - system - INFO - {"timestamp": "2025-08-27T21:37:48.679082", "event_type": "info", "message": "Episode 910: Train Reward: 39.573, Eval F1: 0.3541, Eval Reward: 105.594 \u00b1 1.029"}
2025-08-27 21:37:48,682 - system - INFO - {"timestamp": "2025-08-27T21:37:48.682450", "event_type": "info", "message": "Agent saved to models/checkpoints/best_mlp_agent.pth"}
2025-08-27 21:37:48,682 - system - INFO - {"timestamp": "2025-08-27T21:37:48.682558", "event_type": "episode_progress", "message": "ep=911/1000 reward=39.57 eval_best=105.59 buffer=182200 actor_loss=-45.8314 critic_loss=0.6519"}
2025-08-27 21:37:49,639 - system - INFO - {"timestamp": "2025-08-27T21:37:49.638997", "event_type": "episode_progress", "message": "ep=912/1000 reward=33.64 eval_best=105.59 buffer=182400 actor_loss=-46.1542 critic_loss=0.6592"}
2025-08-27 21:37:50,608 - system - INFO - {"timestamp": "2025-08-27T21:37:50.608428", "event_type": "episode_progress", "message": "ep=913/1000 reward=43.15 eval_best=105.59 buffer=182600 actor_loss=-46.0897 critic_loss=0.6721"}
2025-08-27 21:37:51,567 - system - INFO - {"timestamp": "2025-08-27T21:37:51.567656", "event_type": "episode_progress", "message": "ep=914/1000 reward=53.88 eval_best=105.59 buffer=182800 actor_loss=-45.9848 critic_loss=17.0783"}
2025-08-27 21:37:52,516 - system - INFO - {"timestamp": "2025-08-27T21:37:52.516528", "event_type": "episode_progress", "message": "ep=915/1000 reward=67.19 eval_best=105.59 buffer=183000 actor_loss=-45.9364 critic_loss=0.5860"}
2025-08-27 21:37:53,470 - system - INFO - {"timestamp": "2025-08-27T21:37:53.470173", "event_type": "episode_progress", "message": "ep=916/1000 reward=29.14 eval_best=105.59 buffer=183200 actor_loss=-46.2008 critic_loss=0.7399"}
2025-08-27 21:37:54,428 - system - INFO - {"timestamp": "2025-08-27T21:37:54.428303", "event_type": "episode_progress", "message": "ep=917/1000 reward=59.35 eval_best=105.59 buffer=183400 actor_loss=-45.4231 critic_loss=16.5890"}
2025-08-27 21:37:55,350 - system - INFO - {"timestamp": "2025-08-27T21:37:55.350759", "event_type": "episode_progress", "message": "ep=918/1000 reward=64.95 eval_best=105.59 buffer=183600 actor_loss=-45.6690 critic_loss=31.8226"}
2025-08-27 21:37:56,310 - system - INFO - {"timestamp": "2025-08-27T21:37:56.310125", "event_type": "episode_progress", "message": "ep=919/1000 reward=65.92 eval_best=105.59 buffer=183800 actor_loss=-46.2228 critic_loss=64.4978"}
2025-08-27 21:37:57,248 - system - INFO - {"timestamp": "2025-08-27T21:37:57.248526", "event_type": "episode_progress", "message": "ep=920/1000 reward=31.24 eval_best=105.59 buffer=184000 actor_loss=-45.9252 critic_loss=0.4810"}
2025-08-27 21:37:59,846 - system - INFO - {"timestamp": "2025-08-27T21:37:59.846069", "event_type": "info", "message": "Episode 920: Train Reward: 43.181, Eval F1: 0.3541, Eval Reward: 105.904 \u00b1 1.289"}
2025-08-27 21:37:59,849 - system - INFO - {"timestamp": "2025-08-27T21:37:59.849389", "event_type": "info", "message": "Agent saved to models/checkpoints/best_mlp_agent.pth"}
2025-08-27 21:37:59,849 - system - INFO - {"timestamp": "2025-08-27T21:37:59.849501", "event_type": "episode_progress", "message": "ep=921/1000 reward=43.18 eval_best=105.90 buffer=184200 actor_loss=-46.0360 critic_loss=0.7404"}
2025-08-27 21:38:00,806 - system - INFO - {"timestamp": "2025-08-27T21:38:00.806780", "event_type": "episode_progress", "message": "ep=922/1000 reward=57.83 eval_best=105.90 buffer=184400 actor_loss=-46.2685 critic_loss=32.9379"}
2025-08-27 21:38:01,730 - system - INFO - {"timestamp": "2025-08-27T21:38:01.730508", "event_type": "episode_progress", "message": "ep=923/1000 reward=66.16 eval_best=105.90 buffer=184600 actor_loss=-46.0389 critic_loss=64.9560"}
2025-08-27 21:38:02,627 - system - INFO - {"timestamp": "2025-08-27T21:38:02.627232", "event_type": "episode_progress", "message": "ep=924/1000 reward=70.38 eval_best=105.90 buffer=184800 actor_loss=-46.1742 critic_loss=0.7498"}
2025-08-27 21:38:03,543 - system - INFO - {"timestamp": "2025-08-27T21:38:03.543662", "event_type": "episode_progress", "message": "ep=925/1000 reward=53.73 eval_best=105.90 buffer=185000 actor_loss=-45.7762 critic_loss=16.4893"}
2025-08-27 21:38:04,491 - system - INFO - {"timestamp": "2025-08-27T21:38:04.491893", "event_type": "episode_progress", "message": "ep=926/1000 reward=61.48 eval_best=105.90 buffer=185200 actor_loss=-45.9742 critic_loss=0.6457"}
2025-08-27 21:38:05,418 - system - INFO - {"timestamp": "2025-08-27T21:38:05.418420", "event_type": "episode_progress", "message": "ep=927/1000 reward=46.37 eval_best=105.90 buffer=185400 actor_loss=-46.3030 critic_loss=33.2722"}
2025-08-27 21:38:06,390 - system - INFO - {"timestamp": "2025-08-27T21:38:06.389980", "event_type": "episode_progress", "message": "ep=928/1000 reward=44.85 eval_best=105.90 buffer=185600 actor_loss=-46.2633 critic_loss=0.7065"}
2025-08-27 21:38:07,374 - system - INFO - {"timestamp": "2025-08-27T21:38:07.374357", "event_type": "episode_progress", "message": "ep=929/1000 reward=49.49 eval_best=105.90 buffer=185800 actor_loss=-46.0137 critic_loss=0.8296"}
2025-08-27 21:38:08,354 - system - INFO - {"timestamp": "2025-08-27T21:38:08.354419", "event_type": "episode_progress", "message": "ep=930/1000 reward=58.42 eval_best=105.90 buffer=186000 actor_loss=-46.0480 critic_loss=16.9947"}
2025-08-27 21:38:10,956 - system - INFO - {"timestamp": "2025-08-27T21:38:10.956869", "event_type": "info", "message": "Episode 930: Train Reward: 48.555, Eval F1: 0.3519, Eval Reward: 104.195 \u00b1 1.407"}
2025-08-27 21:38:10,957 - system - INFO - {"timestamp": "2025-08-27T21:38:10.956989", "event_type": "episode_progress", "message": "ep=931/1000 reward=48.56 eval_best=105.90 buffer=186200 actor_loss=-46.0742 critic_loss=17.2643"}
2025-08-27 21:38:11,938 - system - INFO - {"timestamp": "2025-08-27T21:38:11.938353", "event_type": "episode_progress", "message": "ep=932/1000 reward=64.94 eval_best=105.90 buffer=186400 actor_loss=-46.2056 critic_loss=0.6266"}
2025-08-27 21:38:12,878 - system - INFO - {"timestamp": "2025-08-27T21:38:12.878268", "event_type": "episode_progress", "message": "ep=933/1000 reward=56.75 eval_best=105.90 buffer=186600 actor_loss=-46.1027 critic_loss=0.7605"}
2025-08-27 21:38:13,799 - system - INFO - {"timestamp": "2025-08-27T21:38:13.799415", "event_type": "episode_progress", "message": "ep=934/1000 reward=66.68 eval_best=105.90 buffer=186800 actor_loss=-46.6770 critic_loss=16.7621"}
2025-08-27 21:38:14,744 - system - INFO - {"timestamp": "2025-08-27T21:38:14.744625", "event_type": "episode_progress", "message": "ep=935/1000 reward=71.43 eval_best=105.90 buffer=187000 actor_loss=-46.0149 critic_loss=0.8044"}
2025-08-27 21:38:15,696 - system - INFO - {"timestamp": "2025-08-27T21:38:15.696316", "event_type": "episode_progress", "message": "ep=936/1000 reward=72.94 eval_best=105.90 buffer=187200 actor_loss=-46.4207 critic_loss=0.7629"}
2025-08-27 21:38:16,656 - system - INFO - {"timestamp": "2025-08-27T21:38:16.656363", "event_type": "episode_progress", "message": "ep=937/1000 reward=41.16 eval_best=105.90 buffer=187400 actor_loss=-46.1244 critic_loss=0.6819"}
2025-08-27 21:38:17,616 - system - INFO - {"timestamp": "2025-08-27T21:38:17.616064", "event_type": "episode_progress", "message": "ep=938/1000 reward=51.02 eval_best=105.90 buffer=187600 actor_loss=-46.0491 critic_loss=0.9148"}
2025-08-27 21:38:18,547 - system - INFO - {"timestamp": "2025-08-27T21:38:18.547494", "event_type": "episode_progress", "message": "ep=939/1000 reward=51.52 eval_best=105.90 buffer=187800 actor_loss=-46.5776 critic_loss=0.7092"}
2025-08-27 21:38:19,525 - system - INFO - {"timestamp": "2025-08-27T21:38:19.525547", "event_type": "episode_progress", "message": "ep=940/1000 reward=50.10 eval_best=105.90 buffer=188000 actor_loss=-46.2925 critic_loss=17.2290"}
2025-08-27 21:38:22,124 - system - INFO - {"timestamp": "2025-08-27T21:38:22.124770", "event_type": "info", "message": "Episode 940: Train Reward: 47.225, Eval F1: 0.3509, Eval Reward: 104.807 \u00b1 0.992"}
2025-08-27 21:38:22,124 - system - INFO - {"timestamp": "2025-08-27T21:38:22.124871", "event_type": "episode_progress", "message": "ep=941/1000 reward=47.23 eval_best=105.90 buffer=188200 actor_loss=-46.3945 critic_loss=0.6847"}
2025-08-27 21:38:23,051 - system - INFO - {"timestamp": "2025-08-27T21:38:23.051745", "event_type": "episode_progress", "message": "ep=942/1000 reward=42.13 eval_best=105.90 buffer=188400 actor_loss=-46.0884 critic_loss=33.1241"}
2025-08-27 21:38:24,004 - system - INFO - {"timestamp": "2025-08-27T21:38:24.004209", "event_type": "episode_progress", "message": "ep=943/1000 reward=65.87 eval_best=105.90 buffer=188600 actor_loss=-46.4208 critic_loss=0.6398"}
2025-08-27 21:38:24,962 - system - INFO - {"timestamp": "2025-08-27T21:38:24.962608", "event_type": "episode_progress", "message": "ep=944/1000 reward=56.11 eval_best=105.90 buffer=188800 actor_loss=-45.9354 critic_loss=16.3498"}
2025-08-27 21:38:25,938 - system - INFO - {"timestamp": "2025-08-27T21:38:25.938070", "event_type": "episode_progress", "message": "ep=945/1000 reward=70.46 eval_best=105.90 buffer=189000 actor_loss=-46.1696 critic_loss=0.7586"}
2025-08-27 21:38:26,909 - system - INFO - {"timestamp": "2025-08-27T21:38:26.909566", "event_type": "episode_progress", "message": "ep=946/1000 reward=46.74 eval_best=105.90 buffer=189200 actor_loss=-46.3217 critic_loss=0.6762"}
2025-08-27 21:38:27,898 - system - INFO - {"timestamp": "2025-08-27T21:38:27.898257", "event_type": "episode_progress", "message": "ep=947/1000 reward=40.77 eval_best=105.90 buffer=189400 actor_loss=-46.6069 critic_loss=0.7234"}
2025-08-27 21:38:28,893 - system - INFO - {"timestamp": "2025-08-27T21:38:28.893185", "event_type": "episode_progress", "message": "ep=948/1000 reward=40.36 eval_best=105.90 buffer=189600 actor_loss=-46.0044 critic_loss=0.7959"}
2025-08-27 21:38:29,844 - system - INFO - {"timestamp": "2025-08-27T21:38:29.844013", "event_type": "episode_progress", "message": "ep=949/1000 reward=68.97 eval_best=105.90 buffer=189800 actor_loss=-46.3607 critic_loss=0.5711"}
2025-08-27 21:38:30,833 - system - WARNING - {"timestamp": "2025-08-27T21:38:30.833055", "event_type": "warning", "message": "Episode 950: USRP calibration targets not fully met. F1-target: \u274c, Improvement: \u274c, Target F1: 98.0%"}
2025-08-27 21:38:30,833 - system - INFO - {"timestamp": "2025-08-27T21:38:30.833166", "event_type": "episode_progress", "message": "ep=950/1000 reward=52.14 eval_best=105.90 buffer=190000 actor_loss=-47.0329 critic_loss=34.6711"}
2025-08-27 21:38:33,453 - system - INFO - {"timestamp": "2025-08-27T21:38:33.453487", "event_type": "info", "message": "Episode 950: Train Reward: 33.508, Eval F1: 0.3539, Eval Reward: 105.975 \u00b1 1.170"}
2025-08-27 21:38:33,456 - system - INFO - {"timestamp": "2025-08-27T21:38:33.456861", "event_type": "info", "message": "Agent saved to models/checkpoints/best_mlp_agent.pth"}
2025-08-27 21:38:33,459 - system - INFO - {"timestamp": "2025-08-27T21:38:33.459568", "event_type": "info", "message": "Agent saved to models/checkpoints/mlp_agent_episode_950.pth"}
2025-08-27 21:38:33,459 - system - INFO - {"timestamp": "2025-08-27T21:38:33.459656", "event_type": "episode_progress", "message": "ep=951/1000 reward=33.51 eval_best=105.97 buffer=190200 actor_loss=-46.4195 critic_loss=0.8121"}
2025-08-27 21:38:34,431 - system - INFO - {"timestamp": "2025-08-27T21:38:34.431191", "event_type": "episode_progress", "message": "ep=952/1000 reward=86.46 eval_best=105.97 buffer=190400 actor_loss=-46.0766 critic_loss=0.6709"}
2025-08-27 21:38:35,399 - system - INFO - {"timestamp": "2025-08-27T21:38:35.399341", "event_type": "episode_progress", "message": "ep=953/1000 reward=63.33 eval_best=105.97 buffer=190600 actor_loss=-45.9717 critic_loss=0.8323"}
2025-08-27 21:38:36,369 - system - INFO - {"timestamp": "2025-08-27T21:38:36.369692", "event_type": "episode_progress", "message": "ep=954/1000 reward=63.78 eval_best=105.97 buffer=190800 actor_loss=-46.2153 critic_loss=0.5582"}
2025-08-27 21:38:37,339 - system - INFO - {"timestamp": "2025-08-27T21:38:37.339001", "event_type": "episode_progress", "message": "ep=955/1000 reward=67.91 eval_best=105.97 buffer=191000 actor_loss=-46.6085 critic_loss=0.7549"}
2025-08-27 21:38:38,307 - system - INFO - {"timestamp": "2025-08-27T21:38:38.307381", "event_type": "episode_progress", "message": "ep=956/1000 reward=62.38 eval_best=105.97 buffer=191200 actor_loss=-46.1724 critic_loss=1.3224"}
2025-08-27 21:38:39,283 - system - INFO - {"timestamp": "2025-08-27T21:38:39.283750", "event_type": "episode_progress", "message": "ep=957/1000 reward=65.87 eval_best=105.97 buffer=191400 actor_loss=-46.5569 critic_loss=17.5667"}
2025-08-27 21:38:40,269 - system - INFO - {"timestamp": "2025-08-27T21:38:40.269866", "event_type": "episode_progress", "message": "ep=958/1000 reward=63.34 eval_best=105.97 buffer=191600 actor_loss=-46.2755 critic_loss=33.7659"}
2025-08-27 21:38:41,242 - system - INFO - {"timestamp": "2025-08-27T21:38:41.242589", "event_type": "episode_progress", "message": "ep=959/1000 reward=54.75 eval_best=105.97 buffer=191800 actor_loss=-46.6310 critic_loss=17.0814"}
2025-08-27 21:38:42,214 - system - INFO - {"timestamp": "2025-08-27T21:38:42.214186", "event_type": "episode_progress", "message": "ep=960/1000 reward=41.94 eval_best=105.97 buffer=192000 actor_loss=-46.3214 critic_loss=34.0893"}
2025-08-27 21:38:44,822 - system - INFO - {"timestamp": "2025-08-27T21:38:44.822674", "event_type": "info", "message": "Episode 960: Train Reward: 37.301, Eval F1: 0.3541, Eval Reward: 105.282 \u00b1 1.746"}
2025-08-27 21:38:44,822 - system - INFO - {"timestamp": "2025-08-27T21:38:44.822759", "event_type": "episode_progress", "message": "ep=961/1000 reward=37.30 eval_best=105.97 buffer=192200 actor_loss=-46.8706 critic_loss=0.7254"}
2025-08-27 21:38:45,791 - system - INFO - {"timestamp": "2025-08-27T21:38:45.791004", "event_type": "episode_progress", "message": "ep=962/1000 reward=39.55 eval_best=105.97 buffer=192400 actor_loss=-46.4949 critic_loss=32.3178"}
2025-08-27 21:38:46,757 - system - INFO - {"timestamp": "2025-08-27T21:38:46.757503", "event_type": "episode_progress", "message": "ep=963/1000 reward=71.08 eval_best=105.97 buffer=192600 actor_loss=-46.7437 critic_loss=49.2361"}
2025-08-27 21:38:47,711 - system - INFO - {"timestamp": "2025-08-27T21:38:47.711669", "event_type": "episode_progress", "message": "ep=964/1000 reward=60.86 eval_best=105.97 buffer=192800 actor_loss=-46.6492 critic_loss=16.3319"}
2025-08-27 21:38:48,673 - system - INFO - {"timestamp": "2025-08-27T21:38:48.673713", "event_type": "episode_progress", "message": "ep=965/1000 reward=43.78 eval_best=105.97 buffer=193000 actor_loss=-46.5993 critic_loss=0.6773"}
2025-08-27 21:38:49,635 - system - INFO - {"timestamp": "2025-08-27T21:38:49.635503", "event_type": "episode_progress", "message": "ep=966/1000 reward=48.95 eval_best=105.97 buffer=193200 actor_loss=-46.6051 critic_loss=17.7150"}
2025-08-27 21:38:50,604 - system - INFO - {"timestamp": "2025-08-27T21:38:50.604939", "event_type": "episode_progress", "message": "ep=967/1000 reward=58.47 eval_best=105.97 buffer=193400 actor_loss=-46.9429 critic_loss=18.0801"}
2025-08-27 21:38:51,575 - system - INFO - {"timestamp": "2025-08-27T21:38:51.575568", "event_type": "episode_progress", "message": "ep=968/1000 reward=56.56 eval_best=105.97 buffer=193600 actor_loss=-46.5973 critic_loss=3.2527"}
2025-08-27 21:38:52,541 - system - INFO - {"timestamp": "2025-08-27T21:38:52.541186", "event_type": "episode_progress", "message": "ep=969/1000 reward=24.45 eval_best=105.97 buffer=193800 actor_loss=-46.5688 critic_loss=0.6500"}
2025-08-27 21:38:53,539 - system - INFO - {"timestamp": "2025-08-27T21:38:53.539400", "event_type": "episode_progress", "message": "ep=970/1000 reward=43.37 eval_best=105.97 buffer=194000 actor_loss=-46.9414 critic_loss=0.6711"}
2025-08-27 21:38:56,203 - system - INFO - {"timestamp": "2025-08-27T21:38:56.203451", "event_type": "info", "message": "Episode 970: Train Reward: 67.391, Eval F1: 0.3536, Eval Reward: 105.873 \u00b1 1.699"}
2025-08-27 21:38:56,203 - system - INFO - {"timestamp": "2025-08-27T21:38:56.203549", "event_type": "episode_progress", "message": "ep=971/1000 reward=67.39 eval_best=105.97 buffer=194200 actor_loss=-46.3982 critic_loss=17.0104"}
2025-08-27 21:38:57,188 - system - INFO - {"timestamp": "2025-08-27T21:38:57.188662", "event_type": "episode_progress", "message": "ep=972/1000 reward=51.38 eval_best=105.97 buffer=194400 actor_loss=-46.7448 critic_loss=0.5844"}
2025-08-27 21:38:58,136 - system - INFO - {"timestamp": "2025-08-27T21:38:58.136903", "event_type": "episode_progress", "message": "ep=973/1000 reward=61.92 eval_best=105.97 buffer=194600 actor_loss=-46.4614 critic_loss=17.0846"}
2025-08-27 21:38:59,086 - system - INFO - {"timestamp": "2025-08-27T21:38:59.086669", "event_type": "episode_progress", "message": "ep=974/1000 reward=49.79 eval_best=105.97 buffer=194800 actor_loss=-46.4427 critic_loss=1.0882"}
2025-08-27 21:39:00,051 - system - INFO - {"timestamp": "2025-08-27T21:39:00.051499", "event_type": "episode_progress", "message": "ep=975/1000 reward=62.94 eval_best=105.97 buffer=195000 actor_loss=-46.2744 critic_loss=17.8103"}
2025-08-27 21:39:01,015 - system - INFO - {"timestamp": "2025-08-27T21:39:01.015301", "event_type": "episode_progress", "message": "ep=976/1000 reward=46.93 eval_best=105.97 buffer=195200 actor_loss=-46.7307 critic_loss=0.6026"}
2025-08-27 21:39:01,979 - system - INFO - {"timestamp": "2025-08-27T21:39:01.979111", "event_type": "episode_progress", "message": "ep=977/1000 reward=53.38 eval_best=105.97 buffer=195400 actor_loss=-46.8404 critic_loss=0.6268"}
2025-08-27 21:39:02,958 - system - INFO - {"timestamp": "2025-08-27T21:39:02.958883", "event_type": "episode_progress", "message": "ep=978/1000 reward=52.01 eval_best=105.97 buffer=195600 actor_loss=-46.7935 critic_loss=17.3791"}
2025-08-27 21:39:03,945 - system - INFO - {"timestamp": "2025-08-27T21:39:03.945940", "event_type": "episode_progress", "message": "ep=979/1000 reward=63.41 eval_best=105.97 buffer=195800 actor_loss=-46.2308 critic_loss=0.8799"}
2025-08-27 21:39:04,925 - system - INFO - {"timestamp": "2025-08-27T21:39:04.925288", "event_type": "episode_progress", "message": "ep=980/1000 reward=59.91 eval_best=105.97 buffer=196000 actor_loss=-47.1094 critic_loss=17.9408"}
2025-08-27 21:39:07,565 - system - INFO - {"timestamp": "2025-08-27T21:39:07.565822", "event_type": "info", "message": "Episode 980: Train Reward: 48.804, Eval F1: 0.3530, Eval Reward: 105.514 \u00b1 1.225"}
2025-08-27 21:39:07,565 - system - INFO - {"timestamp": "2025-08-27T21:39:07.565963", "event_type": "episode_progress", "message": "ep=981/1000 reward=48.80 eval_best=105.97 buffer=196200 actor_loss=-46.7518 critic_loss=0.7869"}
2025-08-27 21:39:08,578 - system - INFO - {"timestamp": "2025-08-27T21:39:08.578696", "event_type": "episode_progress", "message": "ep=982/1000 reward=38.48 eval_best=105.97 buffer=196400 actor_loss=-46.9131 critic_loss=0.5558"}
2025-08-27 21:39:09,579 - system - INFO - {"timestamp": "2025-08-27T21:39:09.579095", "event_type": "episode_progress", "message": "ep=983/1000 reward=48.61 eval_best=105.97 buffer=196600 actor_loss=-47.2099 critic_loss=17.5554"}
2025-08-27 21:39:10,599 - system - INFO - {"timestamp": "2025-08-27T21:39:10.599504", "event_type": "episode_progress", "message": "ep=984/1000 reward=36.14 eval_best=105.97 buffer=196800 actor_loss=-46.7634 critic_loss=23.2475"}
2025-08-27 21:39:11,582 - system - INFO - {"timestamp": "2025-08-27T21:39:11.582801", "event_type": "episode_progress", "message": "ep=985/1000 reward=51.29 eval_best=105.97 buffer=197000 actor_loss=-47.1617 critic_loss=0.6476"}
2025-08-27 21:39:12,567 - system - INFO - {"timestamp": "2025-08-27T21:39:12.567697", "event_type": "episode_progress", "message": "ep=986/1000 reward=49.26 eval_best=105.97 buffer=197200 actor_loss=-46.9005 critic_loss=17.9346"}
2025-08-27 21:39:13,538 - system - INFO - {"timestamp": "2025-08-27T21:39:13.538057", "event_type": "episode_progress", "message": "ep=987/1000 reward=59.58 eval_best=105.97 buffer=197400 actor_loss=-46.6741 critic_loss=0.8357"}
2025-08-27 21:39:14,530 - system - INFO - {"timestamp": "2025-08-27T21:39:14.530170", "event_type": "episode_progress", "message": "ep=988/1000 reward=52.96 eval_best=105.97 buffer=197600 actor_loss=-47.0491 critic_loss=0.5502"}
2025-08-27 21:39:15,482 - system - INFO - {"timestamp": "2025-08-27T21:39:15.482847", "event_type": "episode_progress", "message": "ep=989/1000 reward=83.39 eval_best=105.97 buffer=197800 actor_loss=-47.0593 critic_loss=0.6609"}
2025-08-27 21:39:16,452 - system - INFO - {"timestamp": "2025-08-27T21:39:16.452740", "event_type": "episode_progress", "message": "ep=990/1000 reward=63.98 eval_best=105.97 buffer=198000 actor_loss=-47.0571 critic_loss=3.3822"}
2025-08-27 21:39:19,068 - system - INFO - {"timestamp": "2025-08-27T21:39:19.068700", "event_type": "info", "message": "Episode 990: Train Reward: 43.950, Eval F1: 0.3656, Eval Reward: 104.782 \u00b1 1.404"}
2025-08-27 21:39:19,068 - system - INFO - {"timestamp": "2025-08-27T21:39:19.068803", "event_type": "episode_progress", "message": "ep=991/1000 reward=43.95 eval_best=105.97 buffer=198200 actor_loss=-46.6620 critic_loss=17.7875"}
2025-08-27 21:39:20,020 - system - INFO - {"timestamp": "2025-08-27T21:39:20.020016", "event_type": "episode_progress", "message": "ep=992/1000 reward=53.32 eval_best=105.97 buffer=198400 actor_loss=-46.7602 critic_loss=0.8369"}
2025-08-27 21:39:20,965 - system - INFO - {"timestamp": "2025-08-27T21:39:20.965877", "event_type": "episode_progress", "message": "ep=993/1000 reward=60.61 eval_best=105.97 buffer=198600 actor_loss=-46.7983 critic_loss=17.1699"}
2025-08-27 21:39:21,934 - system - INFO - {"timestamp": "2025-08-27T21:39:21.934455", "event_type": "episode_progress", "message": "ep=994/1000 reward=92.39 eval_best=105.97 buffer=198800 actor_loss=-47.2342 critic_loss=0.6219"}
2025-08-27 21:39:22,910 - system - INFO - {"timestamp": "2025-08-27T21:39:22.910782", "event_type": "episode_progress", "message": "ep=995/1000 reward=46.96 eval_best=105.97 buffer=199000 actor_loss=-47.2129 critic_loss=17.0749"}
2025-08-27 21:39:23,886 - system - INFO - {"timestamp": "2025-08-27T21:39:23.886599", "event_type": "episode_progress", "message": "ep=996/1000 reward=57.88 eval_best=105.97 buffer=199200 actor_loss=-46.9892 critic_loss=18.1356"}
2025-08-27 21:39:24,874 - system - INFO - {"timestamp": "2025-08-27T21:39:24.874189", "event_type": "episode_progress", "message": "ep=997/1000 reward=54.62 eval_best=105.97 buffer=199400 actor_loss=-47.2646 critic_loss=0.6973"}
2025-08-27 21:39:25,847 - system - INFO - {"timestamp": "2025-08-27T21:39:25.847379", "event_type": "episode_progress", "message": "ep=998/1000 reward=51.60 eval_best=105.97 buffer=199600 actor_loss=-47.1902 critic_loss=17.1441"}
2025-08-27 21:39:26,818 - system - INFO - {"timestamp": "2025-08-27T21:39:26.818877", "event_type": "episode_progress", "message": "ep=999/1000 reward=55.75 eval_best=105.97 buffer=199800 actor_loss=-47.0859 critic_loss=17.4871"}
2025-08-27 21:39:27,783 - system - WARNING - {"timestamp": "2025-08-27T21:39:27.783082", "event_type": "warning", "message": "Episode 1000: USRP calibration targets not fully met. F1-target: \u274c, Improvement: \u274c, Target F1: 98.0%"}
2025-08-27 21:39:27,783 - system - INFO - {"timestamp": "2025-08-27T21:39:27.783197", "event_type": "episode_progress", "message": "ep=1000/1000 reward=58.67 eval_best=105.97 buffer=200000 actor_loss=-47.5309 critic_loss=35.8471"}
2025-08-27 21:39:27,783 - system - INFO - {"timestamp": "2025-08-27T21:39:27.783452", "event_type": "info", "message": "Training completed for MLP agent. Best eval reward: 105.975"}
2025-08-27 21:39:27,786 - system - INFO - {"timestamp": "2025-08-27T21:39:27.786668", "event_type": "info", "message": "Agent saved to models/checkpoints/final_mlp_agent.pth"}
2025-08-27 21:39:27,788 - system - INFO - {"timestamp": "2025-08-27T21:39:27.788370", "event_type": "info", "message": "Training history saved to 20250827_213927_mlp_training_history.json"}
2025-08-27 21:39:27,788 - system - INFO - {"timestamp": "2025-08-27T21:39:27.788419", "event_type": "training_complete", "message": "Training completed successfully"}
2025-08-27 21:39:27,788 - system - INFO - {"timestamp": "2025-08-27T21:39:27.788449", "event_type": "info", "message": "DRL Jamming Detection System execution completed"}
