f1,f2,f3,f4,f5,f6,f7,f8,f9,f10,f11,f12,f13,f14,f15,label
1.0,477.0,15.0,1.0,0.0,0.0,0.0,0.0,0.0,0.0,1.0,0.0,0.0,0.0,0.0,normal
1.0,477.0,15.0,1.0,0.0,0.0,0.0,0.0,0.0,0.0,1.0,0.0,0.0,0.0,0.0,normal
1.0,477.0,15.0,1.0,0.0,0.0,0.0,0.0,0.0,0.0,28.6,-27.1,1.0,27.0,4.9,normal
1.0,477.0,15.0,1.0,27.0,3.7,2.0,0.0,0.0,0.0,28.6,-27.0,1.0,27.0,4.9,normal
1.0,477.0,15.0,1.0,27.0,3.7,2.0,0.0,0.0,0.0,1.0,0.0,0.0,0.0,0.0,normal
1.0,477.0,15.0,1.0,0.0,0.0,0.0,0.0,0.0,0.0,1.0,0.0,0.0,0.0,0.0,normal
1.0,477.0,15.0,1.0,0.0,0.0,0.0,0.0,0.0,0.0,1.0,0.0,0.0,0.0,0.0,normal
1.0,477.0,15.0,1.0,0.0,0.0,0.0,0.0,0.0,0.0,27.7,-27.0,1.0,27.0,4.9,normal
1.0,477.0,15.0,1.0,0.0,0.0,0.0,0.0,0.0,0.0,27.9,-27.2,1.0,27.0,15.0,normal
1.0,477.0,15.0,1.0,0.0,0.0,0.0,0.0,0.0,0.0,28.0,-27.1,1.0,27.0,4.9,normal
1.0,477.0,15.0,1.0,0.0,0.0,0.0,0.0,0.0,0.0,27.7,-27.1,1.0,27.0,15.0,normal
1.0,477.0,15.0,1.0,0.0,0.0,0.0,0.0,0.0,0.0,1.0,0.0,0.0,0.0,0.0,normal
1.0,477.0,15.0,1.0,0.0,0.0,0.0,0.0,0.0,0.0,1.0,0.0,0.0,0.0,0.0,normal
1.0,477.0,15.0,1.0,0.0,0.0,0.0,0.0,0.0,0.0,1.0,0.0,0.0,0.0,0.0,normal
1.0,477.0,15.0,1.0,0.0,0.0,0.0,0.0,0.0,0.0,1.0,0.0,0.0,0.0,0.0,normal
1.0,477.0,15.0,1.0,24.0,1.7,1.0,0.0,0.0,0.0,1.0,0.0,0.0,0.0,0.0,normal
1.0,477.0,15.0,1.0,24.0,1.7,1.0,0.0,0.0,0.0,1.0,0.0,0.0,0.0,0.0,normal
1.0,477.0,15.0,1.0,0.0,0.0,0.0,0.0,0.0,0.0,28.0,-27.1,1.0,27.0,4.9,normal
1.0,477.0,15.0,1.0,0.0,0.0,0.0,0.0,0.0,0.0,28.0,-27.0,1.0,27.0,9.7,normal
1.0,477.0,15.0,1.0,0.0,0.0,0.0,0.0,0.0,0.0,28.6,-27.1,1.0,27.0,4.9,normal
1.0,477.0,15.0,1.0,0.0,0.0,0.0,0.0,0.0,0.0,28.5,-27.0,1.0,27.0,9.7,normal
1.0,477.0,15.0,1.0,0.0,0.0,0.0,0.0,0.0,0.0,28.7,-27.0,1.0,27.0,9.7,normal
1.0,477.0,15.0,1.0,0.0,0.0,0.0,0.0,0.0,0.0,1.0,0.0,0.0,0.0,0.0,normal
1.0,477.0,15.0,1.0,0.0,0.0,0.0,0.0,0.0,0.0,28.4,-27.0,1.0,27.0,9.7,normal
1.0,477.0,15.0,1.0,27.0,3.7,2.0,0.0,0.0,0.0,29.4,-27.0,1.0,27.0,9.7,normal
1.0,477.0,15.0,1.0,0.0,0.0,0.0,0.0,0.0,0.0,1.0,0.0,0.0,0.0,0.0,normal
1.0,477.0,15.0,1.0,0.0,0.0,0.0,0.0,0.0,0.0,1.0,0.0,0.0,0.0,0.0,normal
1.0,477.0,15.0,1.0,0.0,0.0,0.0,0.0,0.0,0.0,1.0,0.0,0.0,0.0,0.0,normal
1.0,477.0,15.0,1.0,0.0,0.0,0.0,0.0,0.0,0.0,1.0,0.0,0.0,0.0,0.0,normal
1.0,477.0,15.0,1.0,27.0,6.5,4.0,0.0,0.0,0.0,27.6,-27.0,1.0,27.0,4.9,normal
1.0,477.0,15.0,1.0,27.0,3.7,2.0,0.0,0.0,0.0,1.0,0.0,0.0,0.0,0.0,normal
1.0,477.0,15.0,1.0,0.0,0.0,0.0,0.0,0.0,0.0,27.0,-27.0,1.0,27.0,4.9,normal
1.0,477.0,15.0,1.0,0.0,0.0,0.0,0.0,0.0,0.0,28.4,-27.1,1.0,27.0,4.9,normal
1.0,477.0,15.0,1.0,0.0,0.0,0.0,0.0,0.0,0.0,27.1,-27.1,1.0,27.0,4.9,normal
1.0,477.0,15.0,1.0,0.0,0.0,0.0,0.0,0.0,0.0,1.0,0.0,0.0,0.0,0.0,normal
1.0,477.0,15.0,1.0,0.0,0.0,0.0,0.0,0.0,0.0,1.0,0.0,0.0,0.0,0.0,normal
1.0,477.0,15.0,1.0,0.0,0.0,0.0,0.0,0.0,0.0,28.1,-27.1,1.0,27.0,4.9,normal
1.0,477.0,15.0,1.0,0.0,0.0,0.0,0.0,0.0,0.0,1.0,0.0,0.0,0.0,0.0,normal
1.0,477.0,15.0,1.0,0.0,0.0,0.0,0.0,0.0,0.0,1.0,0.0,0.0,0.0,0.0,normal
1.0,477.0,15.0,1.0,0.0,0.0,0.0,0.0,0.0,0.0,28.5,-27.1,1.0,27.0,4.9,normal
1.0,477.0,15.0,1.0,0.0,0.0,0.0,0.0,0.0,0.0,1.0,0.0,0.0,0.0,0.0,normal
1.0,477.0,15.0,1.0,0.0,0.0,0.0,0.0,0.0,0.0,1.0,0.0,0.0,0.0,0.0,normal
1.0,477.0,15.0,1.0,0.0,0.0,0.0,0.0,0.0,0.0,1.0,0.0,0.0,0.0,0.0,normal
1.0,477.0,15.0,1.0,0.0,0.0,0.0,0.0,0.0,0.0,1.0,0.0,0.0,0.0,0.0,normal
1.0,477.0,15.0,1.0,0.0,0.0,0.0,0.0,0.0,0.0,28.4,-27.0,1.0,27.0,9.7,normal
1.0,477.0,15.0,1.0,24.0,3.3,2.0,0.0,0.0,0.0,28.4,-27.0,1.0,27.0,15.0,normal
1.0,477.0,15.0,1.0,0.0,0.0,0.0,0.0,0.0,0.0,1.0,0.0,0.0,0.0,0.0,normal
1.0,477.0,15.0,1.0,0.0,0.0,0.0,0.0,0.0,0.0,1.0,0.0,0.0,0.0,0.0,normal
1.0,4780.0,15.0,1.0,14.0,20.0,17.0,0.0,0.0,0.0,30.2,-16.5,1.0,24.0,25.0,normal
1.0,477.0,15.0,1.0,0.0,0.0,0.0,0.0,0.0,0.0,28.1,-27.0,1.0,27.0,9.7,normal
1.0,4780.0,15.0,1.0,25.0,3.4,2.0,0.0,0.0,0.0,1.0,0.0,0.0,0.0,0.0,normal
1.0,477.0,15.0,1.0,27.0,3.7,2.0,0.0,0.0,0.0,27.5,-27.0,1.0,27.0,4.9,normal
1.0,4780.0,15.0,1.0,0.0,0.0,0.0,0.0,0.0,0.0,1.0,0.0,0.0,0.0,0.0,normal
1.0,477.0,15.0,1.0,0.0,0.0,0.0,0.0,0.0,0.0,28.2,-27.0,1.0,27.0,9.7,normal
1.0,4780.0,15.0,1.0,0.0,0.0,0.0,0.0,0.0,0.0,34.9,-16.0,1.0,27.0,4.9,normal
1.0,477.0,15.0,1.0,0.0,0.0,0.0,0.0,0.0,0.0,1.0,0.0,0.0,0.0,0.0,normal
1.0,4780.0,15.0,1.0,0.0,0.0,0.0,0.0,0.0,0.0,1.0,0.0,0.0,0.0,0.0,normal
1.0,477.0,15.0,1.0,27.0,6.5,4.0,0.0,0.0,0.0,1.0,0.0,0.0,0.0,0.0,normal
1.0,4780.0,15.0,1.0,0.0,0.0,0.0,0.0,0.0,0.0,35.5,-16.1,1.0,27.0,4.9,normal
1.0,4780.0,15.0,1.0,0.0,0.0,0.0,0.0,0.0,0.0,1.0,0.0,0.0,0.0,0.0,normal
1.0,4780.0,15.0,1.0,0.0,0.0,0.0,0.0,0.0,0.0,35.3,-15.9,1.0,27.0,15.0,normal
1.0,4780.0,15.0,1.0,0.0,0.0,0.0,0.0,0.0,0.0,34.7,-16.2,1.0,27.0,4.9,normal
1.0,4780.0,15.0,1.0,0.0,0.0,0.0,0.0,0.0,0.0,35.6,-16.0,1.0,27.0,4.9,normal
1.0,4780.0,15.0,1.0,0.0,0.0,0.0,0.0,0.0,0.0,1.0,0.0,0.0,0.0,0.0,normal
1.0,4780.0,15.0,1.0,0.0,0.0,0.0,0.0,0.0,0.0,36.2,-16.0,1.0,27.0,4.9,normal
1.0,4780.0,15.0,1.0,0.0,0.0,0.0,0.0,0.0,0.0,1.0,0.0,0.0,0.0,0.0,normal
1.0,4780.0,15.0,1.0,0.0,0.0,0.0,0.0,0.0,0.0,1.0,0.0,0.0,0.0,0.0,normal
1.0,4780.0,15.0,1.0,0.0,0.0,0.0,0.0,0.0,0.0,1.0,0.0,0.0,0.0,0.0,normal
1.0,4780.0,15.0,1.0,0.0,0.0,0.0,0.0,0.0,0.0,1.0,0.0,0.0,0.0,0.0,normal
1.0,4780.0,15.0,1.0,0.0,0.0,0.0,0.0,0.0,0.0,35.6,-16.0,1.0,27.0,9.7,normal
1.0,4780.0,15.0,1.0,0.0,0.0,0.0,0.0,0.0,0.0,1.0,0.0,0.0,0.0,0.0,normal
1.0,4780.0,15.0,1.0,0.0,0.0,0.0,0.0,0.0,0.0,1.0,0.0,0.0,0.0,0.0,normal
1.0,4780.0,15.0,1.0,27.0,3.7,2.0,0.0,0.0,0.0,1.0,0.0,0.0,0.0,0.0,normal
1.0,4780.0,15.0,1.0,0.0,0.0,0.0,0.0,0.0,0.0,33.8,-15.8,1.0,27.0,4.9,normal
1.0,4780.0,15.0,1.0,0.0,0.0,0.0,0.0,0.0,0.0,1.0,0.0,0.0,0.0,0.0,normal
1.0,4780.0,15.0,1.0,0.0,0.0,0.0,0.0,0.0,0.0,1.0,0.0,0.0,0.0,0.0,normal
1.0,4780.0,15.0,1.0,0.0,0.0,0.0,0.0,0.0,0.0,35.7,-16.1,1.0,27.0,4.9,normal
1.0,4780.0,15.0,1.0,0.0,0.0,0.0,0.0,0.0,0.0,1.0,0.0,0.0,0.0,0.0,normal
1.0,4780.0,15.0,1.0,0.0,0.0,0.0,0.0,0.0,0.0,1.0,0.0,0.0,0.0,0.0,normal
1.0,4780.0,15.0,1.0,0.0,0.0,0.0,0.0,0.0,0.0,1.0,0.0,0.0,0.0,0.0,normal
1.0,4780.0,15.0,1.0,0.0,0.0,0.0,0.0,0.0,0.0,36.4,-15.8,1.0,27.0,4.9,normal
1.0,4780.0,15.0,1.0,27.0,3.7,2.0,0.0,0.0,0.0,34.4,-16.2,1.0,27.0,4.9,normal
1.0,4780.0,15.0,1.0,0.0,0.0,0.0,0.0,0.0,0.0,1.0,0.0,0.0,0.0,0.0,normal
1.0,4780.0,15.0,1.0,0.0,0.0,0.0,0.0,0.0,0.0,1.0,0.0,0.0,0.0,0.0,normal
1.0,4780.0,15.0,1.0,0.0,0.0,0.0,0.0,0.0,0.0,1.0,0.0,0.0,0.0,0.0,normal
1.0,4780.0,15.0,1.0,0.0,0.0,0.0,0.0,0.0,0.0,32.7,-15.8,1.0,27.0,4.9,normal
1.0,4780.0,15.0,1.0,0.0,0.0,0.0,0.0,0.0,0.0,35.3,-16.1,1.0,27.0,4.9,normal
1.0,4780.0,15.0,1.0,0.0,0.0,0.0,0.0,0.0,0.0,1.0,0.0,0.0,0.0,0.0,normal
1.0,4780.0,15.0,1.0,0.0,0.0,0.0,0.0,0.0,0.0,1.0,0.0,0.0,0.0,0.0,normal
1.0,4780.0,15.0,1.0,0.0,0.0,0.0,0.0,0.0,0.0,1.0,0.0,0.0,0.0,0.0,normal
1.0,4780.0,15.0,1.0,0.0,0.0,0.0,0.0,0.0,0.0,35.9,-15.8,1.0,27.0,4.9,normal
1.0,4780.0,15.0,1.0,0.0,0.0,0.0,0.0,0.0,0.0,1.0,0.0,0.0,0.0,0.0,normal
1.0,4780.0,15.0,1.0,0.0,0.0,0.0,0.0,0.0,0.0,1.0,0.0,0.0,0.0,0.0,normal
1.0,4780.0,15.0,1.0,0.0,0.0,0.0,0.0,0.0,0.0,34.3,-16.1,1.0,27.0,4.9,normal
1.0,4780.0,15.0,1.0,0.0,0.0,0.0,0.0,0.0,0.0,35.8,-15.8,1.0,27.0,4.9,normal
1.0,4780.0,15.0,1.0,0.0,0.0,0.0,0.0,0.0,0.0,35.2,-16.0,1.0,27.0,9.7,normal
1.0,4780.0,15.0,1.0,0.0,0.0,0.0,0.0,0.0,0.0,1.0,0.0,0.0,0.0,0.0,normal
1.0,4780.0,15.0,1.0,0.0,0.0,0.0,0.0,0.0,0.0,1.0,0.0,0.0,0.0,0.0,normal
1.0,4780.0,15.0,1.0,0.0,0.0,0.0,0.0,0.0,0.0,35.5,-16.2,1.0,27.0,4.9,normal
1.0,4780.0,15.0,1.0,0.0,0.0,0.0,0.0,0.0,0.0,1.0,0.0,0.0,0.0,0.0,normal
1.0,4780.0,15.0,1.0,0.0,0.0,0.0,0.0,0.0,0.0,1.0,0.0,0.0,0.0,0.0,normal
1.0,4780.0,15.0,1.0,0.0,0.0,0.0,0.0,0.0,0.0,1.0,0.0,0.0,0.0,0.0,normal
1.0,4780.0,15.0,1.0,0.0,0.0,0.0,0.0,0.0,0.0,1.0,0.0,0.0,0.0,0.0,normal
1.0,4780.0,15.0,1.0,0.0,0.0,0.0,0.0,0.0,0.0,34.3,-15.8,1.0,27.0,4.9,normal
1.0,4780.0,15.0,1.0,0.0,0.0,0.0,0.0,0.0,0.0,35.1,-16.0,1.0,27.0,9.7,normal
1.0,4780.0,15.0,1.0,0.0,0.0,0.0,0.0,0.0,0.0,1.0,0.0,0.0,0.0,0.0,normal
1.0,4780.0,15.0,1.0,0.0,0.0,0.0,0.0,0.0,0.0,1.0,0.0,0.0,0.0,0.0,normal
1.0,4780.0,15.0,1.0,0.0,0.0,0.0,0.0,0.0,0.0,1.0,0.0,0.0,0.0,0.0,normal
1.0,4780.0,15.0,1.0,0.0,0.0,0.0,0.0,0.0,0.0,35.3,-16.0,1.0,27.0,9.7,normal
1.0,4780.0,15.0,1.0,0.0,0.0,0.0,0.0,0.0,0.0,1.0,0.0,0.0,0.0,0.0,normal
1.0,4780.0,15.0,1.0,0.0,0.0,0.0,0.0,0.0,0.0,1.0,0.0,0.0,0.0,0.0,normal
1.0,4780.0,15.0,1.0,0.0,0.0,0.0,0.0,0.0,0.0,1.0,0.0,0.0,0.0,0.0,normal
1.0,4780.0,15.0,1.0,0.0,0.0,0.0,0.0,0.0,0.0,1.0,0.0,0.0,0.0,0.0,normal
1.0,4781.0,15.0,1.0,22.0,105.0,35.0,0.0,0.0,0.0,33.6,-15.3,1.0,26.0,271.0,normal
1.0,4781.0,15.0,1.0,27.0,123.0,39.0,0.0,0.0,0.0,34.4,-15.6,1.0,27.0,224.0,normal
1.0,4781.0,15.0,1.0,26.0,86.0,22.0,1.0,4.0,0.0,34.3,-15.7,1.0,27.0,141.0,normal
1.0,4781.0,15.0,1.0,26.0,3.6,2.0,0.0,0.0,0.0,34.1,-16.0,1.0,27.0,17.0,normal
1.0,4781.0,15.0,1.0,26.0,3.6,2.0,0.0,0.0,0.0,34.7,-15.9,1.0,27.0,23.0,normal
1.0,4781.0,15.0,1.0,26.0,1.8,1.0,0.0,0.0,0.0,35.6,-16.0,1.0,27.0,9.7,normal
1.0,4781.0,15.0,1.0,0.0,0.0,0.0,0.0,0.0,0.0,1.0,0.0,0.0,0.0,0.0,normal
1.0,4781.0,15.0,1.0,0.0,0.0,0.0,0.0,0.0,0.0,1.0,0.0,0.0,0.0,0.0,normal
1.0,4781.0,15.0,1.0,0.0,0.0,0.0,0.0,0.0,0.0,1.0,0.0,0.0,0.0,0.0,normal
1.0,4781.0,15.0,1.0,0.0,0.0,0.0,0.0,0.0,0.0,1.0,0.0,0.0,0.0,0.0,normal
1.0,4781.0,15.0,1.0,0.0,0.0,0.0,0.0,0.0,0.0,1.0,0.0,0.0,0.0,0.0,normal
1.0,4781.0,15.0,1.0,0.0,0.0,0.0,0.0,0.0,0.0,1.0,0.0,0.0,0.0,0.0,normal
1.0,4781.0,15.0,1.0,0.0,0.0,0.0,0.0,0.0,0.0,1.0,0.0,0.0,0.0,0.0,normal
1.0,4781.0,15.0,1.0,0.0,0.0,0.0,0.0,0.0,0.0,1.0,0.0,0.0,0.0,0.0,normal
1.0,4781.0,15.0,1.0,0.0,0.0,0.0,0.0,0.0,0.0,1.0,0.0,0.0,0.0,0.0,normal
1.0,4781.0,15.0,1.0,0.0,0.0,0.0,0.0,0.0,0.0,1.0,0.0,0.0,0.0,0.0,normal
1.0,4781.0,15.0,1.0,0.0,0.0,0.0,0.0,0.0,0.0,34.2,-16.0,1.0,27.0,4.9,normal
1.0,4781.0,15.0,1.0,0.0,0.0,0.0,0.0,0.0,0.0,1.0,0.0,0.0,0.0,0.0,normal
1.0,4781.0,15.0,1.0,0.0,0.0,0.0,0.0,0.0,0.0,1.0,0.0,0.0,0.0,0.0,normal
1.0,4781.0,15.0,1.0,0.0,0.0,0.0,0.0,0.0,0.0,1.0,0.0,0.0,0.0,0.0,normal
1.0,4781.0,15.0,1.0,0.0,0.0,0.0,0.0,0.0,0.0,1.0,0.0,0.0,0.0,0.0,normal
1.0,4781.0,15.0,1.0,0.0,0.0,0.0,0.0,0.0,0.0,1.0,0.0,0.0,0.0,0.0,normal
1.0,4781.0,15.0,1.0,0.0,0.0,0.0,0.0,0.0,0.0,1.0,0.0,0.0,0.0,0.0,normal
1.0,4781.0,15.0,1.0,0.0,0.0,0.0,0.0,0.0,0.0,34.3,-16.0,1.0,27.0,4.9,normal
1.0,4781.0,15.0,1.0,0.0,0.0,0.0,0.0,0.0,0.0,1.0,0.0,0.0,0.0,0.0,normal
1.0,4781.0,15.0,1.0,0.0,0.0,0.0,0.0,0.0,0.0,1.0,0.0,0.0,0.0,0.0,normal
1.0,4781.0,15.0,1.0,0.0,0.0,0.0,0.0,0.0,0.0,34.4,-16.0,1.0,27.0,4.9,normal
1.0,4781.0,15.0,1.0,0.0,0.0,0.0,0.0,0.0,0.0,1.0,0.0,0.0,0.0,0.0,normal
1.0,4781.0,15.0,1.0,0.0,0.0,0.0,0.0,0.0,0.0,33.6,-16.0,1.0,27.0,4.9,normal
1.0,4781.0,15.0,1.0,0.0,0.0,0.0,0.0,0.0,0.0,35.5,-16.0,1.0,27.0,4.9,normal
1.0,4781.0,15.0,1.0,0.0,0.0,0.0,0.0,0.0,0.0,1.0,0.0,0.0,0.0,0.0,normal
1.0,4781.0,15.0,1.0,0.0,0.0,0.0,0.0,0.0,0.0,1.0,0.0,0.0,0.0,0.0,normal
1.0,4781.0,15.0,1.0,0.0,0.0,0.0,0.0,0.0,0.0,1.0,0.0,0.0,0.0,0.0,normal
1.0,4781.0,15.0,1.0,0.0,0.0,0.0,0.0,0.0,0.0,1.0,0.0,0.0,0.0,0.0,normal
1.0,4781.0,15.0,1.0,0.0,0.0,0.0,0.0,0.0,0.0,34.8,-16.0,1.0,27.0,4.9,normal
1.0,4781.0,15.0,1.0,0.0,0.0,0.0,0.0,0.0,0.0,1.0,0.0,0.0,0.0,0.0,normal
1.0,4781.0,15.0,1.0,0.0,0.0,0.0,0.0,0.0,0.0,1.0,0.0,0.0,0.0,0.0,normal
1.0,4781.0,15.0,1.0,0.0,0.0,0.0,0.0,0.0,0.0,1.0,0.0,0.0,0.0,0.0,normal
1.0,4781.0,15.0,1.0,0.0,0.0,0.0,0.0,0.0,0.0,33.8,-16.1,1.0,27.0,4.9,normal
1.0,4781.0,15.0,1.0,0.0,0.0,0.0,0.0,0.0,0.0,1.0,0.0,0.0,0.0,0.0,normal
1.0,4781.0,15.0,1.0,0.0,0.0,0.0,0.0,0.0,0.0,34.4,-16.1,1.0,27.0,4.9,normal
1.0,4781.0,15.0,1.0,0.0,0.0,0.0,0.0,0.0,0.0,1.0,0.0,0.0,0.0,0.0,normal
1.0,4781.0,15.0,1.0,0.0,0.0,0.0,0.0,0.0,0.0,1.0,0.0,0.0,0.0,0.0,normal
1.0,4781.0,15.0,1.0,0.0,0.0,0.0,0.0,0.0,0.0,35.3,-16.0,1.0,27.0,4.9,normal
1.0,4781.0,15.0,1.0,0.0,0.0,0.0,0.0,0.0,0.0,1.0,0.0,0.0,0.0,0.0,normal
1.0,4781.0,15.0,1.0,0.0,0.0,0.0,0.0,0.0,0.0,1.0,0.0,0.0,0.0,0.0,normal
1.0,4781.0,15.0,1.0,0.0,0.0,0.0,0.0,0.0,0.0,1.0,0.0,0.0,0.0,0.0,normal
1.0,4781.0,15.0,1.0,0.0,0.0,0.0,0.0,0.0,0.0,1.0,0.0,0.0,0.0,0.0,normal
1.0,4781.0,15.0,1.0,0.0,0.0,0.0,0.0,0.0,0.0,35.9,-16.0,1.0,27.0,4.9,normal
1.0,4781.0,15.0,1.0,0.0,0.0,0.0,0.0,0.0,0.0,1.0,0.0,0.0,0.0,0.0,normal
1.0,4781.0,15.0,1.0,0.0,0.0,0.0,0.0,0.0,0.0,1.0,0.0,0.0,0.0,0.0,normal
1.0,4781.0,15.0,1.0,0.0,0.0,0.0,0.0,0.0,0.0,1.0,0.0,0.0,0.0,0.0,normal
1.0,4781.0,15.0,1.0,0.0,0.0,0.0,0.0,0.0,0.0,1.0,0.0,0.0,0.0,0.0,normal
1.0,4781.0,15.0,1.0,0.0,0.0,0.0,0.0,0.0,0.0,1.0,0.0,0.0,0.0,0.0,normal
1.0,4781.0,15.0,1.0,0.0,0.0,0.0,0.0,0.0,0.0,1.0,0.0,0.0,0.0,0.0,normal
1.0,4781.0,15.0,1.0,0.0,0.0,0.0,0.0,0.0,0.0,1.0,0.0,0.0,0.0,0.0,normal
1.0,4781.0,15.0,1.0,0.0,0.0,0.0,0.0,0.0,0.0,1.0,0.0,0.0,0.0,0.0,normal
1.0,4781.0,15.0,1.0,0.0,0.0,0.0,0.0,0.0,0.0,33.2,-16.0,1.0,27.0,4.9,normal
1.0,4781.0,15.0,1.0,0.0,0.0,0.0,0.0,0.0,0.0,1.0,0.0,0.0,0.0,0.0,normal
1.0,4781.0,15.0,1.0,0.0,0.0,0.0,0.0,0.0,0.0,34.0,-16.0,1.0,27.0,4.9,normal
1.0,4781.0,15.0,1.0,0.0,0.0,0.0,0.0,0.0,0.0,1.0,0.0,0.0,0.0,0.0,normal
1.0,4781.0,15.0,1.0,0.0,0.0,0.0,0.0,0.0,0.0,1.0,0.0,0.0,0.0,0.0,normal
1.0,4781.0,15.0,1.0,0.0,0.0,0.0,0.0,0.0,0.0,35.3,-16.0,1.0,27.0,4.9,normal
1.0,4781.0,15.0,1.0,0.0,0.0,0.0,0.0,0.0,0.0,1.0,0.0,0.0,0.0,0.0,normal
1.0,4781.0,15.0,1.0,0.0,0.0,0.0,0.0,0.0,0.0,33.8,-16.0,1.0,27.0,4.9,normal
1.0,4782.0,15.0,1.0,15.0,14.0,10.0,0.0,0.0,0.0,26.0,-28.6,1.0,24.0,23.0,normal
1.0,4782.0,15.0,1.0,27.0,3.7,2.0,0.0,0.0,0.0,27.3,-27.5,1.0,27.0,9.7,normal
1.0,4782.0,15.0,1.0,27.0,1.9,1.0,0.0,0.0,0.0,27.7,-27.1,1.0,27.0,4.9,normal
1.0,4783.0,15.0,1.0,16.0,24.0,16.0,0.0,0.0,0.0,33.0,-16.3,1.0,25.0,32.0,normal
1.0,4782.0,15.0,1.0,0.0,0.0,0.0,0.0,0.0,0.0,1.0,0.0,0.0,0.0,0.0,normal
1.0,4783.0,15.0,1.0,27.0,3.7,2.0,0.0,0.0,0.0,1.0,0.0,0.0,0.0,0.0,normal
1.0,4782.0,15.0,1.0,27.0,66.0,14.0,0.0,0.0,0.0,28.3,-27.0,1.0,27.0,39.0,normal
1.0,4783.0,15.0,1.0,0.0,0.0,0.0,0.0,0.0,0.0,34.7,-16.0,1.0,27.0,4.9,normal
1.0,4782.0,15.0,1.0,27.0,1.9,1.0,0.0,0.0,0.0,27.7,-27.0,1.0,27.0,4.9,normal
1.0,4783.0,15.0,1.0,0.0,0.0,0.0,0.0,0.0,0.0,1.0,0.0,0.0,0.0,0.0,normal
1.0,4782.0,15.0,1.0,27.0,3.7,2.0,0.0,0.0,0.0,27.2,-27.0,1.0,27.0,4.9,normal
1.0,4783.0,15.0,1.0,0.0,0.0,0.0,0.0,0.0,0.0,1.0,0.0,0.0,0.0,0.0,normal
1.0,4782.0,15.0,1.0,0.0,0.0,0.0,0.0,0.0,0.0,1.0,0.0,0.0,0.0,0.0,normal
1.0,4783.0,15.0,1.0,0.0,0.0,0.0,0.0,0.0,0.0,1.0,0.0,0.0,0.0,0.0,normal
1.0,4782.0,15.0,1.0,0.0,0.0,0.0,0.0,0.0,0.0,1.0,0.0,0.0,0.0,0.0,normal
1.0,4783.0,15.0,1.0,27.0,3.7,2.0,0.0,0.0,0.0,1.0,0.0,0.0,0.0,0.0,normal
1.0,4782.0,15.0,1.0,27.0,3.7,2.0,0.0,0.0,0.0,1.0,0.0,0.0,0.0,0.0,normal
1.0,4783.0,15.0,1.0,0.0,0.0,0.0,0.0,0.0,0.0,34.7,-15.9,1.0,27.0,4.9,normal
1.0,4782.0,15.0,1.0,0.0,0.0,0.0,0.0,0.0,0.0,27.2,-27.0,1.0,27.0,9.7,normal
1.0,4783.0,15.0,1.0,0.0,0.0,0.0,0.0,0.0,0.0,35.7,-15.9,1.0,27.0,4.9,normal
1.0,4782.0,15.0,1.0,0.0,0.0,0.0,0.0,0.0,0.0,1.0,0.0,0.0,0.0,0.0,normal
1.0,4783.0,15.0,1.0,0.0,0.0,0.0,0.0,0.0,0.0,35.0,-16.0,1.0,27.0,4.9,normal
1.0,4782.0,15.0,1.0,0.0,0.0,0.0,0.0,0.0,0.0,1.0,0.0,0.0,0.0,0.0,normal
1.0,4783.0,15.0,1.0,0.0,0.0,0.0,0.0,0.0,0.0,33.9,-16.0,1.0,27.0,9.7,normal
1.0,4782.0,15.0,1.0,0.0,0.0,0.0,0.0,0.0,0.0,28.4,-27.0,1.0,27.0,4.9,normal
1.0,4783.0,15.0,1.0,0.0,0.0,0.0,0.0,0.0,0.0,34.3,-16.0,1.0,27.0,4.9,normal
1.0,4782.0,15.0,1.0,0.0,0.0,0.0,0.0,0.0,0.0,1.0,0.0,0.0,0.0,0.0,normal
1.0,4783.0,15.0,1.0,0.0,0.0,0.0,0.0,0.0,0.0,1.0,0.0,0.0,0.0,0.0,normal
1.0,4782.0,15.0,1.0,0.0,0.0,0.0,0.0,0.0,0.0,1.0,0.0,0.0,0.0,0.0,normal
1.0,4783.0,15.0,1.0,0.0,0.0,0.0,0.0,0.0,0.0,1.0,0.0,0.0,0.0,0.0,normal
1.0,4782.0,15.0,1.0,0.0,0.0,0.0,0.0,0.0,0.0,1.0,0.0,0.0,0.0,0.0,normal
1.0,4783.0,15.0,1.0,0.0,0.0,0.0,0.0,0.0,0.0,34.1,-16.0,1.0,27.0,4.9,normal
1.0,4782.0,15.0,1.0,0.0,0.0,0.0,0.0,0.0,0.0,27.8,-27.0,1.0,27.0,4.9,normal
1.0,4783.0,15.0,1.0,0.0,0.0,0.0,0.0,0.0,0.0,34.3,-15.9,1.0,27.0,4.9,normal
1.0,4782.0,15.0,1.0,0.0,0.0,0.0,0.0,0.0,0.0,27.6,-27.1,1.0,27.0,9.7,normal
1.0,4783.0,15.0,1.0,0.0,0.0,0.0,0.0,0.0,0.0,33.2,-16.0,1.0,27.0,4.9,normal
1.0,4782.0,15.0,1.0,0.0,0.0,0.0,0.0,0.0,0.0,28.1,-27.0,1.0,27.0,4.9,normal
1.0,4783.0,15.0,1.0,0.0,0.0,0.0,0.0,0.0,0.0,1.0,0.0,0.0,0.0,0.0,normal
1.0,4782.0,15.0,1.0,0.0,0.0,0.0,0.0,0.0,0.0,1.0,0.0,0.0,0.0,0.0,normal
1.0,4783.0,15.0,1.0,0.0,0.0,0.0,0.0,0.0,0.0,1.0,0.0,0.0,0.0,0.0,normal
1.0,4782.0,15.0,1.0,0.0,0.0,0.0,0.0,0.0,0.0,26.2,-27.0,1.0,27.0,4.9,normal
1.0,4783.0,15.0,1.0,27.0,3.7,2.0,0.0,0.0,0.0,31.0,-15.9,1.0,27.0,4.9,normal
1.0,4782.0,15.0,1.0,0.0,0.0,0.0,0.0,0.0,0.0,27.9,-27.0,1.0,27.0,4.9,normal
1.0,4783.0,15.0,1.0,26.0,7.3,4.0,0.0,0.0,0.0,34.5,-16.0,1.0,27.0,15.0,normal
1.0,4782.0,15.0,1.0,0.0,0.0,0.0,0.0,0.0,0.0,1.0,0.0,0.0,0.0,0.0,normal
1.0,4783.0,15.0,1.0,0.0,0.0,0.0,0.0,0.0,0.0,35.6,-16.0,1.0,27.0,4.9,normal
1.0,4782.0,15.0,1.0,0.0,0.0,0.0,0.0,0.0,0.0,1.0,0.0,0.0,0.0,0.0,normal
1.0,4783.0,15.0,1.0,0.0,0.0,0.0,0.0,0.0,0.0,1.0,0.0,0.0,0.0,0.0,normal
1.0,4782.0,15.0,1.0,0.0,0.0,0.0,0.0,0.0,0.0,1.0,0.0,0.0,0.0,0.0,normal
1.0,4783.0,15.0,1.0,0.0,0.0,0.0,0.0,0.0,0.0,1.0,0.0,0.0,0.0,0.0,normal
1.0,4782.0,15.0,1.0,27.0,2.8,2.0,0.0,0.0,0.0,29.0,-26.9,1.0,27.0,4.9,normal
1.0,4783.0,15.0,1.0,27.0,3.7,2.0,0.0,0.0,0.0,1.0,0.0,0.0,0.0,0.0,normal
1.0,4782.0,15.0,1.0,0.0,0.0,0.0,0.0,0.0,0.0,1.0,0.0,0.0,0.0,0.0,normal
1.0,4783.0,15.0,1.0,0.0,0.0,0.0,0.0,0.0,0.0,34.0,-16.0,1.0,27.0,4.9,normal
1.0,4782.0,15.0,1.0,27.0,3.7,2.0,0.0,0.0,0.0,1.0,0.0,0.0,0.0,0.0,normal
1.0,4783.0,15.0,1.0,0.0,0.0,0.0,0.0,0.0,0.0,1.0,0.0,0.0,0.0,0.0,normal
1.0,4782.0,15.0,1.0,0.0,0.0,0.0,0.0,0.0,0.0,27.9,-27.1,1.0,27.0,9.7,normal
1.0,4783.0,15.0,1.0,27.0,1.9,1.0,0.0,0.0,0.0,1.0,0.0,0.0,0.0,0.0,normal
1.0,4782.0,15.0,1.0,0.0,0.0,0.0,0.0,0.0,0.0,27.9,-27.0,1.0,27.0,4.9,normal
1.0,4783.0,15.0,1.0,27.0,1.9,1.0,0.0,0.0,0.0,1.0,0.0,0.0,0.0,0.0,normal
1.0,4782.0,15.0,1.0,0.0,0.0,0.0,0.0,0.0,0.0,28.1,-26.9,1.0,27.0,4.9,normal
1.0,4783.0,15.0,1.0,27.0,6.5,4.0,0.0,0.0,0.0,1.0,0.0,0.0,0.0,0.0,normal
1.0,4782.0,15.0,1.0,0.0,0.0,0.0,0.0,0.0,0.0,1.0,0.0,0.0,0.0,0.0,normal
1.0,4783.0,15.0,1.0,0.0,0.0,0.0,0.0,0.0,0.0,35.2,-15.8,1.0,27.0,4.9,normal
1.0,4782.0,15.0,1.0,24.0,3.3,2.0,0.0,0.0,0.0,1.0,0.0,0.0,0.0,0.0,normal
1.0,4783.0,15.0,1.0,0.0,0.0,0.0,0.0,0.0,0.0,1.0,0.0,0.0,0.0,0.0,normal
1.0,4782.0,15.0,1.0,0.0,0.0,0.0,0.0,0.0,0.0,1.0,0.0,0.0,0.0,0.0,normal
1.0,4783.0,15.0,1.0,27.0,3.7,2.0,0.0,0.0,0.0,1.0,0.0,0.0,0.0,0.0,normal
1.0,4782.0,15.0,1.0,0.0,0.0,0.0,0.0,0.0,0.0,27.4,-27.0,1.0,27.0,4.9,normal
1.0,4783.0,15.0,1.0,0.0,0.0,0.0,0.0,0.0,0.0,34.7,-16.1,1.0,27.0,4.9,normal
1.0,4782.0,15.0,1.0,0.0,0.0,0.0,0.0,0.0,0.0,27.7,-27.0,1.0,27.0,4.9,normal
1.0,4783.0,15.0,1.0,0.0,0.0,0.0,0.0,0.0,0.0,34.6,-15.9,1.0,27.0,4.9,normal
1.0,4782.0,15.0,1.0,0.0,0.0,0.0,0.0,0.0,0.0,1.0,0.0,0.0,0.0,0.0,normal
1.0,4783.0,15.0,1.0,0.0,0.0,0.0,0.0,0.0,0.0,1.0,0.0,0.0,0.0,0.0,normal
1.0,4782.0,15.0,1.0,0.0,0.0,0.0,0.0,0.0,0.0,28.2,-27.0,1.0,27.0,4.9,normal
1.0,4783.0,15.0,1.0,0.0,0.0,0.0,0.0,0.0,0.0,36.1,-15.9,1.0,27.0,4.9,normal
1.0,4782.0,15.0,1.0,0.0,0.0,0.0,0.0,0.0,0.0,28.9,-27.0,1.0,27.0,4.9,normal
1.0,4783.0,15.0,1.0,0.0,0.0,0.0,0.0,0.0,0.0,35.1,-15.9,1.0,27.0,9.7,normal
1.0,4782.0,15.0,1.0,0.0,0.0,0.0,0.0,0.0,0.0,28.2,-27.0,1.0,27.0,4.9,normal
1.0,4783.0,15.0,1.0,0.0,0.0,0.0,0.0,0.0,0.0,35.0,-16.0,1.0,27.0,4.9,normal
1.0,4782.0,15.0,1.0,0.0,0.0,0.0,0.0,0.0,0.0,1.0,0.0,0.0,0.0,0.0,normal
1.0,4783.0,15.0,1.0,0.0,0.0,0.0,0.0,0.0,0.0,1.0,0.0,0.0,0.0,0.0,normal
1.0,4782.0,15.0,1.0,0.0,0.0,0.0,0.0,0.0,0.0,1.0,0.0,0.0,0.0,0.0,normal
1.0,4783.0,15.0,1.0,0.0,0.0,0.0,0.0,0.0,0.0,1.0,0.0,0.0,0.0,0.0,normal
1.0,4782.0,15.0,1.0,0.0,0.0,0.0,0.0,0.0,0.0,1.0,0.0,0.0,0.0,0.0,normal
1.0,4783.0,15.0,1.0,0.0,0.0,0.0,0.0,0.0,0.0,34.6,-16.0,1.0,27.0,4.9,normal
1.0,4782.0,15.0,1.0,0.0,0.0,0.0,0.0,0.0,0.0,1.0,0.0,0.0,0.0,0.0,normal
1.0,4783.0,15.0,1.0,0.0,0.0,0.0,0.0,0.0,0.0,33.0,-16.0,1.0,27.0,9.7,normal
1.0,4782.0,15.0,1.0,0.0,0.0,0.0,0.0,0.0,0.0,27.6,-27.0,1.0,27.0,15.0,normal
1.0,4783.0,15.0,1.0,0.0,0.0,0.0,0.0,0.0,0.0,1.0,0.0,0.0,0.0,0.0,normal
1.0,4782.0,15.0,1.0,0.0,0.0,0.0,0.0,0.0,0.0,28.7,-27.0,1.0,27.0,4.9,normal
1.0,4783.0,15.0,1.0,0.0,0.0,0.0,0.0,0.0,0.0,33.6,-16.0,1.0,27.0,4.9,normal
1.0,4782.0,15.0,1.0,0.0,0.0,0.0,0.0,0.0,0.0,29.1,-27.1,1.0,27.0,4.9,normal
1.0,4783.0,15.0,1.0,0.0,0.0,0.0,0.0,0.0,0.0,34.4,-16.0,1.0,27.0,9.7,normal
1.0,4782.0,15.0,1.0,0.0,0.0,0.0,0.0,0.0,0.0,1.0,0.0,0.0,0.0,0.0,normal
1.0,4783.0,15.0,1.0,27.0,1.9,1.0,0.0,0.0,0.0,1.0,0.0,0.0,0.0,0.0,normal
1.0,4782.0,15.0,1.0,0.0,0.0,0.0,0.0,0.0,0.0,27.4,-27.0,1.0,27.0,4.9,normal
1.0,4783.0,15.0,1.0,27.0,1.9,1.0,0.0,0.0,0.0,1.0,0.0,0.0,0.0,0.0,normal
1.0,4782.0,15.0,1.0,0.0,0.0,0.0,0.0,0.0,0.0,1.0,0.0,0.0,0.0,0.0,normal
1.0,4783.0,15.0,1.0,0.0,0.0,0.0,0.0,0.0,0.0,1.0,0.0,0.0,0.0,0.0,normal
1.0,4782.0,15.0,1.0,0.0,0.0,0.0,0.0,0.0,0.0,27.9,-27.0,1.0,27.0,9.7,normal
1.0,4783.0,15.0,1.0,0.0,0.0,0.0,0.0,0.0,0.0,1.0,0.0,0.0,0.0,0.0,normal
1.0,4782.0,15.0,1.0,0.0,0.0,0.0,0.0,0.0,0.0,28.0,-27.1,1.0,27.0,4.9,normal
1.0,4783.0,15.0,1.0,0.0,0.0,0.0,0.0,0.0,0.0,1.0,0.0,0.0,0.0,0.0,normal
1.0,4782.0,15.0,1.0,0.0,0.0,0.0,0.0,0.0,0.0,28.3,-27.0,1.0,27.0,4.9,normal
1.0,4783.0,15.0,1.0,0.0,0.0,0.0,0.0,0.0,0.0,1.0,0.0,0.0,0.0,0.0,normal
1.0,4782.0,15.0,1.0,0.0,0.0,0.0,0.0,0.0,0.0,1.0,0.0,0.0,0.0,0.0,normal
1.0,4783.0,15.0,1.0,0.0,0.0,0.0,0.0,0.0,0.0,34.5,-16.0,1.0,27.0,4.9,normal
1.0,4782.0,15.0,1.0,0.0,0.0,0.0,0.0,0.0,0.0,1.0,0.0,0.0,0.0,0.0,normal
1.0,4783.0,15.0,1.0,0.0,0.0,0.0,0.0,0.0,0.0,1.0,0.0,0.0,0.0,0.0,normal
1.0,4782.0,15.0,1.0,27.0,3.7,2.0,0.0,0.0,0.0,28.2,-27.0,1.0,27.0,4.9,normal
1.0,4783.0,15.0,1.0,0.0,0.0,0.0,0.0,0.0,0.0,35.3,-16.0,1.0,27.0,4.9,normal
1.0,4782.0,15.0,1.0,0.0,0.0,0.0,0.0,0.0,0.0,28.5,-27.0,1.0,27.0,4.9,normal
1.0,4783.0,15.0,1.0,0.0,0.0,0.0,0.0,0.0,0.0,1.0,0.0,0.0,0.0,0.0,normal
1.0,4782.0,15.0,1.0,0.0,0.0,0.0,0.0,0.0,0.0,27.5,-27.0,1.0,27.0,4.9,normal
1.0,4783.0,15.0,1.0,0.0,0.0,0.0,0.0,0.0,0.0,1.0,0.0,0.0,0.0,0.0,normal
1.0,4782.0,15.0,1.0,0.0,0.0,0.0,0.0,0.0,0.0,1.0,0.0,0.0,0.0,0.0,normal
1.0,4783.0,15.0,1.0,24.0,1.7,1.0,0.0,0.0,0.0,1.0,0.0,0.0,0.0,0.0,normal
1.0,4782.0,15.0,1.0,0.0,0.0,0.0,0.0,0.0,0.0,1.0,0.0,0.0,0.0,0.0,normal
1.0,4783.0,15.0,1.0,27.0,888.0,1.0,0.0,0.0,0.0,1.0,0.0,0.0,0.0,0.0,normal
1.0,4782.0,15.0,1.0,0.0,0.0,0.0,0.0,0.0,0.0,1.0,0.0,0.0,0.0,0.0,normal
1.0,4783.0,15.0,1.0,27.0,2.8,2.0,0.0,0.0,0.0,32.6,-16.0,1.0,27.0,4.9,normal
1.0,4782.0,15.0,1.0,27.0,3.7,2.0,0.0,0.0,0.0,28.1,-27.1,1.0,27.0,4.9,normal
1.0,4782.0,15.0,1.0,0.0,0.0,0.0,0.0,0.0,0.0,29.3,-27.1,1.0,27.0,4.9,normal
1.0,4782.0,15.0,1.0,0.0,0.0,0.0,0.0,0.0,0.0,27.8,-27.1,1.0,27.0,9.7,normal
1.0,4784.0,15.0,1.0,18.0,53.0,26.0,0.0,0.0,0.0,25.4,-28.4,1.0,26.0,70.0,normal
1.0,4784.0,15.0,1.0,27.0,8.2,3.0,0.0,0.0,0.0,27.9,-27.2,1.0,27.0,15.0,normal
1.0,4784.0,15.0,1.0,0.0,0.0,0.0,0.0,0.0,0.0,1.0,0.0,0.0,0.0,0.0,normal
1.0,4784.0,15.0,1.0,27.0,7.5,4.0,0.0,0.0,0.0,28.0,-27.1,1.0,27.0,4.9,normal
1.0,4784.0,15.0,1.0,0.0,0.0,0.0,0.0,0.0,0.0,1.0,0.0,0.0,0.0,0.0,normal
1.0,4784.0,15.0,1.0,0.0,0.0,0.0,0.0,0.0,0.0,28.7,-27.1,1.0,27.0,4.9,normal
1.0,4784.0,15.0,1.0,0.0,0.0,0.0,0.0,0.0,0.0,1.0,0.0,0.0,0.0,0.0,normal
1.0,4784.0,15.0,1.0,0.0,0.0,0.0,0.0,0.0,0.0,1.0,0.0,0.0,0.0,0.0,normal
1.0,4784.0,15.0,1.0,27.0,7.5,4.0,0.0,0.0,0.0,1.0,0.0,0.0,0.0,0.0,normal
1.0,4784.0,15.0,1.0,0.0,0.0,0.0,0.0,0.0,0.0,1.0,0.0,0.0,0.0,0.0,normal
1.0,4784.0,15.0,1.0,0.0,0.0,0.0,0.0,0.0,0.0,1.0,0.0,0.0,0.0,0.0,normal
1.0,4784.0,15.0,1.0,0.0,0.0,0.0,0.0,0.0,0.0,1.0,0.0,0.0,0.0,0.0,normal
1.0,4784.0,15.0,1.0,0.0,0.0,0.0,0.0,0.0,0.0,1.0,0.0,0.0,0.0,0.0,normal
1.0,4784.0,15.0,1.0,0.0,0.0,0.0,0.0,0.0,0.0,28.4,-27.2,1.0,27.0,4.9,normal
1.0,4784.0,15.0,1.0,0.0,0.0,0.0,0.0,0.0,0.0,1.0,0.0,0.0,0.0,0.0,normal
1.0,4784.0,15.0,1.0,27.0,0.0,0.0,0.0,0.0,0.0,1.0,0.0,0.0,0.0,0.0,normal
1.0,4784.0,15.0,1.0,27.0,3.7,2.0,0.0,0.0,0.0,1.0,0.0,0.0,0.0,0.0,normal
1.0,4784.0,15.0,1.0,0.0,0.0,0.0,0.0,0.0,0.0,1.0,0.0,0.0,0.0,0.0,normal
1.0,4784.0,15.0,1.0,0.0,0.0,0.0,0.0,0.0,0.0,1.0,0.0,0.0,0.0,0.0,normal
1.0,4784.0,15.0,1.0,0.0,0.0,0.0,0.0,0.0,0.0,1.0,0.0,0.0,0.0,0.0,normal
1.0,4784.0,15.0,1.0,27.0,7.5,4.0,0.0,0.0,0.0,1.0,0.0,0.0,0.0,0.0,normal
1.0,4784.0,15.0,1.0,0.0,0.0,0.0,0.0,0.0,0.0,1.0,0.0,0.0,0.0,0.0,normal
1.0,4784.0,15.0,1.0,27.0,3.7,2.0,0.0,0.0,0.0,1.0,0.0,0.0,0.0,0.0,normal
1.0,4784.0,15.0,1.0,0.0,0.0,0.0,0.0,0.0,0.0,1.0,0.0,0.0,0.0,0.0,normal
1.0,4784.0,15.0,1.0,27.0,10.0,6.0,0.0,0.0,0.0,27.7,-27.2,1.0,27.0,4.9,normal
1.0,4784.0,15.0,1.0,0.0,0.0,0.0,0.0,0.0,0.0,1.0,0.0,0.0,0.0,0.0,normal
1.0,4784.0,15.0,1.0,0.0,0.0,0.0,0.0,0.0,0.0,1.0,0.0,0.0,0.0,0.0,normal
1.0,4784.0,15.0,1.0,0.0,0.0,0.0,0.0,0.0,0.0,1.0,0.0,0.0,0.0,0.0,normal
1.0,4784.0,15.0,1.0,27.0,3.7,2.0,0.0,0.0,0.0,1.0,0.0,0.0,0.0,0.0,normal
1.0,4784.0,15.0,1.0,0.0,0.0,0.0,0.0,0.0,0.0,1.0,0.0,0.0,0.0,0.0,normal
1.0,4784.0,15.0,1.0,0.0,0.0,0.0,0.0,0.0,0.0,1.0,0.0,0.0,0.0,0.0,normal
1.0,4784.0,15.0,1.0,27.0,7.5,4.0,0.0,0.0,0.0,1.0,0.0,0.0,0.0,0.0,normal
1.0,4784.0,15.0,1.0,0.0,0.0,0.0,0.0,0.0,0.0,27.6,-27.0,1.0,27.0,4.9,normal
1.0,4784.0,15.0,1.0,0.0,0.0,0.0,0.0,0.0,0.0,1.0,0.0,0.0,0.0,0.0,normal
1.0,4784.0,15.0,1.0,0.0,0.0,0.0,0.0,0.0,0.0,1.0,0.0,0.0,0.0,0.0,normal
1.0,4784.0,15.0,1.0,0.0,0.0,0.0,0.0,0.0,0.0,1.0,0.0,0.0,0.0,0.0,normal
1.0,4784.0,15.0,1.0,0.0,0.0,0.0,0.0,0.0,0.0,1.0,0.0,0.0,0.0,0.0,normal
1.0,4784.0,15.0,1.0,27.0,3.7,2.0,0.0,0.0,0.0,1.0,0.0,0.0,0.0,0.0,normal
1.0,4784.0,15.0,1.0,27.0,3.7,2.0,0.0,0.0,0.0,1.0,0.0,0.0,0.0,0.0,normal
1.0,4784.0,15.0,1.0,0.0,0.0,0.0,0.0,0.0,0.0,28.9,-27.0,1.0,27.0,9.7,normal
1.0,4784.0,15.0,1.0,0.0,0.0,0.0,0.0,0.0,0.0,1.0,0.0,0.0,0.0,0.0,normal
1.0,4784.0,15.0,1.0,0.0,0.0,0.0,0.0,0.0,0.0,28.9,-26.9,1.0,27.0,4.9,normal
1.0,4784.0,15.0,1.0,0.0,0.0,0.0,0.0,0.0,0.0,28.4,-27.0,1.0,27.0,4.9,normal
1.0,4784.0,15.0,1.0,0.0,0.0,0.0,0.0,0.0,0.0,1.0,0.0,0.0,0.0,0.0,normal
1.0,4784.0,15.0,1.0,0.0,0.0,0.0,0.0,0.0,0.0,28.4,-27.0,1.0,27.0,4.9,normal
1.0,4784.0,15.0,1.0,0.0,0.0,0.0,0.0,0.0,0.0,1.0,0.0,0.0,0.0,0.0,normal
1.0,4784.0,15.0,1.0,0.0,0.0,0.0,0.0,0.0,0.0,28.7,-27.0,1.0,27.0,9.7,normal
1.0,4784.0,15.0,1.0,27.0,3.7,2.0,0.0,0.0,0.0,1.0,0.0,0.0,0.0,0.0,normal
1.0,4784.0,15.0,1.0,0.0,0.0,0.0,0.0,0.0,0.0,1.0,0.0,0.0,0.0,0.0,normal
1.0,4784.0,15.0,1.0,0.0,0.0,0.0,0.0,0.0,0.0,1.0,0.0,0.0,0.0,0.0,normal
1.0,4784.0,15.0,1.0,0.0,0.0,0.0,0.0,0.0,0.0,1.0,0.0,0.0,0.0,0.0,normal
1.0,4784.0,15.0,1.0,27.0,3.7,2.0,0.0,0.0,0.0,1.0,0.0,0.0,0.0,0.0,normal
1.0,4784.0,15.0,1.0,0.0,0.0,0.0,0.0,0.0,0.0,1.0,0.0,0.0,0.0,0.0,normal
1.0,4784.0,15.0,1.0,0.0,0.0,0.0,0.0,0.0,0.0,28.0,-26.9,1.0,27.0,9.7,normal
1.0,4784.0,15.0,1.0,0.0,0.0,0.0,0.0,0.0,0.0,29.0,-27.0,1.0,27.0,4.9,normal
1.0,4784.0,15.0,1.0,0.0,0.0,0.0,0.0,0.0,0.0,1.0,0.0,0.0,0.0,0.0,normal
1.0,4784.0,15.0,1.0,0.0,0.0,0.0,0.0,0.0,0.0,1.0,0.0,0.0,0.0,0.0,normal
1.0,4784.0,15.0,1.0,0.0,0.0,0.0,0.0,0.0,0.0,28.6,-26.9,1.0,27.0,4.9,normal
1.0,4784.0,15.0,1.0,27.0,3.7,2.0,0.0,0.0,0.0,1.0,0.0,0.0,0.0,0.0,normal
1.0,4784.0,15.0,1.0,0.0,0.0,0.0,0.0,0.0,0.0,1.0,0.0,0.0,0.0,0.0,normal
1.0,4784.0,15.0,1.0,0.0,0.0,0.0,0.0,0.0,0.0,1.0,0.0,0.0,0.0,0.0,normal
1.0,4785.0,15.0,1.0,15.0,22.0,18.0,0.0,0.0,0.0,25.2,-27.7,1.0,24.0,28.0,normal
1.0,4785.0,15.0,1.0,0.0,0.0,0.0,0.0,0.0,0.0,26.6,-28.1,1.0,27.0,4.9,normal
1.0,4785.0,15.0,1.0,0.0,0.0,0.0,0.0,0.0,0.0,1.0,0.0,0.0,0.0,0.0,normal
1.0,4785.0,15.0,1.0,0.0,0.0,0.0,0.0,0.0,0.0,1.0,0.0,0.0,0.0,0.0,normal
1.0,4785.0,15.0,1.0,0.0,0.0,0.0,0.0,0.0,0.0,1.0,0.0,0.0,0.0,0.0,normal
1.0,4785.0,15.0,1.0,0.0,0.0,0.0,0.0,0.0,0.0,1.0,0.0,0.0,0.0,0.0,normal
1.0,4785.0,15.0,1.0,27.0,3.7,2.0,0.0,0.0,0.0,1.0,0.0,0.0,0.0,0.0,normal
1.0,4785.0,15.0,1.0,27.0,3.7,2.0,0.0,0.0,0.0,1.0,0.0,0.0,0.0,0.0,normal
1.0,4785.0,15.0,1.0,0.0,0.0,0.0,0.0,0.0,0.0,1.0,0.0,0.0,0.0,0.0,normal
1.0,4785.0,15.0,1.0,0.0,0.0,0.0,0.0,0.0,0.0,1.0,0.0,0.0,0.0,0.0,normal
1.0,4785.0,15.0,1.0,0.0,0.0,0.0,0.0,0.0,0.0,1.0,0.0,0.0,0.0,0.0,normal
1.0,4785.0,15.0,1.0,27.0,6.5,4.0,0.0,0.0,0.0,1.0,0.0,0.0,0.0,0.0,normal
1.0,4785.0,15.0,1.0,27.0,2.8,2.0,0.0,0.0,0.0,1.0,0.0,0.0,0.0,0.0,normal
1.0,4785.0,15.0,1.0,0.0,0.0,0.0,0.0,0.0,0.0,1.0,0.0,0.0,0.0,0.0,normal
1.0,4785.0,15.0,1.0,0.0,0.0,0.0,0.0,0.0,0.0,1.0,0.0,0.0,0.0,0.0,normal
1.0,4785.0,15.0,1.0,0.0,0.0,0.0,0.0,0.0,0.0,1.0,0.0,0.0,0.0,0.0,normal
1.0,4785.0,15.0,1.0,0.0,0.0,0.0,0.0,0.0,0.0,1.0,0.0,0.0,0.0,0.0,normal
1.0,4785.0,15.0,1.0,0.0,0.0,0.0,0.0,0.0,0.0,27.8,-27.1,1.0,27.0,4.9,normal
1.0,4785.0,15.0,1.0,0.0,0.0,0.0,0.0,0.0,0.0,1.0,0.0,0.0,0.0,0.0,normal
1.0,4785.0,15.0,1.0,27.0,2.8,2.0,0.0,0.0,0.0,29.0,-27.1,1.0,27.0,4.9,normal
1.0,4785.0,15.0,1.0,0.0,0.0,0.0,0.0,0.0,0.0,1.0,0.0,0.0,0.0,0.0,normal
1.0,4785.0,15.0,1.0,0.0,0.0,0.0,0.0,0.0,0.0,1.0,0.0,0.0,0.0,0.0,normal
1.0,4785.0,15.0,1.0,0.0,0.0,0.0,0.0,0.0,0.0,1.0,0.0,0.0,0.0,0.0,normal
1.0,4785.0,15.0,1.0,0.0,0.0,0.0,0.0,0.0,0.0,1.0,0.0,0.0,0.0,0.0,normal
1.0,4785.0,15.0,1.0,0.0,0.0,0.0,0.0,0.0,0.0,28.6,-27.1,1.0,27.0,4.9,normal
1.0,4785.0,15.0,1.0,27.0,3.7,2.0,0.0,0.0,0.0,1.0,0.0,0.0,0.0,0.0,normal
1.0,4785.0,15.0,1.0,0.0,0.0,0.0,0.0,0.0,0.0,1.0,0.0,0.0,0.0,0.0,normal
1.0,4785.0,15.0,1.0,0.0,0.0,0.0,0.0,0.0,0.0,1.0,0.0,0.0,0.0,0.0,normal
1.0,4785.0,15.0,1.0,0.0,0.0,0.0,0.0,0.0,0.0,1.0,0.0,0.0,0.0,0.0,normal
1.0,4786.0,15.0,1.0,5.0,2.5,1.0,0.0,0.0,14.0,28.5,-15.1,1.0,9.0,4.2,normal
1.0,4785.0,15.0,1.0,0.0,0.0,0.0,0.0,0.0,0.0,1.0,0.0,0.0,0.0,0.0,normal
1.0,4786.0,15.0,1.0,14.0,16.0,14.0,0.0,0.0,0.0,30.5,-17.1,1.0,28.0,14.0,normal
1.0,4785.0,15.0,1.0,0.0,0.0,0.0,0.0,0.0,0.0,1.0,0.0,0.0,0.0,0.0,normal
1.0,4786.0,15.0,1.0,0.0,0.0,0.0,0.0,0.0,0.0,1.0,0.0,0.0,0.0,0.0,normal
1.0,4785.0,15.0,1.0,27.0,2.8,2.0,0.0,0.0,0.0,1.0,0.0,0.0,0.0,0.0,normal
1.0,4786.0,15.0,1.0,0.0,0.0,0.0,0.0,0.0,0.0,1.0,0.0,0.0,0.0,0.0,normal
1.0,4785.0,15.0,1.0,0.0,0.0,0.0,0.0,0.0,0.0,1.0,0.0,0.0,0.0,0.0,normal
1.0,4786.0,15.0,1.0,0.0,0.0,0.0,0.0,0.0,0.0,35.9,-15.9,1.0,27.0,4.9,normal
1.0,4785.0,15.0,1.0,0.0,0.0,0.0,0.0,0.0,0.0,1.0,0.0,0.0,0.0,0.0,normal
1.0,4786.0,15.0,1.0,0.0,0.0,0.0,0.0,0.0,0.0,1.0,0.0,0.0,0.0,0.0,normal
1.0,4785.0,15.0,1.0,0.0,0.0,0.0,0.0,0.0,0.0,1.0,0.0,0.0,0.0,0.0,normal
1.0,4786.0,15.0,1.0,0.0,0.0,0.0,0.0,0.0,0.0,1.0,0.0,0.0,0.0,0.0,normal
1.0,4785.0,15.0,1.0,0.0,0.0,0.0,0.0,0.0,0.0,28.1,-27.0,1.0,27.0,9.7,normal
1.0,4786.0,15.0,1.0,0.0,0.0,0.0,0.0,0.0,0.0,35.9,-15.9,1.0,27.0,4.9,normal
1.0,4785.0,15.0,1.0,27.0,2.8,2.0,0.0,0.0,0.0,1.0,0.0,0.0,0.0,0.0,normal
1.0,4786.0,15.0,1.0,0.0,0.0,0.0,0.0,0.0,0.0,1.0,0.0,0.0,0.0,0.0,normal
1.0,4785.0,15.0,1.0,24.0,3.3,2.0,0.0,0.0,0.0,27.3,-27.0,1.0,27.0,4.9,normal
1.0,4786.0,15.0,1.0,0.0,0.0,0.0,0.0,0.0,0.0,1.0,0.0,0.0,0.0,0.0,normal
1.0,4785.0,15.0,1.0,0.0,0.0,0.0,0.0,0.0,0.0,1.0,0.0,0.0,0.0,0.0,normal
1.0,4786.0,15.0,1.0,0.0,0.0,0.0,0.0,0.0,0.0,1.0,0.0,0.0,0.0,0.0,normal
1.0,4785.0,15.0,1.0,27.0,2.8,2.0,0.0,0.0,0.0,1.0,0.0,0.0,0.0,0.0,normal
1.0,4786.0,15.0,1.0,0.0,0.0,0.0,0.0,0.0,0.0,1.0,0.0,0.0,0.0,0.0,normal
1.0,4785.0,15.0,1.0,0.0,0.0,0.0,0.0,0.0,0.0,1.0,0.0,0.0,0.0,0.0,normal
1.0,4786.0,15.0,1.0,0.0,0.0,0.0,0.0,0.0,0.0,1.0,0.0,0.0,0.0,0.0,normal
1.0,4785.0,15.0,1.0,0.0,0.0,0.0,0.0,0.0,0.0,1.0,0.0,0.0,0.0,0.0,normal
1.0,4786.0,15.0,1.0,0.0,0.0,0.0,0.0,0.0,0.0,1.0,0.0,0.0,0.0,0.0,normal
1.0,4785.0,15.0,1.0,27.0,3.7,2.0,0.0,0.0,0.0,27.2,-27.1,1.0,27.0,4.9,normal
1.0,4786.0,15.0,1.0,0.0,0.0,0.0,0.0,0.0,0.0,34.0,-15.9,1.0,27.0,4.9,normal
1.0,4785.0,15.0,1.0,27.0,3.7,2.0,0.0,0.0,0.0,1.0,0.0,0.0,0.0,0.0,normal
1.0,4786.0,15.0,1.0,0.0,0.0,0.0,0.0,0.0,0.0,1.0,0.0,0.0,0.0,0.0,normal
1.0,4785.0,15.0,1.0,0.0,0.0,0.0,0.0,0.0,0.0,1.0,0.0,0.0,0.0,0.0,normal
1.0,4786.0,15.0,1.0,0.0,0.0,0.0,0.0,0.0,0.0,35.1,-15.9,1.0,27.0,9.7,normal
1.0,4785.0,15.0,1.0,0.0,0.0,0.0,0.0,0.0,0.0,1.0,0.0,0.0,0.0,0.0,normal
1.0,4786.0,15.0,1.0,0.0,0.0,0.0,0.0,0.0,0.0,1.0,0.0,0.0,0.0,0.0,normal
1.0,4785.0,15.0,1.0,27.0,3.7,2.0,0.0,0.0,0.0,1.0,0.0,0.0,0.0,0.0,normal
1.0,4786.0,15.0,1.0,0.0,0.0,0.0,0.0,0.0,0.0,1.0,0.0,0.0,0.0,0.0,normal
1.0,4785.0,15.0,1.0,0.0,0.0,0.0,0.0,0.0,0.0,1.0,0.0,0.0,0.0,0.0,normal
1.0,4786.0,15.0,1.0,0.0,0.0,0.0,0.0,0.0,0.0,1.0,0.0,0.0,0.0,0.0,normal
1.0,4785.0,15.0,1.0,0.0,0.0,0.0,0.0,0.0,0.0,28.3,-27.1,1.0,27.0,9.7,normal
1.0,4786.0,15.0,1.0,0.0,0.0,0.0,0.0,0.0,0.0,1.0,0.0,0.0,0.0,0.0,normal
1.0,4785.0,15.0,1.0,0.0,0.0,0.0,0.0,0.0,0.0,28.6,-27.1,1.0,27.0,4.9,normal
1.0,4786.0,15.0,1.0,0.0,0.0,0.0,0.0,0.0,0.0,1.0,0.0,0.0,0.0,0.0,normal
1.0,4785.0,15.0,1.0,0.0,0.0,0.0,0.0,0.0,0.0,1.0,0.0,0.0,0.0,0.0,normal
1.0,4786.0,15.0,1.0,0.0,0.0,0.0,0.0,0.0,0.0,36.6,-15.9,1.0,27.0,4.9,normal
1.0,4785.0,15.0,1.0,0.0,0.0,0.0,0.0,0.0,0.0,1.0,0.0,0.0,0.0,0.0,normal
1.0,4786.0,15.0,1.0,0.0,0.0,0.0,0.0,0.0,0.0,34.6,-15.9,1.0,27.0,4.9,normal
1.0,4785.0,15.0,1.0,0.0,0.0,0.0,0.0,0.0,0.0,28.3,-27.1,1.0,27.0,4.9,normal
1.0,4786.0,15.0,1.0,0.0,0.0,0.0,0.0,0.0,0.0,36.0,-16.0,1.0,27.0,4.9,normal
1.0,4785.0,15.0,1.0,0.0,0.0,0.0,0.0,0.0,0.0,1.0,0.0,0.0,0.0,0.0,normal
1.0,4786.0,15.0,1.0,0.0,0.0,0.0,0.0,0.0,0.0,35.7,-16.0,1.0,27.0,4.9,normal
1.0,4785.0,15.0,1.0,0.0,0.0,0.0,0.0,0.0,0.0,1.0,0.0,0.0,0.0,0.0,normal
1.0,4786.0,15.0,1.0,0.0,0.0,0.0,0.0,0.0,0.0,1.0,0.0,0.0,0.0,0.0,normal
1.0,4785.0,15.0,1.0,0.0,0.0,0.0,0.0,0.0,0.0,1.0,0.0,0.0,0.0,0.0,normal
1.0,4786.0,15.0,1.0,0.0,0.0,0.0,0.0,0.0,0.0,1.0,0.0,0.0,0.0,0.0,normal
1.0,4785.0,15.0,1.0,0.0,0.0,0.0,0.0,0.0,0.0,1.0,0.0,0.0,0.0,0.0,normal
1.0,4786.0,15.0,1.0,0.0,0.0,0.0,0.0,0.0,0.0,1.0,0.0,0.0,0.0,0.0,normal
1.0,4785.0,15.0,1.0,0.0,0.0,0.0,0.0,0.0,0.0,28.5,-27.0,1.0,27.0,4.9,normal
1.0,4786.0,15.0,1.0,0.0,0.0,0.0,0.0,0.0,0.0,1.0,0.0,0.0,0.0,0.0,normal
1.0,4785.0,15.0,1.0,0.0,0.0,0.0,0.0,0.0,0.0,28.5,-27.0,1.0,27.0,9.7,normal
1.0,4786.0,15.0,1.0,0.0,0.0,0.0,0.0,0.0,0.0,35.6,-16.0,1.0,27.0,4.9,normal
1.0,4785.0,15.0,1.0,0.0,0.0,0.0,0.0,0.0,0.0,1.0,0.0,0.0,0.0,0.0,normal
1.0,4786.0,15.0,1.0,0.0,0.0,0.0,0.0,0.0,0.0,1.0,0.0,0.0,0.0,0.0,normal
1.0,4786.0,15.0,1.0,0.0,0.0,0.0,0.0,0.0,0.0,1.0,0.0,0.0,0.0,0.0,normal
1.0,4786.0,15.0,1.0,0.0,0.0,0.0,0.0,0.0,0.0,1.0,0.0,0.0,0.0,0.0,normal
1.0,4786.0,15.0,1.0,0.0,0.0,0.0,0.0,0.0,0.0,1.0,0.0,0.0,0.0,0.0,normal
1.0,4786.0,15.0,1.0,0.0,0.0,0.0,0.0,0.0,0.0,34.5,-16.0,1.0,27.0,4.9,normal
1.0,4786.0,15.0,1.0,0.0,0.0,0.0,0.0,0.0,0.0,1.0,0.0,0.0,0.0,0.0,normal
1.0,4786.0,15.0,1.0,0.0,0.0,0.0,0.0,0.0,0.0,35.6,-15.9,1.0,27.0,4.9,normal
1.0,4786.0,15.0,1.0,0.0,0.0,0.0,0.0,0.0,0.0,34.3,-16.0,1.0,27.0,4.9,normal
1.0,4786.0,15.0,1.0,0.0,0.0,0.0,0.0,0.0,0.0,1.0,0.0,0.0,0.0,0.0,normal
1.0,4786.0,15.0,1.0,0.0,0.0,0.0,0.0,0.0,0.0,35.2,-16.0,1.0,27.0,15.0,normal
1.0,4786.0,15.0,1.0,0.0,0.0,0.0,0.0,0.0,0.0,35.7,-16.0,1.0,27.0,4.9,normal
1.0,4786.0,15.0,1.0,0.0,0.0,0.0,0.0,0.0,0.0,1.0,0.0,0.0,0.0,0.0,normal
1.0,4786.0,15.0,1.0,0.0,0.0,0.0,0.0,0.0,0.0,1.0,0.0,0.0,0.0,0.0,normal
1.0,4786.0,15.0,1.0,0.0,0.0,0.0,0.0,0.0,0.0,1.0,0.0,0.0,0.0,0.0,normal
1.0,4786.0,15.0,1.0,0.0,0.0,0.0,0.0,0.0,0.0,1.0,0.0,0.0,0.0,0.0,normal
1.0,4786.0,15.0,1.0,0.0,0.0,0.0,0.0,0.0,0.0,1.0,0.0,0.0,0.0,0.0,normal
1.0,4786.0,15.0,1.0,0.0,0.0,0.0,0.0,0.0,0.0,36.4,-16.0,1.0,27.0,4.9,normal
1.0,4786.0,15.0,1.0,0.0,0.0,0.0,0.0,0.0,0.0,1.0,0.0,0.0,0.0,0.0,normal
1.0,4786.0,15.0,1.0,0.0,0.0,0.0,0.0,0.0,0.0,34.5,-16.0,1.0,27.0,4.9,normal
1.0,4786.0,15.0,1.0,0.0,0.0,0.0,0.0,0.0,0.0,1.0,0.0,0.0,0.0,0.0,normal
1.0,4786.0,15.0,1.0,0.0,0.0,0.0,0.0,0.0,0.0,1.0,0.0,0.0,0.0,0.0,normal
1.0,4786.0,15.0,1.0,0.0,0.0,0.0,0.0,0.0,0.0,1.0,0.0,0.0,0.0,0.0,normal
1.0,4786.0,15.0,1.0,0.0,0.0,0.0,0.0,0.0,0.0,1.0,0.0,0.0,0.0,0.0,normal
1.0,4786.0,15.0,1.0,0.0,0.0,0.0,0.0,0.0,0.0,1.0,0.0,0.0,0.0,0.0,normal
1.0,4786.0,15.0,1.0,0.0,0.0,0.0,0.0,0.0,0.0,1.0,0.0,0.0,0.0,0.0,normal
1.0,4786.0,15.0,1.0,0.0,0.0,0.0,0.0,0.0,0.0,34.7,-16.0,1.0,27.0,4.9,normal
1.0,4786.0,15.0,1.0,0.0,0.0,0.0,0.0,0.0,0.0,1.0,0.0,0.0,0.0,0.0,normal
1.0,4786.0,15.0,1.0,0.0,0.0,0.0,0.0,0.0,0.0,1.0,0.0,0.0,0.0,0.0,normal
1.0,4786.0,15.0,1.0,0.0,0.0,0.0,0.0,0.0,0.0,1.0,0.0,0.0,0.0,0.0,normal
1.0,4786.0,15.0,1.0,0.0,0.0,0.0,0.0,0.0,0.0,1.0,0.0,0.0,0.0,0.0,normal
1.0,4787.0,15.0,1.0,11.0,14.0,14.0,0.0,0.0,0.0,26.0,-28.6,1.0,23.0,18.0,normal
1.0,4787.0,15.0,1.0,27.0,3.7,2.0,0.0,0.0,0.0,1.0,0.0,0.0,0.0,0.0,normal
1.0,4787.0,15.0,1.0,0.0,0.0,0.0,0.0,0.0,0.0,1.0,0.0,0.0,0.0,0.0,normal
1.0,4787.0,15.0,1.0,0.0,0.0,0.0,0.0,0.0,0.0,27.9,-26.9,1.0,27.0,4.9,normal
1.0,4787.0,15.0,1.0,27.0,3.7,2.0,0.0,0.0,0.0,1.0,0.0,0.0,0.0,0.0,normal
1.0,4787.0,15.0,1.0,27.0,3.7,2.0,0.0,0.0,0.0,1.0,0.0,0.0,0.0,0.0,normal
1.0,4787.0,15.0,1.0,27.0,11.0,6.0,0.0,0.0,0.0,1.0,0.0,0.0,0.0,0.0,normal
1.0,4787.0,15.0,1.0,0.0,0.0,0.0,0.0,0.0,0.0,29.0,-27.0,1.0,27.0,4.9,normal
1.0,4787.0,15.0,1.0,0.0,0.0,0.0,0.0,0.0,0.0,28.2,-27.0,1.0,27.0,4.9,normal
1.0,4787.0,15.0,1.0,27.0,13.0,7.0,0.0,0.0,0.0,27.8,-27.0,1.0,27.0,9.7,normal
1.0,4787.0,15.0,1.0,27.0,8.2,5.0,0.0,0.0,0.0,1.0,0.0,0.0,0.0,0.0,normal
1.0,4787.0,15.0,1.0,27.0,19.0,11.0,0.0,0.0,0.0,1.0,0.0,0.0,0.0,0.0,normal
1.0,4787.0,15.0,1.0,27.0,2.8,2.0,0.0,0.0,0.0,1.0,0.0,0.0,0.0,0.0,normal
1.0,4787.0,15.0,1.0,26.0,7.1,4.0,0.0,0.0,0.0,28.4,-27.0,1.0,27.0,4.9,normal
1.0,4787.0,15.0,1.0,27.0,7.5,4.0,0.0,0.0,0.0,1.0,0.0,0.0,0.0,0.0,normal
1.0,4787.0,15.0,1.0,27.0,7.5,4.0,0.0,0.0,0.0,1.0,0.0,0.0,0.0,0.0,normal
1.0,4787.0,15.0,1.0,26.0,16.0,10.0,0.0,0.0,0.0,1.0,0.0,0.0,0.0,0.0,normal
1.0,4787.0,15.0,1.0,27.0,24.0,14.0,0.0,0.0,0.0,1.0,0.0,0.0,0.0,0.0,normal
1.0,4787.0,15.0,1.0,27.0,13.0,7.0,0.0,0.0,0.0,1.0,0.0,0.0,0.0,0.0,normal
1.0,4787.0,15.0,1.0,27.0,19.0,11.0,0.0,0.0,0.0,1.0,0.0,0.0,0.0,0.0,normal
1.0,4787.0,15.0,1.0,27.0,5.6,3.0,0.0,0.0,0.0,1.0,0.0,0.0,0.0,0.0,normal
1.0,4787.0,15.0,1.0,27.0,3.7,2.0,0.0,0.0,0.0,29.0,-27.0,1.0,27.0,4.9,normal
1.0,4787.0,15.0,1.0,0.0,0.0,0.0,0.0,0.0,0.0,28.4,-27.0,1.0,27.0,4.9,normal
1.0,4787.0,15.0,1.0,0.0,0.0,0.0,0.0,0.0,0.0,1.0,0.0,0.0,0.0,0.0,normal
1.0,4787.0,15.0,1.0,27.0,3.7,2.0,0.0,0.0,0.0,1.0,0.0,0.0,0.0,0.0,normal
1.0,4787.0,15.0,1.0,27.0,11.0,6.0,0.0,0.0,0.0,1.0,0.0,0.0,0.0,0.0,normal
1.0,4787.0,15.0,1.0,27.0,7.5,4.0,0.0,0.0,0.0,1.0,0.0,0.0,0.0,0.0,normal
1.0,4787.0,15.0,1.0,27.0,11.0,6.0,0.0,0.0,0.0,1.0,0.0,0.0,0.0,0.0,normal
1.0,4787.0,15.0,1.0,27.0,7.5,4.0,0.0,0.0,0.0,28.4,-27.0,1.0,27.0,4.9,normal
1.0,4787.0,15.0,1.0,26.0,7.1,4.0,0.0,0.0,0.0,1.0,0.0,0.0,0.0,0.0,normal
1.0,4787.0,15.0,1.0,0.0,0.0,0.0,0.0,0.0,0.0,1.0,0.0,0.0,0.0,0.0,normal
1.0,4787.0,15.0,1.0,27.0,3.7,2.0,0.0,0.0,0.0,1.0,0.0,0.0,0.0,0.0,normal
1.0,4787.0,15.0,1.0,0.0,0.0,0.0,0.0,0.0,0.0,1.0,0.0,0.0,0.0,0.0,normal
1.0,4787.0,15.0,1.0,0.0,0.0,0.0,0.0,0.0,0.0,1.0,0.0,0.0,0.0,0.0,normal
1.0,4787.0,15.0,1.0,0.0,0.0,0.0,0.0,0.0,0.0,1.0,0.0,0.0,0.0,0.0,normal
1.0,4787.0,15.0,1.0,27.0,3.7,2.0,0.0,0.0,0.0,1.0,0.0,0.0,0.0,0.0,normal
1.0,4787.0,15.0,1.0,0.0,0.0,0.0,0.0,0.0,0.0,28.3,-27.0,1.0,27.0,4.9,normal
1.0,4787.0,15.0,1.0,27.0,7.5,4.0,0.0,0.0,0.0,1.0,0.0,0.0,0.0,0.0,normal
1.0,4787.0,15.0,1.0,27.0,1.9,1.0,0.0,0.0,0.0,1.0,0.0,0.0,0.0,0.0,normal
1.0,4787.0,15.0,1.0,0.0,0.0,0.0,0.0,0.0,0.0,1.0,0.0,0.0,0.0,0.0,normal
1.0,4787.0,15.0,1.0,0.0,0.0,0.0,0.0,0.0,0.0,1.0,0.0,0.0,0.0,0.0,normal
1.0,4787.0,15.0,1.0,0.0,0.0,0.0,0.0,0.0,0.0,1.0,0.0,0.0,0.0,0.0,normal
1.0,4787.0,15.0,1.0,0.0,0.0,0.0,0.0,0.0,0.0,27.8,-27.0,1.0,27.0,4.9,normal
1.0,4787.0,15.0,1.0,0.0,0.0,0.0,0.0,0.0,0.0,1.0,0.0,0.0,0.0,0.0,normal
1.0,4787.0,15.0,1.0,0.0,0.0,0.0,0.0,0.0,0.0,1.0,0.0,0.0,0.0,0.0,normal
1.0,4787.0,15.0,1.0,0.0,0.0,0.0,0.0,0.0,0.0,1.0,0.0,0.0,0.0,0.0,normal
1.0,4787.0,15.0,1.0,0.0,0.0,0.0,0.0,0.0,0.0,1.0,0.0,0.0,0.0,0.0,normal
1.0,4787.0,15.0,1.0,0.0,0.0,0.0,0.0,0.0,0.0,28.3,-27.0,1.0,27.0,4.9,normal
1.0,4787.0,15.0,1.0,0.0,0.0,0.0,0.0,0.0,0.0,1.0,0.0,0.0,0.0,0.0,normal
1.0,4787.0,15.0,1.0,0.0,0.0,0.0,0.0,0.0,0.0,1.0,0.0,0.0,0.0,0.0,normal
1.0,4787.0,15.0,1.0,0.0,0.0,0.0,0.0,0.0,0.0,1.0,0.0,0.0,0.0,0.0,normal
1.0,4787.0,15.0,1.0,0.0,0.0,0.0,0.0,0.0,0.0,1.0,0.0,0.0,0.0,0.0,normal
1.0,4787.0,15.0,1.0,0.0,0.0,0.0,0.0,0.0,0.0,28.0,-27.0,1.0,27.0,4.9,normal
1.0,4787.0,15.0,1.0,0.0,0.0,0.0,0.0,0.0,0.0,1.0,0.0,0.0,0.0,0.0,normal
1.0,4787.0,15.0,1.0,27.0,5.6,3.0,0.0,0.0,0.0,1.0,0.0,0.0,0.0,0.0,normal
1.0,4787.0,15.0,1.0,0.0,0.0,0.0,0.0,0.0,0.0,1.0,0.0,0.0,0.0,0.0,normal
1.0,4787.0,15.0,1.0,0.0,0.0,0.0,0.0,0.0,0.0,1.0,0.0,0.0,0.0,0.0,normal
1.0,4787.0,15.0,1.0,0.0,0.0,0.0,0.0,0.0,0.0,1.0,0.0,0.0,0.0,0.0,normal
1.0,4787.0,15.0,1.0,0.0,0.0,0.0,0.0,0.0,0.0,1.0,0.0,0.0,0.0,0.0,normal
1.0,4787.0,15.0,1.0,0.0,0.0,0.0,0.0,0.0,0.0,1.0,0.0,0.0,0.0,0.0,normal
1.0,4788.0,15.0,1.0,17.0,23.0,12.0,0.0,0.0,0.0,26.7,-27.6,1.0,24.0,28.0,normal
1.0,4788.0,15.0,1.0,26.0,3.6,2.0,0.0,0.0,0.0,1.0,0.0,0.0,0.0,0.0,normal
1.0,4788.0,15.0,1.0,0.0,0.0,0.0,0.0,0.0,0.0,1.0,0.0,0.0,0.0,0.0,normal
1.0,4788.0,15.0,1.0,27.0,2.8,2.0,0.0,0.0,0.0,1.0,0.0,0.0,0.0,0.0,normal
1.0,4788.0,15.0,1.0,0.0,0.0,0.0,0.0,0.0,0.0,1.0,0.0,0.0,0.0,0.0,normal
1.0,4788.0,15.0,1.0,0.0,0.0,0.0,0.0,0.0,0.0,1.0,0.0,0.0,0.0,0.0,normal
1.0,4788.0,15.0,1.0,26.0,14.0,8.0,0.0,0.0,0.0,1.0,0.0,0.0,0.0,0.0,normal
1.0,4788.0,15.0,1.0,27.0,3.7,2.0,0.0,0.0,0.0,1.0,0.0,0.0,0.0,0.0,normal
1.0,4789.0,15.0,1.0,3.0,4.6,9.0,0.0,0.0,0.0,32.9,-15.6,1.0,24.0,17.0,normal
1.0,4788.0,15.0,1.0,27.0,3.7,2.0,0.0,0.0,0.0,1.0,0.0,0.0,0.0,0.0,normal
1.0,4788.0,15.0,1.0,0.0,0.0,0.0,0.0,0.0,0.0,27.4,-27.0,1.0,27.0,4.9,normal
1.0,4788.0,15.0,1.0,0.0,0.0,0.0,0.0,0.0,0.0,1.0,0.0,0.0,0.0,0.0,normal
1.0,4788.0,15.0,1.0,27.0,3.7,2.0,0.0,0.0,0.0,27.8,-26.8,1.0,27.0,4.9,normal
1.0,4788.0,15.0,1.0,0.0,0.0,0.0,0.0,0.0,0.0,1.0,0.0,0.0,0.0,0.0,normal
1.0,4788.0,15.0,1.0,0.0,0.0,0.0,0.0,0.0,0.0,29.1,-27.0,1.0,27.0,4.9,normal
1.0,4788.0,15.0,1.0,0.0,0.0,0.0,0.0,0.0,0.0,29.0,-27.0,1.0,27.0,4.9,normal
1.0,4788.0,15.0,1.0,0.0,0.0,0.0,0.0,0.0,0.0,1.0,0.0,0.0,0.0,0.0,normal
1.0,4788.0,15.0,1.0,0.0,0.0,0.0,0.0,0.0,0.0,1.0,0.0,0.0,0.0,0.0,normal
1.0,4788.0,15.0,1.0,0.0,0.0,0.0,0.0,0.0,0.0,28.2,-27.0,1.0,27.0,4.9,normal
1.0,4788.0,15.0,1.0,0.0,0.0,0.0,0.0,0.0,0.0,1.0,0.0,0.0,0.0,0.0,normal
1.0,4788.0,15.0,1.0,0.0,0.0,0.0,0.0,0.0,0.0,28.7,-27.0,1.0,27.0,4.9,normal
1.0,4788.0,15.0,1.0,26.0,3.5,2.0,0.0,0.0,0.0,27.8,-27.0,1.0,27.0,4.9,normal
1.0,4788.0,15.0,1.0,0.0,0.0,0.0,0.0,0.0,0.0,27.6,-27.0,1.0,27.0,4.9,normal
1.0,4788.0,15.0,1.0,0.0,0.0,0.0,0.0,0.0,0.0,1.0,0.0,0.0,0.0,0.0,normal
1.0,4788.0,15.0,1.0,27.0,11.0,6.0,0.0,0.0,0.0,1.0,0.0,0.0,0.0,0.0,normal
1.0,4788.0,15.0,1.0,0.0,0.0,0.0,0.0,0.0,0.0,1.0,0.0,0.0,0.0,0.0,normal
1.0,4788.0,15.0,1.0,0.0,0.0,0.0,0.0,0.0,0.0,28.7,-27.0,1.0,27.0,4.9,normal
1.0,4788.0,15.0,1.0,0.0,0.0,0.0,0.0,0.0,0.0,1.0,0.0,0.0,0.0,0.0,normal
1.0,4788.0,15.0,1.0,0.0,0.0,0.0,0.0,0.0,0.0,1.0,0.0,0.0,0.0,0.0,normal
1.0,4788.0,15.0,1.0,0.0,0.0,0.0,0.0,0.0,0.0,1.0,0.0,0.0,0.0,0.0,normal
1.0,4788.0,15.0,1.0,0.0,0.0,0.0,0.0,0.0,0.0,1.0,0.0,0.0,0.0,0.0,normal
1.0,4788.0,15.0,1.0,0.0,0.0,0.0,0.0,0.0,0.0,27.7,-26.9,1.0,27.0,4.9,normal
1.0,4788.0,15.0,1.0,0.0,0.0,0.0,0.0,0.0,0.0,1.0,0.0,0.0,0.0,0.0,normal
1.0,4788.0,15.0,1.0,0.0,0.0,0.0,0.0,0.0,0.0,1.0,0.0,0.0,0.0,0.0,normal
1.0,4788.0,15.0,1.0,0.0,0.0,0.0,0.0,0.0,0.0,1.0,0.0,0.0,0.0,0.0,normal
1.0,4788.0,15.0,1.0,0.0,0.0,0.0,0.0,0.0,0.0,1.0,0.0,0.0,0.0,0.0,normal
1.0,4788.0,15.0,1.0,0.0,0.0,0.0,0.0,0.0,0.0,1.0,0.0,0.0,0.0,0.0,normal
1.0,4788.0,15.0,1.0,0.0,0.0,0.0,0.0,0.0,0.0,1.0,0.0,0.0,0.0,0.0,normal
1.0,4788.0,15.0,1.0,27.0,2.8,2.0,0.0,0.0,0.0,28.3,-27.1,1.0,27.0,4.9,normal
1.0,4788.0,15.0,1.0,0.0,0.0,0.0,0.0,0.0,0.0,1.0,0.0,0.0,0.0,0.0,normal
1.0,4788.0,15.0,1.0,27.0,3.7,2.0,0.0,0.0,0.0,1.0,0.0,0.0,0.0,0.0,normal
1.0,4788.0,15.0,1.0,0.0,0.0,0.0,0.0,0.0,0.0,1.0,0.0,0.0,0.0,0.0,normal
1.0,4788.0,15.0,1.0,0.0,0.0,0.0,0.0,0.0,0.0,1.0,0.0,0.0,0.0,0.0,normal
1.0,4788.0,15.0,1.0,0.0,0.0,0.0,0.0,0.0,0.0,28.2,-27.0,1.0,27.0,4.9,normal
1.0,4788.0,15.0,1.0,0.0,0.0,0.0,0.0,0.0,0.0,1.0,0.0,0.0,0.0,0.0,normal
1.0,4788.0,15.0,1.0,27.0,3.7,2.0,0.0,0.0,0.0,1.0,0.0,0.0,0.0,0.0,normal
1.0,4788.0,15.0,1.0,0.0,0.0,0.0,0.0,0.0,0.0,27.7,-27.0,1.0,27.0,9.7,normal
1.0,4788.0,15.0,1.0,0.0,0.0,0.0,0.0,0.0,0.0,1.0,0.0,0.0,0.0,0.0,normal
1.0,4788.0,15.0,1.0,0.0,0.0,0.0,0.0,0.0,0.0,1.0,0.0,0.0,0.0,0.0,normal
1.0,4788.0,15.0,1.0,0.0,0.0,0.0,0.0,0.0,0.0,1.0,0.0,0.0,0.0,0.0,normal
1.0,4788.0,15.0,1.0,0.0,0.0,0.0,0.0,0.0,0.0,1.0,0.0,0.0,0.0,0.0,normal
1.0,4788.0,15.0,1.0,0.0,0.0,0.0,0.0,0.0,0.0,28.1,-27.0,1.0,27.0,4.9,normal
1.0,4788.0,15.0,1.0,0.0,0.0,0.0,0.0,0.0,0.0,1.0,0.0,0.0,0.0,0.0,normal
1.0,4788.0,15.0,1.0,0.0,0.0,0.0,0.0,0.0,0.0,27.2,-27.0,1.0,27.0,9.7,normal
1.0,4788.0,15.0,1.0,27.0,3.7,2.0,0.0,0.0,0.0,28.8,-26.9,1.0,27.0,4.9,normal
1.0,4788.0,15.0,1.0,0.0,0.0,0.0,0.0,0.0,0.0,1.0,0.0,0.0,0.0,0.0,normal
1.0,4788.0,15.0,1.0,0.0,0.0,0.0,0.0,0.0,0.0,29.3,-27.0,1.0,27.0,4.9,normal
1.0,4788.0,15.0,1.0,0.0,0.0,0.0,0.0,0.0,0.0,1.0,0.0,0.0,0.0,0.0,normal
1.0,4788.0,15.0,1.0,26.0,3.5,2.0,0.0,0.0,0.0,1.0,0.0,0.0,0.0,0.0,normal
1.0,4788.0,15.0,1.0,27.0,2.8,2.0,0.0,0.0,0.0,1.0,0.0,0.0,0.0,0.0,normal
1.0,4788.0,15.0,1.0,0.0,0.0,0.0,0.0,0.0,0.0,29.0,-26.9,1.0,27.0,4.9,normal
1.0,478.0,15.0,1.0,13.0,16.0,14.0,0.0,0.0,0.0,30.7,-16.2,1.0,24.0,28.0,normal
1.0,478.0,15.0,1.0,0.0,0.0,0.0,0.0,0.0,0.0,1.0,0.0,0.0,0.0,0.0,normal
1.0,478.0,15.0,1.0,0.0,0.0,0.0,0.0,0.0,0.0,1.0,0.0,0.0,0.0,0.0,normal
1.0,478.0,15.0,1.0,0.0,0.0,0.0,0.0,0.0,0.0,32.9,-15.9,1.0,27.0,4.9,normal
1.0,478.0,15.0,1.0,0.0,0.0,0.0,0.0,0.0,0.0,1.0,0.0,0.0,0.0,0.0,normal
1.0,478.0,15.0,1.0,0.0,0.0,0.0,0.0,0.0,0.0,1.0,0.0,0.0,0.0,0.0,normal
1.0,478.0,15.0,1.0,0.0,0.0,0.0,0.0,0.0,0.0,1.0,0.0,0.0,0.0,0.0,normal
1.0,478.0,15.0,1.0,0.0,0.0,0.0,0.0,0.0,0.0,35.0,-15.9,1.0,27.0,4.9,normal
1.0,478.0,15.0,1.0,0.0,0.0,0.0,0.0,0.0,0.0,1.0,0.0,0.0,0.0,0.0,normal
1.0,478.0,15.0,1.0,0.0,0.0,0.0,0.0,0.0,0.0,1.0,0.0,0.0,0.0,0.0,normal
1.0,478.0,15.0,1.0,0.0,0.0,0.0,0.0,0.0,0.0,36.0,-16.0,1.0,27.0,4.9,normal
1.0,478.0,15.0,1.0,0.0,0.0,0.0,0.0,0.0,0.0,1.0,0.0,0.0,0.0,0.0,normal
1.0,478.0,15.0,1.0,0.0,0.0,0.0,0.0,0.0,0.0,1.0,0.0,0.0,0.0,0.0,normal
1.0,478.0,15.0,1.0,0.0,0.0,0.0,0.0,0.0,0.0,1.0,0.0,0.0,0.0,0.0,normal
1.0,478.0,15.0,1.0,0.0,0.0,0.0,0.0,0.0,0.0,1.0,0.0,0.0,0.0,0.0,normal
1.0,478.0,15.0,1.0,0.0,0.0,0.0,0.0,0.0,0.0,35.3,-16.0,1.0,27.0,4.9,normal
1.0,478.0,15.0,1.0,0.0,0.0,0.0,0.0,0.0,0.0,1.0,0.0,0.0,0.0,0.0,normal
1.0,478.0,15.0,1.0,0.0,0.0,0.0,0.0,0.0,0.0,35.6,-16.0,1.0,27.0,4.9,normal
1.0,478.0,15.0,1.0,0.0,0.0,0.0,0.0,0.0,0.0,1.0,0.0,0.0,0.0,0.0,normal
1.0,478.0,15.0,1.0,0.0,0.0,0.0,0.0,0.0,0.0,1.0,0.0,0.0,0.0,0.0,normal
1.0,478.0,15.0,1.0,0.0,0.0,0.0,0.0,0.0,0.0,35.3,-16.0,1.0,27.0,4.9,normal
1.0,478.0,15.0,1.0,0.0,0.0,0.0,0.0,0.0,0.0,1.0,0.0,0.0,0.0,0.0,normal
1.0,478.0,15.0,1.0,0.0,0.0,0.0,0.0,0.0,0.0,1.0,0.0,0.0,0.0,0.0,normal
1.0,478.0,15.0,1.0,0.0,0.0,0.0,0.0,0.0,0.0,1.0,0.0,0.0,0.0,0.0,normal
1.0,478.0,15.0,1.0,0.0,0.0,0.0,0.0,0.0,0.0,1.0,0.0,0.0,0.0,0.0,normal
1.0,478.0,15.0,1.0,0.0,0.0,0.0,0.0,0.0,0.0,1.0,0.0,0.0,0.0,0.0,normal
1.0,478.0,15.0,1.0,0.0,0.0,0.0,0.0,0.0,0.0,1.0,0.0,0.0,0.0,0.0,normal
1.0,478.0,15.0,1.0,0.0,0.0,0.0,0.0,0.0,0.0,1.0,0.0,0.0,0.0,0.0,normal
1.0,478.0,15.0,1.0,0.0,0.0,0.0,0.0,0.0,0.0,34.3,-16.0,1.0,27.0,4.9,normal
1.0,478.0,15.0,1.0,0.0,0.0,0.0,0.0,0.0,0.0,1.0,0.0,0.0,0.0,0.0,normal
1.0,478.0,15.0,1.0,0.0,0.0,0.0,0.0,0.0,0.0,1.0,0.0,0.0,0.0,0.0,normal
1.0,478.0,15.0,1.0,0.0,0.0,0.0,0.0,0.0,0.0,1.0,0.0,0.0,0.0,0.0,normal
1.0,478.0,15.0,1.0,0.0,0.0,0.0,0.0,0.0,0.0,1.0,0.0,0.0,0.0,0.0,normal
1.0,478.0,15.0,1.0,0.0,0.0,0.0,0.0,0.0,0.0,1.0,0.0,0.0,0.0,0.0,normal
1.0,478.0,15.0,1.0,0.0,0.0,0.0,0.0,0.0,0.0,1.0,0.0,0.0,0.0,0.0,normal
1.0,478.0,15.0,1.0,0.0,0.0,0.0,0.0,0.0,0.0,1.0,0.0,0.0,0.0,0.0,normal
1.0,478.0,15.0,1.0,0.0,0.0,0.0,0.0,0.0,0.0,1.0,0.0,0.0,0.0,0.0,normal
1.0,478.0,15.0,1.0,0.0,0.0,0.0,0.0,0.0,0.0,35.9,-16.0,1.0,27.0,4.9,normal
1.0,478.0,15.0,1.0,0.0,0.0,0.0,0.0,0.0,0.0,1.0,0.0,0.0,0.0,0.0,normal
1.0,478.0,15.0,1.0,0.0,0.0,0.0,0.0,0.0,0.0,1.0,0.0,0.0,0.0,0.0,normal
1.0,478.0,15.0,1.0,0.0,0.0,0.0,0.0,0.0,0.0,1.0,0.0,0.0,0.0,0.0,normal
1.0,478.0,15.0,1.0,0.0,0.0,0.0,0.0,0.0,0.0,1.0,0.0,0.0,0.0,0.0,normal
1.0,478.0,15.0,1.0,0.0,0.0,0.0,0.0,0.0,0.0,33.9,-16.0,1.0,27.0,4.9,normal
1.0,478.0,15.0,1.0,0.0,0.0,0.0,0.0,0.0,0.0,1.0,0.0,0.0,0.0,0.0,normal
1.0,478.0,15.0,1.0,0.0,0.0,0.0,0.0,0.0,0.0,1.0,0.0,0.0,0.0,0.0,normal
1.0,478.0,15.0,1.0,0.0,0.0,0.0,0.0,0.0,0.0,1.0,0.0,0.0,0.0,0.0,normal
1.0,478.0,15.0,1.0,0.0,0.0,0.0,0.0,0.0,0.0,1.0,0.0,0.0,0.0,0.0,normal
1.0,478.0,15.0,1.0,0.0,0.0,0.0,0.0,0.0,0.0,1.0,0.0,0.0,0.0,0.0,normal
1.0,478.0,15.0,1.0,0.0,0.0,0.0,0.0,0.0,0.0,1.0,0.0,0.0,0.0,0.0,normal
1.0,478.0,15.0,1.0,0.0,0.0,0.0,0.0,0.0,0.0,1.0,0.0,0.0,0.0,0.0,normal
1.0,478.0,15.0,1.0,0.0,0.0,0.0,0.0,0.0,0.0,35.8,-16.0,1.0,27.0,4.9,normal
1.0,478.0,15.0,1.0,0.0,0.0,0.0,0.0,0.0,0.0,1.0,0.0,0.0,0.0,0.0,normal
1.0,478.0,15.0,1.0,0.0,0.0,0.0,0.0,0.0,0.0,1.0,0.0,0.0,0.0,0.0,normal
1.0,478.0,15.0,1.0,0.0,0.0,0.0,0.0,0.0,0.0,1.0,0.0,0.0,0.0,0.0,normal
1.0,478.0,15.0,1.0,0.0,0.0,0.0,0.0,0.0,0.0,35.4,-16.0,1.0,27.0,4.9,normal
1.0,478.0,15.0,1.0,0.0,0.0,0.0,0.0,0.0,0.0,34.7,-16.0,1.0,27.0,4.9,normal
1.0,478.0,15.0,1.0,0.0,0.0,0.0,0.0,0.0,0.0,1.0,0.0,0.0,0.0,0.0,normal
1.0,478.0,15.0,1.0,0.0,0.0,0.0,0.0,0.0,0.0,1.0,0.0,0.0,0.0,0.0,normal
1.0,478.0,15.0,1.0,0.0,0.0,0.0,0.0,0.0,0.0,1.0,0.0,0.0,0.0,0.0,normal
1.0,478.0,15.0,1.0,0.0,0.0,0.0,0.0,0.0,0.0,34.7,-16.0,1.0,27.0,4.9,normal
1.0,478.0,15.0,1.0,3.0,3.6,9.0,0.0,0.0,0.0,22.9,-28.2,1.0,22.0,13.0,normal
1.0,478.0,15.0,1.0,2.0,1.2,4.0,0.0,0.0,0.0,26.2,-28.1,1.0,28.0,4.4,normal
1.0,478.0,15.0,1.0,23.0,71.0,30.0,0.0,0.0,0.0,33.3,-15.4,1.0,26.0,157.0,normal
1.0,478.0,15.0,1.0,27.0,538.0,93.0,0.0,0.0,0.0,34.2,-15.4,1.0,27.0,428.0,normal
1.0,478.0,15.0,1.0,27.0,21.0,7.0,0.0,0.0,0.0,35.5,-15.9,1.0,27.0,26.0,normal
1.0,478.0,15.0,1.0,27.0,108.0,42.0,0.0,0.0,0.0,35.0,-15.9,1.0,27.0,131.0,normal
1.0,478.0,15.0,1.0,27.0,23.0,9.0,0.0,0.0,0.0,34.8,-15.9,1.0,27.0,48.0,normal
1.0,478.0,15.0,1.0,27.0,100.0,22.0,0.0,0.0,0.0,34.9,-15.7,1.0,27.0,102.0,normal
1.0,478.0,15.0,1.0,27.0,102.0,17.0,0.0,0.0,0.0,34.7,-15.7,1.0,27.0,85.0,normal
1.0,478.0,15.0,1.0,27.0,42.0,1054.0,0.0,0.0,197.0,34.5,-15.9,1.0,27.0,422.0,normal
1.0,478.0,15.0,1.0,27.0,42.0,1026.0,1.0,0.0,0.0,34.4,-16.0,1.0,27.0,275.0,normal
1.0,478.0,15.0,1.0,27.0,15.0,8.0,0.0,0.0,0.0,35.2,-16.1,1.0,27.0,29.0,normal
1.0,478.0,15.0,1.0,27.0,10.0,5.0,0.0,0.0,0.0,34.7,-16.1,1.0,27.0,26.0,normal
1.0,478.0,15.0,1.0,27.0,5.6,3.0,0.0,0.0,0.0,35.2,-16.2,1.0,27.0,15.0,normal
1.0,478.0,15.0,1.0,27.0,1.9,1.0,0.0,0.0,0.0,35.5,-16.3,1.0,27.0,4.9,normal
1.0,478.0,15.0,1.0,0.0,0.0,0.0,0.0,0.0,0.0,1.0,0.0,0.0,0.0,0.0,normal
1.0,478.0,15.0,1.0,0.0,0.0,0.0,0.0,0.0,0.0,35.0,-16.6,1.0,27.0,4.9,normal
1.0,478.0,15.0,1.0,27.0,1.9,1.0,0.0,0.0,0.0,35.6,-16.5,1.0,27.0,4.9,normal
1.0,478.0,15.0,1.0,27.0,1.9,1.0,0.0,0.0,0.0,34.9,-16.4,1.0,27.0,19.0,normal
1.0,478.0,15.0,1.0,0.0,0.0,0.0,0.0,0.0,0.0,1.0,0.0,0.0,0.0,0.0,normal
1.0,478.0,15.0,1.0,0.0,0.0,0.0,0.0,0.0,0.0,35.2,-16.2,1.0,27.0,4.9,normal
1.0,478.0,15.0,1.0,0.0,0.0,0.0,0.0,0.0,0.0,1.0,0.0,0.0,0.0,0.0,normal
1.0,478.0,15.0,1.0,27.0,1.9,1.0,0.0,0.0,0.0,36.1,-16.5,1.0,27.0,4.9,normal
1.0,478.0,15.0,1.0,0.0,0.0,0.0,0.0,0.0,0.0,1.0,0.0,0.0,0.0,0.0,normal
1.0,478.0,15.0,1.0,27.0,1.9,1.0,0.0,0.0,0.0,36.2,-16.1,1.0,27.0,4.9,normal
1.0,478.0,15.0,1.0,0.0,0.0,0.0,0.0,0.0,0.0,34.4,-16.4,1.0,27.0,4.9,normal
1.0,478.0,15.0,1.0,0.0,0.0,0.0,0.0,0.0,0.0,1.0,0.0,0.0,0.0,0.0,normal
1.0,478.0,15.0,1.0,0.0,0.0,0.0,0.0,0.0,0.0,1.0,0.0,0.0,0.0,0.0,normal
1.0,478.0,15.0,1.0,0.0,0.0,0.0,0.0,0.0,0.0,1.0,0.0,0.0,0.0,0.0,normal
1.0,478.0,15.0,1.0,26.0,77.0,19.0,1.0,5.0,0.0,34.9,-16.1,1.0,27.0,95.0,normal
1.0,478.0,15.0,1.0,27.0,51.0,1276.0,0.0,0.0,256.0,34.3,-16.2,1.0,27.0,405.0,normal
1.0,478.0,15.0,1.0,27.0,58.0,1398.0,2.0,0.0,386.0,34.3,-16.1,1.0,27.0,351.0,normal
1.0,478.0,15.0,1.0,27.0,58.0,1400.0,0.0,0.0,443.0,34.3,-16.1,1.0,27.0,346.0,normal
1.0,478.0,15.0,1.0,27.0,33.0,808.0,0.0,0.0,0.0,34.1,-16.1,1.0,27.0,230.0,normal
1.0,478.0,15.0,1.0,0.0,0.0,0.0,0.0,0.0,0.0,35.3,-16.3,1.0,27.0,4.9,normal
1.0,478.0,15.0,1.0,0.0,0.0,0.0,0.0,0.0,0.0,1.0,0.0,0.0,0.0,0.0,normal
1.0,478.0,15.0,1.0,0.0,0.0,0.0,0.0,0.0,0.0,1.0,0.0,0.0,0.0,0.0,normal
1.0,478.0,15.0,1.0,0.0,0.0,0.0,0.0,0.0,0.0,35.7,-16.3,1.0,27.0,4.9,normal
1.0,478.0,15.0,1.0,0.0,0.0,0.0,0.0,0.0,0.0,36.3,-16.3,1.0,27.0,4.9,normal
1.0,478.0,15.0,1.0,0.0,0.0,0.0,0.0,0.0,0.0,35.8,-16.3,1.0,27.0,4.9,normal
1.0,478.0,15.0,1.0,27.0,1.9,1.0,0.0,0.0,0.0,35.4,-16.4,1.0,27.0,4.9,normal
1.0,478.0,15.0,1.0,27.0,38.0,13.0,0.0,0.0,0.0,34.7,-16.2,1.0,27.0,66.0,normal
1.0,478.0,15.0,1.0,27.0,9.3,5.0,0.0,0.0,0.0,35.3,-16.4,1.0,27.0,9.7,normal
1.0,478.0,15.0,1.0,27.0,1.9,1.0,0.0,0.0,0.0,36.3,-16.4,1.0,27.0,4.9,normal
1.0,478.0,15.0,1.0,27.0,89.0,19.0,0.0,0.0,0.0,34.8,-16.4,1.0,27.0,51.0,normal
1.0,478.0,15.0,1.0,0.0,0.0,0.0,0.0,0.0,0.0,1.0,0.0,0.0,0.0,0.0,normal
1.0,478.0,15.0,1.0,27.0,91.0,19.0,0.0,0.0,0.0,34.6,-16.2,1.0,27.0,97.0,normal
1.0,478.0,15.0,1.0,0.0,0.0,0.0,0.0,0.0,0.0,1.0,0.0,0.0,0.0,0.0,normal
1.0,478.0,15.0,1.0,0.0,0.0,0.0,0.0,0.0,0.0,1.0,0.0,0.0,0.0,0.0,normal
1.0,478.0,15.0,1.0,0.0,0.0,0.0,0.0,0.0,0.0,36.2,-16.5,1.0,27.0,4.9,normal
1.0,478.0,15.0,1.0,27.0,1.9,1.0,0.0,0.0,0.0,35.8,-16.5,1.0,27.0,9.7,normal
1.0,478.0,15.0,1.0,0.0,0.0,0.0,0.0,0.0,0.0,1.0,0.0,0.0,0.0,0.0,normal
1.0,478.0,15.0,1.0,0.0,0.0,0.0,0.0,0.0,0.0,35.1,-16.5,1.0,27.0,4.9,normal
1.0,478.0,15.0,1.0,27.0,1.9,1.0,0.0,0.0,0.0,33.9,-16.5,1.0,27.0,4.9,normal
1.0,478.0,15.0,1.0,0.0,0.0,0.0,0.0,0.0,0.0,1.0,0.0,0.0,0.0,0.0,normal
1.0,478.0,15.0,1.0,0.0,0.0,0.0,0.0,0.0,0.0,35.7,-16.5,1.0,27.0,4.9,normal
1.0,478.0,15.0,1.0,0.0,0.0,0.0,0.0,0.0,0.0,1.0,0.0,0.0,0.0,0.0,normal
1.0,478.0,15.0,1.0,0.0,0.0,0.0,0.0,0.0,0.0,1.0,0.0,0.0,0.0,0.0,normal
1.0,478.0,15.0,1.0,0.0,0.0,0.0,0.0,0.0,0.0,1.0,0.0,0.0,0.0,0.0,normal
1.0,478.0,15.0,1.0,0.0,0.0,0.0,0.0,0.0,0.0,1.0,0.0,0.0,0.0,0.0,normal
1.0,478.0,15.0,1.0,0.0,0.0,0.0,0.0,0.0,0.0,1.0,0.0,0.0,0.0,0.0,normal
1.0,478.0,15.0,1.0,0.0,0.0,0.0,0.0,0.0,0.0,34.8,-16.5,1.0,27.0,4.9,normal
1.0,478.0,15.0,1.0,0.0,0.0,0.0,0.0,0.0,0.0,1.0,0.0,0.0,0.0,0.0,normal
1.0,478.0,15.0,1.0,27.0,1.9,1.0,0.0,0.0,0.0,35.0,-17.0,1.0,27.0,9.7,normal
1.0,478.0,15.0,1.0,0.0,0.0,0.0,0.0,0.0,0.0,1.0,0.0,0.0,0.0,0.0,normal
1.0,478.0,15.0,1.0,0.0,0.0,0.0,0.0,0.0,0.0,1.0,0.0,0.0,0.0,0.0,normal
1.0,478.0,15.0,1.0,0.0,0.0,0.0,0.0,0.0,0.0,1.0,0.0,0.0,0.0,0.0,normal
1.0,478.0,15.0,1.0,0.0,0.0,0.0,0.0,0.0,0.0,1.0,0.0,0.0,0.0,0.0,normal
1.0,478.0,15.0,1.0,0.0,0.0,0.0,0.0,0.0,0.0,1.0,0.0,0.0,0.0,0.0,normal
1.0,478.0,15.0,1.0,0.0,0.0,0.0,0.0,0.0,0.0,1.0,0.0,0.0,0.0,0.0,normal
1.0,478.0,15.0,1.0,0.0,0.0,0.0,0.0,0.0,0.0,1.0,0.0,0.0,0.0,0.0,normal
1.0,478.0,15.0,1.0,0.0,0.0,0.0,0.0,0.0,0.0,35.0,-16.5,1.0,27.0,4.9,normal
1.0,478.0,15.0,1.0,0.0,0.0,0.0,0.0,0.0,0.0,34.5,-16.6,1.0,27.0,4.9,normal
1.0,478.0,15.0,1.0,0.0,0.0,0.0,0.0,0.0,0.0,1.0,0.0,0.0,0.0,0.0,normal
1.0,478.0,15.0,1.0,0.0,0.0,0.0,0.0,0.0,0.0,36.4,-16.5,1.0,27.0,4.9,normal
1.0,478.0,15.0,1.0,0.0,0.0,0.0,0.0,0.0,0.0,1.0,0.0,0.0,0.0,0.0,normal
1.0,478.0,15.0,1.0,0.0,0.0,0.0,0.0,0.0,0.0,34.8,-16.5,1.0,27.0,4.9,normal
1.0,478.0,15.0,1.0,0.0,0.0,0.0,0.0,0.0,0.0,1.0,0.0,0.0,0.0,0.0,normal
1.0,478.0,15.0,1.0,0.0,0.0,0.0,0.0,0.0,0.0,1.0,0.0,0.0,0.0,0.0,normal
1.0,478.0,15.0,1.0,0.0,0.0,0.0,0.0,0.0,0.0,1.0,0.0,0.0,0.0,0.0,normal
1.0,478.0,15.0,1.0,0.0,0.0,0.0,0.0,0.0,0.0,1.0,0.0,0.0,0.0,0.0,normal
1.0,478.0,15.0,1.0,0.0,0.0,0.0,0.0,0.0,0.0,1.0,0.0,0.0,0.0,0.0,normal
1.0,478.0,15.0,1.0,0.0,0.0,0.0,0.0,0.0,0.0,36.0,-16.5,1.0,27.0,9.7,normal
1.0,478.0,15.0,1.0,0.0,0.0,0.0,0.0,0.0,0.0,35.8,-16.6,1.0,27.0,4.9,normal
1.0,478.0,15.0,1.0,0.0,0.0,0.0,0.0,0.0,0.0,35.2,-16.5,1.0,27.0,4.9,normal
1.0,478.0,15.0,1.0,0.0,0.0,0.0,0.0,0.0,0.0,1.0,0.0,0.0,0.0,0.0,normal
1.0,478.0,15.0,1.0,0.0,0.0,0.0,0.0,0.0,0.0,1.0,0.0,0.0,0.0,0.0,normal
1.0,478.0,15.0,1.0,0.0,0.0,0.0,0.0,0.0,0.0,1.0,0.0,0.0,0.0,0.0,normal
1.0,478.0,15.0,1.0,0.0,0.0,0.0,0.0,0.0,0.0,36.6,-16.5,1.0,27.0,4.9,normal
1.0,478.0,15.0,1.0,0.0,0.0,0.0,0.0,0.0,0.0,1.0,0.0,0.0,0.0,0.0,normal
1.0,478.0,15.0,1.0,0.0,0.0,0.0,0.0,0.0,0.0,1.0,0.0,0.0,0.0,0.0,normal
1.0,478.0,15.0,1.0,0.0,0.0,0.0,0.0,0.0,0.0,1.0,0.0,0.0,0.0,0.0,normal
1.0,478.0,15.0,1.0,0.0,0.0,0.0,0.0,0.0,0.0,1.0,0.0,0.0,0.0,0.0,normal
1.0,478.0,15.0,1.0,0.0,0.0,0.0,0.0,0.0,0.0,1.0,0.0,0.0,0.0,0.0,normal
1.0,478.0,15.0,1.0,0.0,0.0,0.0,0.0,0.0,0.0,1.0,0.0,0.0,0.0,0.0,normal
1.0,478.0,15.0,1.0,0.0,0.0,0.0,0.0,0.0,0.0,1.0,0.0,0.0,0.0,0.0,normal
1.0,478.0,15.0,1.0,0.0,0.0,0.0,0.0,0.0,0.0,1.0,0.0,0.0,0.0,0.0,normal
1.0,478.0,15.0,1.0,0.0,0.0,0.0,0.0,0.0,0.0,1.0,0.0,0.0,0.0,0.0,normal
1.0,478.0,15.0,1.0,0.0,0.0,0.0,0.0,0.0,0.0,34.7,-17.6,1.0,27.0,4.9,normal
1.0,478.0,15.0,1.0,0.0,0.0,0.0,0.0,0.0,0.0,1.0,0.0,0.0,0.0,0.0,normal
1.0,478.0,15.0,1.0,0.0,0.0,0.0,0.0,0.0,0.0,1.0,0.0,0.0,0.0,0.0,normal
1.0,478.0,15.0,1.0,0.0,0.0,0.0,0.0,0.0,0.0,1.0,0.0,0.0,0.0,0.0,normal
1.0,478.0,15.0,1.0,0.0,0.0,0.0,0.0,0.0,0.0,1.0,0.0,0.0,0.0,0.0,normal
1.0,478.0,15.0,1.0,0.0,0.0,0.0,0.0,0.0,0.0,1.0,0.0,0.0,0.0,0.0,normal
1.0,478.0,15.0,1.0,0.0,0.0,0.0,0.0,0.0,0.0,1.0,0.0,0.0,0.0,0.0,normal
1.0,478.0,15.0,1.0,0.0,0.0,0.0,0.0,0.0,0.0,1.0,0.0,0.0,0.0,0.0,normal
1.0,478.0,15.0,1.0,0.0,0.0,0.0,0.0,0.0,0.0,1.0,0.0,0.0,0.0,0.0,normal
1.0,478.0,15.0,1.0,0.0,0.0,0.0,0.0,0.0,0.0,1.0,0.0,0.0,0.0,0.0,normal
1.0,478.0,15.0,1.0,0.0,0.0,0.0,0.0,0.0,0.0,1.0,0.0,0.0,0.0,0.0,normal
1.0,478.0,15.0,1.0,17.0,20.0,15.0,0.0,0.0,0.0,25.7,-28.4,1.0,24.0,23.0,normal
1.0,478.0,15.0,1.0,0.0,0.0,0.0,0.0,0.0,0.0,35.2,-17.6,1.0,27.0,4.9,normal
1.0,478.0,15.0,1.0,27.0,58.0,14.0,0.0,0.0,0.0,28.7,-27.0,1.0,27.0,41.0,normal
1.0,478.0,15.0,1.0,0.0,0.0,0.0,0.0,0.0,0.0,1.0,0.0,0.0,0.0,0.0,normal
1.0,478.0,15.0,1.0,27.0,263.0,68.0,0.0,0.0,0.0,24.5,-26.9,1.0,27.0,805.0,normal
1.0,478.0,15.0,1.0,0.0,0.0,0.0,0.0,0.0,0.0,1.0,0.0,0.0,0.0,0.0,normal
1.0,478.0,15.0,1.0,26.0,127.0,19.0,1.0,5.0,5.76,28.7,-26.8,1.0,27.0,46.0,normal
1.0,478.0,15.0,1.0,0.0,0.0,0.0,0.0,0.0,0.0,1.0,0.0,0.0,0.0,0.0,normal
1.0,478.0,15.0,1.0,26.0,790.0,102.0,2.0,1.0,0.0,28.4,-26.9,1.0,27.0,185.0,normal
1.0,478.0,15.0,1.0,0.0,0.0,0.0,0.0,0.0,0.0,1.0,0.0,0.0,0.0,0.0,normal
1.0,478.0,15.0,1.0,26.0,206.0,46.0,0.0,0.0,0.0,27.1,-27.4,1.0,27.0,184.0,normal
1.0,478.0,15.0,1.0,0.0,0.0,0.0,0.0,0.0,0.0,1.0,0.0,0.0,0.0,0.0,normal
1.0,478.0,15.0,1.0,26.0,37.0,11.0,0.0,0.0,0.0,27.9,-27.0,1.0,27.0,53.0,normal
1.0,478.0,15.0,1.0,0.0,0.0,0.0,0.0,0.0,0.0,35.6,-17.6,1.0,27.0,4.9,normal
1.0,478.0,15.0,1.0,0.0,0.0,0.0,0.0,0.0,0.0,1.0,0.0,0.0,0.0,0.0,normal
1.0,478.0,15.0,1.0,0.0,0.0,0.0,0.0,0.0,0.0,1.0,0.0,0.0,0.0,0.0,normal
1.0,478.0,15.0,1.0,0.0,0.0,0.0,0.0,0.0,0.0,1.0,0.0,0.0,0.0,0.0,normal
1.0,478.0,15.0,1.0,0.0,0.0,0.0,0.0,0.0,0.0,1.0,0.0,0.0,0.0,0.0,normal
1.0,478.0,15.0,1.0,0.0,0.0,0.0,0.0,0.0,0.0,29.2,-26.8,1.0,27.0,4.9,normal
1.0,478.0,15.0,1.0,0.0,0.0,0.0,0.0,0.0,0.0,1.0,0.0,0.0,0.0,0.0,normal
1.0,478.0,15.0,1.0,0.0,0.0,0.0,0.0,0.0,0.0,28.4,-26.9,1.0,27.0,9.7,normal
1.0,478.0,15.0,1.0,0.0,0.0,0.0,0.0,0.0,0.0,34.6,-17.6,1.0,27.0,4.9,normal
1.0,478.0,15.0,1.0,0.0,0.0,0.0,0.0,0.0,0.0,28.3,-26.8,1.0,27.0,4.9,normal
1.0,478.0,15.0,1.0,0.0,0.0,0.0,0.0,0.0,0.0,1.0,0.0,0.0,0.0,0.0,normal
1.0,478.0,15.0,1.0,0.0,0.0,0.0,0.0,0.0,0.0,1.0,0.0,0.0,0.0,0.0,normal
1.0,478.0,15.0,1.0,0.0,0.0,0.0,0.0,0.0,0.0,1.0,0.0,0.0,0.0,0.0,normal
1.0,478.0,15.0,1.0,0.0,0.0,0.0,0.0,0.0,0.0,28.5,-26.8,1.0,27.0,15.0,normal
1.0,478.0,15.0,1.0,0.0,0.0,0.0,0.0,0.0,0.0,1.0,0.0,0.0,0.0,0.0,normal
1.0,478.0,15.0,1.0,0.0,0.0,0.0,0.0,0.0,0.0,1.0,0.0,0.0,0.0,0.0,normal
1.0,478.0,15.0,1.0,0.0,0.0,0.0,0.0,0.0,0.0,1.0,0.0,0.0,0.0,0.0,normal
1.0,478.0,15.0,1.0,0.0,0.0,0.0,0.0,0.0,0.0,28.3,-26.9,1.0,27.0,9.7,normal
1.0,478.0,15.0,1.0,26.0,3.6,2.0,0.0,0.0,0.0,1.0,0.0,0.0,0.0,0.0,normal
1.0,478.0,15.0,1.0,0.0,0.0,0.0,0.0,0.0,0.0,28.5,-26.9,1.0,27.0,4.9,normal
1.0,478.0,15.0,1.0,0.0,0.0,0.0,0.0,0.0,0.0,1.0,0.0,0.0,0.0,0.0,normal
1.0,478.0,15.0,1.0,26.0,3.6,2.0,0.0,0.0,0.0,1.0,0.0,0.0,0.0,0.0,normal
1.0,478.0,15.0,1.0,0.0,0.0,0.0,0.0,0.0,0.0,1.0,0.0,0.0,0.0,0.0,normal
1.0,478.0,15.0,1.0,25.0,3.5,2.0,0.0,0.0,0.0,1.0,0.0,0.0,0.0,0.0,normal
1.0,478.0,15.0,1.0,26.0,888.0,1.0,0.0,0.0,0.0,28.2,-26.8,1.0,27.0,9.7,normal
1.0,478.0,15.0,1.0,26.0,1.8,1.0,0.0,0.0,0.0,1.0,0.0,0.0,0.0,0.0,normal
1.0,478.0,15.0,1.0,0.0,0.0,0.0,0.0,0.0,0.0,1.0,0.0,0.0,0.0,0.0,normal
1.0,478.0,15.0,1.0,0.0,0.0,0.0,0.0,0.0,0.0,1.0,0.0,0.0,0.0,0.0,normal
1.0,478.0,15.0,1.0,0.0,0.0,0.0,0.0,0.0,0.0,1.0,0.0,0.0,0.0,0.0,normal
1.0,478.0,15.0,1.0,0.0,0.0,0.0,0.0,0.0,0.0,1.0,0.0,0.0,0.0,0.0,normal
1.0,478.0,15.0,1.0,0.0,0.0,0.0,0.0,0.0,0.0,1.0,0.0,0.0,0.0,0.0,normal
1.0,478.0,15.0,1.0,26.0,3.6,2.0,0.0,0.0,0.0,1.0,0.0,0.0,0.0,0.0,normal
1.0,478.0,15.0,1.0,0.0,0.0,0.0,0.0,0.0,0.0,1.0,0.0,0.0,0.0,0.0,normal
1.0,478.0,15.0,1.0,0.0,0.0,0.0,0.0,0.0,0.0,1.0,0.0,0.0,0.0,0.0,normal
1.0,478.0,15.0,1.0,0.0,0.0,0.0,0.0,0.0,0.0,28.4,-26.8,1.0,27.0,4.9,normal
1.0,478.0,15.0,1.0,0.0,0.0,0.0,0.0,0.0,0.0,1.0,0.0,0.0,0.0,0.0,normal
1.0,478.0,15.0,1.0,0.0,0.0,0.0,0.0,0.0,0.0,1.0,0.0,0.0,0.0,0.0,normal
1.0,478.0,15.0,1.0,0.0,0.0,0.0,0.0,0.0,0.0,1.0,0.0,0.0,0.0,0.0,normal
1.0,478.0,15.0,1.0,0.0,0.0,0.0,0.0,0.0,0.0,1.0,0.0,0.0,0.0,0.0,normal
1.0,478.0,15.0,1.0,0.0,0.0,0.0,0.0,0.0,0.0,1.0,0.0,0.0,0.0,0.0,normal
1.0,478.0,15.0,1.0,0.0,0.0,0.0,0.0,0.0,0.0,1.0,0.0,0.0,0.0,0.0,normal
1.0,478.0,15.0,1.0,26.0,48.0,16.0,0.0,0.0,0.0,27.0,-27.6,1.0,27.0,66.0,normal
1.0,478.0,15.0,1.0,26.0,8.1,3.0,0.0,0.0,0.0,29.2,-26.9,1.0,27.0,9.7,normal
1.0,478.0,15.0,1.0,0.0,0.0,0.0,0.0,0.0,0.0,1.0,0.0,0.0,0.0,0.0,normal
1.0,478.0,15.0,1.0,0.0,0.0,0.0,0.0,0.0,0.0,1.0,0.0,0.0,0.0,0.0,normal
1.0,478.0,15.0,1.0,0.0,0.0,0.0,0.0,0.0,0.0,1.0,0.0,0.0,0.0,0.0,normal
1.0,478.0,15.0,1.0,0.0,0.0,0.0,0.0,0.0,0.0,28.6,-26.8,1.0,27.0,4.9,normal
1.0,478.0,15.0,1.0,0.0,0.0,0.0,0.0,0.0,0.0,1.0,0.0,0.0,0.0,0.0,normal
1.0,478.0,15.0,1.0,26.0,3.6,2.0,0.0,0.0,0.0,1.0,0.0,0.0,0.0,0.0,normal
1.0,478.0,15.0,1.0,26.0,3.6,2.0,0.0,0.0,0.0,1.0,0.0,0.0,0.0,0.0,normal
1.0,478.0,15.0,1.0,0.0,0.0,0.0,0.0,0.0,0.0,1.0,0.0,0.0,0.0,0.0,normal
1.0,478.0,15.0,1.0,26.0,3.6,2.0,0.0,0.0,0.0,28.4,-26.8,1.0,27.0,4.9,normal
1.0,478.0,15.0,1.0,0.0,0.0,0.0,0.0,0.0,0.0,1.0,0.0,0.0,0.0,0.0,normal
1.0,478.0,15.0,1.0,0.0,0.0,0.0,0.0,0.0,0.0,1.0,0.0,0.0,0.0,0.0,normal
1.0,478.0,15.0,1.0,26.0,3.6,2.0,0.0,0.0,0.0,1.0,0.0,0.0,0.0,0.0,normal
1.0,478.0,15.0,1.0,0.0,0.0,0.0,0.0,0.0,0.0,28.6,-26.8,1.0,27.0,4.9,normal
1.0,478.0,15.0,1.0,26.0,6.3,4.0,0.0,0.0,0.0,1.0,0.0,0.0,0.0,0.0,normal
1.0,478.0,15.0,1.0,0.0,0.0,0.0,0.0,0.0,0.0,1.0,0.0,0.0,0.0,0.0,normal
1.0,478.0,15.0,1.0,0.0,0.0,0.0,0.0,0.0,0.0,1.0,0.0,0.0,0.0,0.0,normal
1.0,478.0,15.0,1.0,26.0,3.6,2.0,0.0,0.0,0.0,1.0,0.0,0.0,0.0,0.0,normal
1.0,478.0,15.0,1.0,19.0,44.0,22.0,0.0,0.0,0.0,33.4,-17.0,1.0,25.0,34.0,normal
1.0,478.0,15.0,1.0,26.0,3.6,2.0,0.0,0.0,0.0,1.0,0.0,0.0,0.0,0.0,normal
1.0,478.0,15.0,1.0,0.0,0.0,0.0,0.0,0.0,0.0,1.0,0.0,0.0,0.0,0.0,normal
1.0,478.0,15.0,1.0,0.0,0.0,0.0,0.0,0.0,0.0,1.0,0.0,0.0,0.0,0.0,normal
1.0,478.0,15.0,1.0,0.0,0.0,0.0,0.0,0.0,0.0,1.0,0.0,0.0,0.0,0.0,normal
1.0,478.0,15.0,1.0,0.0,0.0,0.0,0.0,0.0,0.0,28.1,-26.8,1.0,27.0,4.9,normal
1.0,478.0,15.0,1.0,0.0,0.0,0.0,0.0,0.0,0.0,34.9,-17.5,1.0,27.0,4.9,normal
1.0,478.0,15.0,1.0,0.0,0.0,0.0,0.0,0.0,0.0,1.0,0.0,0.0,0.0,0.0,normal
1.0,478.0,15.0,1.0,0.0,0.0,0.0,0.0,0.0,0.0,33.3,-17.5,1.0,27.0,4.9,normal
1.0,478.0,15.0,1.0,26.0,3.6,2.0,0.0,0.0,0.0,28.4,-26.8,1.0,27.0,4.9,normal
1.0,478.0,15.0,1.0,0.0,0.0,0.0,0.0,0.0,0.0,1.0,0.0,0.0,0.0,0.0,normal
1.0,478.0,15.0,1.0,25.0,5.3,3.0,0.0,0.0,0.0,28.2,-26.8,1.0,27.0,9.7,normal
1.0,478.0,15.0,1.0,0.0,0.0,0.0,0.0,0.0,0.0,1.0,0.0,0.0,0.0,0.0,normal
1.0,478.0,15.0,1.0,0.0,0.0,0.0,0.0,0.0,0.0,1.0,0.0,0.0,0.0,0.0,normal
1.0,478.0,15.0,1.0,0.0,0.0,0.0,0.0,0.0,0.0,33.4,-17.5,1.0,27.0,4.9,normal
1.0,478.0,15.0,1.0,26.0,3.6,2.0,0.0,0.0,0.0,27.8,-26.9,1.0,27.0,4.9,normal
1.0,478.0,15.0,1.0,0.0,0.0,0.0,0.0,0.0,0.0,35.1,-17.6,1.0,27.0,4.9,normal
1.0,478.0,15.0,1.0,26.0,3.6,2.0,0.0,0.0,0.0,1.0,0.0,0.0,0.0,0.0,normal
1.0,478.0,15.0,1.0,0.0,0.0,0.0,0.0,0.0,0.0,1.0,0.0,0.0,0.0,0.0,normal
1.0,478.0,15.0,1.0,0.0,0.0,0.0,0.0,0.0,0.0,28.3,-26.9,1.0,27.0,9.7,normal
1.0,478.0,15.0,1.0,0.0,0.0,0.0,0.0,0.0,0.0,33.6,-17.5,1.0,27.0,4.9,normal
1.0,478.0,15.0,1.0,0.0,0.0,0.0,0.0,0.0,0.0,1.0,0.0,0.0,0.0,0.0,normal
1.0,478.0,15.0,1.0,0.0,0.0,0.0,0.0,0.0,0.0,1.0,0.0,0.0,0.0,0.0,normal
1.0,478.0,15.0,1.0,0.0,0.0,0.0,0.0,0.0,0.0,1.0,0.0,0.0,0.0,0.0,normal
1.0,478.0,15.0,1.0,0.0,0.0,0.0,0.0,0.0,0.0,33.7,-17.5,1.0,27.0,4.9,normal
1.0,478.0,15.0,1.0,26.0,3.6,2.0,0.0,0.0,0.0,1.0,0.0,0.0,0.0,0.0,normal
1.0,478.0,15.0,1.0,0.0,0.0,0.0,0.0,0.0,0.0,35.3,-17.6,1.0,27.0,4.9,normal
1.0,478.0,15.0,1.0,0.0,0.0,0.0,0.0,0.0,0.0,1.0,0.0,0.0,0.0,0.0,normal
1.0,478.0,15.0,1.0,0.0,0.0,0.0,0.0,0.0,0.0,35.0,-16.6,1.0,27.0,4.9,normal
1.0,478.0,15.0,1.0,0.0,0.0,0.0,0.0,0.0,0.0,1.0,0.0,0.0,0.0,0.0,normal
1.0,478.0,15.0,1.0,0.0,0.0,0.0,0.0,0.0,0.0,1.0,0.0,0.0,0.0,0.0,normal
1.0,478.0,15.0,1.0,26.0,888.0,1.0,0.0,0.0,0.0,1.0,0.0,0.0,0.0,0.0,normal
1.0,478.0,15.0,1.0,0.0,0.0,0.0,0.0,0.0,0.0,1.0,0.0,0.0,0.0,0.0,normal
1.0,478.0,15.0,1.0,26.0,1.8,1.0,0.0,0.0,0.0,1.0,0.0,0.0,0.0,0.0,normal
1.0,478.0,15.0,1.0,0.0,0.0,0.0,0.0,0.0,0.0,1.0,0.0,0.0,0.0,0.0,normal
1.0,478.0,15.0,1.0,0.0,0.0,0.0,0.0,0.0,0.0,1.0,0.0,0.0,0.0,0.0,normal
1.0,478.0,15.0,1.0,0.0,0.0,0.0,0.0,0.0,0.0,1.0,0.0,0.0,0.0,0.0,normal
1.0,478.0,15.0,1.0,0.0,0.0,0.0,0.0,0.0,0.0,1.0,0.0,0.0,0.0,0.0,normal
1.0,478.0,15.0,1.0,0.0,0.0,0.0,0.0,0.0,0.0,1.0,0.0,0.0,0.0,0.0,normal
1.0,478.0,15.0,1.0,0.0,0.0,0.0,0.0,0.0,0.0,1.0,0.0,0.0,0.0,0.0,normal
1.0,478.0,15.0,1.0,0.0,0.0,0.0,0.0,0.0,0.0,1.0,0.0,0.0,0.0,0.0,normal
1.0,478.0,15.0,1.0,0.0,0.0,0.0,0.0,0.0,0.0,27.6,-26.8,1.0,27.0,4.9,normal
1.0,478.0,15.0,1.0,0.0,0.0,0.0,0.0,0.0,0.0,1.0,0.0,0.0,0.0,0.0,normal
1.0,478.0,15.0,1.0,0.0,0.0,0.0,0.0,0.0,0.0,1.0,0.0,0.0,0.0,0.0,normal
1.0,478.0,15.0,1.0,0.0,0.0,0.0,0.0,0.0,0.0,33.3,-16.6,1.0,27.0,4.9,normal
1.0,478.0,15.0,1.0,26.0,1.8,1.0,0.0,0.0,0.0,27.8,-26.9,1.0,27.0,9.7,normal
1.0,478.0,15.0,1.0,0.0,0.0,0.0,0.0,0.0,0.0,1.0,0.0,0.0,0.0,0.0,normal
1.0,478.0,15.0,1.0,0.0,0.0,0.0,0.0,0.0,0.0,1.0,0.0,0.0,0.0,0.0,normal
1.0,478.0,15.0,1.0,0.0,0.0,0.0,0.0,0.0,0.0,1.0,0.0,0.0,0.0,0.0,normal
1.0,478.0,15.0,1.0,0.0,0.0,0.0,0.0,0.0,0.0,1.0,0.0,0.0,0.0,0.0,normal
1.0,478.0,15.0,1.0,0.0,0.0,0.0,0.0,0.0,0.0,31.1,-17.6,1.0,27.0,4.9,normal
1.0,478.0,15.0,1.0,0.0,0.0,0.0,0.0,0.0,0.0,1.0,0.0,0.0,0.0,0.0,normal
1.0,478.0,15.0,1.0,0.0,0.0,0.0,0.0,0.0,0.0,33.7,-17.6,1.0,27.0,4.9,normal
1.0,478.0,15.0,1.0,26.0,3.6,2.0,0.0,0.0,0.0,28.8,-26.8,1.0,27.0,4.9,normal
1.0,478.0,15.0,1.0,0.0,0.0,0.0,0.0,0.0,0.0,1.0,0.0,0.0,0.0,0.0,normal
1.0,478.0,15.0,1.0,0.0,0.0,0.0,0.0,0.0,0.0,28.0,-26.8,1.0,27.0,4.9,normal
1.0,478.0,15.0,1.0,0.0,0.0,0.0,0.0,0.0,0.0,34.4,-17.6,1.0,27.0,9.7,normal
1.0,478.0,15.0,1.0,0.0,0.0,0.0,0.0,0.0,0.0,27.8,-26.8,1.0,27.0,4.9,normal
1.0,478.0,15.0,1.0,0.0,0.0,0.0,0.0,0.0,0.0,34.7,-17.6,1.0,27.0,4.9,normal
1.0,478.0,15.0,1.0,0.0,0.0,0.0,0.0,0.0,0.0,1.0,0.0,0.0,0.0,0.0,normal
1.0,478.0,15.0,1.0,0.0,0.0,0.0,0.0,0.0,0.0,1.0,0.0,0.0,0.0,0.0,normal
1.0,478.0,15.0,1.0,0.0,0.0,0.0,0.0,0.0,0.0,1.0,0.0,0.0,0.0,0.0,normal
1.0,478.0,15.0,1.0,0.0,0.0,0.0,0.0,0.0,0.0,1.0,0.0,0.0,0.0,0.0,normal
1.0,478.0,15.0,1.0,0.0,0.0,0.0,0.0,0.0,0.0,1.0,0.0,0.0,0.0,0.0,normal
1.0,478.0,15.0,1.0,0.0,0.0,0.0,0.0,0.0,0.0,1.0,0.0,0.0,0.0,0.0,normal
1.0,478.0,15.0,1.0,0.0,0.0,0.0,0.0,0.0,0.0,1.0,0.0,0.0,0.0,0.0,normal
1.0,478.0,15.0,1.0,0.0,0.0,0.0,0.0,0.0,0.0,33.5,-17.6,1.0,27.0,4.9,normal
1.0,478.0,15.0,1.0,0.0,0.0,0.0,0.0,0.0,0.0,28.5,-26.8,1.0,27.0,4.9,normal
1.0,478.0,15.0,1.0,0.0,0.0,0.0,0.0,0.0,0.0,35.0,-17.6,1.0,27.0,4.9,normal
1.0,478.0,15.0,1.0,0.0,0.0,0.0,0.0,0.0,0.0,1.0,0.0,0.0,0.0,0.0,normal
1.0,478.0,15.0,1.0,0.0,0.0,0.0,0.0,0.0,0.0,1.0,0.0,0.0,0.0,0.0,normal
1.0,478.0,15.0,1.0,0.0,0.0,0.0,0.0,0.0,0.0,1.0,0.0,0.0,0.0,0.0,normal
1.0,478.0,15.0,1.0,0.0,0.0,0.0,0.0,0.0,0.0,1.0,0.0,0.0,0.0,0.0,normal
1.0,478.0,15.0,1.0,0.0,0.0,0.0,0.0,0.0,0.0,1.0,0.0,0.0,0.0,0.0,normal
1.0,478.0,15.0,1.0,0.0,0.0,0.0,0.0,0.0,0.0,1.0,0.0,0.0,0.0,0.0,normal
1.0,478.0,15.0,1.0,0.0,0.0,0.0,0.0,0.0,0.0,1.0,0.0,0.0,0.0,0.0,normal
1.0,478.0,15.0,1.0,0.0,0.0,0.0,0.0,0.0,0.0,1.0,0.0,0.0,0.0,0.0,normal
1.0,478.0,15.0,1.0,26.0,2.7,2.0,0.0,0.0,0.0,1.0,0.0,0.0,0.0,0.0,normal
1.0,478.0,15.0,1.0,0.0,0.0,0.0,0.0,0.0,0.0,1.0,0.0,0.0,0.0,0.0,normal
1.0,478.0,15.0,1.0,0.0,0.0,0.0,0.0,0.0,0.0,1.0,0.0,0.0,0.0,0.0,normal
1.0,478.0,15.0,1.0,0.0,0.0,0.0,0.0,0.0,0.0,1.0,0.0,0.0,0.0,0.0,normal
1.0,478.0,15.0,1.0,0.0,0.0,0.0,0.0,0.0,0.0,1.0,0.0,0.0,0.0,0.0,normal
1.0,478.0,15.0,1.0,0.0,0.0,0.0,0.0,0.0,0.0,1.0,0.0,0.0,0.0,0.0,normal
1.0,478.0,15.0,1.0,26.0,2.7,2.0,0.0,0.0,0.0,1.0,0.0,0.0,0.0,0.0,normal
1.0,478.0,15.0,1.0,0.0,0.0,0.0,0.0,0.0,0.0,34.6,-17.6,1.0,27.0,4.9,normal
1.0,478.0,15.0,1.0,0.0,0.0,0.0,0.0,0.0,0.0,1.0,0.0,0.0,0.0,0.0,normal
1.0,478.0,15.0,1.0,0.0,0.0,0.0,0.0,0.0,0.0,1.0,0.0,0.0,0.0,0.0,normal
1.0,478.0,15.0,1.0,0.0,0.0,0.0,0.0,0.0,0.0,1.0,0.0,0.0,0.0,0.0,normal
1.0,478.0,15.0,1.0,0.0,0.0,0.0,0.0,0.0,0.0,1.0,0.0,0.0,0.0,0.0,normal
1.0,478.0,15.0,1.0,0.0,0.0,0.0,0.0,0.0,0.0,1.0,0.0,0.0,0.0,0.0,normal
1.0,478.0,15.0,1.0,0.0,0.0,0.0,0.0,0.0,0.0,1.0,0.0,0.0,0.0,0.0,normal
1.0,478.0,15.0,1.0,0.0,0.0,0.0,0.0,0.0,0.0,28.8,-26.8,1.0,27.0,4.9,normal
1.0,478.0,15.0,1.0,0.0,0.0,0.0,0.0,0.0,0.0,1.0,0.0,0.0,0.0,0.0,normal
1.0,478.0,15.0,1.0,26.0,3.6,2.0,0.0,0.0,0.0,1.0,0.0,0.0,0.0,0.0,normal
1.0,478.0,15.0,1.0,0.0,0.0,0.0,0.0,0.0,0.0,1.0,0.0,0.0,0.0,0.0,normal
1.0,478.0,15.0,1.0,0.0,0.0,0.0,0.0,0.0,0.0,29.3,-26.8,1.0,27.0,4.9,normal
1.0,478.0,15.0,1.0,0.0,0.0,0.0,0.0,0.0,0.0,1.0,0.0,0.0,0.0,0.0,normal
1.0,478.0,15.0,1.0,0.0,0.0,0.0,0.0,0.0,0.0,1.0,0.0,0.0,0.0,0.0,normal
1.0,478.0,15.0,1.0,0.0,0.0,0.0,0.0,0.0,0.0,1.0,0.0,0.0,0.0,0.0,normal
1.0,478.0,15.0,1.0,0.0,0.0,0.0,0.0,0.0,0.0,1.0,0.0,0.0,0.0,0.0,normal
1.0,478.0,15.0,1.0,0.0,0.0,0.0,0.0,0.0,0.0,32.1,-17.6,1.0,27.0,4.9,normal
1.0,478.0,15.0,1.0,0.0,0.0,0.0,0.0,0.0,0.0,1.0,0.0,0.0,0.0,0.0,normal
1.0,478.0,15.0,1.0,0.0,0.0,0.0,0.0,0.0,0.0,1.0,0.0,0.0,0.0,0.0,normal
1.0,478.0,15.0,1.0,0.0,0.0,0.0,0.0,0.0,0.0,28.1,-26.8,1.0,27.0,4.9,normal
1.0,478.0,15.0,1.0,0.0,0.0,0.0,0.0,0.0,0.0,1.0,0.0,0.0,0.0,0.0,normal
1.0,478.0,15.0,1.0,0.0,0.0,0.0,0.0,0.0,0.0,1.0,0.0,0.0,0.0,0.0,normal
1.0,478.0,15.0,1.0,0.0,0.0,0.0,0.0,0.0,0.0,1.0,0.0,0.0,0.0,0.0,normal
1.0,478.0,15.0,1.0,0.0,0.0,0.0,0.0,0.0,0.0,1.0,0.0,0.0,0.0,0.0,normal
1.0,478.0,15.0,1.0,0.0,0.0,0.0,0.0,0.0,0.0,1.0,0.0,0.0,0.0,0.0,normal
1.0,478.0,15.0,1.0,0.0,0.0,0.0,0.0,0.0,0.0,1.0,0.0,0.0,0.0,0.0,normal
1.0,478.0,15.0,1.0,0.0,0.0,0.0,0.0,0.0,0.0,1.0,0.0,0.0,0.0,0.0,normal
1.0,478.0,15.0,1.0,0.0,0.0,0.0,0.0,0.0,0.0,1.0,0.0,0.0,0.0,0.0,normal
1.0,478.0,15.0,1.0,0.0,0.0,0.0,0.0,0.0,0.0,33.7,-17.6,1.0,27.0,4.9,normal
1.0,478.0,15.0,1.0,26.0,3.6,2.0,0.0,0.0,0.0,28.1,-26.8,1.0,27.0,4.9,normal
1.0,478.0,15.0,1.0,0.0,0.0,0.0,0.0,0.0,0.0,1.0,0.0,0.0,0.0,0.0,normal
1.0,478.0,15.0,1.0,0.0,0.0,0.0,0.0,0.0,0.0,1.0,0.0,0.0,0.0,0.0,normal
1.0,478.0,15.0,1.0,0.0,0.0,0.0,0.0,0.0,0.0,1.0,0.0,0.0,0.0,0.0,normal
1.0,478.0,15.0,1.0,0.0,0.0,0.0,0.0,0.0,0.0,1.0,0.0,0.0,0.0,0.0,normal
1.0,478.0,15.0,1.0,0.0,0.0,0.0,0.0,0.0,0.0,1.0,0.0,0.0,0.0,0.0,normal
1.0,478.0,15.0,1.0,0.0,0.0,0.0,0.0,0.0,0.0,27.3,-26.8,1.0,27.0,4.9,normal
1.0,478.0,15.0,1.0,0.0,0.0,0.0,0.0,0.0,0.0,1.0,0.0,0.0,0.0,0.0,normal
1.0,478.0,15.0,1.0,26.0,3.6,2.0,0.0,0.0,0.0,1.0,0.0,0.0,0.0,0.0,normal
1.0,478.0,15.0,1.0,26.0,3.6,2.0,0.0,0.0,0.0,1.0,0.0,0.0,0.0,0.0,normal
1.0,478.0,15.0,1.0,26.0,3.6,2.0,0.0,0.0,0.0,1.0,0.0,0.0,0.0,0.0,normal
1.0,478.0,15.0,1.0,0.0,0.0,0.0,0.0,0.0,0.0,1.0,0.0,0.0,0.0,0.0,normal
1.0,478.0,15.0,1.0,0.0,0.0,0.0,0.0,0.0,0.0,1.0,0.0,0.0,0.0,0.0,normal
1.0,478.0,15.0,1.0,0.0,0.0,0.0,0.0,0.0,0.0,1.0,0.0,0.0,0.0,0.0,normal
1.0,478.0,15.0,1.0,26.0,3.6,2.0,0.0,0.0,0.0,1.0,0.0,0.0,0.0,0.0,normal
1.0,478.0,15.0,1.0,0.0,0.0,0.0,0.0,0.0,0.0,1.0,0.0,0.0,0.0,0.0,normal
1.0,478.0,15.0,1.0,26.0,3.6,2.0,0.0,0.0,0.0,1.0,0.0,0.0,0.0,0.0,normal
1.0,478.0,15.0,1.0,0.0,0.0,0.0,0.0,0.0,0.0,1.0,0.0,0.0,0.0,0.0,normal
1.0,478.0,15.0,1.0,0.0,0.0,0.0,0.0,0.0,0.0,1.0,0.0,0.0,0.0,0.0,normal
1.0,478.0,15.0,1.0,0.0,0.0,0.0,0.0,0.0,0.0,1.0,0.0,0.0,0.0,0.0,normal
1.0,478.0,15.0,1.0,0.0,0.0,0.0,0.0,0.0,0.0,1.0,0.0,0.0,0.0,0.0,normal
1.0,478.0,15.0,1.0,26.0,3.6,2.0,0.0,0.0,0.0,28.3,-26.9,1.0,27.0,4.9,normal
1.0,478.0,15.0,1.0,0.0,0.0,0.0,0.0,0.0,0.0,1.0,0.0,0.0,0.0,0.0,normal
1.0,478.0,15.0,1.0,0.0,0.0,0.0,0.0,0.0,0.0,28.0,-26.9,1.0,27.0,4.9,normal
1.0,478.0,15.0,1.0,16.0,19.0,14.0,0.0,0.0,0.0,32.3,-17.3,1.0,24.0,29.0,normal
1.0,478.0,15.0,1.0,0.0,0.0,0.0,0.0,0.0,0.0,1.0,0.0,0.0,0.0,0.0,normal
1.0,478.0,15.0,1.0,0.0,0.0,0.0,0.0,0.0,0.0,34.7,-17.6,1.0,27.0,4.9,normal
1.0,478.0,15.0,1.0,0.0,0.0,0.0,0.0,0.0,0.0,28.3,-26.9,1.0,27.0,4.9,normal
1.0,478.0,15.0,1.0,27.0,3.7,2.0,0.0,0.0,0.0,33.8,-17.6,1.0,27.0,9.7,normal
1.0,478.0,15.0,1.0,0.0,0.0,0.0,0.0,0.0,0.0,1.0,0.0,0.0,0.0,0.0,normal
1.0,478.0,15.0,1.0,27.0,7.5,4.0,0.0,0.0,0.0,34.3,-17.6,1.0,27.0,19.0,normal
1.0,478.0,15.0,1.0,26.0,3.6,2.0,0.0,0.0,0.0,1.0,0.0,0.0,0.0,0.0,normal
1.0,478.0,15.0,1.0,26.0,5.4,3.0,0.0,0.0,0.0,35.2,-17.6,1.0,27.0,19.0,normal
1.0,478.0,15.0,1.0,0.0,0.0,0.0,0.0,0.0,0.0,1.0,0.0,0.0,0.0,0.0,normal
1.0,478.0,15.0,1.0,27.0,1.9,1.0,0.0,0.0,0.0,34.0,-17.6,1.0,27.0,4.9,normal
1.0,478.0,15.0,1.0,27.0,1.9,1.0,0.0,0.0,0.0,33.9,-17.6,1.0,27.0,19.0,normal
1.0,478.0,15.0,1.0,0.0,0.0,0.0,0.0,0.0,0.0,1.0,0.0,0.0,0.0,0.0,normal
1.0,478.0,15.0,1.0,27.0,1.9,1.0,0.0,0.0,0.0,34.3,-16.6,1.0,27.0,4.9,normal
1.0,478.0,15.0,1.0,0.0,0.0,0.0,0.0,0.0,0.0,1.0,0.0,0.0,0.0,0.0,normal
1.0,478.0,15.0,1.0,0.0,0.0,0.0,0.0,0.0,0.0,1.0,0.0,0.0,0.0,0.0,normal
1.0,478.0,15.0,1.0,27.0,1.9,1.0,0.0,0.0,0.0,34.2,-16.6,1.0,27.0,4.9,normal
1.0,478.0,15.0,1.0,0.0,0.0,0.0,0.0,0.0,0.0,1.0,0.0,0.0,0.0,0.0,normal
1.0,478.0,15.0,1.0,27.0,1.9,1.0,0.0,0.0,0.0,33.3,-17.1,1.0,27.0,9.7,normal
1.0,478.0,15.0,1.0,0.0,0.0,0.0,0.0,0.0,0.0,1.0,0.0,0.0,0.0,0.0,normal
1.0,478.0,15.0,1.0,0.0,0.0,0.0,0.0,0.0,0.0,1.0,0.0,0.0,0.0,0.0,normal
1.0,478.0,15.0,1.0,0.0,0.0,0.0,0.0,0.0,0.0,1.0,0.0,0.0,0.0,0.0,normal
1.0,478.0,15.0,1.0,0.0,0.0,0.0,0.0,0.0,0.0,1.0,0.0,0.0,0.0,0.0,normal
1.0,478.0,15.0,1.0,0.0,0.0,0.0,0.0,0.0,0.0,1.0,0.0,0.0,0.0,0.0,normal
1.0,478.0,15.0,1.0,27.0,3.7,2.0,0.0,0.0,0.0,1.0,0.0,0.0,0.0,0.0,normal
1.0,478.0,15.0,1.0,27.0,1.9,1.0,0.0,0.0,0.0,33.1,-17.5,1.0,27.0,4.9,normal
1.0,478.0,15.0,1.0,0.0,0.0,0.0,0.0,0.0,0.0,1.0,0.0,0.0,0.0,0.0,normal
1.0,478.0,15.0,1.0,27.0,1.9,1.0,0.0,0.0,0.0,34.3,-17.6,1.0,27.0,4.9,normal
1.0,478.0,15.0,1.0,0.0,0.0,0.0,0.0,0.0,0.0,1.0,0.0,0.0,0.0,0.0,normal
1.0,478.0,15.0,1.0,0.0,0.0,0.0,0.0,0.0,0.0,1.0,0.0,0.0,0.0,0.0,normal
1.0,478.0,15.0,1.0,26.0,7.3,4.0,0.0,0.0,0.0,34.3,-17.1,1.0,27.0,9.7,normal
1.0,478.0,15.0,1.0,27.0,7.5,4.0,0.0,0.0,0.0,33.8,-17.4,1.0,27.0,24.0,normal
1.0,478.0,15.0,1.0,27.0,1.9,1.0,0.0,0.0,0.0,34.4,-17.1,1.0,27.0,9.7,normal
1.0,478.0,15.0,1.0,27.0,1.9,1.0,0.0,0.0,0.0,34.6,-16.6,1.0,27.0,4.9,normal
1.0,478.0,15.0,1.0,0.0,0.0,0.0,0.0,0.0,0.0,1.0,0.0,0.0,0.0,0.0,normal
1.0,478.0,15.0,1.0,27.0,3.7,2.0,0.0,0.0,0.0,32.7,-17.6,1.0,27.0,9.7,normal
1.0,478.0,15.0,1.0,0.0,0.0,0.0,0.0,0.0,0.0,1.0,0.0,0.0,0.0,0.0,normal
1.0,478.0,15.0,1.0,0.0,0.0,0.0,0.0,0.0,0.0,33.4,-17.5,1.0,27.0,4.9,normal
1.0,478.0,15.0,1.0,0.0,0.0,0.0,0.0,0.0,0.0,34.7,-16.6,1.0,27.0,4.9,normal
1.0,478.0,15.0,1.0,27.0,1.9,1.0,0.0,0.0,0.0,34.5,-17.6,1.0,27.0,4.9,normal
1.0,478.0,15.0,1.0,24.0,1.7,1.0,0.0,0.0,0.0,35.2,-17.6,1.0,27.0,4.9,normal
1.0,478.0,15.0,1.0,0.0,0.0,0.0,0.0,0.0,0.0,1.0,0.0,0.0,0.0,0.0,normal
1.0,478.0,15.0,1.0,27.0,1.9,1.0,0.0,0.0,0.0,34.6,-17.6,1.0,27.0,9.7,normal
1.0,478.0,15.0,1.0,0.0,0.0,0.0,0.0,0.0,0.0,1.0,0.0,0.0,0.0,0.0,normal
1.0,478.0,15.0,1.0,0.0,0.0,0.0,0.0,0.0,0.0,1.0,0.0,0.0,0.0,0.0,normal
1.0,478.0,15.0,1.0,27.0,10.0,6.0,0.0,0.0,0.0,34.5,-17.6,1.0,27.0,15.0,normal
1.0,478.0,15.0,1.0,27.0,5.6,3.0,0.0,0.0,0.0,33.4,-16.6,1.0,27.0,9.7,normal
1.0,478.0,15.0,1.0,27.0,7.5,4.0,0.0,0.0,0.0,34.5,-17.3,1.0,27.0,21.0,normal
1.0,478.0,15.0,1.0,25.0,5.2,3.0,0.0,0.0,0.0,34.6,-16.6,1.0,27.0,15.0,normal
1.0,478.0,15.0,1.0,27.0,1.9,1.0,0.0,0.0,0.0,34.6,-16.4,1.0,27.0,4.9,normal
1.0,478.0,15.0,1.0,27.0,4.6,3.0,0.0,0.0,0.0,34.6,-17.6,1.0,27.0,15.0,normal
1.0,478.0,15.0,1.0,0.0,0.0,0.0,0.0,0.0,0.0,35.0,-16.6,1.0,27.0,4.9,normal
1.0,478.0,15.0,1.0,27.0,1.9,1.0,0.0,0.0,0.0,34.9,-17.6,1.0,27.0,9.7,normal
1.0,478.0,15.0,1.0,0.0,0.0,0.0,0.0,0.0,0.0,1.0,0.0,0.0,0.0,0.0,normal
1.0,478.0,15.0,1.0,0.0,0.0,0.0,0.0,0.0,0.0,1.0,0.0,0.0,0.0,0.0,normal
1.0,478.0,15.0,1.0,27.0,3.7,2.0,0.0,0.0,0.0,34.8,-17.6,1.0,27.0,9.7,normal
1.0,478.0,15.0,1.0,0.0,0.0,0.0,0.0,0.0,0.0,34.8,-16.4,1.0,27.0,4.9,normal
1.0,478.0,15.0,1.0,27.0,1.9,1.0,0.0,0.0,0.0,35.0,-17.7,1.0,27.0,4.9,normal
1.0,478.0,15.0,1.0,0.0,0.0,0.0,0.0,0.0,0.0,1.0,0.0,0.0,0.0,0.0,normal
1.0,478.0,15.0,1.0,0.0,0.0,0.0,0.0,0.0,0.0,1.0,0.0,0.0,0.0,0.0,normal
1.0,478.0,15.0,1.0,0.0,0.0,0.0,0.0,0.0,0.0,34.2,-17.6,1.0,27.0,9.7,normal
1.0,478.0,15.0,1.0,0.0,0.0,0.0,0.0,0.0,0.0,1.0,0.0,0.0,0.0,0.0,normal
1.0,478.0,15.0,1.0,0.0,0.0,0.0,0.0,0.0,0.0,1.0,0.0,0.0,0.0,0.0,normal
1.0,478.0,15.0,1.0,0.0,0.0,0.0,0.0,0.0,0.0,1.0,0.0,0.0,0.0,0.0,normal
1.0,478.0,15.0,1.0,0.0,0.0,0.0,0.0,0.0,0.0,1.0,0.0,0.0,0.0,0.0,normal
1.0,478.0,15.0,1.0,27.0,5.6,3.0,0.0,0.0,0.0,34.0,-16.6,1.0,27.0,15.0,normal
1.0,478.0,15.0,1.0,27.0,1.9,1.0,0.0,0.0,0.0,35.6,-16.4,1.0,27.0,4.9,normal
1.0,478.0,15.0,1.0,0.0,0.0,0.0,0.0,0.0,0.0,1.0,0.0,0.0,0.0,0.0,normal
1.0,478.0,15.0,1.0,0.0,0.0,0.0,0.0,0.0,0.0,34.3,-16.7,1.0,27.0,4.9,normal
1.0,478.0,15.0,1.0,27.0,1.9,1.0,0.0,0.0,0.0,34.0,-16.6,1.0,27.0,4.9,normal
1.0,478.0,15.0,1.0,0.0,0.0,0.0,0.0,0.0,0.0,1.0,0.0,0.0,0.0,0.0,normal
1.0,478.0,15.0,1.0,0.0,0.0,0.0,0.0,0.0,0.0,1.0,0.0,0.0,0.0,0.0,normal
1.0,478.0,15.0,1.0,0.0,0.0,0.0,0.0,0.0,0.0,1.0,0.0,0.0,0.0,0.0,normal
1.0,478.0,15.0,1.0,0.0,0.0,0.0,0.0,0.0,0.0,34.7,-17.5,1.0,27.0,4.9,normal
1.0,478.0,15.0,1.0,0.0,0.0,0.0,0.0,0.0,0.0,1.0,0.0,0.0,0.0,0.0,normal
1.0,478.0,15.0,1.0,0.0,0.0,0.0,0.0,0.0,0.0,34.3,-16.6,1.0,27.0,9.7,normal
1.0,478.0,15.0,1.0,0.0,0.0,0.0,0.0,0.0,0.0,1.0,0.0,0.0,0.0,0.0,normal
1.0,478.0,15.0,1.0,0.0,0.0,0.0,0.0,0.0,0.0,1.0,0.0,0.0,0.0,0.0,normal
1.0,478.0,15.0,1.0,0.0,0.0,0.0,0.0,0.0,0.0,35.1,-16.6,1.0,27.0,4.9,normal
1.0,478.0,15.0,1.0,0.0,0.0,0.0,0.0,0.0,0.0,1.0,0.0,0.0,0.0,0.0,normal
1.0,478.0,15.0,1.0,0.0,0.0,0.0,0.0,0.0,0.0,1.0,0.0,0.0,0.0,0.0,normal
1.0,478.0,15.0,1.0,0.0,0.0,0.0,0.0,0.0,0.0,33.3,-17.5,1.0,27.0,4.9,normal
1.0,478.0,15.0,1.0,0.0,0.0,0.0,0.0,0.0,0.0,1.0,0.0,0.0,0.0,0.0,normal
1.0,478.0,15.0,1.0,0.0,0.0,0.0,0.0,0.0,0.0,1.0,0.0,0.0,0.0,0.0,normal
1.0,478.0,15.0,1.0,26.0,3.5,2.0,0.0,0.0,0.0,34.1,-16.9,1.0,27.0,15.0,normal
1.0,478.0,15.0,1.0,0.0,0.0,0.0,0.0,0.0,0.0,1.0,0.0,0.0,0.0,0.0,normal
1.0,478.0,15.0,1.0,27.0,1.9,1.0,0.0,0.0,0.0,34.0,-16.6,1.0,27.0,4.9,normal
1.0,478.0,15.0,1.0,0.0,0.0,0.0,0.0,0.0,0.0,1.0,0.0,0.0,0.0,0.0,normal
1.0,478.0,15.0,1.0,0.0,0.0,0.0,0.0,0.0,0.0,34.9,-16.4,1.0,27.0,4.9,normal
1.0,478.0,15.0,1.0,0.0,0.0,0.0,0.0,0.0,0.0,33.9,-16.7,1.0,27.0,4.9,normal
1.0,478.0,15.0,1.0,0.0,0.0,0.0,0.0,0.0,0.0,1.0,0.0,0.0,0.0,0.0,normal
1.0,478.0,15.0,1.0,0.0,0.0,0.0,0.0,0.0,0.0,1.0,0.0,0.0,0.0,0.0,normal
1.0,478.0,15.0,1.0,0.0,0.0,0.0,0.0,0.0,0.0,1.0,0.0,0.0,0.0,0.0,normal
1.0,478.0,15.0,1.0,0.0,0.0,0.0,0.0,0.0,0.0,35.2,-17.6,1.0,27.0,4.9,normal
1.0,478.0,15.0,1.0,0.0,0.0,0.0,0.0,0.0,0.0,34.6,-17.5,1.0,27.0,9.7,normal
1.0,478.0,15.0,1.0,0.0,0.0,0.0,0.0,0.0,0.0,1.0,0.0,0.0,0.0,0.0,normal
1.0,478.0,15.0,1.0,0.0,0.0,0.0,0.0,0.0,0.0,34.7,-16.6,1.0,27.0,9.7,normal
1.0,478.0,15.0,1.0,0.0,0.0,0.0,0.0,0.0,0.0,1.0,0.0,0.0,0.0,0.0,normal
1.0,478.0,15.0,1.0,0.0,0.0,0.0,0.0,0.0,0.0,35.5,-16.4,1.0,27.0,4.9,normal
1.0,478.0,15.0,1.0,0.0,0.0,0.0,0.0,0.0,0.0,1.0,0.0,0.0,0.0,0.0,normal
1.0,478.0,15.0,1.0,0.0,0.0,0.0,0.0,0.0,0.0,1.0,0.0,0.0,0.0,0.0,normal
1.0,478.0,15.0,1.0,0.0,0.0,0.0,0.0,0.0,0.0,33.3,-16.7,1.0,27.0,4.9,normal
1.0,478.0,15.0,1.0,0.0,0.0,0.0,0.0,0.0,0.0,1.0,0.0,0.0,0.0,0.0,normal
1.0,478.0,15.0,1.0,0.0,0.0,0.0,0.0,0.0,0.0,1.0,0.0,0.0,0.0,0.0,normal
1.0,478.0,15.0,1.0,0.0,0.0,0.0,0.0,0.0,0.0,1.0,0.0,0.0,0.0,0.0,normal
1.0,478.0,15.0,1.0,0.0,0.0,0.0,0.0,0.0,0.0,1.0,0.0,0.0,0.0,0.0,normal
1.0,478.0,15.0,1.0,0.0,0.0,0.0,0.0,0.0,0.0,1.0,0.0,0.0,0.0,0.0,normal
1.0,478.0,15.0,1.0,0.0,0.0,0.0,0.0,0.0,0.0,1.0,0.0,0.0,0.0,0.0,normal
1.0,478.0,15.0,1.0,0.0,0.0,0.0,0.0,0.0,0.0,1.0,0.0,0.0,0.0,0.0,normal
1.0,478.0,15.0,1.0,0.0,0.0,0.0,0.0,0.0,0.0,1.0,0.0,0.0,0.0,0.0,normal
1.0,478.0,15.0,1.0,0.0,0.0,0.0,0.0,0.0,0.0,34.4,-17.5,1.0,27.0,9.7,normal
1.0,478.0,15.0,1.0,0.0,0.0,0.0,0.0,0.0,0.0,1.0,0.0,0.0,0.0,0.0,normal
1.0,478.0,15.0,1.0,0.0,0.0,0.0,0.0,0.0,0.0,1.0,0.0,0.0,0.0,0.0,normal
1.0,478.0,15.0,1.0,0.0,0.0,0.0,0.0,0.0,0.0,1.0,0.0,0.0,0.0,0.0,normal
1.0,4790.0,15.0,1.0,16.0,21.0,15.0,0.0,0.0,0.0,26.1,-27.5,1.0,24.0,28.0,normal
1.0,478.0,15.0,1.0,0.0,0.0,0.0,0.0,0.0,0.0,35.4,-16.4,1.0,27.0,4.9,normal
1.0,4790.0,15.0,1.0,0.0,0.0,0.0,0.0,0.0,0.0,1.0,0.0,0.0,0.0,0.0,normal
1.0,478.0,15.0,1.0,0.0,0.0,0.0,0.0,0.0,0.0,1.0,0.0,0.0,0.0,0.0,normal
1.0,4790.0,15.0,1.0,0.0,0.0,0.0,0.0,0.0,0.0,28.6,-26.6,1.0,27.0,4.9,normal
1.0,478.0,15.0,1.0,0.0,0.0,0.0,0.0,0.0,0.0,33.3,-17.7,1.0,27.0,4.9,normal
1.0,4790.0,15.0,1.0,0.0,0.0,0.0,0.0,0.0,0.0,1.0,0.0,0.0,0.0,0.0,normal
1.0,478.0,15.0,1.0,0.0,0.0,0.0,0.0,0.0,0.0,1.0,0.0,0.0,0.0,0.0,normal
1.0,4790.0,15.0,1.0,0.0,0.0,0.0,0.0,0.0,0.0,1.0,0.0,0.0,0.0,0.0,normal
1.0,478.0,15.0,1.0,0.0,0.0,0.0,0.0,0.0,0.0,1.0,0.0,0.0,0.0,0.0,normal
1.0,4790.0,15.0,1.0,27.0,9.3,5.0,0.0,0.0,0.0,1.0,0.0,0.0,0.0,0.0,normal
1.0,478.0,15.0,1.0,0.0,0.0,0.0,0.0,0.0,0.0,1.0,0.0,0.0,0.0,0.0,normal
1.0,4790.0,15.0,1.0,27.0,8.3,5.0,0.0,0.0,0.0,1.0,0.0,0.0,0.0,0.0,normal
1.0,478.0,15.0,1.0,0.0,0.0,0.0,0.0,0.0,0.0,33.7,-16.6,1.0,27.0,4.9,normal
1.0,4790.0,15.0,1.0,0.0,0.0,0.0,0.0,0.0,0.0,1.0,0.0,0.0,0.0,0.0,normal
1.0,478.0,15.0,1.0,0.0,0.0,0.0,0.0,0.0,0.0,34.1,-16.6,1.0,27.0,4.9,normal
1.0,4790.0,15.0,1.0,0.0,0.0,0.0,0.0,0.0,0.0,1.0,0.0,0.0,0.0,0.0,normal
1.0,478.0,15.0,1.0,0.0,0.0,0.0,0.0,0.0,0.0,1.0,0.0,0.0,0.0,0.0,normal
1.0,4790.0,15.0,1.0,27.0,3.7,2.0,0.0,0.0,0.0,28.7,-26.6,1.0,27.0,9.7,normal
1.0,478.0,15.0,1.0,0.0,0.0,0.0,0.0,0.0,0.0,33.5,-17.6,1.0,27.0,4.9,normal
1.0,4790.0,15.0,1.0,27.0,10.0,6.0,0.0,0.0,0.0,1.0,0.0,0.0,0.0,0.0,normal
1.0,478.0,15.0,1.0,0.0,0.0,0.0,0.0,0.0,0.0,1.0,0.0,0.0,0.0,0.0,normal
1.0,4790.0,15.0,1.0,0.0,0.0,0.0,0.0,0.0,0.0,28.2,-26.6,1.0,27.0,4.9,normal
1.0,478.0,15.0,1.0,0.0,0.0,0.0,0.0,0.0,0.0,1.0,0.0,0.0,0.0,0.0,normal
1.0,4790.0,15.0,1.0,0.0,0.0,0.0,0.0,0.0,0.0,29.1,-26.7,1.0,27.0,9.7,normal
1.0,478.0,15.0,1.0,0.0,0.0,0.0,0.0,0.0,0.0,1.0,0.0,0.0,0.0,0.0,normal
1.0,4790.0,15.0,1.0,0.0,0.0,0.0,0.0,0.0,0.0,1.0,0.0,0.0,0.0,0.0,normal
1.0,478.0,15.0,1.0,0.0,0.0,0.0,0.0,0.0,0.0,1.0,0.0,0.0,0.0,0.0,normal
1.0,4790.0,15.0,1.0,25.0,6.9,4.0,0.0,0.0,0.0,29.6,-26.6,1.0,27.0,4.9,normal
1.0,478.0,15.0,1.0,0.0,0.0,0.0,0.0,0.0,0.0,1.0,0.0,0.0,0.0,0.0,normal
1.0,4790.0,15.0,1.0,0.0,0.0,0.0,0.0,0.0,0.0,28.5,-26.7,1.0,27.0,4.9,normal
1.0,478.0,15.0,1.0,0.0,0.0,0.0,0.0,0.0,0.0,1.0,0.0,0.0,0.0,0.0,normal
1.0,4790.0,15.0,1.0,0.0,0.0,0.0,0.0,0.0,0.0,1.0,0.0,0.0,0.0,0.0,normal
1.0,478.0,15.0,1.0,0.0,0.0,0.0,0.0,0.0,0.0,33.4,-17.5,1.0,27.0,4.9,normal
1.0,4790.0,15.0,1.0,0.0,0.0,0.0,0.0,0.0,0.0,1.0,0.0,0.0,0.0,0.0,normal
1.0,478.0,15.0,1.0,0.0,0.0,0.0,0.0,0.0,0.0,33.9,-16.6,1.0,27.0,4.9,normal
1.0,4790.0,15.0,1.0,0.0,0.0,0.0,0.0,0.0,0.0,29.1,-26.7,1.0,27.0,4.9,normal
1.0,478.0,15.0,1.0,0.0,0.0,0.0,0.0,0.0,0.0,1.0,0.0,0.0,0.0,0.0,normal
1.0,4790.0,15.0,1.0,27.0,3.7,2.0,0.0,0.0,0.0,1.0,0.0,0.0,0.0,0.0,normal
1.0,478.0,15.0,1.0,26.0,3.5,2.0,0.0,0.0,0.0,1.0,0.0,0.0,0.0,0.0,normal
1.0,4790.0,15.0,1.0,27.0,3.7,2.0,0.0,0.0,0.0,1.0,0.0,0.0,0.0,0.0,normal
1.0,478.0,15.0,1.0,0.0,0.0,0.0,0.0,0.0,0.0,1.0,0.0,0.0,0.0,0.0,normal
1.0,4790.0,15.0,1.0,27.0,3.7,2.0,0.0,0.0,0.0,1.0,0.0,0.0,0.0,0.0,normal
1.0,478.0,15.0,1.0,0.0,0.0,0.0,0.0,0.0,0.0,1.0,0.0,0.0,0.0,0.0,normal
1.0,4790.0,15.0,1.0,27.0,3.7,2.0,0.0,0.0,0.0,1.0,0.0,0.0,0.0,0.0,normal
1.0,478.0,15.0,1.0,0.0,0.0,0.0,0.0,0.0,0.0,1.0,0.0,0.0,0.0,0.0,normal
1.0,4790.0,15.0,1.0,27.0,2.8,2.0,0.0,0.0,0.0,1.0,0.0,0.0,0.0,0.0,normal
1.0,478.0,15.0,1.0,0.0,0.0,0.0,0.0,0.0,0.0,1.0,0.0,0.0,0.0,0.0,normal
1.0,4790.0,15.0,1.0,26.0,6.1,4.0,0.0,0.0,0.0,1.0,0.0,0.0,0.0,0.0,normal
1.0,478.0,15.0,1.0,0.0,0.0,0.0,0.0,0.0,0.0,34.5,-16.6,1.0,27.0,4.9,normal
1.0,4790.0,15.0,1.0,0.0,0.0,0.0,0.0,0.0,0.0,1.0,0.0,0.0,0.0,0.0,normal
1.0,478.0,15.0,1.0,0.0,0.0,0.0,0.0,0.0,0.0,1.0,0.0,0.0,0.0,0.0,normal
1.0,4790.0,15.0,1.0,0.0,0.0,0.0,0.0,0.0,0.0,1.0,0.0,0.0,0.0,0.0,normal
1.0,478.0,15.0,1.0,0.0,0.0,0.0,0.0,0.0,0.0,1.0,0.0,0.0,0.0,0.0,normal
1.0,4790.0,15.0,1.0,0.0,0.0,0.0,0.0,0.0,0.0,1.0,0.0,0.0,0.0,0.0,normal
1.0,478.0,15.0,1.0,0.0,0.0,0.0,0.0,0.0,0.0,31.8,-17.6,1.0,27.0,4.9,normal
1.0,4790.0,15.0,1.0,0.0,0.0,0.0,0.0,0.0,0.0,1.0,0.0,0.0,0.0,0.0,normal
1.0,478.0,15.0,1.0,0.0,0.0,0.0,0.0,0.0,0.0,1.0,0.0,0.0,0.0,0.0,normal
1.0,4790.0,15.0,1.0,0.0,0.0,0.0,0.0,0.0,0.0,1.0,0.0,0.0,0.0,0.0,normal
1.0,478.0,15.0,1.0,0.0,0.0,0.0,0.0,0.0,0.0,1.0,0.0,0.0,0.0,0.0,normal
1.0,4790.0,15.0,1.0,0.0,0.0,0.0,0.0,0.0,0.0,1.0,0.0,0.0,0.0,0.0,normal
1.0,478.0,15.0,1.0,0.0,0.0,0.0,0.0,0.0,0.0,34.1,-17.6,1.0,27.0,4.9,normal
1.0,4790.0,15.0,1.0,0.0,0.0,0.0,0.0,0.0,0.0,1.0,0.0,0.0,0.0,0.0,normal
1.0,478.0,15.0,1.0,0.0,0.0,0.0,0.0,0.0,0.0,35.3,-17.6,1.0,27.0,4.9,normal
1.0,4790.0,15.0,1.0,0.0,0.0,0.0,0.0,0.0,0.0,1.0,0.0,0.0,0.0,0.0,normal
1.0,4790.0,15.0,1.0,0.0,0.0,0.0,0.0,0.0,0.0,28.9,-26.6,1.0,27.0,4.9,normal
1.0,4790.0,15.0,1.0,0.0,0.0,0.0,0.0,0.0,0.0,28.7,-26.7,1.0,27.0,4.9,normal
1.0,4790.0,15.0,1.0,0.0,0.0,0.0,0.0,0.0,0.0,1.0,0.0,0.0,0.0,0.0,normal
1.0,4790.0,15.0,1.0,0.0,0.0,0.0,0.0,0.0,0.0,1.0,0.0,0.0,0.0,0.0,normal
1.0,4790.0,15.0,1.0,27.0,9.3,5.0,0.0,0.0,0.0,28.7,-26.7,1.0,27.0,19.0,normal
1.0,4790.0,15.0,1.0,0.0,0.0,0.0,0.0,0.0,0.0,1.0,0.0,0.0,0.0,0.0,normal
1.0,4790.0,15.0,1.0,0.0,0.0,0.0,0.0,0.0,0.0,1.0,0.0,0.0,0.0,0.0,normal
1.0,4790.0,15.0,1.0,0.0,0.0,0.0,0.0,0.0,0.0,1.0,0.0,0.0,0.0,0.0,normal
1.0,4790.0,15.0,1.0,0.0,0.0,0.0,0.0,0.0,0.0,1.0,0.0,0.0,0.0,0.0,normal
1.0,4790.0,15.0,1.0,0.0,0.0,0.0,0.0,0.0,0.0,1.0,0.0,0.0,0.0,0.0,normal
1.0,4790.0,15.0,1.0,0.0,0.0,0.0,0.0,0.0,0.0,28.6,-26.7,1.0,27.0,4.9,normal
1.0,4790.0,15.0,1.0,0.0,0.0,0.0,0.0,0.0,0.0,28.2,-26.7,1.0,27.0,4.9,normal
1.0,4790.0,15.0,1.0,0.0,0.0,0.0,0.0,0.0,0.0,1.0,0.0,0.0,0.0,0.0,normal
1.0,4790.0,15.0,1.0,0.0,0.0,0.0,0.0,0.0,0.0,1.0,0.0,0.0,0.0,0.0,normal
1.0,4790.0,15.0,1.0,0.0,0.0,0.0,0.0,0.0,0.0,28.2,-26.7,1.0,27.0,4.9,normal
1.0,4790.0,15.0,1.0,0.0,0.0,0.0,0.0,0.0,0.0,27.5,-26.7,1.0,27.0,4.9,normal
1.0,4790.0,15.0,1.0,27.0,3.7,2.0,0.0,0.0,0.0,1.0,0.0,0.0,0.0,0.0,normal
1.0,4790.0,15.0,1.0,0.0,0.0,0.0,0.0,0.0,0.0,29.2,-26.7,1.0,27.0,4.9,normal
1.0,4790.0,15.0,1.0,0.0,0.0,0.0,0.0,0.0,0.0,1.0,0.0,0.0,0.0,0.0,normal
1.0,4790.0,15.0,1.0,0.0,0.0,0.0,0.0,0.0,0.0,1.0,0.0,0.0,0.0,0.0,normal
1.0,4790.0,15.0,1.0,0.0,0.0,0.0,0.0,0.0,0.0,1.0,0.0,0.0,0.0,0.0,normal
1.0,4790.0,15.0,1.0,0.0,0.0,0.0,0.0,0.0,0.0,1.0,0.0,0.0,0.0,0.0,normal
1.0,4790.0,15.0,1.0,0.0,0.0,0.0,0.0,0.0,0.0,1.0,0.0,0.0,0.0,0.0,normal
1.0,4790.0,15.0,1.0,0.0,0.0,0.0,0.0,0.0,0.0,1.0,0.0,0.0,0.0,0.0,normal
1.0,4790.0,15.0,1.0,27.0,3.7,2.0,0.0,0.0,0.0,1.0,0.0,0.0,0.0,0.0,normal
1.0,4790.0,15.0,1.0,0.0,0.0,0.0,0.0,0.0,0.0,28.7,-26.7,1.0,27.0,4.9,normal
1.0,4790.0,15.0,1.0,27.0,5.6,3.0,0.0,0.0,0.0,1.0,0.0,0.0,0.0,0.0,normal
1.0,4790.0,15.0,1.0,27.0,5.6,3.0,0.0,0.0,0.0,1.0,0.0,0.0,0.0,0.0,normal
1.0,4790.0,15.0,1.0,27.0,3.7,2.0,0.0,0.0,0.0,1.0,0.0,0.0,0.0,0.0,normal
1.0,4790.0,15.0,1.0,0.0,0.0,0.0,0.0,0.0,0.0,28.7,-26.7,1.0,27.0,4.9,normal
1.0,4790.0,15.0,1.0,27.0,3.7,2.0,0.0,0.0,0.0,1.0,0.0,0.0,0.0,0.0,normal
1.0,4790.0,15.0,1.0,0.0,0.0,0.0,0.0,0.0,0.0,1.0,0.0,0.0,0.0,0.0,normal
1.0,4790.0,15.0,1.0,0.0,0.0,0.0,0.0,0.0,0.0,28.6,-26.7,1.0,27.0,4.9,normal
1.0,4790.0,15.0,1.0,27.0,3.7,2.0,0.0,0.0,0.0,1.0,0.0,0.0,0.0,0.0,normal
1.0,4790.0,15.0,1.0,0.0,0.0,0.0,0.0,0.0,0.0,1.0,0.0,0.0,0.0,0.0,normal
1.0,4790.0,15.0,1.0,27.0,2.8,2.0,0.0,0.0,0.0,1.0,0.0,0.0,0.0,0.0,normal
1.0,4790.0,15.0,1.0,0.0,0.0,0.0,0.0,0.0,0.0,28.4,-26.7,1.0,27.0,4.9,normal
1.0,4790.0,15.0,1.0,0.0,0.0,0.0,0.0,0.0,0.0,27.7,-26.7,1.0,27.0,4.9,normal
1.0,4790.0,15.0,1.0,0.0,0.0,0.0,0.0,0.0,0.0,28.1,-26.7,1.0,27.0,4.9,normal
1.0,4790.0,15.0,1.0,27.0,11.0,6.0,0.0,0.0,0.0,1.0,0.0,0.0,0.0,0.0,normal
1.0,4790.0,15.0,1.0,27.0,3.7,2.0,0.0,0.0,0.0,1.0,0.0,0.0,0.0,0.0,normal
1.0,4790.0,15.0,1.0,0.0,0.0,0.0,0.0,0.0,0.0,1.0,0.0,0.0,0.0,0.0,normal
1.0,4790.0,15.0,1.0,0.0,0.0,0.0,0.0,0.0,0.0,29.3,-26.7,1.0,27.0,4.9,normal
1.0,4790.0,15.0,1.0,0.0,0.0,0.0,0.0,0.0,0.0,29.0,-26.7,1.0,27.0,4.9,normal
1.0,4790.0,15.0,1.0,27.0,2.8,2.0,0.0,0.0,0.0,1.0,0.0,0.0,0.0,0.0,normal
1.0,4790.0,15.0,1.0,27.0,6.5,4.0,0.0,0.0,0.0,28.0,-26.7,1.0,27.0,4.9,normal
1.0,4790.0,15.0,1.0,0.0,0.0,0.0,0.0,0.0,0.0,28.7,-26.7,1.0,27.0,4.9,normal
1.0,4790.0,15.0,1.0,0.0,0.0,0.0,0.0,0.0,0.0,28.5,-26.7,1.0,27.0,9.7,normal
1.0,4790.0,15.0,1.0,27.0,3.7,2.0,0.0,0.0,0.0,1.0,0.0,0.0,0.0,0.0,normal
1.0,4790.0,15.0,1.0,0.0,0.0,0.0,0.0,0.0,0.0,1.0,0.0,0.0,0.0,0.0,normal
1.0,4790.0,15.0,1.0,0.0,0.0,0.0,0.0,0.0,0.0,1.0,0.0,0.0,0.0,0.0,normal
1.0,4790.0,15.0,1.0,27.0,3.7,2.0,0.0,0.0,0.0,1.0,0.0,0.0,0.0,0.0,normal
1.0,4790.0,15.0,1.0,0.0,0.0,0.0,0.0,0.0,0.0,1.0,0.0,0.0,0.0,0.0,normal
1.0,4790.0,15.0,1.0,27.0,7.5,4.0,0.0,0.0,0.0,27.8,-26.7,1.0,27.0,4.9,normal
1.0,4790.0,15.0,1.0,27.0,3.7,2.0,0.0,0.0,0.0,1.0,0.0,0.0,0.0,0.0,normal
1.0,4790.0,15.0,1.0,27.0,3.7,2.0,0.0,0.0,0.0,27.9,-26.6,1.0,27.0,4.9,normal
1.0,4790.0,15.0,1.0,27.0,3.7,2.0,0.0,0.0,0.0,28.8,-26.7,1.0,27.0,9.7,normal
1.0,4790.0,15.0,1.0,27.0,6.5,4.0,0.0,0.0,0.0,1.0,0.0,0.0,0.0,0.0,normal
1.0,4790.0,15.0,1.0,0.0,0.0,0.0,0.0,0.0,0.0,1.0,0.0,0.0,0.0,0.0,normal
1.0,4790.0,15.0,1.0,0.0,0.0,0.0,0.0,0.0,0.0,1.0,0.0,0.0,0.0,0.0,normal
1.0,4790.0,15.0,1.0,0.0,0.0,0.0,0.0,0.0,0.0,1.0,0.0,0.0,0.0,0.0,normal
1.0,4790.0,15.0,1.0,27.0,4.6,3.0,0.0,0.0,0.0,29.0,-26.7,1.0,27.0,4.9,normal
1.0,4790.0,15.0,1.0,27.0,1.9,1.0,0.0,0.0,0.0,1.0,0.0,0.0,0.0,0.0,normal
1.0,4790.0,15.0,1.0,0.0,0.0,0.0,0.0,0.0,0.0,1.0,0.0,0.0,0.0,0.0,normal
1.0,4791.0,15.0,1.0,2.0,5.1,11.0,0.0,0.0,0.0,29.7,-16.1,1.0,23.0,17.0,normal
1.0,4791.0,15.0,1.0,0.0,0.0,0.0,0.0,0.0,0.0,1.0,0.0,0.0,0.0,0.0,normal
1.0,4792.0,15.0,1.0,18.0,25.0,18.0,0.0,0.0,0.0,31.0,-16.1,1.0,23.0,18.0,normal
1.0,4792.0,15.0,1.0,0.0,0.0,0.0,0.0,0.0,0.0,33.3,-16.6,1.0,27.0,4.9,normal
1.0,4792.0,15.0,1.0,0.0,0.0,0.0,0.0,0.0,0.0,1.0,0.0,0.0,0.0,0.0,normal
1.0,4792.0,15.0,1.0,0.0,0.0,0.0,0.0,0.0,0.0,1.0,0.0,0.0,0.0,0.0,normal
1.0,4792.0,15.0,1.0,0.0,0.0,0.0,0.0,0.0,0.0,1.0,0.0,0.0,0.0,0.0,normal
1.0,4792.0,15.0,1.0,0.0,0.0,0.0,0.0,0.0,0.0,1.0,0.0,0.0,0.0,0.0,normal
1.0,4792.0,15.0,1.0,0.0,0.0,0.0,0.0,0.0,0.0,1.0,0.0,0.0,0.0,0.0,normal
1.0,4792.0,15.0,1.0,0.0,0.0,0.0,0.0,0.0,0.0,1.0,0.0,0.0,0.0,0.0,normal
1.0,4792.0,15.0,1.0,0.0,0.0,0.0,0.0,0.0,0.0,35.1,-16.6,1.0,27.0,4.9,normal
1.0,4792.0,15.0,1.0,0.0,0.0,0.0,0.0,0.0,0.0,34.2,-16.6,1.0,27.0,9.7,normal
1.0,4792.0,15.0,1.0,0.0,0.0,0.0,0.0,0.0,0.0,33.9,-16.6,1.0,27.0,4.9,normal
1.0,4792.0,15.0,1.0,0.0,0.0,0.0,0.0,0.0,0.0,1.0,0.0,0.0,0.0,0.0,normal
1.0,4792.0,15.0,1.0,0.0,0.0,0.0,0.0,0.0,0.0,1.0,0.0,0.0,0.0,0.0,normal
1.0,4792.0,15.0,1.0,0.0,0.0,0.0,0.0,0.0,0.0,35.4,-16.6,1.0,27.0,9.7,normal
1.0,4792.0,15.0,1.0,0.0,0.0,0.0,0.0,0.0,0.0,1.0,0.0,0.0,0.0,0.0,normal
1.0,4792.0,15.0,1.0,0.0,0.0,0.0,0.0,0.0,0.0,1.0,0.0,0.0,0.0,0.0,normal
1.0,4792.0,15.0,1.0,0.0,0.0,0.0,0.0,0.0,0.0,1.0,0.0,0.0,0.0,0.0,normal
1.0,4792.0,15.0,1.0,0.0,0.0,0.0,0.0,0.0,0.0,1.0,0.0,0.0,0.0,0.0,normal
1.0,4792.0,15.0,1.0,0.0,0.0,0.0,0.0,0.0,0.0,1.0,0.0,0.0,0.0,0.0,normal
1.0,4792.0,15.0,1.0,0.0,0.0,0.0,0.0,0.0,0.0,1.0,0.0,0.0,0.0,0.0,normal
1.0,4792.0,15.0,1.0,0.0,0.0,0.0,0.0,0.0,0.0,1.0,0.0,0.0,0.0,0.0,normal
1.0,4792.0,15.0,1.0,0.0,0.0,0.0,0.0,0.0,0.0,35.3,-16.6,1.0,27.0,4.9,normal
1.0,4792.0,15.0,1.0,0.0,0.0,0.0,0.0,0.0,0.0,1.0,0.0,0.0,0.0,0.0,normal
1.0,4793.0,15.0,1.0,18.0,21.0,15.0,0.0,0.0,0.0,26.0,-27.5,1.0,23.0,18.0,normal
1.0,4792.0,15.0,1.0,0.0,0.0,0.0,0.0,0.0,0.0,1.0,0.0,0.0,0.0,0.0,normal
1.0,4793.0,15.0,1.0,27.0,5.6,3.0,0.0,0.0,0.0,1.0,0.0,0.0,0.0,0.0,normal
1.0,4792.0,15.0,1.0,0.0,0.0,0.0,0.0,0.0,0.0,1.0,0.0,0.0,0.0,0.0,normal
1.0,4793.0,15.0,1.0,0.0,0.0,0.0,0.0,0.0,0.0,1.0,0.0,0.0,0.0,0.0,normal
1.0,4792.0,15.0,1.0,0.0,0.0,0.0,0.0,0.0,0.0,1.0,0.0,0.0,0.0,0.0,normal
1.0,4793.0,15.0,1.0,0.0,0.0,0.0,0.0,0.0,0.0,1.0,0.0,0.0,0.0,0.0,normal
1.0,4792.0,15.0,1.0,0.0,0.0,0.0,0.0,0.0,0.0,1.0,0.0,0.0,0.0,0.0,normal
1.0,4793.0,15.0,1.0,0.0,0.0,0.0,0.0,0.0,0.0,1.0,0.0,0.0,0.0,0.0,normal
1.0,4792.0,15.0,1.0,0.0,0.0,0.0,0.0,0.0,0.0,35.3,-16.6,1.0,27.0,4.9,normal
1.0,4793.0,15.0,1.0,0.0,0.0,0.0,0.0,0.0,0.0,1.0,0.0,0.0,0.0,0.0,normal
1.0,4792.0,15.0,1.0,0.0,0.0,0.0,0.0,0.0,0.0,1.0,0.0,0.0,0.0,0.0,normal
1.0,4793.0,15.0,1.0,0.0,0.0,0.0,0.0,0.0,0.0,1.0,0.0,0.0,0.0,0.0,normal
1.0,4792.0,15.0,1.0,0.0,0.0,0.0,0.0,0.0,0.0,33.6,-16.6,1.0,27.0,4.9,normal
1.0,4793.0,15.0,1.0,27.0,3.7,2.0,0.0,0.0,0.0,28.9,-26.6,1.0,27.0,4.9,normal
1.0,4792.0,15.0,1.0,0.0,0.0,0.0,0.0,0.0,0.0,1.0,0.0,0.0,0.0,0.0,normal
1.0,4793.0,15.0,1.0,0.0,0.0,0.0,0.0,0.0,0.0,1.0,0.0,0.0,0.0,0.0,normal
1.0,4792.0,15.0,1.0,0.0,0.0,0.0,0.0,0.0,0.0,1.0,0.0,0.0,0.0,0.0,normal
1.0,4793.0,15.0,1.0,0.0,0.0,0.0,0.0,0.0,0.0,29.1,-26.6,1.0,27.0,4.9,normal
1.0,4792.0,15.0,1.0,0.0,0.0,0.0,0.0,0.0,0.0,1.0,0.0,0.0,0.0,0.0,normal
1.0,4793.0,15.0,1.0,0.0,0.0,0.0,0.0,0.0,0.0,1.0,0.0,0.0,0.0,0.0,normal
1.0,4792.0,15.0,1.0,0.0,0.0,0.0,0.0,0.0,0.0,1.0,0.0,0.0,0.0,0.0,normal
1.0,4793.0,15.0,1.0,0.0,0.0,0.0,0.0,0.0,0.0,28.1,-26.6,1.0,27.0,4.9,normal
1.0,4792.0,15.0,1.0,0.0,0.0,0.0,0.0,0.0,0.0,34.9,-17.5,1.0,27.0,4.9,normal
1.0,4793.0,15.0,1.0,0.0,0.0,0.0,0.0,0.0,0.0,1.0,0.0,0.0,0.0,0.0,normal
1.0,4792.0,15.0,1.0,0.0,0.0,0.0,0.0,0.0,0.0,34.0,-16.6,1.0,27.0,4.9,normal
1.0,4793.0,15.0,1.0,0.0,0.0,0.0,0.0,0.0,0.0,29.0,-26.6,1.0,27.0,4.9,normal
1.0,4792.0,15.0,1.0,0.0,0.0,0.0,0.0,0.0,0.0,35.2,-17.6,1.0,27.0,4.9,normal
1.0,4793.0,15.0,1.0,0.0,0.0,0.0,0.0,0.0,0.0,1.0,0.0,0.0,0.0,0.0,normal
1.0,4792.0,15.0,1.0,0.0,0.0,0.0,0.0,0.0,0.0,34.5,-17.5,1.0,27.0,4.9,normal
1.0,4793.0,15.0,1.0,0.0,0.0,0.0,0.0,0.0,0.0,1.0,0.0,0.0,0.0,0.0,normal
1.0,4792.0,15.0,1.0,0.0,0.0,0.0,0.0,0.0,0.0,1.0,0.0,0.0,0.0,0.0,normal
1.0,4793.0,15.0,1.0,27.0,3.7,2.0,0.0,0.0,0.0,1.0,0.0,0.0,0.0,0.0,normal
1.0,4792.0,15.0,1.0,0.0,0.0,0.0,0.0,0.0,0.0,1.0,0.0,0.0,0.0,0.0,normal
1.0,4793.0,15.0,1.0,0.0,0.0,0.0,0.0,0.0,0.0,28.9,-26.6,1.0,27.0,4.9,normal
1.0,4792.0,15.0,1.0,0.0,0.0,0.0,0.0,0.0,0.0,1.0,0.0,0.0,0.0,0.0,normal
1.0,4793.0,15.0,1.0,0.0,0.0,0.0,0.0,0.0,0.0,28.8,-26.6,1.0,27.0,4.9,normal
1.0,4792.0,15.0,1.0,0.0,0.0,0.0,0.0,0.0,0.0,1.0,0.0,0.0,0.0,0.0,normal
1.0,4793.0,15.0,1.0,0.0,0.0,0.0,0.0,0.0,0.0,1.0,0.0,0.0,0.0,0.0,normal
1.0,4792.0,15.0,1.0,0.0,0.0,0.0,0.0,0.0,0.0,1.0,0.0,0.0,0.0,0.0,normal
1.0,4793.0,15.0,1.0,0.0,0.0,0.0,0.0,0.0,0.0,1.0,0.0,0.0,0.0,0.0,normal
1.0,4792.0,15.0,1.0,0.0,0.0,0.0,0.0,0.0,0.0,1.0,0.0,0.0,0.0,0.0,normal
1.0,4793.0,15.0,1.0,0.0,0.0,0.0,0.0,0.0,0.0,1.0,0.0,0.0,0.0,0.0,normal
1.0,4792.0,15.0,1.0,0.0,0.0,0.0,0.0,0.0,0.0,1.0,0.0,0.0,0.0,0.0,normal
1.0,4793.0,15.0,1.0,0.0,0.0,0.0,0.0,0.0,0.0,28.9,-26.6,1.0,27.0,9.7,normal
1.0,4792.0,15.0,1.0,0.0,0.0,0.0,0.0,0.0,0.0,1.0,0.0,0.0,0.0,0.0,normal
1.0,4793.0,15.0,1.0,0.0,0.0,0.0,0.0,0.0,0.0,1.0,0.0,0.0,0.0,0.0,normal
1.0,4792.0,15.0,1.0,0.0,0.0,0.0,0.0,0.0,0.0,1.0,0.0,0.0,0.0,0.0,normal
1.0,4793.0,15.0,1.0,0.0,0.0,0.0,0.0,0.0,0.0,28.8,-26.7,1.0,27.0,4.9,normal
1.0,4792.0,15.0,1.0,0.0,0.0,0.0,0.0,0.0,0.0,1.0,0.0,0.0,0.0,0.0,normal
1.0,4793.0,15.0,1.0,0.0,0.0,0.0,0.0,0.0,0.0,27.8,-26.7,1.0,27.0,4.9,normal
1.0,4792.0,15.0,1.0,0.0,0.0,0.0,0.0,0.0,0.0,1.0,0.0,0.0,0.0,0.0,normal
1.0,4793.0,15.0,1.0,0.0,0.0,0.0,0.0,0.0,0.0,1.0,0.0,0.0,0.0,0.0,normal
1.0,4792.0,15.0,1.0,0.0,0.0,0.0,0.0,0.0,0.0,34.7,-16.6,1.0,27.0,4.9,normal
1.0,4793.0,15.0,1.0,0.0,0.0,0.0,0.0,0.0,0.0,1.0,0.0,0.0,0.0,0.0,normal
1.0,4792.0,15.0,1.0,0.0,0.0,0.0,0.0,0.0,0.0,1.0,0.0,0.0,0.0,0.0,normal
1.0,4793.0,15.0,1.0,27.0,1.9,1.0,0.0,0.0,0.0,1.0,0.0,0.0,0.0,0.0,normal
1.0,4792.0,15.0,1.0,0.0,0.0,0.0,0.0,0.0,0.0,1.0,0.0,0.0,0.0,0.0,normal
1.0,4793.0,15.0,1.0,27.0,1.9,1.0,0.0,0.0,0.0,27.9,-26.6,1.0,27.0,4.9,normal
1.0,4792.0,15.0,1.0,0.0,0.0,0.0,0.0,0.0,0.0,1.0,0.0,0.0,0.0,0.0,normal
1.0,4793.0,15.0,1.0,0.0,0.0,0.0,0.0,0.0,0.0,1.0,0.0,0.0,0.0,0.0,normal
1.0,4792.0,15.0,1.0,0.0,0.0,0.0,0.0,0.0,0.0,1.0,0.0,0.0,0.0,0.0,normal
1.0,4793.0,15.0,1.0,0.0,0.0,0.0,0.0,0.0,0.0,1.0,0.0,0.0,0.0,0.0,normal
1.0,4792.0,15.0,1.0,0.0,0.0,0.0,0.0,0.0,0.0,1.0,0.0,0.0,0.0,0.0,normal
1.0,4793.0,15.0,1.0,27.0,3.7,2.0,0.0,0.0,0.0,1.0,0.0,0.0,0.0,0.0,normal
1.0,4792.0,15.0,1.0,0.0,0.0,0.0,0.0,0.0,0.0,1.0,0.0,0.0,0.0,0.0,normal
1.0,4793.0,15.0,1.0,0.0,0.0,0.0,0.0,0.0,0.0,28.2,-26.6,1.0,27.0,4.9,normal
1.0,4792.0,15.0,1.0,0.0,0.0,0.0,0.0,0.0,0.0,1.0,0.0,0.0,0.0,0.0,normal
1.0,4793.0,15.0,1.0,0.0,0.0,0.0,0.0,0.0,0.0,1.0,0.0,0.0,0.0,0.0,normal
1.0,4792.0,15.0,1.0,0.0,0.0,0.0,0.0,0.0,0.0,1.0,0.0,0.0,0.0,0.0,normal
1.0,4793.0,15.0,1.0,27.0,3.7,2.0,0.0,0.0,0.0,28.4,-26.5,1.0,27.0,4.9,normal
1.0,4792.0,15.0,1.0,0.0,0.0,0.0,0.0,0.0,0.0,1.0,0.0,0.0,0.0,0.0,normal
1.0,4793.0,15.0,1.0,27.0,3.7,2.0,0.0,0.0,0.0,1.0,0.0,0.0,0.0,0.0,normal
1.0,4792.0,15.0,1.0,0.0,0.0,0.0,0.0,0.0,0.0,1.0,0.0,0.0,0.0,0.0,normal
1.0,4793.0,15.0,1.0,27.0,7.5,4.0,0.0,0.0,0.0,1.0,0.0,0.0,0.0,0.0,normal
1.0,4793.0,15.0,1.0,27.0,11.0,6.0,0.0,0.0,0.0,1.0,0.0,0.0,0.0,0.0,normal
1.0,4793.0,15.0,1.0,27.0,17.0,9.0,0.0,0.0,0.0,1.0,0.0,0.0,0.0,0.0,normal
1.0,4793.0,15.0,1.0,27.0,19.0,11.0,0.0,0.0,0.0,28.6,-26.7,1.0,27.0,4.9,normal
1.0,4793.0,15.0,1.0,26.0,17.0,10.0,0.0,0.0,0.0,28.1,-26.7,1.0,27.0,4.9,normal
1.0,4793.0,15.0,1.0,27.0,20.0,12.0,0.0,0.0,0.0,1.0,0.0,0.0,0.0,0.0,normal
1.0,4793.0,15.0,1.0,27.0,20.0,12.0,0.0,0.0,0.0,29.5,-26.7,1.0,27.0,4.9,normal
1.0,4793.0,15.0,1.0,27.0,27.0,15.0,0.0,0.0,0.0,1.0,0.0,0.0,0.0,0.0,normal
1.0,4793.0,15.0,1.0,27.0,13.0,7.0,0.0,0.0,0.0,1.0,0.0,0.0,0.0,0.0,normal
1.0,4793.0,15.0,1.0,26.0,16.0,9.0,0.0,0.0,0.0,1.0,0.0,0.0,0.0,0.0,normal
1.0,4793.0,15.0,1.0,27.0,1.9,1.0,0.0,0.0,0.0,1.0,0.0,0.0,0.0,0.0,normal
1.0,4793.0,15.0,1.0,0.0,0.0,0.0,0.0,0.0,0.0,1.0,0.0,0.0,0.0,0.0,normal
1.0,4793.0,15.0,1.0,0.0,0.0,0.0,0.0,0.0,0.0,28.5,-26.7,1.0,27.0,4.9,normal
1.0,4793.0,15.0,1.0,0.0,0.0,0.0,0.0,0.0,0.0,28.8,-26.7,1.0,27.0,4.9,normal
1.0,4793.0,15.0,1.0,27.0,2.8,2.0,0.0,0.0,0.0,1.0,0.0,0.0,0.0,0.0,normal
1.0,4793.0,15.0,1.0,0.0,0.0,0.0,0.0,0.0,0.0,1.0,0.0,0.0,0.0,0.0,normal
1.0,4793.0,15.0,1.0,0.0,0.0,0.0,0.0,0.0,0.0,1.0,0.0,0.0,0.0,0.0,normal
1.0,4793.0,15.0,1.0,0.0,0.0,0.0,0.0,0.0,0.0,1.0,0.0,0.0,0.0,0.0,normal
1.0,4793.0,15.0,1.0,0.0,0.0,0.0,0.0,0.0,0.0,29.5,-26.7,1.0,27.0,4.9,normal
1.0,4793.0,15.0,1.0,0.0,0.0,0.0,0.0,0.0,0.0,1.0,0.0,0.0,0.0,0.0,normal
1.0,4793.0,15.0,1.0,27.0,5.6,3.0,0.0,0.0,0.0,1.0,0.0,0.0,0.0,0.0,normal
1.0,4793.0,15.0,1.0,27.0,1.9,1.0,0.0,0.0,0.0,1.0,0.0,0.0,0.0,0.0,normal
1.0,4794.0,7.0,2.5,1.0,0.0,0.0,0.0,1.0,0.0,0.0,0.0,0.0,0.0,0.0,normal
1.0,4793.0,15.0,1.0,0.0,0.0,0.0,0.0,0.0,0.0,1.0,0.0,0.0,0.0,0.0,normal
1.0,4794.0,15.0,1.0,15.0,15.0,13.0,0.0,0.0,0.0,32.4,-17.3,1.0,25.0,23.0,normal
1.0,4794.0,15.0,1.0,0.0,0.0,0.0,0.0,0.0,0.0,1.0,0.0,0.0,0.0,0.0,normal
1.0,4794.0,15.0,1.0,0.0,0.0,0.0,0.0,0.0,0.0,1.0,0.0,0.0,0.0,0.0,normal
1.0,4794.0,15.0,1.0,0.0,0.0,0.0,0.0,0.0,0.0,1.0,0.0,0.0,0.0,0.0,normal
1.0,4794.0,15.0,1.0,0.0,0.0,0.0,0.0,0.0,0.0,1.0,0.0,0.0,0.0,0.0,normal
1.0,4794.0,15.0,1.0,0.0,0.0,0.0,0.0,0.0,0.0,1.0,0.0,0.0,0.0,0.0,normal
1.0,4794.0,15.0,1.0,0.0,0.0,0.0,0.0,0.0,0.0,1.0,0.0,0.0,0.0,0.0,normal
1.0,4794.0,15.0,1.0,0.0,0.0,0.0,0.0,0.0,0.0,35.1,-16.6,1.0,27.0,4.9,normal
1.0,4794.0,15.0,1.0,0.0,0.0,0.0,0.0,0.0,0.0,1.0,0.0,0.0,0.0,0.0,normal
1.0,4794.0,15.0,1.0,0.0,0.0,0.0,0.0,0.0,0.0,34.0,-16.6,1.0,27.0,4.9,normal
1.0,4794.0,15.0,1.0,0.0,0.0,0.0,0.0,0.0,0.0,35.3,-16.6,1.0,27.0,4.9,normal
1.0,4794.0,15.0,1.0,0.0,0.0,0.0,0.0,0.0,0.0,1.0,0.0,0.0,0.0,0.0,normal
1.0,4794.0,15.0,1.0,0.0,0.0,0.0,0.0,0.0,0.0,34.2,-16.6,1.0,27.0,4.9,normal
1.0,4794.0,15.0,1.0,0.0,0.0,0.0,0.0,0.0,0.0,1.0,0.0,0.0,0.0,0.0,normal
1.0,4794.0,15.0,1.0,0.0,0.0,0.0,0.0,0.0,0.0,1.0,0.0,0.0,0.0,0.0,normal
1.0,4794.0,15.0,1.0,0.0,0.0,0.0,0.0,0.0,0.0,35.1,-16.6,1.0,27.0,4.9,normal
1.0,4794.0,15.0,1.0,0.0,0.0,0.0,0.0,0.0,0.0,1.0,0.0,0.0,0.0,0.0,normal
1.0,4794.0,15.0,1.0,0.0,0.0,0.0,0.0,0.0,0.0,1.0,0.0,0.0,0.0,0.0,normal
1.0,4794.0,15.0,1.0,0.0,0.0,0.0,0.0,0.0,0.0,34.1,-16.6,1.0,27.0,9.7,normal
1.0,4794.0,15.0,1.0,0.0,0.0,0.0,0.0,0.0,0.0,34.6,-16.6,1.0,0.0,4.9,normal
1.0,4794.0,15.0,1.0,0.0,0.0,0.0,0.0,0.0,0.0,1.0,0.0,0.0,0.0,0.0,normal
1.0,4794.0,15.0,1.0,0.0,0.0,0.0,0.0,0.0,0.0,1.0,0.0,0.0,0.0,0.0,normal
1.0,4794.0,15.0,1.0,0.0,0.0,0.0,0.0,0.0,0.0,34.6,-16.6,1.0,27.0,9.7,normal
1.0,4794.0,15.0,1.0,0.0,0.0,0.0,0.0,0.0,0.0,1.0,0.0,0.0,0.0,0.0,normal
1.0,4794.0,15.0,1.0,0.0,0.0,0.0,0.0,0.0,0.0,1.0,0.0,0.0,0.0,0.0,normal
1.0,4794.0,15.0,1.0,0.0,0.0,0.0,0.0,0.0,0.0,1.0,0.0,0.0,0.0,0.0,normal
1.0,4794.0,15.0,1.0,0.0,0.0,0.0,0.0,0.0,0.0,1.0,0.0,0.0,0.0,0.0,normal
1.0,4794.0,15.0,1.0,0.0,0.0,0.0,0.0,0.0,0.0,1.0,0.0,0.0,0.0,0.0,normal
1.0,4794.0,15.0,1.0,0.0,0.0,0.0,0.0,0.0,0.0,1.0,0.0,0.0,0.0,0.0,normal
1.0,4794.0,15.0,1.0,0.0,0.0,0.0,0.0,0.0,0.0,1.0,0.0,0.0,0.0,0.0,normal
1.0,4794.0,15.0,1.0,0.0,0.0,0.0,0.0,0.0,0.0,1.0,0.0,0.0,0.0,0.0,normal
1.0,4794.0,15.0,1.0,0.0,0.0,0.0,0.0,0.0,0.0,1.0,0.0,0.0,0.0,0.0,normal
1.0,4794.0,15.0,1.0,0.0,0.0,0.0,0.0,0.0,0.0,1.0,0.0,0.0,0.0,0.0,normal
1.0,4794.0,15.0,1.0,0.0,0.0,0.0,0.0,0.0,0.0,1.0,0.0,0.0,0.0,0.0,normal
1.0,4794.0,15.0,1.0,0.0,0.0,0.0,0.0,0.0,0.0,33.9,-16.6,1.0,27.0,4.9,normal
1.0,4794.0,15.0,1.0,0.0,0.0,0.0,0.0,0.0,0.0,1.0,0.0,0.0,0.0,0.0,normal
1.0,4794.0,15.0,1.0,0.0,0.0,0.0,0.0,0.0,0.0,34.4,-16.6,1.0,27.0,9.7,normal
1.0,4794.0,15.0,1.0,0.0,0.0,0.0,0.0,0.0,0.0,1.0,0.0,0.0,0.0,0.0,normal
1.0,4794.0,15.0,1.0,0.0,0.0,0.0,0.0,0.0,0.0,1.0,0.0,0.0,0.0,0.0,normal
1.0,4794.0,15.0,1.0,0.0,0.0,0.0,0.0,0.0,0.0,1.0,0.0,0.0,0.0,0.0,normal
1.0,4794.0,15.0,1.0,0.0,0.0,0.0,0.0,0.0,0.0,1.0,0.0,0.0,0.0,0.0,normal
1.0,4794.0,15.0,1.0,0.0,0.0,0.0,0.0,0.0,0.0,1.0,0.0,0.0,0.0,0.0,normal
1.0,4794.0,15.0,1.0,0.0,0.0,0.0,0.0,0.0,0.0,1.0,0.0,0.0,0.0,0.0,normal
1.0,4794.0,15.0,1.0,0.0,0.0,0.0,0.0,0.0,0.0,1.0,0.0,0.0,0.0,0.0,normal
1.0,4794.0,15.0,1.0,0.0,0.0,0.0,0.0,0.0,0.0,1.0,0.0,0.0,0.0,0.0,normal
1.0,4794.0,15.0,1.0,0.0,0.0,0.0,0.0,0.0,0.0,1.0,0.0,0.0,0.0,0.0,normal
1.0,4794.0,15.0,1.0,0.0,0.0,0.0,0.0,0.0,0.0,1.0,0.0,0.0,0.0,0.0,normal
1.0,4794.0,15.0,1.0,0.0,0.0,0.0,0.0,0.0,0.0,33.1,-16.6,1.0,27.0,4.9,normal
1.0,4794.0,15.0,1.0,0.0,0.0,0.0,0.0,0.0,0.0,1.0,0.0,0.0,0.0,0.0,normal
1.0,4794.0,15.0,1.0,0.0,0.0,0.0,0.0,0.0,0.0,33.3,-16.6,1.0,27.0,4.9,normal
1.0,4794.0,15.0,1.0,0.0,0.0,0.0,0.0,0.0,0.0,1.0,0.0,0.0,0.0,0.0,normal
1.0,4794.0,15.0,1.0,0.0,0.0,0.0,0.0,0.0,0.0,1.0,0.0,0.0,0.0,0.0,normal
1.0,4794.0,15.0,1.0,0.0,0.0,0.0,0.0,0.0,0.0,1.0,0.0,0.0,0.0,0.0,normal
1.0,4794.0,15.0,1.0,0.0,0.0,0.0,0.0,0.0,0.0,1.0,0.0,0.0,0.0,0.0,normal
1.0,4794.0,15.0,1.0,0.0,0.0,0.0,0.0,0.0,0.0,32.0,-16.6,1.0,27.0,4.9,normal
1.0,4794.0,15.0,1.0,0.0,0.0,0.0,0.0,0.0,0.0,1.0,0.0,0.0,0.0,0.0,normal
1.0,4794.0,15.0,1.0,0.0,0.0,0.0,0.0,0.0,0.0,1.0,0.0,0.0,0.0,0.0,normal
1.0,4794.0,15.0,1.0,0.0,0.0,0.0,0.0,0.0,0.0,1.0,0.0,0.0,0.0,0.0,normal
1.0,4794.0,15.0,1.0,0.0,0.0,0.0,0.0,0.0,0.0,1.0,0.0,0.0,0.0,0.0,normal
1.0,4794.0,15.0,1.0,0.0,0.0,0.0,0.0,0.0,0.0,1.0,0.0,0.0,0.0,0.0,normal
1.0,4795.0,15.0,1.0,3.0,3.9,6.0,0.0,0.0,0.0,25.5,-27.6,1.0,23.0,17.0,normal
1.0,4795.0,15.0,1.0,0.0,0.0,0.0,0.0,0.0,0.0,1.0,0.0,0.0,0.0,0.0,normal
1.0,4796.0,15.0,1.0,2.0,5.5,15.0,0.0,0.0,0.0,28.7,-17.0,1.0,23.0,17.0,normal
1.0,4797.0,15.0,1.0,14.0,13.0,11.0,0.0,0.0,0.0,25.2,-28.1,1.0,23.0,18.0,normal
1.0,4797.0,15.0,1.0,0.0,0.0,0.0,0.0,0.0,0.0,1.0,0.0,0.0,0.0,0.0,normal
1.0,4797.0,15.0,1.0,0.0,0.0,0.0,0.0,0.0,0.0,1.0,0.0,0.0,0.0,0.0,normal
1.0,4797.0,15.0,1.0,0.0,0.0,0.0,0.0,0.0,0.0,1.0,0.0,0.0,0.0,0.0,normal
1.0,4797.0,15.0,1.0,0.0,0.0,0.0,0.0,0.0,0.0,27.9,-26.7,1.0,27.0,4.9,normal
1.0,4797.0,15.0,1.0,27.0,3.7,2.0,0.0,0.0,0.0,1.0,0.0,0.0,0.0,0.0,normal
1.0,4797.0,15.0,1.0,0.0,0.0,0.0,0.0,0.0,0.0,1.0,0.0,0.0,0.0,0.0,normal
1.0,4797.0,15.0,1.0,0.0,0.0,0.0,0.0,0.0,0.0,1.0,0.0,0.0,0.0,0.0,normal
1.0,4797.0,15.0,1.0,0.0,0.0,0.0,0.0,0.0,0.0,1.0,0.0,0.0,0.0,0.0,normal
1.0,4797.0,15.0,1.0,0.0,0.0,0.0,0.0,0.0,0.0,1.0,0.0,0.0,0.0,0.0,normal
1.0,4797.0,15.0,1.0,0.0,0.0,0.0,0.0,0.0,0.0,28.2,-26.6,1.0,27.0,4.9,normal
1.0,4797.0,15.0,1.0,0.0,0.0,0.0,0.0,0.0,0.0,28.2,-26.8,1.0,27.0,4.9,normal
1.0,4797.0,15.0,1.0,0.0,0.0,0.0,0.0,0.0,0.0,1.0,0.0,0.0,0.0,0.0,normal
1.0,4797.0,15.0,1.0,27.0,2.8,2.0,0.0,0.0,0.0,1.0,0.0,0.0,0.0,0.0,normal
1.0,4797.0,15.0,1.0,0.0,0.0,0.0,0.0,0.0,0.0,1.0,0.0,0.0,0.0,0.0,normal
1.0,4797.0,15.0,1.0,0.0,0.0,0.0,0.0,0.0,0.0,1.0,0.0,0.0,0.0,0.0,normal
1.0,4797.0,15.0,1.0,0.0,0.0,0.0,0.0,0.0,0.0,1.0,0.0,0.0,0.0,0.0,normal
1.0,4797.0,15.0,1.0,0.0,0.0,0.0,0.0,0.0,0.0,1.0,0.0,0.0,0.0,0.0,normal
1.0,4797.0,15.0,1.0,27.0,3.7,2.0,0.0,0.0,0.0,1.0,0.0,0.0,0.0,0.0,normal
1.0,4797.0,15.0,1.0,27.0,2.8,2.0,0.0,0.0,0.0,28.8,-26.6,1.0,27.0,4.9,normal
1.0,4797.0,15.0,1.0,0.0,0.0,0.0,0.0,0.0,0.0,1.0,0.0,0.0,0.0,0.0,normal
1.0,4797.0,15.0,1.0,0.0,0.0,0.0,0.0,0.0,0.0,1.0,0.0,0.0,0.0,0.0,normal
1.0,4797.0,15.0,1.0,0.0,0.0,0.0,0.0,0.0,0.0,1.0,0.0,0.0,0.0,0.0,normal
1.0,4797.0,15.0,1.0,0.0,0.0,0.0,0.0,0.0,0.0,1.0,0.0,0.0,0.0,0.0,normal
1.0,4797.0,15.0,1.0,0.0,0.0,0.0,0.0,0.0,0.0,28.5,-26.7,1.0,27.0,9.7,normal
1.0,4797.0,15.0,1.0,0.0,0.0,0.0,0.0,0.0,0.0,1.0,0.0,0.0,0.0,0.0,normal
1.0,4797.0,15.0,1.0,0.0,0.0,0.0,0.0,0.0,0.0,27.5,-26.7,1.0,27.0,4.9,normal
1.0,4797.0,15.0,1.0,0.0,0.0,0.0,0.0,0.0,0.0,28.8,-26.7,1.0,27.0,4.9,normal
1.0,4797.0,15.0,1.0,0.0,0.0,0.0,0.0,0.0,0.0,1.0,0.0,0.0,0.0,0.0,normal
1.0,4797.0,15.0,1.0,0.0,0.0,0.0,0.0,0.0,0.0,28.7,-26.6,1.0,27.0,4.9,normal
1.0,4797.0,15.0,1.0,0.0,0.0,0.0,0.0,0.0,0.0,28.4,-26.6,1.0,27.0,4.9,normal
1.0,4797.0,15.0,1.0,27.0,3.7,2.0,0.0,0.0,0.0,28.9,-26.7,1.0,27.0,4.9,normal
1.0,4797.0,15.0,1.0,0.0,0.0,0.0,0.0,0.0,0.0,1.0,0.0,0.0,0.0,0.0,normal
1.0,4797.0,15.0,1.0,0.0,0.0,0.0,0.0,0.0,0.0,1.0,0.0,0.0,0.0,0.0,normal
1.0,4797.0,15.0,1.0,0.0,0.0,0.0,0.0,0.0,0.0,1.0,0.0,0.0,0.0,0.0,normal
1.0,4797.0,15.0,1.0,27.0,3.7,2.0,0.0,0.0,0.0,1.0,0.0,0.0,0.0,0.0,normal
1.0,4797.0,15.0,1.0,0.0,0.0,0.0,0.0,0.0,0.0,1.0,0.0,0.0,0.0,0.0,normal
1.0,4797.0,15.0,1.0,0.0,0.0,0.0,0.0,0.0,0.0,1.0,0.0,0.0,0.0,0.0,normal
1.0,4797.0,15.0,1.0,0.0,0.0,0.0,0.0,0.0,0.0,1.0,0.0,0.0,0.0,0.0,normal
1.0,4797.0,15.0,1.0,0.0,0.0,0.0,0.0,0.0,0.0,1.0,0.0,0.0,0.0,0.0,normal
1.0,4797.0,15.0,1.0,0.0,0.0,0.0,0.0,0.0,0.0,1.0,0.0,0.0,0.0,0.0,normal
1.0,4797.0,15.0,1.0,0.0,0.0,0.0,0.0,0.0,0.0,29.2,-26.7,1.0,27.0,9.7,normal
1.0,4797.0,15.0,1.0,0.0,0.0,0.0,0.0,0.0,0.0,1.0,0.0,0.0,0.0,0.0,normal
1.0,4797.0,15.0,1.0,0.0,0.0,0.0,0.0,0.0,0.0,1.0,0.0,0.0,0.0,0.0,normal
1.0,4797.0,15.0,1.0,0.0,0.0,0.0,0.0,0.0,0.0,27.7,-26.6,1.0,27.0,4.9,normal
1.0,4797.0,15.0,1.0,0.0,0.0,0.0,0.0,0.0,0.0,1.0,0.0,0.0,0.0,0.0,normal
1.0,4797.0,15.0,1.0,0.0,0.0,0.0,0.0,0.0,0.0,1.0,0.0,0.0,0.0,0.0,normal
1.0,4797.0,15.0,1.0,0.0,0.0,0.0,0.0,0.0,0.0,1.0,0.0,0.0,0.0,0.0,normal
1.0,4797.0,15.0,1.0,0.0,0.0,0.0,0.0,0.0,0.0,1.0,0.0,0.0,0.0,0.0,normal
1.0,4797.0,15.0,1.0,0.0,0.0,0.0,0.0,0.0,0.0,1.0,0.0,0.0,0.0,0.0,normal
1.0,4797.0,15.0,1.0,27.0,3.7,2.0,0.0,0.0,0.0,1.0,0.0,0.0,0.0,0.0,normal
1.0,4797.0,15.0,1.0,0.0,0.0,0.0,0.0,0.0,0.0,1.0,0.0,0.0,0.0,0.0,normal
1.0,4797.0,15.0,1.0,0.0,0.0,0.0,0.0,0.0,0.0,1.0,0.0,0.0,0.0,0.0,normal
1.0,4797.0,15.0,1.0,0.0,0.0,0.0,0.0,0.0,0.0,28.2,-26.8,1.0,27.0,9.7,normal
1.0,4797.0,15.0,1.0,0.0,0.0,0.0,0.0,0.0,0.0,1.0,0.0,0.0,0.0,0.0,normal
1.0,4797.0,15.0,1.0,0.0,0.0,0.0,0.0,0.0,0.0,1.0,0.0,0.0,0.0,0.0,normal
1.0,4797.0,15.0,1.0,0.0,0.0,0.0,0.0,0.0,0.0,1.0,0.0,0.0,0.0,0.0,normal
1.0,4797.0,15.0,1.0,0.0,0.0,0.0,0.0,0.0,0.0,1.0,0.0,0.0,0.0,0.0,normal
1.0,4797.0,15.0,1.0,0.0,0.0,0.0,0.0,0.0,0.0,28.6,-26.7,1.0,27.0,4.9,normal
1.0,4797.0,15.0,1.0,0.0,0.0,0.0,0.0,0.0,0.0,1.0,0.0,0.0,0.0,0.0,normal
1.0,4798.0,15.0,1.0,14.0,20.0,17.0,0.0,0.0,0.0,30.1,-17.1,1.0,24.0,25.0,normal
1.0,4798.0,15.0,1.0,0.0,0.0,0.0,0.0,0.0,0.0,1.0,0.0,0.0,0.0,0.0,normal
1.0,4798.0,15.0,1.0,0.0,0.0,0.0,0.0,0.0,0.0,1.0,0.0,0.0,0.0,0.0,normal
1.0,4798.0,15.0,1.0,0.0,0.0,0.0,0.0,0.0,0.0,1.0,0.0,0.0,0.0,0.0,normal
1.0,4798.0,15.0,1.0,0.0,0.0,0.0,0.0,0.0,0.0,1.0,0.0,0.0,0.0,0.0,normal
1.0,4798.0,15.0,1.0,0.0,0.0,0.0,0.0,0.0,0.0,1.0,0.0,0.0,0.0,0.0,normal
1.0,4798.0,15.0,1.0,0.0,0.0,0.0,0.0,0.0,0.0,1.0,0.0,0.0,0.0,0.0,normal
1.0,4798.0,15.0,1.0,0.0,0.0,0.0,0.0,0.0,0.0,1.0,0.0,0.0,0.0,0.0,normal
1.0,4798.0,15.0,1.0,0.0,0.0,0.0,0.0,0.0,0.0,35.8,-16.6,1.0,27.0,4.9,normal
1.0,4798.0,15.0,1.0,0.0,0.0,0.0,0.0,0.0,0.0,34.6,-16.6,1.0,27.0,4.9,normal
1.0,4798.0,15.0,1.0,0.0,0.0,0.0,0.0,0.0,0.0,1.0,0.0,0.0,0.0,0.0,normal
1.0,4798.0,15.0,1.0,0.0,0.0,0.0,0.0,0.0,0.0,1.0,0.0,0.0,0.0,0.0,normal
1.0,4798.0,15.0,1.0,0.0,0.0,0.0,0.0,0.0,0.0,34.1,-16.6,1.0,27.0,4.9,normal
1.0,4798.0,15.0,1.0,0.0,0.0,0.0,0.0,0.0,0.0,1.0,0.0,0.0,0.0,0.0,normal
1.0,4798.0,15.0,1.0,0.0,0.0,0.0,0.0,0.0,0.0,1.0,0.0,0.0,0.0,0.0,normal
1.0,4798.0,15.0,1.0,0.0,0.0,0.0,0.0,0.0,0.0,1.0,0.0,0.0,0.0,0.0,normal
1.0,4798.0,15.0,1.0,0.0,0.0,0.0,0.0,0.0,0.0,35.5,-16.6,1.0,27.0,4.9,normal
1.0,4798.0,15.0,1.0,0.0,0.0,0.0,0.0,0.0,0.0,1.0,0.0,0.0,0.0,0.0,normal
1.0,4798.0,15.0,1.0,0.0,0.0,0.0,0.0,0.0,0.0,1.0,0.0,0.0,0.0,0.0,normal
1.0,4798.0,15.0,1.0,0.0,0.0,0.0,0.0,0.0,0.0,1.0,0.0,0.0,0.0,0.0,normal
1.0,4798.0,15.0,1.0,0.0,0.0,0.0,0.0,0.0,0.0,35.1,-16.6,1.0,27.0,4.9,normal
1.0,4798.0,15.0,1.0,0.0,0.0,0.0,0.0,0.0,0.0,36.2,-16.6,1.0,27.0,4.9,normal
1.0,4798.0,15.0,1.0,0.0,0.0,0.0,0.0,0.0,0.0,1.0,0.0,0.0,0.0,0.0,normal
1.0,4798.0,15.0,1.0,0.0,0.0,0.0,0.0,0.0,0.0,1.0,0.0,0.0,0.0,0.0,normal
1.0,4798.0,15.0,1.0,27.0,3.7,2.0,0.0,0.0,0.0,1.0,0.0,0.0,0.0,0.0,normal
1.0,4798.0,15.0,1.0,0.0,0.0,0.0,0.0,0.0,0.0,36.2,-16.6,1.0,27.0,4.9,normal
1.0,4798.0,15.0,1.0,0.0,0.0,0.0,0.0,0.0,0.0,1.0,0.0,0.0,0.0,0.0,normal
1.0,4798.0,15.0,1.0,0.0,0.0,0.0,0.0,0.0,0.0,1.0,0.0,0.0,0.0,0.0,normal
1.0,4798.0,15.0,1.0,0.0,0.0,0.0,0.0,0.0,0.0,1.0,0.0,0.0,0.0,0.0,normal
1.0,4798.0,15.0,1.0,0.0,0.0,0.0,0.0,0.0,0.0,1.0,0.0,0.0,0.0,0.0,normal
1.0,4798.0,15.0,1.0,0.0,0.0,0.0,0.0,0.0,0.0,34.6,-16.6,1.0,27.0,4.9,normal
1.0,4798.0,15.0,1.0,0.0,0.0,0.0,0.0,0.0,0.0,1.0,0.0,0.0,0.0,0.0,normal
1.0,4798.0,15.0,1.0,0.0,0.0,0.0,0.0,0.0,0.0,1.0,0.0,0.0,0.0,0.0,normal
1.0,4798.0,15.0,1.0,0.0,0.0,0.0,0.0,0.0,0.0,1.0,0.0,0.0,0.0,0.0,normal
1.0,4798.0,15.0,1.0,0.0,0.0,0.0,0.0,0.0,0.0,1.0,0.0,0.0,0.0,0.0,normal
1.0,4798.0,15.0,1.0,0.0,0.0,0.0,0.0,0.0,0.0,33.8,-16.5,1.0,27.0,4.9,normal
1.0,4798.0,15.0,1.0,27.0,3.7,2.0,0.0,0.0,0.0,1.0,0.0,0.0,0.0,0.0,normal
1.0,4798.0,15.0,1.0,0.0,0.0,0.0,0.0,0.0,0.0,1.0,0.0,0.0,0.0,0.0,normal
1.0,4798.0,15.0,1.0,0.0,0.0,0.0,0.0,0.0,0.0,1.0,0.0,0.0,0.0,0.0,normal
1.0,4798.0,15.0,1.0,0.0,0.0,0.0,0.0,0.0,0.0,1.0,0.0,0.0,0.0,0.0,normal
1.0,4798.0,15.0,1.0,0.0,0.0,0.0,0.0,0.0,0.0,1.0,0.0,0.0,0.0,0.0,normal
1.0,4798.0,15.0,1.0,0.0,0.0,0.0,0.0,0.0,0.0,33.2,-16.5,1.0,27.0,4.9,normal
1.0,4798.0,15.0,1.0,0.0,0.0,0.0,0.0,0.0,0.0,1.0,0.0,0.0,0.0,0.0,normal
1.0,4798.0,15.0,1.0,0.0,0.0,0.0,0.0,0.0,0.0,1.0,0.0,0.0,0.0,0.0,normal
1.0,4798.0,15.0,1.0,0.0,0.0,0.0,0.0,0.0,0.0,1.0,0.0,0.0,0.0,0.0,normal
1.0,4798.0,15.0,1.0,0.0,0.0,0.0,0.0,0.0,0.0,1.0,0.0,0.0,0.0,0.0,normal
1.0,4798.0,15.0,1.0,0.0,0.0,0.0,0.0,0.0,0.0,1.0,0.0,0.0,0.0,0.0,normal
1.0,4798.0,15.0,1.0,0.0,0.0,0.0,0.0,0.0,0.0,1.0,0.0,0.0,0.0,0.0,normal
1.0,4798.0,15.0,1.0,0.0,0.0,0.0,0.0,0.0,0.0,35.8,-16.5,1.0,27.0,4.9,normal
1.0,4798.0,15.0,1.0,26.0,3.5,2.0,0.0,0.0,0.0,1.0,0.0,0.0,0.0,0.0,normal
1.0,4798.0,15.0,1.0,0.0,0.0,0.0,0.0,0.0,0.0,1.0,0.0,0.0,0.0,0.0,normal
1.0,4798.0,15.0,1.0,0.0,0.0,0.0,0.0,0.0,0.0,34.0,-16.5,1.0,27.0,4.9,normal
1.0,4798.0,15.0,1.0,0.0,0.0,0.0,0.0,0.0,0.0,1.0,0.0,0.0,0.0,0.0,normal
1.0,4798.0,15.0,1.0,0.0,0.0,0.0,0.0,0.0,0.0,1.0,0.0,0.0,0.0,0.0,normal
1.0,4798.0,15.0,1.0,0.0,0.0,0.0,0.0,0.0,0.0,35.7,-16.5,1.0,27.0,4.9,normal
1.0,4798.0,15.0,1.0,0.0,0.0,0.0,0.0,0.0,0.0,1.0,0.0,0.0,0.0,0.0,normal
1.0,4798.0,15.0,1.0,0.0,0.0,0.0,0.0,0.0,0.0,1.0,0.0,0.0,0.0,0.0,normal
1.0,4798.0,15.0,1.0,0.0,0.0,0.0,0.0,0.0,0.0,1.0,0.0,0.0,0.0,0.0,normal
1.0,4798.0,15.0,1.0,27.0,3.7,2.0,0.0,0.0,0.0,1.0,0.0,0.0,0.0,0.0,normal
1.0,4798.0,15.0,1.0,0.0,0.0,0.0,0.0,0.0,0.0,1.0,0.0,0.0,0.0,0.0,normal
1.0,4799.0,15.0,1.0,3.0,4.4,7.0,0.0,0.0,0.0,26.2,-27.9,1.0,23.0,17.0,normal
1.0,4799.0,15.0,1.0,0.0,0.0,0.0,0.0,0.0,0.0,27.4,-28.0,1.0,28.0,4.4,normal
1.0,479.0,15.0,1.0,3.0,4.6,9.0,0.0,0.0,0.0,30.8,-16.9,1.0,23.0,17.0,normal
1.0,479.0,15.0,1.0,0.0,0.0,0.0,0.0,0.0,0.0,1.0,0.0,0.0,0.0,0.0,normal
1.0,479.0,15.0,1.0,14.0,13.0,11.0,0.0,0.0,0.0,26.3,-27.5,1.0,23.0,18.0,normal
1.0,479.0,15.0,1.0,27.0,3.7,2.0,0.0,0.0,0.0,1.0,0.0,0.0,0.0,0.0,normal
1.0,479.0,15.0,1.0,27.0,7.5,4.0,0.0,0.0,0.0,1.0,0.0,0.0,0.0,0.0,normal
1.0,479.0,15.0,1.0,0.0,0.0,0.0,0.0,0.0,0.0,1.0,0.0,0.0,0.0,0.0,normal
1.0,479.0,15.0,1.0,0.0,0.0,0.0,0.0,0.0,0.0,1.0,0.0,0.0,0.0,0.0,normal
1.0,479.0,15.0,1.0,0.0,0.0,0.0,0.0,0.0,0.0,1.0,0.0,0.0,0.0,0.0,normal
1.0,479.0,15.0,1.0,0.0,0.0,0.0,0.0,0.0,0.0,1.0,0.0,0.0,0.0,0.0,normal
1.0,479.0,15.0,1.0,0.0,0.0,0.0,0.0,0.0,0.0,28.2,-26.6,1.0,27.0,4.9,normal
1.0,479.0,15.0,1.0,27.0,1.9,1.0,0.0,0.0,0.0,28.4,-26.7,1.0,27.0,4.9,normal
1.0,479.0,15.0,1.0,27.0,1.9,1.0,0.0,0.0,0.0,1.0,0.0,0.0,0.0,0.0,normal
1.0,479.0,15.0,1.0,27.0,3.7,2.0,0.0,0.0,0.0,1.0,0.0,0.0,0.0,0.0,normal
1.0,479.0,15.0,1.0,0.0,0.0,0.0,0.0,0.0,0.0,1.0,0.0,0.0,0.0,0.0,normal
1.0,479.0,15.0,1.0,0.0,0.0,0.0,0.0,0.0,0.0,1.0,0.0,0.0,0.0,0.0,normal
1.0,479.0,15.0,1.0,0.0,0.0,0.0,0.0,0.0,0.0,1.0,0.0,0.0,0.0,0.0,normal
1.0,479.0,15.0,1.0,0.0,0.0,0.0,0.0,0.0,0.0,1.0,0.0,0.0,0.0,0.0,normal
1.0,479.0,15.0,1.0,0.0,0.0,0.0,0.0,0.0,0.0,1.0,0.0,0.0,0.0,0.0,normal
1.0,479.0,15.0,1.0,27.0,2.8,2.0,0.0,0.0,0.0,1.0,0.0,0.0,0.0,0.0,normal
1.0,479.0,15.0,1.0,0.0,0.0,0.0,0.0,0.0,0.0,1.0,0.0,0.0,0.0,0.0,normal
1.0,479.0,15.0,1.0,0.0,0.0,0.0,0.0,0.0,0.0,1.0,0.0,0.0,0.0,0.0,normal
1.0,479.0,15.0,1.0,0.0,0.0,0.0,0.0,0.0,0.0,28.4,-26.6,1.0,27.0,4.9,normal
1.0,479.0,15.0,1.0,0.0,0.0,0.0,0.0,0.0,0.0,1.0,0.0,0.0,0.0,0.0,normal
1.0,479.0,15.0,1.0,0.0,0.0,0.0,0.0,0.0,0.0,1.0,0.0,0.0,0.0,0.0,normal
1.0,479.0,15.0,1.0,0.0,0.0,0.0,0.0,0.0,0.0,1.0,0.0,0.0,0.0,0.0,normal
1.0,479.0,15.0,1.0,0.0,0.0,0.0,0.0,0.0,0.0,28.7,-26.6,1.0,27.0,4.9,normal
1.0,479.0,15.0,1.0,0.0,0.0,0.0,0.0,0.0,0.0,1.0,0.0,0.0,0.0,0.0,normal
1.0,479.0,15.0,1.0,0.0,0.0,0.0,0.0,0.0,0.0,1.0,0.0,0.0,0.0,0.0,normal
1.0,479.0,15.0,1.0,0.0,0.0,0.0,0.0,0.0,0.0,1.0,0.0,0.0,0.0,0.0,normal
1.0,479.0,15.0,1.0,0.0,0.0,0.0,0.0,0.0,0.0,1.0,0.0,0.0,0.0,0.0,normal
1.0,479.0,15.0,1.0,0.0,0.0,0.0,0.0,0.0,0.0,1.0,0.0,0.0,0.0,0.0,normal
1.0,479.0,15.0,1.0,0.0,0.0,0.0,0.0,0.0,0.0,29.0,-26.6,1.0,27.0,4.9,normal
1.0,479.0,15.0,1.0,0.0,0.0,0.0,0.0,0.0,0.0,1.0,0.0,0.0,0.0,0.0,normal
1.0,479.0,15.0,1.0,0.0,0.0,0.0,0.0,0.0,0.0,27.6,-26.6,1.0,27.0,4.9,normal
1.0,479.0,15.0,1.0,0.0,0.0,0.0,0.0,0.0,0.0,1.0,0.0,0.0,0.0,0.0,normal
1.0,479.0,15.0,1.0,0.0,0.0,0.0,0.0,0.0,0.0,1.0,0.0,0.0,0.0,0.0,normal
1.0,479.0,15.0,1.0,0.0,0.0,0.0,0.0,0.0,0.0,28.4,-26.6,1.0,27.0,4.9,normal
1.0,479.0,15.0,1.0,0.0,0.0,0.0,0.0,0.0,0.0,1.0,0.0,0.0,0.0,0.0,normal
1.0,479.0,15.0,1.0,0.0,0.0,0.0,0.0,0.0,0.0,28.1,-26.6,1.0,27.0,4.9,normal
1.0,479.0,15.0,1.0,0.0,0.0,0.0,0.0,0.0,0.0,1.0,0.0,0.0,0.0,0.0,normal
1.0,479.0,15.0,1.0,0.0,0.0,0.0,0.0,0.0,0.0,1.0,0.0,0.0,0.0,0.0,normal
1.0,479.0,15.0,1.0,27.0,3.7,2.0,0.0,0.0,0.0,1.0,0.0,0.0,0.0,0.0,normal
1.0,479.0,15.0,1.0,0.0,0.0,0.0,0.0,0.0,0.0,1.0,0.0,0.0,0.0,0.0,normal
1.0,479.0,15.0,1.0,0.0,0.0,0.0,0.0,0.0,0.0,1.0,0.0,0.0,0.0,0.0,normal
1.0,479.0,15.0,1.0,27.0,3.7,2.0,0.0,0.0,0.0,1.0,0.0,0.0,0.0,0.0,normal
1.0,479.0,15.0,1.0,0.0,0.0,0.0,0.0,0.0,0.0,1.0,0.0,0.0,0.0,0.0,normal
1.0,479.0,15.0,1.0,27.0,12.0,7.0,0.0,0.0,0.0,1.0,0.0,0.0,0.0,0.0,normal
1.0,479.0,15.0,1.0,27.0,9.3,5.0,0.0,0.0,0.0,28.3,-26.6,1.0,27.0,4.9,normal
1.0,479.0,15.0,1.0,0.0,0.0,0.0,0.0,0.0,0.0,1.0,0.0,0.0,0.0,0.0,normal
1.0,479.0,15.0,1.0,0.0,0.0,0.0,0.0,0.0,0.0,1.0,0.0,0.0,0.0,0.0,normal
1.0,479.0,15.0,1.0,0.0,0.0,0.0,0.0,0.0,0.0,1.0,0.0,0.0,0.0,0.0,normal
1.0,479.0,15.0,1.0,27.0,3.7,2.0,0.0,0.0,0.0,28.7,-26.6,1.0,27.0,4.9,normal
1.0,479.0,15.0,1.0,0.0,0.0,0.0,0.0,0.0,0.0,1.0,0.0,0.0,0.0,0.0,normal
1.0,479.0,15.0,1.0,0.0,0.0,0.0,0.0,0.0,0.0,1.0,0.0,0.0,0.0,0.0,normal
1.0,479.0,15.0,1.0,0.0,0.0,0.0,0.0,0.0,0.0,1.0,0.0,0.0,0.0,0.0,normal
1.0,479.0,15.0,1.0,0.0,0.0,0.0,0.0,0.0,0.0,1.0,0.0,0.0,0.0,0.0,normal
1.0,479.0,15.0,1.0,0.0,0.0,0.0,0.0,0.0,0.0,1.0,0.0,0.0,0.0,0.0,normal
1.0,479.0,15.0,1.0,0.0,0.0,0.0,0.0,0.0,0.0,1.0,0.0,0.0,0.0,0.0,normal
1.0,479.0,15.0,1.0,0.0,0.0,0.0,0.0,0.0,0.0,1.0,0.0,0.0,0.0,0.0,normal
1.0,479.0,15.0,1.0,0.0,0.0,0.0,0.0,0.0,0.0,1.0,0.0,0.0,0.0,0.0,normal
1.0,479.0,15.0,1.0,0.0,0.0,0.0,0.0,0.0,0.0,1.0,0.0,0.0,0.0,0.0,normal
1.0,479.0,15.0,1.0,0.0,0.0,0.0,0.0,0.0,0.0,28.9,-26.7,1.0,27.0,4.9,normal
1.0,479.0,15.0,1.0,3.0,2.8,4.0,0.0,0.0,3.0,27.5,-16.9,1.0,19.0,8.6,normal
1.0,479.0,15.0,1.0,18.0,17.0,13.0,0.0,0.0,0.0,33.4,-17.4,1.0,27.0,19.0,normal
1.0,479.0,15.0,1.0,0.0,0.0,0.0,0.0,0.0,0.0,1.0,0.0,0.0,0.0,0.0,normal
1.0,479.0,15.0,1.0,0.0,0.0,0.0,0.0,0.0,0.0,1.0,0.0,0.0,0.0,0.0,normal
1.0,479.0,15.0,1.0,0.0,0.0,0.0,0.0,0.0,0.0,1.0,0.0,0.0,0.0,0.0,normal
1.0,479.0,15.0,1.0,0.0,0.0,0.0,0.0,0.0,0.0,1.0,0.0,0.0,0.0,0.0,normal
1.0,479.0,15.0,1.0,0.0,0.0,0.0,0.0,0.0,0.0,35.9,-16.7,1.0,27.0,4.9,normal
1.0,479.0,15.0,1.0,0.0,0.0,0.0,0.0,0.0,0.0,34.4,-16.7,1.0,27.0,4.9,normal
1.0,479.0,15.0,1.0,0.0,0.0,0.0,0.0,0.0,0.0,1.0,0.0,0.0,0.0,0.0,normal
1.0,479.0,15.0,1.0,0.0,0.0,0.0,0.0,0.0,0.0,1.0,0.0,0.0,0.0,0.0,normal
1.0,479.0,15.0,1.0,0.0,0.0,0.0,0.0,0.0,0.0,1.0,0.0,0.0,0.0,0.0,normal
1.0,479.0,15.0,1.0,0.0,0.0,0.0,0.0,0.0,0.0,35.7,-16.6,1.0,27.0,15.0,normal
1.0,479.0,15.0,1.0,0.0,0.0,0.0,0.0,0.0,0.0,1.0,0.0,0.0,0.0,0.0,normal
1.0,479.0,15.0,1.0,0.0,0.0,0.0,0.0,0.0,0.0,1.0,0.0,0.0,0.0,0.0,normal
1.0,479.0,15.0,1.0,0.0,0.0,0.0,0.0,0.0,0.0,33.9,-16.6,1.0,27.0,4.9,normal
1.0,479.0,15.0,1.0,0.0,0.0,0.0,0.0,0.0,0.0,1.0,0.0,0.0,0.0,0.0,normal
1.0,479.0,15.0,1.0,0.0,0.0,0.0,0.0,0.0,0.0,1.0,0.0,0.0,0.0,0.0,normal
1.0,479.0,15.0,1.0,0.0,0.0,0.0,0.0,0.0,0.0,1.0,0.0,0.0,0.0,0.0,normal
1.0,479.0,15.0,1.0,0.0,0.0,0.0,0.0,0.0,0.0,1.0,0.0,0.0,0.0,0.0,normal
1.0,479.0,15.0,1.0,0.0,0.0,0.0,0.0,0.0,0.0,1.0,0.0,0.0,0.0,0.0,normal
1.0,479.0,15.0,1.0,0.0,0.0,0.0,0.0,0.0,0.0,34.0,-16.6,1.0,27.0,4.9,normal
1.0,479.0,15.0,1.0,0.0,0.0,0.0,0.0,0.0,0.0,1.0,0.0,0.0,0.0,0.0,normal
1.0,479.0,15.0,1.0,0.0,0.0,0.0,0.0,0.0,0.0,34.7,-16.6,1.0,27.0,4.9,normal
1.0,479.0,15.0,1.0,0.0,0.0,0.0,0.0,0.0,0.0,1.0,0.0,0.0,0.0,0.0,normal
1.0,479.0,15.0,1.0,0.0,0.0,0.0,0.0,0.0,0.0,36.0,-16.6,1.0,27.0,4.9,normal
1.0,479.0,15.0,1.0,0.0,0.0,0.0,0.0,0.0,0.0,34.8,-16.6,1.0,27.0,24.0,normal
1.0,479.0,15.0,1.0,0.0,0.0,0.0,0.0,0.0,0.0,35.3,-16.5,1.0,27.0,4.9,normal
1.0,479.0,15.0,1.0,0.0,0.0,0.0,0.0,0.0,0.0,34.9,-16.5,1.0,27.0,15.0,normal
1.0,479.0,15.0,1.0,0.0,0.0,0.0,0.0,0.0,0.0,35.6,-16.5,1.0,27.0,4.9,normal
1.0,479.0,15.0,1.0,0.0,0.0,0.0,0.0,0.0,0.0,35.3,-16.5,1.0,27.0,4.9,normal
1.0,479.0,15.0,1.0,0.0,0.0,0.0,0.0,0.0,0.0,34.2,-16.5,1.0,27.0,9.7,normal
1.0,479.0,15.0,1.0,0.0,0.0,0.0,0.0,0.0,0.0,1.0,0.0,0.0,0.0,0.0,normal
1.0,479.0,15.0,1.0,0.0,0.0,0.0,0.0,0.0,0.0,1.0,0.0,0.0,0.0,0.0,normal
1.0,479.0,15.0,1.0,0.0,0.0,0.0,0.0,0.0,0.0,35.3,-16.5,1.0,27.0,4.9,normal
1.0,479.0,15.0,1.0,0.0,0.0,0.0,0.0,0.0,0.0,34.4,-16.5,1.0,27.0,4.9,normal
1.0,479.0,15.0,1.0,0.0,0.0,0.0,0.0,0.0,0.0,34.8,-16.5,1.0,27.0,4.9,normal
1.0,479.0,15.0,1.0,0.0,0.0,0.0,0.0,0.0,0.0,34.6,-16.5,1.0,27.0,9.7,normal
1.0,479.0,15.0,1.0,0.0,0.0,0.0,0.0,0.0,0.0,35.5,-16.5,1.0,27.0,4.9,normal
1.0,479.0,15.0,1.0,0.0,0.0,0.0,0.0,0.0,0.0,1.0,0.0,0.0,0.0,0.0,normal
1.0,479.0,15.0,1.0,0.0,0.0,0.0,0.0,0.0,0.0,34.9,-16.5,1.0,27.0,4.9,normal
1.0,479.0,15.0,1.0,0.0,0.0,0.0,0.0,0.0,0.0,35.8,-16.5,1.0,27.0,15.0,normal
1.0,479.0,15.0,1.0,0.0,0.0,0.0,0.0,0.0,0.0,1.0,0.0,0.0,0.0,0.0,normal
1.0,479.0,15.0,1.0,0.0,0.0,0.0,0.0,0.0,0.0,1.0,0.0,0.0,0.0,0.0,normal
1.0,479.0,15.0,1.0,0.0,0.0,0.0,0.0,0.0,0.0,35.5,-16.5,1.0,27.0,9.7,normal
1.0,479.0,15.0,1.0,0.0,0.0,0.0,0.0,0.0,0.0,34.8,-16.5,1.0,27.0,9.7,normal
1.0,479.0,15.0,1.0,0.0,0.0,0.0,0.0,0.0,0.0,1.0,0.0,0.0,0.0,0.0,normal
1.0,479.0,15.0,1.0,0.0,0.0,0.0,0.0,0.0,0.0,1.0,0.0,0.0,0.0,0.0,normal
1.0,479.0,15.0,1.0,0.0,0.0,0.0,0.0,0.0,0.0,1.0,0.0,0.0,0.0,0.0,normal
1.0,479.0,15.0,1.0,0.0,0.0,0.0,0.0,0.0,0.0,1.0,0.0,0.0,0.0,0.0,normal
1.0,479.0,15.0,1.0,0.0,0.0,0.0,0.0,0.0,0.0,35.5,-16.5,1.0,27.0,4.9,normal
1.0,479.0,15.0,1.0,0.0,0.0,0.0,0.0,0.0,0.0,1.0,0.0,0.0,0.0,0.0,normal
1.0,479.0,15.0,1.0,0.0,0.0,0.0,0.0,0.0,0.0,1.0,0.0,0.0,0.0,0.0,normal
1.0,479.0,15.0,1.0,0.0,0.0,0.0,0.0,0.0,0.0,1.0,0.0,0.0,0.0,0.0,normal
1.0,479.0,15.0,1.0,27.0,1.9,1.0,0.0,0.0,0.0,1.0,0.0,0.0,0.0,0.0,normal
1.0,479.0,15.0,1.0,27.0,1.9,1.0,0.0,0.0,0.0,1.0,0.0,0.0,0.0,0.0,normal
1.0,479.0,15.0,1.0,0.0,0.0,0.0,0.0,0.0,0.0,35.1,-16.6,1.0,27.0,4.9,normal
1.0,479.0,15.0,1.0,0.0,0.0,0.0,0.0,0.0,0.0,36.1,-16.5,1.0,27.0,9.7,normal
1.0,479.0,15.0,1.0,0.0,0.0,0.0,0.0,0.0,0.0,35.2,-16.6,1.0,27.0,9.7,normal
1.0,479.0,15.0,1.0,0.0,0.0,0.0,0.0,0.0,0.0,34.7,-16.6,1.0,27.0,15.0,normal
1.0,479.0,15.0,1.0,27.0,2.8,2.0,0.0,0.0,0.0,1.0,0.0,0.0,0.0,0.0,normal
1.0,479.0,15.0,1.0,0.0,0.0,0.0,0.0,0.0,0.0,35.4,-16.6,1.0,27.0,9.7,normal
3.0,3.0,-7090.0,210.0,20.0,0.0,0.0,0.0,0.0,0.0,0.0,0.0,0.0,0.0,0.0,normal
3.0,0.0,0.0,0.0,0.0,0.0,0.0,0.0,0.0,0.0,0.0,0.0,0.0,0.0,0.0,normal
8.0,9.0,9.0,0.0,0.0,0.0,0.0,0.0,0.0,0.0,0.0,0.0,0.0,0.0,0.0,normal
13.3,0.0,108300.0,4.8,0.0,0.0,-325.0,354764.0,0.0,0.0,0.0,0.0,0.0,0.0,0.0,normal
200.0,64.0,64.0,0.0,0.0,0.0,0.0,0.0,0.0,0.0,0.0,0.0,0.0,0.0,0.0,normal
200.0,210.0,0.0,0.0,0.0,0.0,0.0,0.0,0.0,0.0,0.0,0.0,0.0,0.0,0.0,normal
200.0,3.0,0.0,0.0,0.0,0.0,0.0,0.0,0.0,0.0,0.0,0.0,0.0,0.0,0.0,normal
200.0,0.0,0.0,0.0,0.0,0.0,0.0,0.0,0.0,0.0,0.0,0.0,0.0,0.0,0.0,normal
200.0,0.0,0.0,0.0,0.0,0.0,0.0,0.0,0.0,0.0,0.0,0.0,0.0,0.0,0.0,normal
200.0,0.0,0.0,0.0,0.0,0.0,0.0,0.0,0.0,0.0,0.0,0.0,0.0,0.0,0.0,normal
200.0,0.0,0.0,0.0,0.0,0.0,0.0,0.0,0.0,0.0,0.0,0.0,0.0,0.0,0.0,normal
200.0,0.0,0.0,0.0,0.0,0.0,0.0,0.0,0.0,0.0,0.0,0.0,0.0,0.0,0.0,normal
200.0,0.0,0.0,0.0,0.0,0.0,0.0,0.0,0.0,0.0,0.0,0.0,0.0,0.0,0.0,normal
200.0,0.0,0.0,0.0,0.0,0.0,0.0,0.0,0.0,0.0,0.0,0.0,0.0,0.0,0.0,normal
200.0,16.0,0.0,0.0,0.0,0.0,0.0,0.0,0.0,0.0,0.0,0.0,0.0,0.0,0.0,normal
200.0,16.0,0.0,0.0,0.0,0.0,0.0,0.0,0.0,0.0,0.0,0.0,0.0,0.0,0.0,normal
200.0,23.04,0.0,0.0,0.0,0.0,0.0,0.0,0.0,0.0,0.0,0.0,0.0,0.0,0.0,normal
200.0,23.04,0.0,0.0,0.0,0.0,0.0,0.0,0.0,0.0,0.0,0.0,0.0,0.0,0.0,normal
1.0,20.0,1.0,1.0,632666.0,78.0,3489.99,632352.0,3489.99,0.0,0.0,0.0,0.0,0.0,0.0,normal
2.0,127.0,0.1,0.1,38412.0,0.0,0.0,0.0,0.0,0.0,0.0,0.0,0.0,0.0,0.0,normal
1.0,4601.0,15.0,1.0,26.0,7.4,322.0,0.0,0.0,0.0,28.4,-23.1,1.0,27.0,966.0,normal
1.0,4601.0,15.0,1.0,26.0,39.0,1046.0,2.0,0.0,616.0,29.5,-22.7,1.0,27.0,901.0,normal
1.0,4601.0,15.0,1.0,27.0,35.0,874.0,2.0,0.0,640.0,30.8,-21.1,1.0,27.0,499.0,normal
1.0,4602.0,15.0,1.0,26.0,11.0,373.0,3.0,0.0,272.0,30.3,-20.0,1.0,27.0,1.4,normal
1.0,4601.0,15.0,1.0,26.0,30.0,739.0,1.0,0.0,14.1,31.9,-20.7,1.0,27.0,342.0,normal
1.0,4602.0,15.0,1.0,26.0,25.0,674.0,3.0,0.0,16.9,27.8,-25.7,1.0,27.0,586.0,normal
1.0,4601.0,15.0,1.0,26.0,31.0,764.0,5.0,0.0,351.0,28.2,-25.0,1.0,27.0,297.0,normal
1.0,4602.0,15.0,1.0,26.0,25.0,637.0,5.0,0.0,93.0,24.6,-29.2,1.0,26.0,555.0,normal
1.0,4601.0,15.0,1.0,26.0,28.0,684.0,8.0,1.0,615.0,31.3,-20.6,1.0,27.0,435.0,normal
1.0,4602.0,15.0,1.0,26.0,29.0,722.0,5.0,0.0,548.0,21.3,-31.4,1.0,20.0,515.0,normal
1.0,4601.0,15.0,1.0,26.0,28.0,713.0,13.0,1.0,160.0,29.6,-21.4,1.0,26.0,392.0,normal
1.0,4602.0,15.0,1.0,26.0,23.0,587.0,5.0,0.0,103.0,30.8,-21.7,1.0,27.0,332.0,normal
1.0,4601.0,15.0,1.0,25.0,22.0,610.0,0.0,0.0,173.0,26.3,-27.4,1.0,27.0,278.0,normal
1.0,4602.0,15.0,1.0,26.0,30.0,796.0,6.0,0.0,105.0,33.2,-16.0,1.0,27.0,360.0,normal
1.0,4601.0,15.0,1.0,23.0,25.0,686.0,24.0,3.0,298.0,26.7,-22.8,1.0,21.0,270.0,normal
1.0,4602.0,15.0,1.0,26.0,28.0,688.0,2.0,0.0,283.0,36.3,-6.6,1.0,27.0,339.0,normal
1.0,4601.0,15.0,1.0,23.0,29.0,803.0,0.0,0.0,0.0,27.7,-21.0,1.0,23.0,329.0,normal
1.0,4602.0,15.0,1.0,26.0,24.0,619.0,6.0,0.0,161.0,36.3,-9.2,1.0,27.0,354.0,normal
1.0,4601.0,15.0,1.0,24.0,30.0,801.0,5.0,0.0,513.0,21.8,-28.2,1.0,20.0,355.0,normal
1.0,4602.0,15.0,1.0,26.0,24.0,605.0,2.0,0.0,236.0,35.0,-13.2,1.0,27.0,295.0,normal
1.0,4601.0,15.0,1.0,25.0,24.0,595.0,0.0,0.0,0.0,31.1,-19.7,1.0,26.0,319.0,normal
1.0,4602.0,15.0,1.0,27.0,32.0,813.0,0.0,0.0,11.3,32.5,-20.1,1.0,27.0,332.0,normal
1.0,4601.0,15.0,1.0,26.0,39.0,1187.0,8.0,0.0,12.7,29.8,-22.3,1.0,27.0,298.0,normal
1.0,4602.0,15.0,1.0,27.0,6.1,208.0,0.0,0.0,0.0,30.3,-24.1,1.0,27.0,104.0,normal
1.0,4601.0,15.0,1.0,27.0,35.0,1092.0,1.0,0.0,14.1,30.6,-22.8,1.0,27.0,307.0,normal
1.0,4602.0,12.0,1.0,0.0,0.0,0.0,0.0,0.0,0.0,1.0,0.0,0.0,0.0,0.0,normal
1.0,4601.0,15.0,1.0,27.0,34.0,1060.0,1.0,0.0,15.0,26.6,-27.0,1.0,26.0,361.0,normal
1.0,4602.0,14.0,1.0,27.0,34.0,11.0,0.0,0.0,0.0,29.3,-22.9,1.0,27.0,141.0,normal
1.0,4601.0,15.0,1.0,27.0,45.0,1389.0,2.0,0.0,11.2,21.6,-26.9,1.0,19.0,322.0,normal
1.0,4602.0,15.0,1.0,27.0,7.3,4.0,0.0,0.0,0.0,34.3,-16.3,1.0,27.0,33.0,normal
1.0,4601.0,15.0,1.0,27.0,17.0,560.0,0.0,0.0,0.0,31.9,-19.2,1.0,27.0,215.0,normal
1.0,4602.0,15.0,1.0,27.0,9.3,5.0,0.0,0.0,0.0,30.5,-24.0,1.0,27.0,12.0,normal
1.0,4601.0,15.0,1.0,27.0,62.0,24.0,0.0,0.0,0.0,22.5,-30.5,1.0,19.0,166.0,normal
1.0,4602.0,15.0,1.0,0.0,0.0,0.0,0.0,0.0,0.0,1.0,0.0,0.0,0.0,0.0,normal
1.0,4601.0,15.0,1.0,27.0,9.3,5.0,0.0,0.0,0.0,29.4,-24.7,1.0,25.0,4.5,normal
1.0,4602.0,15.0,1.0,27.0,17.0,10.0,0.0,0.0,0.0,33.5,-19.4,1.0,27.0,26.0,normal
1.0,4601.0,15.0,1.0,27.0,7.5,4.0,0.0,0.0,0.0,24.4,-31.1,1.0,27.0,4.9,normal
1.0,4602.0,15.0,1.0,27.0,179.0,32.0,0.0,0.0,0.0,34.8,-16.1,1.0,27.0,112.0,normal
1.0,4601.0,15.0,1.0,27.0,2.8,2.0,0.0,0.0,0.0,1.0,0.0,0.0,0.0,0.0,normal
1.0,4602.0,15.0,1.0,25.0,1.2,123.0,3.0,2.0,3.0,33.6,-16.7,1.0,27.0,300.0,normal
1.0,4601.0,15.0,1.0,0.0,0.0,0.0,0.0,0.0,0.0,1.0,0.0,0.0,0.0,0.0,normal
1.0,4602.0,15.0,1.0,26.0,1.0,102.0,0.0,0.0,0.0,26.7,-25.8,1.0,24.0,131.0,normal
1.0,4601.0,15.0,1.0,0.0,0.0,0.0,0.0,0.0,0.0,1.0,0.0,0.0,0.0,0.0,normal
1.0,4602.0,15.0,1.0,27.0,571.0,60.0,0.0,0.0,2.81,30.6,-22.6,1.0,27.0,154.0,normal
1.0,4601.0,15.0,1.0,0.0,0.0,0.0,0.0,0.0,0.0,1.0,0.0,0.0,0.0,0.0,normal
1.0,4602.0,15.0,1.0,26.0,1.4,149.0,1.0,0.0,3.0,27.9,-24.5,1.0,26.0,346.0,normal
1.0,4601.0,15.0,1.0,0.0,0.0,0.0,0.0,0.0,0.0,1.0,0.0,0.0,0.0,0.0,normal
1.0,4602.0,15.0,1.0,26.0,11.0,457.0,1.0,0.0,0.0,30.6,-21.7,1.0,27.0,788.0,normal
1.0,4601.0,15.0,1.0,0.0,0.0,0.0,0.0,0.0,0.0,1.0,0.0,0.0,0.0,0.0,normal
1.0,4602.0,15.0,1.0,27.0,829.0,49.0,0.0,0.0,0.0,33.0,-20.2,1.0,27.0,89.0,normal
1.0,4601.0,15.0,1.0,0.0,0.0,0.0,0.0,0.0,0.0,1.0,0.0,0.0,0.0,0.0,normal
1.0,4602.0,15.0,1.0,27.0,345.0,42.0,0.0,0.0,0.0,33.4,-19.2,1.0,27.0,73.0,normal
1.0,4601.0,15.0,1.0,0.0,0.0,0.0,0.0,0.0,0.0,1.0,0.0,0.0,0.0,0.0,normal
1.0,4602.0,15.0,1.0,27.0,713.0,38.0,0.0,0.0,0.0,33.0,-17.4,1.0,27.0,47.0,normal
1.0,4601.0,15.0,1.0,0.0,0.0,0.0,0.0,0.0,0.0,1.0,0.0,0.0,0.0,0.0,normal
1.0,4602.0,15.0,1.0,27.0,2.0,146.0,0.0,0.0,0.0,34.7,-15.7,1.0,27.0,196.0,normal
1.0,4601.0,15.0,1.0,0.0,0.0,0.0,0.0,0.0,0.0,33.1,-21.2,1.0,26.0,14.0,normal
1.0,4602.0,15.0,1.0,27.0,508.0,33.0,0.0,0.0,0.0,33.0,-19.8,1.0,27.0,48.0,normal
1.0,4601.0,15.0,1.0,0.0,0.0,0.0,0.0,0.0,0.0,32.0,-22.0,1.0,27.0,4.9,normal
1.0,4602.0,15.0,1.0,27.0,467.0,57.0,0.0,0.0,0.0,34.4,-16.6,1.0,27.0,195.0,normal
1.0,4601.0,15.0,1.0,27.0,11.0,6.0,0.0,0.0,0.0,1.0,0.0,0.0,0.0,0.0,normal
1.0,4602.0,15.0,1.0,27.0,2.8,134.0,0.0,0.0,0.0,34.2,-12.5,1.0,27.0,105.0,normal
1.0,4601.0,15.0,1.0,27.0,5.5,3.0,1.0,25.0,0.0,1.0,0.0,0.0,0.0,0.0,normal
1.0,4602.0,15.0,1.0,26.0,23.0,12.0,0.0,0.0,0.0,33.6,-7.1,1.0,27.0,244.0,normal
1.0,4601.0,15.0,1.0,26.0,2.7,2.0,0.0,0.0,0.0,1.0,0.0,0.0,0.0,0.0,normal
1.0,4602.0,15.0,1.0,0.0,0.0,0.0,0.0,0.0,0.0,1.0,0.0,0.0,0.0,0.0,normal
1.0,4601.0,15.0,1.0,0.0,0.0,0.0,0.0,0.0,0.0,19.8,-31.3,1.0,27.0,4.9,normal
1.0,4602.0,15.0,1.0,25.0,46.0,27.0,0.0,0.0,0.0,30.9,-13.1,1.0,27.0,941.0,normal
1.0,4601.0,15.0,1.0,26.0,9.9,6.0,0.0,0.0,0.0,28.9,-25.3,1.0,22.0,4.6,normal
1.0,4602.0,15.0,1.0,27.0,20.0,4.0,0.0,0.0,0.0,36.0,-15.1,1.0,27.0,9.7,normal
1.0,4601.0,15.0,1.0,26.0,11.0,6.0,0.0,0.0,0.0,1.0,0.0,0.0,0.0,0.0,normal
1.0,4602.0,15.0,1.0,0.0,0.0,0.0,0.0,0.0,0.0,1.0,0.0,0.0,0.0,0.0,normal
1.0,4601.0,15.0,1.0,26.0,4.5,3.0,0.0,0.0,0.0,1.0,0.0,0.0,0.0,0.0,normal
1.0,4602.0,15.0,1.0,0.0,0.0,0.0,0.0,0.0,0.0,1.0,0.0,0.0,0.0,0.0,normal
1.0,4601.0,15.0,1.0,26.0,19.0,11.0,0.0,0.0,0.0,25.0,-29.9,1.0,27.0,4.9,normal
1.0,4602.0,15.0,1.0,0.0,0.0,0.0,0.0,0.0,0.0,1.0,0.0,0.0,0.0,0.0,normal
1.0,4601.0,15.0,1.0,26.0,31.0,13.0,0.0,0.0,0.0,27.0,-28.0,1.0,27.0,50.0,normal
1.0,4602.0,15.0,1.0,0.0,0.0,0.0,0.0,0.0,0.0,1.0,0.0,0.0,0.0,0.0,normal
1.0,4601.0,15.0,1.0,26.0,53.0,18.0,0.0,0.0,0.0,25.8,-29.0,1.0,26.0,63.0,normal
1.0,4602.0,15.0,1.0,0.0,0.0,0.0,0.0,0.0,0.0,35.4,-18.1,1.0,27.0,4.9,normal
1.0,4601.0,15.0,1.0,26.0,6.3,4.0,0.0,0.0,0.0,26.6,-28.4,1.0,25.0,4.5,normal
1.0,4602.0,15.0,1.0,0.0,0.0,0.0,0.0,0.0,0.0,1.0,0.0,0.0,0.0,0.0,normal
1.0,4601.0,15.0,1.0,25.0,4.4,3.0,0.0,0.0,0.0,1.0,0.0,0.0,0.0,0.0,normal
1.0,4602.0,15.0,1.0,0.0,0.0,0.0,0.0,0.0,0.0,1.0,0.0,0.0,0.0,0.0,normal
1.0,4601.0,15.0,1.0,26.0,20.0,12.0,0.0,0.0,0.0,1.0,0.0,0.0,0.0,0.0,normal
1.0,4602.0,15.0,1.0,0.0,0.0,0.0,0.0,0.0,0.0,1.0,0.0,0.0,0.0,0.0,normal
1.0,4601.0,15.0,1.0,26.0,13.0,8.0,0.0,0.0,0.0,1.0,0.0,0.0,0.0,0.0,normal
1.0,4602.0,15.0,1.0,27.0,1.9,1.0,0.0,0.0,0.0,34.7,-15.7,1.0,27.0,4.9,normal
1.0,4601.0,15.0,1.0,27.0,19.0,11.0,0.0,0.0,0.0,1.0,0.0,0.0,0.0,0.0,normal
1.0,4602.0,15.0,1.0,0.0,0.0,0.0,0.0,0.0,0.0,36.9,-14.0,1.0,27.0,9.7,normal
1.0,4601.0,15.0,1.0,26.0,19.0,11.0,0.0,0.0,0.0,22.5,-32.5,1.0,26.0,4.7,normal
1.0,4602.0,15.0,1.0,27.0,1.9,1.0,0.0,0.0,0.0,34.9,-17.4,1.0,27.0,4.9,normal
1.0,4601.0,15.0,1.0,26.0,11.0,7.0,0.0,0.0,0.0,1.0,0.0,0.0,0.0,0.0,normal
1.0,4602.0,15.0,1.0,0.0,0.0,0.0,0.0,0.0,0.0,1.0,0.0,0.0,0.0,0.0,normal
1.0,4601.0,15.0,1.0,27.0,3.7,2.0,0.0,0.0,0.0,32.4,-19.5,1.0,20.0,4.2,normal
1.0,4602.0,15.0,1.0,0.0,0.0,0.0,0.0,0.0,0.0,1.0,0.0,0.0,0.0,0.0,normal
1.0,4601.0,15.0,1.0,27.0,1.9,1.0,0.0,0.0,0.0,30.0,-24.4,1.0,27.0,4.9,normal
1.0,4602.0,15.0,1.0,0.0,0.0,0.0,0.0,0.0,0.0,36.6,-13.9,1.0,27.0,4.9,normal
1.0,4601.0,15.0,1.0,27.0,5.6,3.0,0.0,0.0,0.0,1.0,0.0,0.0,0.0,0.0,normal
1.0,4602.0,15.0,1.0,0.0,0.0,0.0,0.0,0.0,0.0,1.0,0.0,0.0,0.0,0.0,normal
1.0,4601.0,15.0,1.0,0.0,0.0,0.0,0.0,0.0,0.0,1.0,0.0,0.0,0.0,0.0,normal
1.0,4602.0,15.0,1.0,0.0,0.0,0.0,0.0,0.0,0.0,1.0,0.0,0.0,0.0,0.0,normal
1.0,4601.0,15.0,1.0,26.0,15.0,9.0,0.0,0.0,0.0,29.3,-24.5,1.0,27.0,4.9,normal
1.0,4602.0,15.0,1.0,0.0,0.0,0.0,0.0,0.0,0.0,1.0,0.0,0.0,0.0,0.0,normal
1.0,4601.0,15.0,1.0,27.0,5.6,3.0,0.0,0.0,0.0,1.0,0.0,0.0,0.0,0.0,normal
1.0,4602.0,15.0,1.0,27.0,1.9,1.0,0.0,0.0,0.0,36.4,-4.8,1.0,27.0,4.9,normal
1.0,4601.0,15.0,1.0,0.0,0.0,0.0,0.0,0.0,0.0,1.0,0.0,0.0,0.0,0.0,normal
1.0,4602.0,15.0,1.0,27.0,1.9,1.0,0.0,0.0,0.0,31.4,-17.3,1.0,27.0,4.9,normal
1.0,4601.0,15.0,1.0,0.0,0.0,0.0,0.0,0.0,0.0,1.0,0.0,0.0,0.0,0.0,normal
1.0,4602.0,15.0,1.0,0.0,0.0,0.0,0.0,0.0,0.0,38.0,-8.4,1.0,27.0,4.9,normal
1.0,4601.0,15.0,1.0,0.0,0.0,0.0,0.0,0.0,0.0,34.9,-15.3,1.0,27.0,4.9,normal
1.0,4602.0,15.0,1.0,0.0,0.0,0.0,0.0,0.0,0.0,1.0,0.0,0.0,0.0,0.0,normal
1.0,4601.0,15.0,1.0,0.0,0.0,0.0,0.0,0.0,0.0,1.0,0.0,0.0,0.0,0.0,normal
1.0,4602.0,14.0,1.0,0.0,0.0,0.0,0.0,0.0,0.0,1.0,0.0,0.0,0.0,0.0,normal
1.0,4601.0,15.0,1.0,26.0,21.0,530.0,2.0,0.0,676.0,29.0,-21.7,1.0,26.0,286.0,normal
1.0,4602.0,15.0,1.0,25.0,24.0,622.0,18.0,2.0,411.0,33.2,-15.9,1.0,27.0,360.0,normal
1.0,4601.0,15.0,1.0,27.0,31.0,749.0,1.0,0.0,550.0,27.9,-21.5,1.0,27.0,309.0,normal
1.0,4602.0,15.0,1.0,24.0,24.0,648.0,9.0,1.0,384.0,34.4,-8.7,1.0,27.0,378.0,normal
1.0,4601.0,15.0,1.0,26.0,19.0,484.0,7.0,1.0,207.0,20.5,-27.6,1.0,19.0,251.0,normal
1.0,4602.0,15.0,1.0,24.0,33.0,914.0,4.0,0.0,246.0,34.3,-13.7,1.0,27.0,344.0,normal
1.0,4601.0,15.0,1.0,25.0,41.0,1149.0,11.0,0.0,0.0,29.4,-23.6,1.0,27.0,355.0,normal
1.0,4602.0,15.0,1.0,24.0,9.2,307.0,6.0,1.0,3.0,33.9,-18.6,1.0,27.0,332.0,normal
1.0,4601.0,15.0,1.0,26.0,25.0,622.0,3.0,0.0,539.0,29.9,-24.3,1.0,27.0,305.0,normal
1.0,4602.0,15.0,1.0,24.0,28.0,755.0,9.0,1.0,327.0,31.6,-22.5,1.0,27.0,438.0,normal
1.0,4601.0,15.0,1.0,26.0,25.0,632.0,3.0,0.0,317.0,29.1,-25.0,1.0,27.0,335.0,normal
1.0,4602.0,15.0,1.0,25.0,28.0,728.0,4.0,0.0,603.0,31.6,-22.3,1.0,27.0,366.0,normal
1.0,4601.0,15.0,1.0,26.0,28.0,698.0,2.0,0.0,431.0,29.3,-24.9,1.0,27.0,341.0,normal
1.0,4602.0,15.0,1.0,25.0,28.0,700.0,0.0,0.0,562.0,32.2,-21.7,1.0,27.0,339.0,normal
1.0,4601.0,15.0,1.0,27.0,29.0,759.0,1.0,0.0,474.0,30.9,-21.6,1.0,27.0,313.0,normal
1.0,4602.0,15.0,1.0,26.0,26.0,649.0,7.0,1.0,637.0,32.9,-18.7,1.0,27.0,317.0,normal
1.0,4601.0,15.0,1.0,26.0,25.0,649.0,12.0,1.0,0.0,24.5,-28.0,1.0,23.0,230.0,normal
1.0,4602.0,15.0,1.0,25.0,21.0,528.0,6.0,1.0,148.0,35.5,-12.5,1.0,27.0,303.0,normal
1.0,4601.0,15.0,1.0,23.0,25.0,724.0,22.0,2.0,199.0,24.0,-26.9,1.0,24.0,224.0,normal
1.0,4602.0,15.0,1.0,25.0,26.0,657.0,7.0,1.0,22.6,35.0,-9.6,1.0,27.0,359.0,normal
1.0,4601.0,15.0,1.0,23.0,19.0,562.0,5.0,0.0,332.0,27.3,-26.4,1.0,27.0,260.0,normal
1.0,4602.0,15.0,1.0,25.0,32.0,810.0,8.0,0.0,538.0,35.3,-14.1,1.0,27.0,362.0,normal
1.0,4601.0,15.0,1.0,24.0,28.0,757.0,4.0,0.0,195.0,28.8,-24.2,1.0,27.0,290.0,normal
1.0,4602.0,15.0,1.0,24.0,24.0,634.0,11.0,1.0,58.0,36.5,-10.0,1.0,27.0,360.0,normal
1.0,4601.0,15.0,1.0,24.0,30.0,795.0,11.0,1.0,564.0,25.0,-28.9,1.0,24.0,253.0,normal
1.0,4602.0,15.0,1.0,23.0,21.0,586.0,12.0,2.0,540.0,35.6,-14.5,1.0,27.0,290.0,normal
1.0,4601.0,15.0,1.0,25.0,21.0,565.0,0.0,0.0,401.0,26.4,-27.4,1.0,26.0,264.0,normal
1.0,4602.0,15.0,1.0,23.0,30.0,834.0,7.0,0.0,607.0,36.4,-12.4,1.0,27.0,339.0,normal
1.0,4601.0,15.0,1.0,25.0,33.0,839.0,6.0,0.0,633.0,25.7,-28.0,1.0,26.0,248.0,normal
1.0,4602.0,15.0,1.0,24.0,20.0,568.0,13.0,2.0,558.0,36.1,-11.7,1.0,27.0,344.0,normal
1.0,4601.0,15.0,1.0,25.0,27.0,690.0,10.0,1.0,245.0,26.4,-26.5,1.0,26.0,264.0,normal
1.0,4602.0,15.0,1.0,22.0,24.0,693.0,11.0,1.0,598.0,36.5,-10.6,1.0,27.0,339.0,normal
1.0,4601.0,15.0,1.0,25.0,23.0,631.0,10.0,1.0,112.0,27.9,-25.0,1.0,27.0,329.0,normal
1.0,4602.0,15.0,1.0,21.0,24.0,763.0,21.0,2.0,702.0,36.3,-10.2,1.0,27.0,339.0,normal
1.0,4601.0,15.0,1.0,24.0,27.0,716.0,6.0,0.0,468.0,25.2,-28.3,1.0,25.0,238.0,normal
1.0,4602.0,15.0,1.0,19.0,19.0,683.0,9.0,1.0,689.0,35.9,-11.3,1.0,27.0,337.0,normal
1.0,4601.0,15.0,1.0,25.0,27.0,697.0,4.0,0.0,583.0,25.3,-28.2,1.0,26.0,209.0,normal
1.0,4602.0,15.0,1.0,19.0,21.0,697.0,2.0,0.0,682.0,36.0,-11.7,1.0,27.0,339.0,normal
1.0,4601.0,15.0,1.0,26.0,29.0,698.0,5.0,0.0,441.0,27.4,-25.5,1.0,27.0,316.0,normal
1.0,4602.0,15.0,1.0,21.0,21.0,698.0,0.0,0.0,213.0,36.4,-10.5,1.0,27.0,339.0,normal
1.0,4601.0,15.0,1.0,26.0,30.0,764.0,3.0,0.0,458.0,26.8,-25.9,1.0,26.0,298.0,normal
1.0,4602.0,15.0,1.0,22.0,21.0,647.0,0.0,0.0,682.0,36.0,-10.2,1.0,27.0,337.0,normal
1.0,4601.0,15.0,1.0,27.0,25.0,637.0,0.0,0.0,278.0,27.6,-24.8,1.0,27.0,308.0,normal
1.0,4602.0,15.0,1.0,23.0,29.0,792.0,1.0,0.0,681.0,36.1,-9.7,1.0,27.0,339.0,normal
1.0,4601.0,15.0,1.0,26.0,28.0,692.0,9.0,1.0,128.0,27.8,-25.0,1.0,27.0,332.0,normal
1.0,4602.0,15.0,1.0,24.0,25.0,691.0,10.0,1.0,734.0,35.7,-10.5,1.0,27.0,454.0,normal
1.0,4601.0,15.0,1.0,26.0,31.0,844.0,3.0,0.0,411.0,27.7,-25.4,1.0,27.0,336.0,normal
1.0,4602.0,15.0,1.0,23.0,20.0,569.0,3.0,0.0,677.0,35.7,-10.7,1.0,27.0,292.0,normal
1.0,4601.0,15.0,1.0,26.0,28.0,692.0,8.0,1.0,379.0,27.6,-25.1,1.0,27.0,282.0,normal
1.0,4602.0,15.0,1.0,24.0,25.0,691.0,11.0,1.0,662.0,35.8,-9.7,1.0,27.0,339.0,normal
1.0,4601.0,15.0,1.0,26.0,26.0,644.0,11.0,1.0,187.0,25.8,-26.4,1.0,26.0,250.0,normal
1.0,4602.0,15.0,1.0,23.0,26.0,744.0,14.0,1.0,0.0,35.7,-10.2,1.0,27.0,345.0,normal
1.0,4601.0,15.0,1.0,25.0,28.0,712.0,6.0,0.0,513.0,26.1,-25.5,1.0,26.0,245.0,normal
1.0,4602.0,15.0,1.0,22.0,23.0,679.0,7.0,1.0,717.0,35.4,-9.4,1.0,27.0,332.0,normal
1.0,4601.0,15.0,1.0,26.0,29.0,697.0,3.0,0.0,340.0,24.8,-25.9,1.0,24.0,208.0,normal
1.0,4602.0,15.0,1.0,23.0,25.0,697.0,3.0,0.0,637.0,34.8,-9.0,1.0,27.0,339.0,normal
1.0,4601.0,15.0,1.0,26.0,21.0,576.0,9.0,1.0,231.0,25.2,-26.2,1.0,24.0,275.0,normal
1.0,4602.0,15.0,1.0,22.0,26.0,772.0,13.0,1.0,760.0,35.5,-9.4,1.0,27.0,344.0,normal
1.0,4601.0,15.0,1.0,26.0,28.0,697.0,4.0,0.0,347.0,25.6,-25.8,1.0,25.0,234.0,normal
1.0,4602.0,15.0,1.0,23.0,25.0,697.0,2.0,0.0,407.0,35.7,-9.6,1.0,27.0,339.0,normal
1.0,4601.0,15.0,1.0,26.0,21.0,514.0,8.0,1.0,240.0,25.7,-25.2,1.0,25.0,225.0,normal
1.0,4602.0,15.0,1.0,23.0,29.0,867.0,13.0,1.0,528.0,35.4,-9.6,1.0,27.0,339.0,normal
1.0,4601.0,15.0,1.0,26.0,33.0,838.0,3.0,0.0,462.0,27.2,-25.1,1.0,26.0,295.0,normal
1.0,4602.0,15.0,1.0,23.0,19.0,552.0,2.0,0.0,542.0,35.6,-9.9,1.0,27.0,319.0,normal
1.0,4601.0,15.0,1.0,27.0,21.0,508.0,0.0,0.0,359.0,26.9,-25.3,1.0,27.0,257.0,normal
1.0,4602.0,15.0,1.0,23.0,32.0,893.0,6.0,0.0,409.0,36.2,-10.0,1.0,27.0,339.0,normal
1.0,4601.0,15.0,1.0,26.0,25.0,650.0,8.0,1.0,3.0,25.5,-25.3,1.0,25.0,250.0,normal
1.0,4602.0,15.0,1.0,23.0,26.0,719.0,12.0,1.0,0.0,35.5,-9.1,1.0,27.0,335.0,normal
1.0,4601.0,15.0,1.0,26.0,29.0,771.0,5.0,0.0,378.0,26.5,-25.6,1.0,26.0,269.0,normal
1.0,4602.0,15.0,1.0,23.0,20.0,552.0,6.0,1.0,470.0,35.6,-9.9,1.0,27.0,302.0,normal
1.0,4601.0,15.0,1.0,26.0,21.0,515.0,9.0,1.0,206.0,26.2,-25.6,1.0,26.0,221.0,normal
1.0,4602.0,15.0,1.0,23.0,23.0,685.0,10.0,1.0,279.0,35.2,-10.1,1.0,27.0,392.0,normal
1.0,4601.0,15.0,1.0,26.0,29.0,721.0,3.0,0.0,472.0,24.7,-25.7,1.0,24.0,228.0,normal
1.0,4602.0,15.0,1.0,22.0,22.0,669.0,13.0,1.0,0.0,34.8,-9.3,1.0,27.0,335.0,normal
1.0,4601.0,15.0,1.0,26.0,32.0,795.0,3.0,0.0,650.0,25.7,-26.2,1.0,25.0,257.0,normal
1.0,4602.0,15.0,1.0,22.0,21.0,606.0,0.0,0.0,388.0,35.1,-9.8,1.0,27.0,329.0,normal
1.0,4601.0,15.0,1.0,26.0,22.0,560.0,6.0,1.0,419.0,27.6,-25.5,1.0,27.0,288.0,normal
1.0,4602.0,15.0,1.0,23.0,31.0,836.0,4.0,0.0,634.0,35.8,-11.3,1.0,27.0,339.0,normal
1.0,4601.0,15.0,1.0,26.0,32.0,914.0,6.0,0.0,14.1,27.5,-25.9,1.0,27.0,312.0,normal
1.0,4602.0,15.0,1.0,24.0,18.0,489.0,11.0,2.0,0.0,35.9,-11.1,1.0,27.0,206.0,normal
1.0,4601.0,15.0,1.0,26.0,39.0,1199.0,4.0,0.0,0.0,28.5,-26.1,1.0,27.0,345.0,normal
1.0,4602.0,14.0,1.0,0.0,0.0,0.0,0.0,0.0,0.0,33.7,-12.7,1.0,27.0,9.7,normal
1.0,4601.0,15.0,1.0,26.0,24.0,591.0,1.0,0.0,394.0,26.4,-26.3,1.0,26.0,223.0,normal
1.0,4602.0,15.0,1.0,23.0,24.0,651.0,6.0,0.0,607.0,35.8,-10.7,1.0,27.0,342.0,normal
1.0,4601.0,15.0,1.0,26.0,28.0,695.0,3.0,0.0,381.0,25.6,-26.3,1.0,26.0,232.0,normal
1.0,4602.0,15.0,1.0,24.0,26.0,697.0,6.0,0.0,244.0,36.2,-10.0,1.0,27.0,339.0,normal
1.0,4601.0,15.0,1.0,26.0,9.8,251.0,3.0,1.0,0.0,25.5,-26.4,1.0,25.0,87.0,normal
1.0,4602.0,15.0,1.0,24.0,14.0,401.0,7.0,1.0,0.0,36.2,-10.4,1.0,27.0,166.0,normal
1.0,4601.0,15.0,1.0,26.0,16.0,9.0,0.0,0.0,0.0,1.0,0.0,0.0,0.0,0.0,normal
1.0,4602.0,14.0,1.0,0.0,0.0,0.0,0.0,0.0,0.0,1.0,0.0,0.0,0.0,0.0,normal
1.0,4601.0,15.0,1.0,26.0,12.0,7.0,0.0,0.0,0.0,1.0,0.0,0.0,0.0,0.0,normal
1.0,4602.0,14.0,1.0,0.0,0.0,0.0,0.0,0.0,0.0,38.2,-12.6,1.0,27.0,4.9,normal
1.0,4601.0,15.0,1.0,0.0,0.0,0.0,0.0,0.0,0.0,27.1,-27.7,1.0,25.0,4.5,normal
1.0,4602.0,14.0,1.0,0.0,0.0,0.0,0.0,0.0,0.0,1.0,0.0,0.0,0.0,0.0,normal
1.0,4601.0,15.0,1.0,26.0,3.6,2.0,0.0,0.0,0.0,1.0,0.0,0.0,0.0,0.0,normal
1.0,4602.0,14.0,1.0,0.0,0.0,0.0,0.0,0.0,0.0,1.0,0.0,0.0,0.0,0.0,normal
1.0,4601.0,15.0,1.0,26.0,5.4,3.0,0.0,0.0,0.0,27.3,-25.7,1.0,27.0,139.0,normal
1.0,4602.0,14.0,1.0,0.0,0.0,0.0,0.0,0.0,0.0,1.0,0.0,0.0,0.0,0.0,normal
1.0,4601.0,15.0,1.0,26.0,41.0,1058.0,3.0,0.0,185.0,28.5,-26.3,1.0,27.0,310.0,normal
1.0,4602.0,14.0,1.0,0.0,0.0,0.0,0.0,0.0,0.0,1.0,0.0,0.0,0.0,0.0,normal
1.0,4601.0,15.0,1.0,26.0,39.0,949.0,7.0,0.0,0.0,28.7,-26.0,1.0,27.0,240.0,normal
1.0,4602.0,14.0,1.0,0.0,0.0,0.0,0.0,0.0,0.0,38.4,-11.9,1.0,27.0,4.9,normal
1.0,4601.0,15.0,1.0,27.0,3.7,2.0,0.0,0.0,0.0,1.0,0.0,0.0,0.0,0.0,normal
1.0,4602.0,14.0,1.0,0.0,0.0,0.0,0.0,0.0,0.0,1.0,0.0,0.0,0.0,0.0,normal
1.0,4601.0,15.0,1.0,27.0,11.0,6.0,0.0,0.0,0.0,1.0,0.0,0.0,0.0,0.0,normal
1.0,4602.0,14.0,1.0,0.0,0.0,0.0,0.0,0.0,0.0,1.0,0.0,0.0,0.0,0.0,normal
1.0,4601.0,15.0,1.0,0.0,0.0,0.0,0.0,0.0,0.0,1.0,0.0,0.0,0.0,0.0,normal
1.0,4602.0,14.0,1.0,0.0,0.0,0.0,0.0,0.0,0.0,1.0,0.0,0.0,0.0,0.0,normal
1.0,4601.0,15.0,1.0,27.0,7.5,4.0,0.0,0.0,0.0,1.0,0.0,0.0,0.0,0.0,normal
1.0,4602.0,14.0,1.0,0.0,0.0,0.0,0.0,0.0,0.0,1.0,0.0,0.0,0.0,0.0,normal
1.0,4601.0,15.0,1.0,27.0,11.0,6.0,0.0,0.0,0.0,1.0,0.0,0.0,0.0,0.0,normal
1.0,4602.0,14.0,1.0,0.0,0.0,0.0,0.0,0.0,0.0,1.0,0.0,0.0,0.0,0.0,normal
1.0,4601.0,15.0,1.0,0.0,0.0,0.0,0.0,0.0,0.0,28.6,-26.4,1.0,27.0,4.9,normal
1.0,4602.0,15.0,1.0,0.0,0.0,0.0,0.0,0.0,0.0,36.4,-13.2,1.0,27.0,4.9,normal
1.0,4601.0,15.0,1.0,0.0,0.0,0.0,0.0,0.0,0.0,1.0,0.0,0.0,0.0,0.0,normal
1.0,4602.0,14.0,1.0,0.0,0.0,0.0,0.0,0.0,0.0,1.0,0.0,0.0,0.0,0.0,normal
1.0,4601.0,15.0,1.0,27.0,3.7,2.0,0.0,0.0,0.0,1.0,0.0,0.0,0.0,0.0,normal
1.0,4602.0,14.0,1.0,0.0,0.0,0.0,0.0,0.0,0.0,1.0,0.0,0.0,0.0,0.0,normal
1.0,4601.0,15.0,1.0,27.0,20.0,11.0,0.0,0.0,0.0,1.0,0.0,0.0,0.0,0.0,normal
1.0,4602.0,15.0,1.0,0.0,0.0,0.0,0.0,0.0,0.0,1.0,0.0,0.0,0.0,0.0,normal
1.0,4601.0,15.0,1.0,27.0,3.7,2.0,0.0,0.0,0.0,30.0,-23.5,1.0,27.0,4.9,normal
1.0,4602.0,15.0,1.0,0.0,0.0,0.0,0.0,0.0,0.0,37.6,-10.2,1.0,27.0,4.9,normal
1.0,4601.0,15.0,1.0,0.0,0.0,0.0,0.0,0.0,0.0,1.0,0.0,0.0,0.0,0.0,normal
1.0,4602.0,15.0,1.0,0.0,0.0,0.0,0.0,0.0,0.0,37.1,-12.2,1.0,27.0,4.9,normal
1.0,4601.0,15.0,1.0,27.0,18.0,11.0,0.0,0.0,0.0,1.0,0.0,0.0,0.0,0.0,normal
1.0,4602.0,14.0,1.0,0.0,0.0,0.0,0.0,0.0,0.0,1.0,0.0,0.0,0.0,0.0,normal
1.0,4601.0,15.0,1.0,27.0,2.8,2.0,0.0,0.0,0.0,1.0,0.0,0.0,0.0,0.0,normal
1.0,4602.0,15.0,1.0,0.0,0.0,0.0,0.0,0.0,0.0,1.0,0.0,0.0,0.0,0.0,normal
1.0,4601.0,15.0,1.0,27.0,16.0,9.0,0.0,0.0,0.0,30.0,-23.7,1.0,27.0,9.7,normal
1.0,4602.0,15.0,1.0,0.0,0.0,0.0,0.0,0.0,0.0,35.2,-16.9,1.0,27.0,4.9,normal
1.0,4601.0,15.0,1.0,27.0,3.7,2.0,0.0,0.0,0.0,31.6,-23.8,1.0,27.0,4.9,normal
1.0,4602.0,15.0,1.0,23.0,3.2,2.0,0.0,0.0,0.0,35.8,-16.8,1.0,27.0,15.0,normal
1.0,4601.0,15.0,1.0,0.0,0.0,0.0,0.0,0.0,0.0,1.0,0.0,0.0,0.0,0.0,normal
1.0,4602.0,15.0,1.0,0.0,0.0,0.0,0.0,0.0,0.0,33.6,-21.3,1.0,27.0,4.9,normal
1.0,4601.0,15.0,1.0,26.0,18.0,10.0,0.0,0.0,0.0,26.3,-29.0,1.0,26.0,19.0,normal
1.0,4602.0,15.0,1.0,0.0,0.0,0.0,0.0,0.0,0.0,1.0,0.0,0.0,0.0,0.0,normal
1.0,4601.0,15.0,1.0,27.0,3.7,2.0,0.0,0.0,0.0,1.0,0.0,0.0,0.0,0.0,normal
1.0,4602.0,15.0,1.0,0.0,0.0,0.0,0.0,0.0,0.0,1.0,0.0,0.0,0.0,0.0,normal
1.0,4601.0,15.0,1.0,27.0,7.5,4.0,0.0,0.0,0.0,1.0,0.0,0.0,0.0,0.0,normal
1.0,4602.0,15.0,1.0,0.0,0.0,0.0,0.0,0.0,0.0,36.3,-14.3,1.0,27.0,4.9,normal
1.0,4601.0,15.0,1.0,27.0,6.5,4.0,0.0,0.0,0.0,1.0,0.0,0.0,0.0,0.0,normal
1.0,4602.0,15.0,1.0,0.0,0.0,0.0,0.0,0.0,0.0,1.0,0.0,0.0,0.0,0.0,normal
1.0,4601.0,15.0,1.0,27.0,3.7,2.0,0.0,0.0,0.0,1.0,0.0,0.0,0.0,0.0,normal
1.0,4602.0,15.0,1.0,0.0,0.0,0.0,0.0,0.0,0.0,37.3,-13.8,1.0,27.0,4.9,normal
1.0,4601.0,15.0,1.0,0.0,0.0,0.0,0.0,0.0,0.0,1.0,0.0,0.0,0.0,0.0,normal
1.0,4602.0,15.0,1.0,0.0,0.0,0.0,0.0,0.0,0.0,1.0,0.0,0.0,0.0,0.0,normal
1.0,4601.0,15.0,1.0,27.0,3.7,2.0,0.0,0.0,0.0,1.0,0.0,0.0,0.0,0.0,normal
1.0,4602.0,15.0,1.0,0.0,0.0,0.0,0.0,0.0,0.0,1.0,0.0,0.0,0.0,0.0,normal
1.0,4601.0,15.0,1.0,0.0,0.0,0.0,0.0,0.0,0.0,1.0,0.0,0.0,0.0,0.0,normal
1.0,4602.0,15.0,1.0,0.0,0.0,0.0,0.0,0.0,0.0,1.0,0.0,0.0,0.0,0.0,normal
1.0,4601.0,15.0,1.0,0.0,0.0,0.0,0.0,0.0,0.0,1.0,0.0,0.0,0.0,0.0,normal
1.0,4602.0,14.0,1.0,0.0,0.0,0.0,0.0,0.0,0.0,35.6,-13.7,1.0,27.0,4.9,normal
1.0,4601.0,15.0,1.0,27.0,1.9,1.0,0.0,0.0,0.0,26.2,-26.7,1.0,27.0,4.9,normal
1.0,4602.0,15.0,1.0,24.0,37.0,1055.0,4.0,0.0,116.0,35.0,-12.9,1.0,27.0,370.0,normal
1.0,4601.0,15.0,1.0,27.0,7.4,5.0,0.0,0.0,0.0,1.0,0.0,0.0,0.0,0.0,normal
1.0,4602.0,15.0,1.0,25.0,46.0,1195.0,12.0,0.0,243.0,35.4,-12.9,1.0,27.0,366.0,normal
1.0,4601.0,15.0,1.0,0.0,0.0,0.0,0.0,0.0,0.0,1.0,0.0,0.0,0.0,0.0,normal
1.0,4602.0,15.0,1.0,23.0,39.0,1074.0,27.0,2.0,42.3,35.7,-13.0,1.0,27.0,311.0,normal
1.0,4601.0,15.0,1.0,27.0,3.7,2.0,0.0,0.0,0.0,27.2,-27.5,1.0,26.0,4.7,normal
1.0,4602.0,15.0,1.0,23.0,48.0,1395.0,5.0,0.0,379.0,35.7,-12.9,1.0,27.0,339.0,normal
1.0,4601.0,15.0,1.0,26.0,7.3,205.0,8.0,3.0,3.0,27.4,-27.3,1.0,27.0,108.0,normal
1.0,4602.0,15.0,1.0,23.0,14.0,392.0,6.0,1.0,0.0,35.7,-12.9,1.0,27.0,100.0,normal
1.0,4601.0,15.0,1.0,26.0,52.0,1313.0,8.0,0.0,441.0,27.6,-26.9,1.0,27.0,423.0,normal
1.0,4602.0,15.0,1.0,0.0,0.0,0.0,0.0,0.0,0.0,1.0,0.0,0.0,0.0,0.0,normal
1.0,4601.0,15.0,1.0,26.0,39.0,959.0,7.0,0.0,231.0,28.1,-26.8,1.0,27.0,328.0,normal
1.0,4602.0,15.0,1.0,0.0,0.0,0.0,0.0,0.0,0.0,1.0,0.0,0.0,0.0,0.0,normal
1.0,4601.0,15.0,1.0,25.0,55.0,1385.0,15.0,1.0,589.0,27.8,-26.9,1.0,27.0,358.0,normal
1.0,4602.0,15.0,1.0,0.0,0.0,0.0,0.0,0.0,0.0,36.0,-12.9,1.0,27.0,4.9,normal
1.0,4601.0,15.0,1.0,26.0,40.0,1003.0,6.0,0.0,168.0,28.1,-26.7,1.0,27.0,301.0,normal
1.0,4602.0,15.0,1.0,0.0,0.0,0.0,0.0,0.0,0.0,1.0,0.0,0.0,0.0,0.0,normal
1.0,4601.0,15.0,1.0,26.0,41.0,1010.0,6.0,0.0,164.0,28.0,-26.7,1.0,27.0,296.0,normal
1.0,4602.0,15.0,1.0,0.0,0.0,0.0,0.0,0.0,0.0,1.0,0.0,0.0,0.0,0.0,normal
1.0,4601.0,15.0,1.0,26.0,56.0,1386.0,14.0,1.0,467.0,27.3,-27.0,1.0,27.0,341.0,normal
1.0,4602.0,15.0,1.0,22.0,7.7,5.0,0.0,0.0,0.0,36.5,-12.7,1.0,27.0,24.0,normal
1.0,4601.0,15.0,1.0,25.0,19.0,487.0,7.0,1.0,0.0,28.2,-26.6,1.0,27.0,125.0,normal
1.0,4602.0,15.0,1.0,0.0,0.0,0.0,0.0,0.0,0.0,1.0,0.0,0.0,0.0,0.0,normal
1.0,4601.0,15.0,1.0,25.0,5.1,3.0,0.0,0.0,0.0,29.0,-26.7,1.0,27.0,4.9,normal
1.0,4602.0,15.0,1.0,0.0,0.0,0.0,0.0,0.0,0.0,1.0,0.0,0.0,0.0,0.0,normal
1.0,4601.0,15.0,1.0,25.0,3.5,2.0,0.0,0.0,0.0,1.0,0.0,0.0,0.0,0.0,normal
1.0,4602.0,15.0,1.0,0.0,0.0,0.0,0.0,0.0,0.0,1.0,0.0,0.0,0.0,0.0,normal
1.0,4601.0,15.0,1.0,0.0,0.0,0.0,0.0,0.0,0.0,1.0,0.0,0.0,0.0,0.0,normal
1.0,4602.0,15.0,1.0,0.0,0.0,0.0,0.0,0.0,0.0,1.0,0.0,0.0,0.0,0.0,normal
1.0,4601.0,15.0,1.0,24.0,1.7,1.0,0.0,0.0,0.0,1.0,0.0,0.0,0.0,0.0,normal
1.0,4602.0,15.0,1.0,0.0,0.0,0.0,0.0,0.0,0.0,1.0,0.0,0.0,0.0,0.0,normal
1.0,4601.0,15.0,1.0,25.0,4.3,3.0,0.0,0.0,0.0,28.1,-27.6,1.0,27.0,4.9,normal
1.0,4602.0,15.0,1.0,0.0,0.0,0.0,0.0,0.0,0.0,1.0,0.0,0.0,0.0,0.0,normal
1.0,4601.0,15.0,1.0,24.0,6.6,5.0,0.0,0.0,0.0,27.5,-27.4,1.0,27.0,9.7,normal
1.0,4602.0,15.0,1.0,0.0,0.0,0.0,0.0,0.0,0.0,1.0,0.0,0.0,0.0,0.0,normal
1.0,4601.0,15.0,1.0,23.0,3.2,2.0,0.0,0.0,0.0,28.0,-27.4,1.0,27.0,4.9,normal
1.0,4602.0,15.0,1.0,0.0,0.0,0.0,0.0,0.0,0.0,1.0,0.0,0.0,0.0,0.0,normal
1.0,4601.0,15.0,1.0,24.0,2.5,2.0,0.0,0.0,0.0,1.0,0.0,0.0,0.0,0.0,normal
1.0,4602.0,15.0,1.0,23.0,22.0,612.0,1.0,0.0,331.0,35.0,-13.8,1.0,27.0,274.0,normal
1.0,4601.0,15.0,1.0,0.0,0.0,0.0,0.0,0.0,0.0,1.0,0.0,0.0,0.0,0.0,normal
1.0,4602.0,15.0,1.0,24.0,47.0,1253.0,12.0,0.0,0.0,35.3,-13.7,1.0,27.0,359.0,normal
1.0,4601.0,15.0,1.0,25.0,2.6,2.0,0.0,0.0,0.0,1.0,0.0,0.0,0.0,0.0,normal
1.0,4602.0,15.0,1.0,24.0,34.0,1113.0,11.0,0.0,3.0,35.9,-13.7,1.0,27.0,278.0,normal
1.0,4601.0,15.0,1.0,25.0,2.6,2.0,0.0,0.0,0.0,27.2,-27.4,1.0,27.0,4.9,normal
1.0,4602.0,15.0,1.0,25.0,58.0,13.0,0.0,0.0,3.0,36.3,-14.3,1.0,27.0,44.0,normal
1.0,4601.0,15.0,1.0,0.0,0.0,0.0,0.0,0.0,0.0,1.0,0.0,0.0,0.0,0.0,normal
1.0,4602.0,15.0,1.0,25.0,42.0,10.0,1.0,9.0,0.0,36.4,-14.0,1.0,27.0,41.0,normal
1.0,4601.0,15.0,1.0,0.0,0.0,0.0,0.0,0.0,0.0,1.0,0.0,0.0,0.0,0.0,normal
1.0,4602.0,15.0,1.0,0.0,0.0,0.0,0.0,0.0,0.0,1.0,0.0,0.0,0.0,0.0,normal
1.0,4601.0,15.0,1.0,25.0,6.1,4.0,0.0,0.0,0.0,1.0,0.0,0.0,0.0,0.0,normal
1.0,4602.0,15.0,1.0,0.0,0.0,0.0,0.0,0.0,0.0,1.0,0.0,0.0,0.0,0.0,normal
1.0,4601.0,15.0,1.0,25.0,6.1,4.0,0.0,0.0,0.0,1.0,0.0,0.0,0.0,0.0,normal
1.0,4602.0,15.0,1.0,0.0,0.0,0.0,0.0,0.0,0.0,1.0,0.0,0.0,0.0,0.0,normal
1.0,4601.0,15.0,1.0,0.0,0.0,0.0,0.0,0.0,0.0,1.0,0.0,0.0,0.0,0.0,normal
1.0,4602.0,14.0,1.0,0.0,0.0,0.0,0.0,0.0,0.0,1.0,0.0,0.0,0.0,0.0,normal
1.0,4601.0,15.0,1.0,26.0,1.8,1.0,0.0,0.0,0.0,26.8,-27.5,1.0,27.0,4.9,normal
1.0,4602.0,15.0,1.0,0.0,0.0,0.0,0.0,0.0,0.0,1.0,0.0,0.0,0.0,0.0,normal
1.0,4601.0,15.0,1.0,0.0,0.0,0.0,0.0,0.0,0.0,1.0,0.0,0.0,0.0,0.0,normal
1.0,4602.0,15.0,1.0,0.0,0.0,0.0,0.0,0.0,0.0,1.0,0.0,0.0,0.0,0.0,normal
1.0,4601.0,15.0,1.0,0.0,0.0,0.0,0.0,0.0,0.0,27.7,-27.6,1.0,27.0,9.7,normal
1.0,4602.0,15.0,1.0,0.0,0.0,0.0,0.0,0.0,0.0,36.5,-14.4,1.0,27.0,4.9,normal
1.0,4601.0,15.0,1.0,26.0,51.0,9.0,0.0,0.0,0.0,27.7,-27.6,1.0,27.0,29.0,normal
1.0,4602.0,15.0,1.0,0.0,0.0,0.0,0.0,0.0,0.0,37.1,-14.4,1.0,27.0,9.7,normal
1.0,4601.0,15.0,1.0,26.0,45.0,13.0,0.0,0.0,0.0,27.5,-27.2,1.0,27.0,57.0,normal
1.0,4602.0,15.0,1.0,0.0,0.0,0.0,0.0,0.0,0.0,1.0,0.0,0.0,0.0,0.0,normal
1.0,4601.0,15.0,1.0,26.0,3.6,2.0,0.0,0.0,0.0,27.0,-27.5,1.0,27.0,9.6,normal
1.0,4602.0,15.0,1.0,0.0,0.0,0.0,0.0,0.0,0.0,1.0,0.0,0.0,0.0,0.0,normal
1.0,4601.0,15.0,1.0,0.0,0.0,0.0,0.0,0.0,0.0,1.0,0.0,0.0,0.0,0.0,normal
1.0,4602.0,15.0,1.0,0.0,0.0,0.0,0.0,0.0,0.0,1.0,0.0,0.0,0.0,0.0,normal
1.0,4601.0,15.0,1.0,26.0,13.0,8.0,0.0,0.0,0.0,27.4,-27.8,1.0,27.0,9.7,normal
1.0,4602.0,14.0,1.0,0.0,0.0,0.0,0.0,0.0,0.0,1.0,0.0,0.0,0.0,0.0,normal
1.0,4601.0,15.0,1.0,26.0,3.6,2.0,0.0,0.0,0.0,1.0,0.0,0.0,0.0,0.0,normal
1.0,4602.0,14.0,1.0,0.0,0.0,0.0,0.0,0.0,0.0,1.0,0.0,0.0,0.0,0.0,normal
1.0,4601.0,15.0,1.0,26.0,3.6,2.0,0.0,0.0,0.0,1.0,0.0,0.0,0.0,0.0,normal
1.0,4602.0,14.0,1.0,0.0,0.0,0.0,0.0,0.0,0.0,1.0,0.0,0.0,0.0,0.0,normal
1.0,4601.0,15.0,1.0,25.0,2.6,2.0,0.0,0.0,0.0,1.0,0.0,0.0,0.0,0.0,normal
1.0,4602.0,13.0,1.0,0.0,0.0,0.0,0.0,0.0,0.0,36.1,-14.4,1.0,27.0,4.9,normal
1.0,4601.0,15.0,1.0,0.0,0.0,0.0,0.0,0.0,0.0,1.0,0.0,0.0,0.0,0.0,normal
1.0,4602.0,14.0,1.0,0.0,0.0,0.0,0.0,0.0,0.0,37.0,-14.4,1.0,27.0,9.7,normal
1.0,4601.0,15.0,1.0,25.0,3.5,2.0,0.0,0.0,0.0,1.0,0.0,0.0,0.0,0.0,normal
1.0,4602.0,14.0,1.0,0.0,0.0,0.0,0.0,0.0,0.0,1.0,0.0,0.0,0.0,0.0,normal
1.0,4601.0,15.0,1.0,26.0,3.6,2.0,0.0,0.0,0.0,1.0,0.0,0.0,0.0,0.0,normal
1.0,4602.0,14.0,1.0,0.0,0.0,0.0,0.0,0.0,0.0,34.8,-14.3,1.0,27.0,4.9,normal
1.0,4601.0,15.0,1.0,0.0,0.0,0.0,0.0,0.0,0.0,1.0,0.0,0.0,0.0,0.0,normal
1.0,4602.0,14.0,1.0,0.0,0.0,0.0,0.0,0.0,0.0,1.0,0.0,0.0,0.0,0.0,normal
1.0,4601.0,15.0,1.0,26.0,7.2,4.0,0.0,0.0,0.0,1.0,0.0,0.0,0.0,0.0,normal
1.0,4602.0,13.0,1.0,20.0,1.4,1.0,0.0,0.0,0.0,32.9,-13.2,1.0,27.0,27.0,normal
1.0,4601.0,15.0,1.0,0.0,0.0,0.0,0.0,0.0,0.0,1.0,0.0,0.0,0.0,0.0,normal
1.0,4602.0,15.0,1.0,24.0,84.0,12.0,0.0,0.0,0.0,36.5,-14.1,1.0,27.0,19.0,normal
1.0,4601.0,15.0,1.0,26.0,2.7,2.0,0.0,0.0,0.0,1.0,0.0,0.0,0.0,0.0,normal
1.0,4602.0,15.0,1.0,0.0,0.0,0.0,0.0,0.0,0.0,1.0,0.0,0.0,0.0,0.0,normal
1.0,4601.0,15.0,1.0,26.0,11.0,6.0,0.0,0.0,0.0,1.0,0.0,0.0,0.0,0.0,normal
1.0,4602.0,15.0,1.0,0.0,0.0,0.0,0.0,0.0,0.0,1.0,0.0,0.0,0.0,0.0,normal
1.0,4601.0,15.0,1.0,0.0,0.0,0.0,0.0,0.0,0.0,28.0,-27.2,1.0,27.0,4.9,normal
1.0,4602.0,15.0,1.0,24.0,3.3,2.0,0.0,0.0,0.0,35.9,-14.2,1.0,27.0,15.0,normal
1.0,4601.0,15.0,1.0,26.0,17.0,10.0,0.0,0.0,0.0,1.0,0.0,0.0,0.0,0.0,normal
1.0,4602.0,15.0,1.0,0.0,0.0,0.0,0.0,0.0,0.0,1.0,0.0,0.0,0.0,0.0,normal
1.0,4601.0,15.0,1.0,26.0,13.0,322.0,3.0,0.0,295.0,26.3,-26.3,1.0,27.0,117.0,normal
1.0,4602.0,15.0,1.0,0.0,0.0,0.0,0.0,0.0,0.0,1.0,0.0,0.0,0.0,0.0,normal
1.0,4601.0,15.0,1.0,26.0,57.0,1394.0,6.0,0.0,367.0,28.4,-26.2,1.0,27.0,346.0,normal
1.0,4602.0,15.0,1.0,0.0,0.0,0.0,0.0,0.0,0.0,1.0,0.0,0.0,0.0,0.0,normal
1.0,4601.0,15.0,1.0,26.0,44.0,1094.0,10.0,0.0,461.0,28.5,-25.7,1.0,27.0,312.0,normal
1.0,4602.0,15.0,1.0,0.0,0.0,0.0,0.0,0.0,0.0,1.0,0.0,0.0,0.0,0.0,normal
1.0,4601.0,15.0,1.0,25.0,55.0,1377.0,19.0,1.0,3.0,28.4,-26.4,1.0,27.0,346.0,normal
1.0,4602.0,15.0,1.0,0.0,0.0,0.0,0.0,0.0,0.0,1.0,0.0,0.0,0.0,0.0,normal
1.0,4601.0,15.0,1.0,26.0,21.0,532.0,3.0,0.0,967.0,27.8,-26.1,1.0,27.0,286.0,normal
1.0,4602.0,15.0,1.0,24.0,18.0,469.0,5.0,1.0,851.0,36.3,-12.4,1.0,27.0,268.0,normal
1.0,4601.0,15.0,1.0,26.0,28.0,697.0,3.0,0.0,119.0,27.4,-26.8,1.0,27.0,319.0,normal
1.0,4602.0,15.0,1.0,24.0,26.0,695.0,6.0,0.0,707.0,36.5,-12.3,1.0,27.0,339.0,normal
1.0,4601.0,15.0,1.0,26.0,24.0,620.0,7.0,1.0,183.0,27.5,-26.4,1.0,26.0,268.0,normal
1.0,4602.0,15.0,1.0,25.0,26.0,669.0,5.0,0.0,0.0,36.2,-12.7,1.0,27.0,312.0,normal
1.0,4601.0,15.0,1.0,26.0,30.0,743.0,14.0,1.0,708.0,27.0,-26.9,1.0,27.0,298.0,normal
1.0,4602.0,15.0,1.0,24.0,24.0,634.0,10.0,1.0,827.0,36.1,-12.2,1.0,27.0,312.0,normal
1.0,4601.0,15.0,1.0,25.0,27.0,696.0,2.0,0.0,679.0,27.0,-27.0,1.0,27.0,313.0,normal
1.0,4602.0,15.0,1.0,24.0,26.0,695.0,8.0,1.0,412.0,36.0,-12.3,1.0,27.0,339.0,normal
1.0,4601.0,15.0,1.0,26.0,10.0,264.0,2.0,0.0,0.0,27.3,-26.8,1.0,27.0,132.0,normal
1.0,4602.0,15.0,1.0,24.0,22.0,662.0,6.0,0.0,5.83,35.8,-13.0,1.0,27.0,278.0,normal
1.0,4601.0,15.0,1.0,0.0,0.0,0.0,0.0,0.0,0.0,1.0,0.0,0.0,0.0,0.0,normal
1.0,4602.0,15.0,1.0,25.0,31.0,1188.0,7.0,0.0,5.63,35.3,-14.0,1.0,27.0,339.0,normal
1.0,4601.0,15.0,1.0,26.0,3.6,2.0,0.0,0.0,0.0,26.0,-27.5,1.0,26.0,4.7,normal
1.0,4602.0,15.0,1.0,25.0,28.0,1045.0,11.0,1.0,11.3,35.2,-13.9,1.0,27.0,339.0,normal
1.0,4601.0,15.0,1.0,24.0,3.3,2.0,0.0,0.0,0.0,1.0,0.0,0.0,0.0,0.0,normal
1.0,4602.0,15.0,1.0,25.0,29.0,943.0,18.0,1.0,0.0,35.2,-14.0,1.0,27.0,240.0,normal
1.0,4601.0,15.0,1.0,26.0,9.9,6.0,0.0,0.0,0.0,27.9,-26.6,1.0,27.0,54.0,normal
1.0,4602.0,15.0,1.0,0.0,0.0,0.0,0.0,0.0,0.0,1.0,0.0,0.0,0.0,0.0,normal
1.0,4601.0,15.0,1.0,25.0,42.0,1051.0,9.0,0.0,405.0,27.8,-27.0,1.0,27.0,310.0,normal
1.0,4602.0,15.0,1.0,0.0,0.0,0.0,0.0,0.0,0.0,36.4,-14.1,1.0,27.0,4.9,normal
1.0,4601.0,15.0,1.0,26.0,40.0,996.0,8.0,0.0,0.0,27.9,-27.1,1.0,27.0,261.0,normal
1.0,4602.0,15.0,1.0,0.0,0.0,0.0,0.0,0.0,0.0,1.0,0.0,0.0,0.0,0.0,normal
1.0,4601.0,14.0,1.0,24.0,3.3,2.0,0.0,0.0,0.0,1.0,0.0,0.0,0.0,0.0,normal
1.0,4602.0,14.0,1.0,24.0,1.7,1.0,0.0,0.0,0.0,37.1,-14.1,1.0,27.0,4.9,normal
1.0,4601.0,15.0,1.0,0.0,0.0,0.0,0.0,0.0,0.0,1.0,0.0,0.0,0.0,0.0,normal
1.0,4602.0,14.0,1.0,22.0,4.4,3.0,0.0,0.0,0.0,35.5,-14.2,1.0,27.0,15.0,normal
1.0,4601.0,15.0,1.0,26.0,7.1,4.0,0.0,0.0,0.0,1.0,0.0,0.0,0.0,0.0,normal
1.0,4602.0,14.0,1.0,0.0,0.0,0.0,0.0,0.0,0.0,1.0,0.0,0.0,0.0,0.0,normal
1.0,4601.0,15.0,1.0,0.0,0.0,0.0,0.0,0.0,0.0,1.0,0.0,0.0,0.0,0.0,normal
1.0,4602.0,14.0,1.0,22.0,1.5,1.0,0.0,0.0,0.0,36.4,-14.3,1.0,27.0,4.9,normal
1.0,4601.0,15.0,1.0,26.0,6.3,4.0,0.0,0.0,0.0,28.2,-27.5,1.0,27.0,4.9,normal
1.0,4602.0,14.0,1.0,0.0,0.0,0.0,0.0,0.0,0.0,36.1,-14.2,1.0,27.0,4.9,normal
1.0,4601.0,15.0,1.0,26.0,11.0,6.0,0.0,0.0,0.0,27.5,-27.5,1.0,27.0,9.7,normal
1.0,4602.0,14.0,1.0,22.0,1.5,1.0,0.0,0.0,0.0,37.1,-14.2,1.0,27.0,9.7,normal
1.0,4601.0,15.0,1.0,26.0,3.6,2.0,0.0,0.0,0.0,1.0,0.0,0.0,0.0,0.0,normal
1.0,4602.0,14.0,1.0,0.0,0.0,0.0,0.0,0.0,0.0,1.0,0.0,0.0,0.0,0.0,normal
1.0,4601.0,15.0,1.0,26.0,3.6,2.0,0.0,0.0,0.0,1.0,0.0,0.0,0.0,0.0,normal
1.0,4602.0,14.0,1.0,0.0,0.0,0.0,0.0,0.0,0.0,1.0,0.0,0.0,0.0,0.0,normal
1.0,4601.0,15.0,1.0,0.0,0.0,0.0,0.0,0.0,0.0,1.0,0.0,0.0,0.0,0.0,normal
1.0,4602.0,14.0,1.0,0.0,0.0,0.0,0.0,0.0,0.0,1.0,0.0,0.0,0.0,0.0,normal
1.0,4601.0,15.0,1.0,0.0,0.0,0.0,0.0,0.0,0.0,1.0,0.0,0.0,0.0,0.0,normal
1.0,4602.0,14.0,1.0,0.0,0.0,0.0,0.0,0.0,0.0,1.0,0.0,0.0,0.0,0.0,normal
1.0,4601.0,15.0,1.0,26.0,7.1,4.0,0.0,0.0,0.0,1.0,0.0,0.0,0.0,0.0,normal
1.0,4602.0,14.0,1.0,22.0,1.5,1.0,0.0,0.0,0.0,35.3,-14.3,1.0,27.0,4.9,normal
1.0,4601.0,15.0,1.0,26.0,9.9,6.0,0.0,0.0,0.0,1.0,0.0,0.0,0.0,0.0,normal
1.0,4602.0,14.0,1.0,0.0,0.0,0.0,0.0,0.0,0.0,1.0,0.0,0.0,0.0,0.0,normal
1.0,4601.0,15.0,1.0,0.0,0.0,0.0,0.0,0.0,0.0,1.0,0.0,0.0,0.0,0.0,normal
1.0,4602.0,14.0,1.0,0.0,0.0,0.0,0.0,0.0,0.0,1.0,0.0,0.0,0.0,0.0,normal
1.0,4601.0,15.0,1.0,26.0,3.6,2.0,0.0,0.0,0.0,1.0,0.0,0.0,0.0,0.0,normal
1.0,4602.0,14.0,1.0,0.0,0.0,0.0,0.0,0.0,0.0,1.0,0.0,0.0,0.0,0.0,normal
1.0,4601.0,15.0,1.0,26.0,1.8,1.0,0.0,0.0,0.0,1.0,0.0,0.0,0.0,0.0,normal
1.0,4602.0,14.0,1.0,0.0,0.0,0.0,0.0,0.0,0.0,37.2,-14.2,1.0,27.0,4.9,normal
1.0,4601.0,15.0,1.0,25.0,7.7,5.0,0.0,0.0,0.0,27.4,-27.4,1.0,27.0,4.9,normal
1.0,4602.0,14.0,1.0,0.0,0.0,0.0,0.0,0.0,0.0,1.0,0.0,0.0,0.0,0.0,normal
1.0,4601.0,15.0,1.0,0.0,0.0,0.0,0.0,0.0,0.0,1.0,0.0,0.0,0.0,0.0,normal
1.0,4602.0,14.0,1.0,0.0,0.0,0.0,0.0,0.0,0.0,36.8,-14.2,1.0,27.0,4.9,normal
1.0,4601.0,15.0,1.0,25.0,6.9,4.0,0.0,0.0,0.0,1.0,0.0,0.0,0.0,0.0,normal
1.0,4602.0,14.0,1.0,0.0,0.0,0.0,0.0,0.0,0.0,1.0,0.0,0.0,0.0,0.0,normal
1.0,4601.0,15.0,1.0,26.0,6.3,4.0,0.0,0.0,0.0,1.0,0.0,0.0,0.0,0.0,normal
1.0,4602.0,14.0,1.0,0.0,0.0,0.0,0.0,0.0,0.0,1.0,0.0,0.0,0.0,0.0,normal
1.0,4601.0,15.0,1.0,26.0,9.0,5.0,0.0,0.0,0.0,27.8,-27.8,1.0,27.0,15.0,normal
1.0,4602.0,14.0,1.0,0.0,0.0,0.0,0.0,0.0,0.0,1.0,0.0,0.0,0.0,0.0,normal
1.0,4601.0,15.0,1.0,0.0,0.0,0.0,0.0,0.0,0.0,27.0,-27.6,1.0,27.0,4.9,normal
1.0,4602.0,14.0,1.0,22.0,1.5,1.0,0.0,0.0,0.0,35.6,-14.2,1.0,27.0,4.9,normal
1.0,4601.0,15.0,1.0,26.0,8.9,6.0,0.0,0.0,0.0,1.0,0.0,0.0,0.0,0.0,normal
1.0,4602.0,14.0,1.0,0.0,0.0,0.0,0.0,0.0,0.0,1.0,0.0,0.0,0.0,0.0,normal
1.0,4601.0,15.0,1.0,0.0,0.0,0.0,0.0,0.0,0.0,1.0,0.0,0.0,0.0,0.0,normal
1.0,4602.0,14.0,1.0,0.0,0.0,0.0,0.0,0.0,0.0,1.0,0.0,0.0,0.0,0.0,normal
1.0,4601.0,15.0,1.0,0.0,0.0,0.0,0.0,0.0,0.0,26.8,-27.9,1.0,27.0,4.9,normal
1.0,4602.0,14.0,1.0,0.0,0.0,0.0,0.0,0.0,0.0,1.0,0.0,0.0,0.0,0.0,normal
1.0,4601.0,15.0,1.0,0.0,0.0,0.0,0.0,0.0,0.0,1.0,0.0,0.0,0.0,0.0,normal
1.0,4602.0,14.0,1.0,0.0,0.0,0.0,0.0,0.0,0.0,34.3,-14.2,1.0,27.0,4.9,normal
1.0,4601.0,15.0,1.0,25.0,3.5,2.0,0.0,0.0,0.0,27.3,-27.9,1.0,27.0,4.9,normal
1.0,4602.0,14.0,1.0,0.0,0.0,0.0,0.0,0.0,0.0,1.0,0.0,0.0,0.0,0.0,normal
1.0,4601.0,15.0,1.0,26.0,3.6,2.0,0.0,0.0,0.0,1.0,0.0,0.0,0.0,0.0,normal
1.0,4602.0,14.0,1.0,0.0,0.0,0.0,0.0,0.0,0.0,1.0,0.0,0.0,0.0,0.0,normal
1.0,4601.0,15.0,1.0,26.0,9.0,5.0,0.0,0.0,0.0,26.2,-27.7,1.0,27.0,4.9,normal
1.0,4602.0,14.0,1.0,0.0,0.0,0.0,0.0,0.0,0.0,1.0,0.0,0.0,0.0,0.0,normal
1.0,4601.0,15.0,1.0,0.0,0.0,0.0,0.0,0.0,0.0,1.0,0.0,0.0,0.0,0.0,normal
1.0,4602.0,14.0,1.0,0.0,0.0,0.0,0.0,0.0,0.0,1.0,0.0,0.0,0.0,0.0,normal
1.0,4601.0,15.0,1.0,26.0,7.2,4.0,0.0,0.0,0.0,1.0,0.0,0.0,0.0,0.0,normal
1.0,4602.0,15.0,1.0,24.0,37.0,1008.0,16.0,1.0,168.0,35.9,-14.0,1.0,27.0,288.0,normal
1.0,4601.0,15.0,1.0,26.0,17.0,10.0,0.0,0.0,0.0,1.0,0.0,0.0,0.0,0.0,normal
1.0,4602.0,15.0,1.0,23.0,46.0,1258.0,13.0,1.0,312.0,35.8,-14.1,1.0,27.0,352.0,normal
1.0,4601.0,15.0,1.0,26.0,3.6,2.0,0.0,0.0,0.0,1.0,0.0,0.0,0.0,0.0,normal
1.0,4602.0,15.0,1.0,23.0,44.0,1213.0,13.0,1.0,0.0,35.3,-13.0,1.0,27.0,343.0,normal
1.0,4601.0,15.0,1.0,26.0,3.6,2.0,0.0,0.0,0.0,1.0,0.0,0.0,0.0,0.0,normal
1.0,4602.0,15.0,1.0,24.0,45.0,1214.0,10.0,0.0,243.0,35.4,-13.4,1.0,27.0,298.0,normal
1.0,4601.0,15.0,1.0,0.0,0.0,0.0,0.0,0.0,0.0,1.0,0.0,0.0,0.0,0.0,normal
1.0,4602.0,15.0,1.0,24.0,26.0,715.0,6.0,0.0,0.0,35.5,-13.9,1.0,27.0,226.0,normal
1.0,4601.0,15.0,1.0,26.0,3.6,2.0,0.0,0.0,0.0,1.0,0.0,0.0,0.0,0.0,normal
1.0,4602.0,14.0,1.0,0.0,0.0,0.0,0.0,0.0,0.0,35.5,-14.0,1.0,27.0,4.9,normal
1.0,4601.0,15.0,1.0,0.0,0.0,0.0,0.0,0.0,0.0,1.0,0.0,0.0,0.0,0.0,normal
1.0,4602.0,13.0,1.0,0.0,0.0,0.0,0.0,0.0,0.0,1.0,0.0,0.0,0.0,0.0,normal
1.0,4601.0,15.0,1.0,26.0,3.6,2.0,0.0,0.0,0.0,1.0,0.0,0.0,0.0,0.0,normal
1.0,4602.0,13.0,1.0,0.0,0.0,0.0,0.0,0.0,0.0,1.0,0.0,0.0,0.0,0.0,normal
1.0,4601.0,15.0,1.0,26.0,11.0,6.0,0.0,0.0,0.0,1.0,0.0,0.0,0.0,0.0,normal
1.0,4602.0,14.0,1.0,0.0,0.0,0.0,0.0,0.0,0.0,1.0,0.0,0.0,0.0,0.0,normal
1.0,4601.0,14.0,1.0,23.0,3.2,2.0,0.0,0.0,0.0,1.0,0.0,0.0,0.0,0.0,normal
1.0,4602.0,12.0,1.0,0.0,0.0,0.0,0.0,0.0,0.0,1.0,0.0,0.0,0.0,0.0,normal
1.0,4601.0,15.0,1.0,26.0,6.2,4.0,0.0,0.0,0.0,1.0,0.0,0.0,0.0,0.0,normal
1.0,4602.0,13.0,1.0,18.0,1.2,1.0,0.0,0.0,0.0,36.1,-14.2,1.0,27.0,4.9,normal
1.0,4601.0,15.0,1.0,26.0,6.3,4.0,0.0,0.0,0.0,1.0,0.0,0.0,0.0,0.0,normal
1.0,4602.0,14.0,1.0,0.0,0.0,0.0,0.0,0.0,0.0,1.0,0.0,0.0,0.0,0.0,normal
1.0,4601.0,15.0,1.0,26.0,12.0,6.0,0.0,0.0,0.0,27.8,-27.1,1.0,27.0,14.0,normal
1.0,4602.0,14.0,1.0,0.0,0.0,0.0,0.0,0.0,0.0,35.3,-14.1,1.0,27.0,9.7,normal
1.0,4601.0,15.0,1.0,26.0,35.0,855.0,6.0,0.0,527.0,27.7,-26.6,1.0,27.0,257.0,normal
1.0,4602.0,14.0,1.0,0.0,0.0,0.0,0.0,0.0,0.0,35.6,-14.1,1.0,27.0,4.9,normal
1.0,4601.0,15.0,1.0,26.0,56.0,1383.0,17.0,1.0,483.0,27.7,-26.7,1.0,27.0,339.0,normal
1.0,4602.0,14.0,1.0,22.0,5.5,4.0,0.0,0.0,0.0,36.3,-14.2,1.0,27.0,9.7,normal
1.0,4601.0,15.0,1.0,25.0,38.0,999.0,15.0,1.0,527.0,27.4,-26.9,1.0,27.0,296.0,normal
1.0,4602.0,13.0,1.0,21.0,2.8,2.0,0.0,0.0,0.0,36.6,-14.2,1.0,27.0,9.7,normal
1.0,4601.0,15.0,1.0,24.0,52.0,1387.0,13.0,0.0,223.0,27.5,-26.7,1.0,27.0,330.0,normal
1.0,4602.0,14.0,1.0,20.0,5.4,4.0,0.0,0.0,0.0,35.7,-14.2,1.0,27.0,15.0,normal
1.0,4601.0,15.0,1.0,25.0,40.0,1041.0,13.0,1.0,505.0,26.9,-26.5,1.0,27.0,305.0,normal
1.0,4602.0,14.0,1.0,19.0,10.0,8.0,0.0,0.0,0.0,35.7,-14.2,1.0,27.0,24.0,normal
1.0,4601.0,15.0,1.0,25.0,44.0,1126.0,2.0,0.0,15.4,27.2,-26.6,1.0,27.0,336.0,normal
1.0,4602.0,14.0,1.0,0.0,0.0,0.0,0.0,0.0,0.0,35.6,-13.1,1.0,27.0,9.7,normal
1.0,4601.0,15.0,1.0,26.0,56.0,1380.0,12.0,0.0,526.0,27.9,-26.6,1.0,27.0,337.0,normal
1.0,4602.0,15.0,1.0,0.0,0.0,0.0,0.0,0.0,0.0,36.9,-14.2,1.0,27.0,4.9,normal
1.0,4601.0,15.0,1.0,26.0,32.0,791.0,7.0,0.0,0.0,27.0,-26.9,1.0,27.0,200.0,normal
1.0,4602.0,14.0,1.0,0.0,0.0,0.0,0.0,0.0,0.0,1.0,0.0,0.0,0.0,0.0,normal
1.0,4601.0,15.0,1.0,25.0,3.5,2.0,0.0,0.0,0.0,1.0,0.0,0.0,0.0,0.0,normal
1.0,4602.0,14.0,1.0,0.0,0.0,0.0,0.0,0.0,0.0,1.0,0.0,0.0,0.0,0.0,normal
1.0,4601.0,15.0,1.0,0.0,0.0,0.0,0.0,0.0,0.0,1.0,0.0,0.0,0.0,0.0,normal
1.0,4602.0,14.0,1.0,0.0,0.0,0.0,0.0,0.0,0.0,1.0,0.0,0.0,0.0,0.0,normal
1.0,4601.0,15.0,1.0,26.0,7.2,4.0,0.0,0.0,0.0,27.5,-27.8,1.0,27.0,9.7,normal
1.0,4602.0,14.0,1.0,0.0,0.0,0.0,0.0,0.0,0.0,1.0,0.0,0.0,0.0,0.0,normal
1.0,4601.0,15.0,1.0,26.0,3.6,2.0,0.0,0.0,0.0,1.0,0.0,0.0,0.0,0.0,normal
1.0,4602.0,14.0,1.0,0.0,0.0,0.0,0.0,0.0,0.0,1.0,0.0,0.0,0.0,0.0,normal
1.0,4601.0,15.0,1.0,26.0,16.0,9.0,0.0,0.0,0.0,1.0,0.0,0.0,0.0,0.0,normal
1.0,4602.0,14.0,1.0,0.0,0.0,0.0,0.0,0.0,0.0,1.0,0.0,0.0,0.0,0.0,normal
1.0,4601.0,15.0,1.0,26.0,14.0,9.0,0.0,0.0,0.0,1.0,0.0,0.0,0.0,0.0,normal
1.0,4602.0,14.0,1.0,22.0,6.8,5.0,0.0,0.0,0.0,35.4,-14.2,1.0,27.0,19.0,normal
1.0,4601.0,15.0,1.0,26.0,3.6,2.0,0.0,0.0,0.0,1.0,0.0,0.0,0.0,0.0,normal
1.0,4602.0,14.0,1.0,0.0,0.0,0.0,0.0,0.0,0.0,1.0,0.0,0.0,0.0,0.0,normal
1.0,4601.0,15.0,1.0,0.0,0.0,0.0,0.0,0.0,0.0,1.0,0.0,0.0,0.0,0.0,normal
1.0,4602.0,14.0,1.0,0.0,0.0,0.0,0.0,0.0,0.0,1.0,0.0,0.0,0.0,0.0,normal
1.0,4601.0,15.0,1.0,0.0,0.0,0.0,0.0,0.0,0.0,1.0,0.0,0.0,0.0,0.0,normal
1.0,4602.0,14.0,1.0,0.0,0.0,0.0,0.0,0.0,0.0,1.0,0.0,0.0,0.0,0.0,normal
1.0,4601.0,15.0,1.0,25.0,8.6,5.0,0.0,0.0,0.0,1.0,0.0,0.0,0.0,0.0,normal
1.0,4602.0,13.0,1.0,0.0,0.0,0.0,0.0,0.0,0.0,1.0,0.0,0.0,0.0,0.0,normal
1.0,4601.0,15.0,1.0,24.0,8.5,5.0,0.0,0.0,0.0,27.6,-27.7,1.0,27.0,9.7,normal
1.0,4602.0,14.0,1.0,0.0,0.0,0.0,0.0,0.0,0.0,1.0,0.0,0.0,0.0,0.0,normal
1.0,4601.0,15.0,1.0,0.0,0.0,0.0,0.0,0.0,0.0,1.0,0.0,0.0,0.0,0.0,normal
1.0,4602.0,14.0,1.0,0.0,0.0,0.0,0.0,0.0,0.0,1.0,0.0,0.0,0.0,0.0,normal
1.0,4601.0,15.0,1.0,0.0,0.0,0.0,0.0,0.0,0.0,1.0,0.0,0.0,0.0,0.0,normal
1.0,4602.0,14.0,1.0,0.0,0.0,0.0,0.0,0.0,0.0,35.7,-14.0,1.0,27.0,4.9,normal
1.0,4601.0,15.0,1.0,25.0,2.6,2.0,0.0,0.0,0.0,1.0,0.0,0.0,0.0,0.0,normal
1.0,4602.0,14.0,1.0,0.0,0.0,0.0,0.0,0.0,0.0,1.0,0.0,0.0,0.0,0.0,normal
1.0,4601.0,15.0,1.0,26.0,3.6,2.0,0.0,0.0,0.0,1.0,0.0,0.0,0.0,0.0,normal
1.0,4602.0,14.0,1.0,21.0,5.7,4.0,0.0,0.0,0.0,35.7,-14.1,1.0,27.0,19.0,normal
1.0,4601.0,15.0,1.0,23.0,1.6,1.0,0.0,0.0,0.0,1.0,0.0,0.0,0.0,0.0,normal
1.0,4602.0,14.0,1.0,21.0,8.5,6.0,0.0,0.0,0.0,35.5,-14.1,1.0,27.0,24.0,normal
1.0,4601.0,15.0,1.0,25.0,5.3,3.0,0.0,0.0,0.0,27.6,-27.6,1.0,27.0,4.9,normal
1.0,4602.0,14.0,1.0,0.0,0.0,0.0,0.0,0.0,0.0,1.0,0.0,0.0,0.0,0.0,normal
1.0,4601.0,15.0,1.0,25.0,5.2,4.0,0.0,0.0,0.0,1.0,0.0,0.0,0.0,0.0,normal
1.0,4602.0,13.0,1.0,21.0,4.8,4.0,0.0,0.0,0.0,35.7,-14.1,1.0,27.0,15.0,normal
1.0,4601.0,15.0,1.0,0.0,0.0,0.0,0.0,0.0,0.0,1.0,0.0,0.0,0.0,0.0,normal
1.0,4602.0,14.0,1.0,0.0,0.0,0.0,0.0,0.0,0.0,1.0,0.0,0.0,0.0,0.0,normal
1.0,4601.0,15.0,1.0,26.0,6.3,4.0,0.0,0.0,0.0,1.0,0.0,0.0,0.0,0.0,normal
1.0,4602.0,15.0,1.0,24.0,13.0,8.0,0.0,0.0,0.0,35.7,-14.1,1.0,27.0,19.0,normal
1.0,4601.0,15.0,1.0,0.0,0.0,0.0,0.0,0.0,0.0,1.0,0.0,0.0,0.0,0.0,normal
1.0,4602.0,14.0,1.0,0.0,0.0,0.0,0.0,0.0,0.0,1.0,0.0,0.0,0.0,0.0,normal
1.0,4601.0,15.0,1.0,26.0,17.0,10.0,0.0,0.0,0.0,1.0,0.0,0.0,0.0,0.0,normal
1.0,4602.0,15.0,1.0,24.0,6.5,4.0,0.0,0.0,0.0,37.3,-14.1,1.0,27.0,9.7,normal
1.0,4601.0,15.0,1.0,0.0,0.0,0.0,0.0,0.0,0.0,1.0,0.0,0.0,0.0,0.0,normal
1.0,4602.0,15.0,1.0,21.0,5.8,4.0,0.0,0.0,0.0,36.1,-14.1,1.0,27.0,9.7,normal
1.0,4601.0,15.0,1.0,25.0,2.6,2.0,0.0,0.0,0.0,1.0,0.0,0.0,0.0,0.0,normal
1.0,4602.0,15.0,1.0,24.0,31.0,820.0,8.0,0.0,191.0,35.5,-13.9,1.0,27.0,273.0,normal
1.0,4601.0,15.0,1.0,26.0,11.0,6.0,0.0,0.0,0.0,26.9,-27.0,1.0,27.0,4.9,normal
1.0,4602.0,15.0,1.0,24.0,46.0,1224.0,21.0,1.0,139.0,35.1,-13.5,1.0,27.0,469.0,normal
1.0,4601.0,15.0,1.0,26.0,7.2,4.0,0.0,0.0,0.0,1.0,0.0,0.0,0.0,0.0,normal
1.0,4602.0,15.0,1.0,24.0,52.0,1384.0,16.0,1.0,446.0,35.5,-13.9,1.0,27.0,366.0,normal
1.0,4601.0,15.0,1.0,26.0,6.2,4.0,0.0,0.0,0.0,1.0,0.0,0.0,0.0,0.0,normal
1.0,4602.0,15.0,1.0,24.0,47.0,1275.0,7.0,0.0,229.0,35.6,-13.7,1.0,27.0,354.0,normal
1.0,4601.0,15.0,1.0,26.0,3.6,2.0,0.0,0.0,0.0,1.0,0.0,0.0,0.0,0.0,normal
1.0,4602.0,15.0,1.0,24.0,36.0,964.0,13.0,1.0,81.6,35.8,-13.7,1.0,27.0,282.0,normal
1.0,4601.0,15.0,1.0,0.0,0.0,0.0,0.0,0.0,0.0,1.0,0.0,0.0,0.0,0.0,normal
1.0,4602.0,15.0,1.0,24.0,41.0,1138.0,16.0,1.0,94.1,35.8,-13.0,1.0,27.0,302.0,normal
1.0,4601.0,15.0,1.0,26.0,1.8,1.0,0.0,0.0,0.0,28.2,-27.1,1.0,27.0,15.0,normal
1.0,4602.0,15.0,1.0,24.0,24.0,663.0,2.0,0.0,0.0,35.6,-12.8,1.0,27.0,173.0,normal
1.0,4601.0,15.0,1.0,26.0,9.0,5.0,0.0,0.0,0.0,28.3,-27.1,1.0,27.0,19.0,normal
1.0,4602.0,14.0,1.0,20.0,1.4,1.0,0.0,0.0,0.0,33.5,-12.6,1.0,27.0,37.0,normal
1.0,4601.0,15.0,1.0,26.0,7.2,4.0,0.0,0.0,0.0,27.8,-27.0,1.0,27.0,9.7,normal
1.0,4602.0,14.0,1.0,22.0,1.5,53.0,1.0,1.0,0.0,36.2,-13.9,1.0,27.0,23.0,normal
1.0,4601.0,15.0,1.0,26.0,3.6,2.0,0.0,0.0,0.0,1.0,0.0,0.0,0.0,0.0,normal
1.0,4602.0,13.0,1.0,0.0,0.0,0.0,0.0,0.0,0.0,1.0,0.0,0.0,0.0,0.0,normal
1.0,4601.0,15.0,1.0,0.0,0.0,0.0,0.0,0.0,0.0,1.0,0.0,0.0,0.0,0.0,normal
1.0,4602.0,14.0,1.0,0.0,0.0,0.0,0.0,0.0,0.0,1.0,0.0,0.0,0.0,0.0,normal
1.0,4601.0,15.0,1.0,26.0,1.8,1.0,0.0,0.0,0.0,26.8,-27.8,1.0,27.0,4.9,normal
1.0,4602.0,14.0,1.0,0.0,0.0,0.0,0.0,0.0,0.0,37.1,-14.1,1.0,27.0,4.9,normal
1.0,4601.0,15.0,1.0,25.0,5.3,3.0,0.0,0.0,0.0,1.0,0.0,0.0,0.0,0.0,normal
1.0,4602.0,14.0,1.0,0.0,0.0,0.0,0.0,0.0,0.0,1.0,0.0,0.0,0.0,0.0,normal
1.0,4601.0,15.0,1.0,26.0,7.2,4.0,0.0,0.0,0.0,27.0,-27.7,1.0,27.0,4.9,normal
1.0,4602.0,14.0,1.0,0.0,0.0,0.0,0.0,0.0,0.0,1.0,0.0,0.0,0.0,0.0,normal
1.0,4601.0,15.0,1.0,26.0,2.7,2.0,0.0,0.0,0.0,1.0,0.0,0.0,0.0,0.0,normal
1.0,4602.0,13.0,1.0,0.0,0.0,0.0,0.0,0.0,0.0,36.5,-14.1,1.0,27.0,4.9,normal
1.0,4601.0,15.0,1.0,26.0,3.6,2.0,0.0,0.0,0.0,1.0,0.0,0.0,0.0,0.0,normal
1.0,4602.0,14.0,1.0,0.0,0.0,0.0,0.0,0.0,0.0,1.0,0.0,0.0,0.0,0.0,normal
1.0,4601.0,15.0,1.0,0.0,0.0,0.0,0.0,0.0,0.0,1.0,0.0,0.0,0.0,0.0,normal
1.0,4602.0,14.0,1.0,0.0,0.0,0.0,0.0,0.0,0.0,1.0,0.0,0.0,0.0,0.0,normal
1.0,4601.0,15.0,1.0,25.0,3.5,2.0,0.0,0.0,0.0,28.3,-27.2,1.0,27.0,4.9,normal
1.0,4602.0,14.0,1.0,0.0,0.0,0.0,0.0,0.0,0.0,36.2,-14.0,1.0,27.0,4.9,normal
1.0,4601.0,15.0,1.0,26.0,1.8,1.0,0.0,0.0,0.0,1.0,0.0,0.0,0.0,0.0,normal
1.0,4602.0,14.0,1.0,0.0,0.0,0.0,0.0,0.0,0.0,1.0,0.0,0.0,0.0,0.0,normal
1.0,4601.0,15.0,1.0,25.0,34.0,887.0,21.0,2.0,554.0,27.7,-26.7,1.0,27.0,257.0,normal
1.0,4602.0,14.0,1.0,0.0,0.0,0.0,0.0,0.0,0.0,36.1,-13.3,1.0,27.0,4.9,normal
1.0,4601.0,15.0,1.0,24.0,51.0,1385.0,15.0,1.0,287.0,27.8,-26.9,1.0,27.0,407.0,normal
1.0,4602.0,14.0,1.0,0.0,0.0,0.0,0.0,0.0,0.0,1.0,0.0,0.0,0.0,0.0,normal
1.0,4601.0,15.0,1.0,25.0,42.0,1090.0,10.0,0.0,566.0,27.5,-27.4,1.0,27.0,329.0,normal
1.0,4602.0,14.0,1.0,0.0,0.0,0.0,0.0,0.0,0.0,1.0,0.0,0.0,0.0,0.0,normal
1.0,4601.0,15.0,1.0,25.0,44.0,1135.0,9.0,0.0,231.0,27.5,-27.2,1.0,27.0,314.0,normal
1.0,4602.0,13.0,1.0,0.0,0.0,0.0,0.0,0.0,0.0,1.0,0.0,0.0,0.0,0.0,normal
1.0,4601.0,15.0,1.0,25.0,54.0,1388.0,12.0,0.0,456.0,28.2,-26.6,1.0,27.0,335.0,normal
1.0,4602.0,14.0,1.0,0.0,0.0,0.0,0.0,0.0,0.0,1.0,0.0,0.0,0.0,0.0,normal
1.0,4601.0,15.0,1.0,26.0,42.0,1039.0,10.0,0.0,499.0,27.5,-27.5,1.0,27.0,281.0,normal
1.0,4602.0,14.0,1.0,0.0,0.0,0.0,0.0,0.0,0.0,1.0,0.0,0.0,0.0,0.0,normal
1.0,4601.0,15.0,1.0,26.0,47.0,1167.0,4.0,0.0,0.0,27.3,-26.9,1.0,27.0,337.0,normal
1.0,4602.0,12.0,1.0,0.0,0.0,0.0,0.0,0.0,0.0,1.0,0.0,0.0,0.0,0.0,normal
1.0,4601.0,15.0,1.0,26.0,48.0,1192.0,11.0,0.0,25.0,28.3,-26.3,1.0,27.0,292.0,normal
1.0,4602.0,13.0,1.0,0.0,0.0,0.0,0.0,0.0,0.0,1.0,0.0,0.0,0.0,0.0,normal
1.0,4601.0,15.0,1.0,26.0,4.2,105.0,0.0,0.0,0.0,27.7,-27.5,1.0,27.0,30.0,normal
1.0,4602.0,14.0,1.0,0.0,0.0,0.0,0.0,0.0,0.0,1.0,0.0,0.0,0.0,0.0,normal
1.0,4601.0,15.0,1.0,26.0,7.2,4.0,0.0,0.0,0.0,28.1,-27.4,1.0,27.0,15.0,normal
1.0,4602.0,14.0,1.0,0.0,0.0,0.0,0.0,0.0,0.0,1.0,0.0,0.0,0.0,0.0,normal
1.0,4601.0,15.0,1.0,26.0,58.0,18.0,0.0,0.0,0.0,27.9,-26.6,1.0,27.0,102.0,normal
1.0,4602.0,14.0,1.0,0.0,0.0,0.0,0.0,0.0,0.0,1.0,0.0,0.0,0.0,0.0,normal
1.0,4601.0,15.0,1.0,25.0,8.7,5.0,0.0,0.0,0.0,26.4,-28.2,1.0,27.0,4.9,normal
1.0,4602.0,14.0,1.0,21.0,2.2,75.0,0.0,0.0,29.5,35.5,-13.4,1.0,27.0,99.0,normal
1.0,4601.0,15.0,1.0,0.0,0.0,0.0,0.0,0.0,0.0,1.0,0.0,0.0,0.0,0.0,normal
1.0,4602.0,15.0,1.0,24.0,44.0,1173.0,14.0,1.0,389.0,35.5,-12.8,1.0,27.0,330.0,normal
1.0,4601.0,15.0,1.0,25.0,6.9,4.0,0.0,0.0,0.0,1.0,0.0,0.0,0.0,0.0,normal
1.0,4602.0,15.0,1.0,24.0,38.0,1042.0,15.0,1.0,203.0,35.6,-12.9,1.0,27.0,326.0,normal
1.0,4601.0,15.0,1.0,25.0,6.8,4.0,0.0,0.0,0.0,1.0,0.0,0.0,0.0,0.0,normal
1.0,4602.0,15.0,1.0,24.0,52.0,1390.0,10.0,0.0,382.0,35.3,-12.8,1.0,27.0,380.0,normal
1.0,4601.0,15.0,1.0,26.0,6.3,4.0,0.0,0.0,0.0,1.0,0.0,0.0,0.0,0.0,normal
1.0,4602.0,14.0,1.0,24.0,3.4,93.0,0.0,0.0,0.0,35.6,-12.6,1.0,27.0,25.0,normal
1.0,4601.0,15.0,1.0,26.0,9.9,6.0,0.0,0.0,0.0,1.0,0.0,0.0,0.0,0.0,normal
1.0,4602.0,14.0,1.0,0.0,0.0,0.0,0.0,0.0,0.0,1.0,0.0,0.0,0.0,0.0,normal
1.0,4601.0,15.0,1.0,0.0,0.0,0.0,0.0,0.0,0.0,28.5,-27.5,1.0,26.0,4.7,normal
1.0,4602.0,14.0,1.0,0.0,0.0,0.0,0.0,0.0,0.0,1.0,0.0,0.0,0.0,0.0,normal
1.0,4601.0,15.0,1.0,27.0,3.7,2.0,0.0,0.0,0.0,1.0,0.0,0.0,0.0,0.0,normal
1.0,4602.0,14.0,1.0,0.0,0.0,0.0,0.0,0.0,0.0,1.0,0.0,0.0,0.0,0.0,normal
1.0,4601.0,15.0,1.0,0.0,0.0,0.0,0.0,0.0,0.0,28.0,-26.8,1.0,27.0,4.9,normal
1.0,4602.0,14.0,1.0,0.0,0.0,0.0,0.0,0.0,0.0,36.9,-12.9,1.0,27.0,4.9,normal
1.0,4601.0,15.0,1.0,27.0,3.7,2.0,0.0,0.0,0.0,27.6,-27.3,1.0,27.0,4.9,normal
1.0,4602.0,14.0,1.0,0.0,0.0,0.0,0.0,0.0,0.0,1.0,0.0,0.0,0.0,0.0,normal
1.0,4601.0,15.0,1.0,0.0,0.0,0.0,0.0,0.0,0.0,1.0,0.0,0.0,0.0,0.0,normal
1.0,4602.0,14.0,1.0,0.0,0.0,0.0,0.0,0.0,0.0,1.0,0.0,0.0,0.0,0.0,normal
1.0,4601.0,15.0,1.0,27.0,10.0,6.0,0.0,0.0,0.0,1.0,0.0,0.0,0.0,0.0,normal
1.0,4602.0,14.0,1.0,0.0,0.0,0.0,0.0,0.0,0.0,37.1,-14.1,1.0,27.0,4.9,normal
1.0,4601.0,15.0,1.0,27.0,1.9,1.0,0.0,0.0,0.0,28.3,-26.5,1.0,27.0,4.9,normal
1.0,4602.0,14.0,1.0,0.0,0.0,0.0,0.0,0.0,0.0,1.0,0.0,0.0,0.0,0.0,normal
1.0,4601.0,15.0,1.0,25.0,5.3,3.0,0.0,0.0,0.0,1.0,0.0,0.0,0.0,0.0,normal
1.0,4602.0,13.0,1.0,0.0,0.0,0.0,0.0,0.0,0.0,35.0,-14.1,1.0,27.0,4.9,normal
1.0,4601.0,15.0,1.0,27.0,3.7,2.0,0.0,0.0,0.0,1.0,0.0,0.0,0.0,0.0,normal
1.0,4602.0,14.0,1.0,0.0,0.0,0.0,0.0,0.0,0.0,1.0,0.0,0.0,0.0,0.0,normal
1.0,4601.0,15.0,1.0,0.0,0.0,0.0,0.0,0.0,0.0,28.2,-27.2,1.0,27.0,15.0,normal
1.0,4602.0,14.0,1.0,0.0,0.0,0.0,0.0,0.0,0.0,1.0,0.0,0.0,0.0,0.0,normal
1.0,4601.0,15.0,1.0,27.0,9.3,5.0,0.0,0.0,0.0,1.0,0.0,0.0,0.0,0.0,normal
1.0,4602.0,14.0,1.0,0.0,0.0,0.0,0.0,0.0,0.0,38.2,-12.7,1.0,27.0,4.9,normal
1.0,4601.0,15.0,1.0,27.0,1.9,1.0,0.0,0.0,0.0,1.0,0.0,0.0,0.0,0.0,normal
1.0,4602.0,14.0,1.0,0.0,0.0,0.0,0.0,0.0,0.0,36.7,-13.4,1.0,27.0,4.9,normal
1.0,4601.0,15.0,1.0,0.0,0.0,0.0,0.0,0.0,0.0,27.7,-27.1,1.0,27.0,4.9,normal
1.0,4602.0,14.0,1.0,0.0,0.0,0.0,0.0,0.0,0.0,1.0,0.0,0.0,0.0,0.0,normal
1.0,4601.0,15.0,1.0,0.0,0.0,0.0,0.0,0.0,0.0,1.0,0.0,0.0,0.0,0.0,normal
1.0,4602.0,14.0,1.0,0.0,0.0,0.0,0.0,0.0,0.0,36.8,-14.3,1.0,27.0,4.9,normal
1.0,4601.0,15.0,1.0,27.0,7.3,4.0,0.0,0.0,0.0,1.0,0.0,0.0,0.0,0.0,normal
1.0,4602.0,13.0,1.0,0.0,0.0,0.0,0.0,0.0,0.0,1.0,0.0,0.0,0.0,0.0,normal
1.0,4601.0,15.0,1.0,27.0,7.5,4.0,0.0,0.0,0.0,1.0,0.0,0.0,0.0,0.0,normal
1.0,4602.0,14.0,1.0,0.0,0.0,0.0,0.0,0.0,0.0,1.0,0.0,0.0,0.0,0.0,normal
1.0,4601.0,15.0,1.0,27.0,10.0,6.0,0.0,0.0,0.0,1.0,0.0,0.0,0.0,0.0,normal
1.0,4602.0,13.0,1.0,21.0,2.8,2.0,0.0,0.0,0.0,35.2,-14.1,1.0,27.0,9.7,normal
1.0,4601.0,15.0,1.0,27.0,3.7,2.0,0.0,0.0,0.0,27.9,-26.7,1.0,27.0,4.9,normal
1.0,4602.0,13.0,1.0,0.0,0.0,0.0,0.0,0.0,0.0,1.0,0.0,0.0,0.0,0.0,normal
1.0,4601.0,15.0,1.0,0.0,0.0,0.0,0.0,0.0,0.0,1.0,0.0,0.0,0.0,0.0,normal
1.0,4602.0,13.0,1.0,0.0,0.0,0.0,0.0,0.0,0.0,1.0,0.0,0.0,0.0,0.0,normal
1.0,4601.0,15.0,1.0,0.0,0.0,0.0,0.0,0.0,0.0,1.0,0.0,0.0,0.0,0.0,normal
1.0,4602.0,13.0,1.0,0.0,0.0,0.0,0.0,0.0,0.0,1.0,0.0,0.0,0.0,0.0,normal
1.0,4601.0,15.0,1.0,0.0,0.0,0.0,0.0,0.0,0.0,1.0,0.0,0.0,0.0,0.0,normal
1.0,4602.0,13.0,1.0,0.0,0.0,0.0,0.0,0.0,0.0,36.2,-13.2,1.0,27.0,9.7,normal
1.0,4601.0,15.0,1.0,0.0,0.0,0.0,0.0,0.0,0.0,1.0,0.0,0.0,0.0,0.0,normal
1.0,4602.0,13.0,1.0,0.0,0.0,0.0,0.0,0.0,0.0,1.0,0.0,0.0,0.0,0.0,normal
1.0,4601.0,15.0,1.0,27.0,3.7,2.0,0.0,0.0,0.0,1.0,0.0,0.0,0.0,0.0,normal
1.0,4602.0,13.0,1.0,0.0,0.0,0.0,0.0,0.0,0.0,36.4,-14.0,1.0,27.0,4.9,normal
1.0,4601.0,15.0,1.0,24.0,3.3,2.0,0.0,0.0,0.0,1.0,0.0,0.0,0.0,0.0,normal
1.0,4602.0,13.0,1.0,0.0,0.0,0.0,0.0,0.0,0.0,1.0,0.0,0.0,0.0,0.0,normal
1.0,4601.0,15.0,1.0,27.0,7.5,4.0,0.0,0.0,0.0,1.0,0.0,0.0,0.0,0.0,normal
1.0,4602.0,13.0,1.0,0.0,0.0,0.0,0.0,0.0,0.0,1.0,0.0,0.0,0.0,0.0,normal
1.0,4601.0,15.0,1.0,0.0,0.0,0.0,0.0,0.0,0.0,1.0,0.0,0.0,0.0,0.0,normal
1.0,4602.0,12.0,1.0,17.0,3.5,3.0,0.0,0.0,0.0,35.4,-14.0,1.0,27.0,9.7,normal
1.0,4601.0,15.0,1.0,27.0,2.8,2.0,0.0,0.0,0.0,1.0,0.0,0.0,0.0,0.0,normal
1.0,4602.0,13.0,1.0,20.0,3.3,3.0,0.0,0.0,3.0,36.0,-14.1,1.0,27.0,19.0,normal
1.0,4601.0,15.0,1.0,0.0,0.0,0.0,0.0,0.0,0.0,1.0,0.0,0.0,0.0,0.0,normal
1.0,4602.0,13.0,1.0,0.0,1.4,1.0,0.0,0.0,0.0,1.0,0.0,0.0,0.0,0.0,normal
1.0,4601.0,15.0,1.0,27.0,20.0,12.0,0.0,0.0,0.0,26.8,-27.7,1.0,27.0,4.9,normal
1.0,4602.0,13.0,1.0,0.0,0.0,0.0,0.0,0.0,0.0,1.0,0.0,0.0,0.0,0.0,normal
1.0,4601.0,15.0,1.0,27.0,3.7,2.0,0.0,0.0,0.0,1.0,0.0,0.0,0.0,0.0,normal
1.0,4602.0,13.0,1.0,0.0,0.0,0.0,0.0,0.0,0.0,38.0,-14.1,1.0,27.0,4.9,normal
1.0,4601.0,15.0,1.0,0.0,0.0,0.0,0.0,0.0,0.0,1.0,0.0,0.0,0.0,0.0,normal
1.0,4602.0,13.0,1.0,0.0,0.0,0.0,0.0,0.0,0.0,1.0,0.0,0.0,0.0,0.0,normal
1.0,4601.0,15.0,1.0,0.0,0.0,0.0,0.0,0.0,0.0,1.0,0.0,0.0,0.0,0.0,normal
1.0,4602.0,13.0,1.0,0.0,0.0,0.0,0.0,0.0,0.0,1.0,0.0,0.0,0.0,0.0,normal
1.0,4601.0,15.0,1.0,0.0,0.0,0.0,0.0,0.0,0.0,1.0,0.0,0.0,0.0,0.0,normal
1.0,4602.0,13.0,1.0,0.0,0.0,0.0,0.0,0.0,0.0,1.0,0.0,0.0,0.0,0.0,normal
1.0,4601.0,15.0,1.0,27.0,3.7,2.0,0.0,0.0,0.0,1.0,0.0,0.0,0.0,0.0,normal
1.0,4602.0,13.0,1.0,0.0,0.0,0.0,0.0,0.0,0.0,1.0,0.0,0.0,0.0,0.0,normal
1.0,4601.0,15.0,1.0,25.0,45.0,1121.0,17.0,1.0,367.0,27.8,-27.1,1.0,27.0,315.0,normal
1.0,4602.0,13.0,1.0,0.0,0.0,0.0,0.0,0.0,0.0,1.0,0.0,0.0,0.0,0.0,normal
1.0,4601.0,15.0,1.0,25.0,39.0,991.0,10.0,0.0,185.0,27.7,-27.1,1.0,27.0,285.0,normal
1.0,4602.0,13.0,1.0,0.0,0.0,0.0,0.0,0.0,0.0,1.0,0.0,0.0,0.0,0.0,normal
1.0,4601.0,15.0,1.0,25.0,55.0,1391.0,9.0,0.0,422.0,27.7,-27.2,1.0,27.0,339.0,normal
1.0,4602.0,13.0,1.0,0.0,0.0,0.0,0.0,0.0,0.0,1.0,0.0,0.0,0.0,0.0,normal
1.0,4601.0,15.0,1.0,26.0,45.0,1115.0,10.0,0.0,198.0,27.8,-27.0,1.0,27.0,316.0,normal
1.0,4602.0,13.0,1.0,0.0,0.0,0.0,0.0,0.0,0.0,1.0,0.0,0.0,0.0,0.0,normal
1.0,4601.0,15.0,1.0,26.0,41.0,1019.0,8.0,0.0,0.0,27.2,-26.9,1.0,27.0,299.0,normal
1.0,4602.0,13.0,1.0,0.0,0.0,0.0,0.0,0.0,0.0,1.0,0.0,0.0,0.0,0.0,normal
1.0,4601.0,15.0,1.0,26.0,56.0,1379.0,9.0,0.0,584.0,27.8,-27.2,1.0,27.0,339.0,normal
1.0,4602.0,14.0,1.0,0.0,0.0,0.0,0.0,0.0,0.0,35.7,-14.1,1.0,27.0,4.9,normal
1.0,4601.0,15.0,1.0,26.0,33.0,833.0,14.0,1.0,170.0,26.8,-27.2,1.0,27.0,300.0,normal
1.0,4602.0,14.0,1.0,24.0,20.0,546.0,10.0,1.0,701.0,35.1,-12.8,1.0,27.0,251.0,normal
1.0,4601.0,15.0,1.0,25.0,26.0,676.0,9.0,1.0,707.0,26.4,-27.5,1.0,26.0,258.0,normal
1.0,4602.0,15.0,1.0,23.0,25.0,722.0,11.0,1.0,703.0,35.9,-12.4,1.0,27.0,339.0,normal
1.0,4601.0,15.0,1.0,25.0,27.0,691.0,10.0,1.0,613.0,26.4,-27.4,1.0,26.0,281.0,normal
1.0,4602.0,15.0,1.0,23.0,24.0,691.0,9.0,1.0,3.0,35.9,-12.4,1.0,27.0,332.0,normal
1.0,4601.0,15.0,1.0,24.0,29.0,794.0,10.0,1.0,351.0,27.1,-27.2,1.0,27.0,315.0,normal
1.0,4602.0,15.0,1.0,22.0,20.0,591.0,13.0,2.0,817.0,35.9,-12.2,1.0,27.0,337.0,normal
1.0,4601.0,14.0,1.0,24.0,3.0,88.0,0.0,0.0,0.0,27.2,-26.9,1.0,27.0,46.0,normal
1.0,4602.0,15.0,1.0,22.0,43.0,1305.0,13.0,0.0,538.0,35.7,-13.7,1.0,27.0,339.0,normal
1.0,4601.0,14.0,1.0,22.0,8.1,6.0,0.0,0.0,0.0,1.0,0.0,0.0,0.0,0.0,normal
1.0,4602.0,15.0,1.0,21.0,35.0,1095.0,8.0,0.0,296.0,35.3,-13.9,1.0,27.0,305.0,normal
1.0,4601.0,14.0,1.0,22.0,5.9,4.0,0.0,0.0,0.0,1.0,0.0,0.0,0.0,0.0,normal
1.0,4602.0,15.0,1.0,22.0,42.0,1230.0,7.0,0.0,0.0,35.6,-13.9,1.0,27.0,352.0,normal
1.0,4601.0,14.0,1.0,21.0,5.7,4.0,0.0,0.0,0.0,1.0,0.0,0.0,0.0,0.0,normal
1.0,4602.0,15.0,1.0,23.0,41.0,1129.0,4.0,0.0,269.0,35.5,-14.0,1.0,27.0,271.0,normal
1.0,4601.0,14.0,1.0,22.0,5.1,4.0,0.0,0.0,0.0,27.4,-27.7,1.0,27.0,9.6,normal
1.0,4602.0,15.0,1.0,24.0,38.0,1110.0,21.0,1.0,13.1,35.6,-13.6,1.0,27.0,318.0,normal
1.0,4601.0,14.0,1.0,0.0,0.0,0.0,0.0,0.0,0.0,1.0,0.0,0.0,0.0,0.0,normal
1.0,4602.0,15.0,1.0,23.0,23.0,745.0,7.0,0.0,0.0,35.9,-12.7,1.0,27.0,188.0,normal
1.0,4601.0,14.0,1.0,21.0,6.3,5.0,0.0,0.0,0.0,27.9,-27.0,1.0,27.0,9.7,normal
1.0,4602.0,15.0,1.0,0.0,0.0,0.0,0.0,0.0,0.0,1.0,0.0,0.0,0.0,0.0,normal
1.0,4601.0,14.0,1.0,20.0,640.0,1.0,0.0,0.0,0.0,1.0,0.0,0.0,0.0,0.0,normal
1.0,4602.0,14.0,1.0,0.0,0.0,0.0,0.0,0.0,0.0,1.0,0.0,0.0,0.0,0.0,normal
1.0,4601.0,14.0,1.0,0.0,0.0,0.0,0.0,0.0,0.0,1.0,0.0,0.0,0.0,0.0,normal
1.0,4602.0,15.0,1.0,0.0,0.0,0.0,0.0,0.0,0.0,1.0,0.0,0.0,0.0,0.0,normal
1.0,4601.0,14.0,1.0,0.0,0.0,0.0,0.0,0.0,0.0,1.0,0.0,0.0,0.0,0.0,normal
1.0,4602.0,14.0,1.0,0.0,0.0,0.0,0.0,0.0,0.0,1.0,0.0,0.0,0.0,0.0,normal
1.0,4601.0,14.0,1.0,0.0,0.0,0.0,0.0,0.0,0.0,1.0,0.0,0.0,0.0,0.0,normal
1.0,4602.0,14.0,1.0,0.0,0.0,0.0,0.0,0.0,0.0,1.0,0.0,0.0,0.0,0.0,normal
1.0,4601.0,14.0,1.0,0.0,0.0,0.0,0.0,0.0,0.0,1.0,0.0,0.0,0.0,0.0,normal
1.0,4602.0,14.0,1.0,0.0,0.0,0.0,0.0,0.0,0.0,1.0,0.0,0.0,0.0,0.0,normal
1.0,4601.0,14.0,1.0,0.0,0.0,0.0,0.0,0.0,0.0,29.1,-26.7,1.0,27.0,4.9,normal
1.0,4602.0,13.0,1.0,0.0,0.0,0.0,0.0,0.0,0.0,1.0,0.0,0.0,0.0,0.0,normal
1.0,4601.0,14.0,1.0,22.0,3.0,2.0,0.0,0.0,0.0,27.9,-27.0,1.0,27.0,4.9,normal
1.0,4602.0,14.0,1.0,0.0,0.0,0.0,0.0,0.0,0.0,34.1,-13.2,1.0,27.0,4.9,normal
1.0,4601.0,14.0,1.0,0.0,0.0,0.0,0.0,0.0,0.0,1.0,0.0,0.0,0.0,0.0,normal
1.0,4602.0,14.0,1.0,0.0,0.0,0.0,0.0,0.0,0.0,1.0,0.0,0.0,0.0,0.0,normal
1.0,4601.0,14.0,1.0,22.0,5.1,4.0,0.0,0.0,0.0,1.0,0.0,0.0,0.0,0.0,normal
1.0,4602.0,13.0,1.0,0.0,0.0,0.0,0.0,0.0,0.0,1.0,0.0,0.0,0.0,0.0,normal
1.0,4601.0,14.0,1.0,22.0,3.0,2.0,0.0,0.0,0.0,1.0,0.0,0.0,0.0,0.0,normal
1.0,4602.0,14.0,1.0,0.0,0.0,0.0,0.0,0.0,0.0,1.0,0.0,0.0,0.0,0.0,normal
1.0,4601.0,14.0,1.0,22.0,3.0,2.0,0.0,0.0,0.0,1.0,0.0,0.0,0.0,0.0,normal
1.0,4602.0,14.0,1.0,0.0,0.0,0.0,0.0,0.0,0.0,1.0,0.0,0.0,0.0,0.0,normal
1.0,4601.0,14.0,1.0,22.0,3.0,2.0,0.0,0.0,0.0,28.0,-27.4,1.0,27.0,4.9,normal
1.0,4602.0,14.0,1.0,0.0,0.0,0.0,0.0,0.0,0.0,1.0,0.0,0.0,0.0,0.0,normal
1.0,4601.0,14.0,1.0,21.0,2.8,2.0,0.0,0.0,0.0,1.0,0.0,0.0,0.0,0.0,normal
1.0,4602.0,13.0,1.0,0.0,0.0,0.0,0.0,0.0,0.0,1.0,0.0,0.0,0.0,0.0,normal
1.0,4601.0,14.0,1.0,22.0,5.1,4.0,0.0,0.0,0.0,1.0,0.0,0.0,0.0,0.0,normal
1.0,4602.0,14.0,1.0,0.0,0.0,0.0,0.0,0.0,0.0,35.7,-13.0,1.0,27.0,4.9,normal
1.0,4601.0,14.0,1.0,0.0,0.0,0.0,0.0,0.0,0.0,1.0,0.0,0.0,0.0,0.0,normal
1.0,4602.0,14.0,1.0,0.0,0.0,0.0,0.0,0.0,0.0,1.0,0.0,0.0,0.0,0.0,normal
1.0,4601.0,14.0,1.0,0.0,0.0,0.0,0.0,0.0,0.0,1.0,0.0,0.0,0.0,0.0,normal
1.0,4602.0,14.0,1.0,0.0,0.0,0.0,0.0,0.0,0.0,1.0,0.0,0.0,0.0,0.0,normal
1.0,4601.0,14.0,1.0,21.0,2.8,2.0,0.0,0.0,0.0,1.0,0.0,0.0,0.0,0.0,normal
1.0,4602.0,14.0,1.0,0.0,0.0,0.0,0.0,0.0,0.0,36.9,-13.2,1.0,27.0,4.9,normal
1.0,4601.0,14.0,1.0,22.0,5.9,4.0,0.0,0.0,0.0,1.0,0.0,0.0,0.0,0.0,normal
1.0,4602.0,14.0,1.0,0.0,0.0,0.0,0.0,0.0,0.0,1.0,0.0,0.0,0.0,0.0,normal
1.0,4601.0,14.0,1.0,22.0,5.1,4.0,0.0,0.0,0.0,1.0,0.0,0.0,0.0,0.0,normal
1.0,4602.0,14.0,1.0,0.0,0.0,0.0,0.0,0.0,0.0,1.0,0.0,0.0,0.0,0.0,normal
1.0,4601.0,14.0,1.0,22.0,14.0,10.0,0.0,0.0,0.0,1.0,0.0,0.0,0.0,0.0,normal
1.0,4602.0,14.0,1.0,0.0,0.0,0.0,0.0,0.0,0.0,1.0,0.0,0.0,0.0,0.0,normal
1.0,4601.0,14.0,1.0,22.0,2.2,2.0,0.0,0.0,0.0,1.0,0.0,0.0,0.0,0.0,normal
1.0,4602.0,14.0,1.0,0.0,0.0,0.0,0.0,0.0,0.0,1.0,0.0,0.0,0.0,0.0,normal
1.0,4601.0,14.0,1.0,22.0,3.0,2.0,0.0,0.0,0.0,1.0,0.0,0.0,0.0,0.0,normal
1.0,4602.0,14.0,1.0,0.0,0.0,0.0,0.0,0.0,0.0,1.0,0.0,0.0,0.0,0.0,normal
1.0,4601.0,14.0,1.0,22.0,5.8,5.0,0.0,0.0,0.0,1.0,0.0,0.0,0.0,0.0,normal
1.0,4602.0,14.0,1.0,0.0,0.0,0.0,0.0,0.0,0.0,1.0,0.0,0.0,0.0,0.0,normal
1.0,4601.0,14.0,1.0,22.0,6.6,5.0,0.0,0.0,0.0,1.0,0.0,0.0,0.0,0.0,normal
1.0,4602.0,14.0,1.0,0.0,0.0,0.0,0.0,0.0,0.0,1.0,0.0,0.0,0.0,0.0,normal
1.0,4601.0,14.0,1.0,22.0,3.0,2.0,0.0,0.0,0.0,1.0,0.0,0.0,0.0,0.0,normal
1.0,4602.0,14.0,1.0,0.0,0.0,0.0,0.0,0.0,0.0,1.0,0.0,0.0,0.0,0.0,normal
1.0,4601.0,14.0,1.0,0.0,0.0,0.0,0.0,0.0,0.0,1.0,0.0,0.0,0.0,0.0,normal
1.0,4602.0,14.0,1.0,0.0,0.0,0.0,0.0,0.0,0.0,36.9,-13.6,1.0,27.0,4.9,normal
1.0,4601.0,14.0,1.0,0.0,0.0,0.0,0.0,0.0,0.0,28.9,-26.3,1.0,27.0,4.9,normal
1.0,4602.0,14.0,1.0,0.0,0.0,0.0,0.0,0.0,0.0,1.0,0.0,0.0,0.0,0.0,normal
1.0,4601.0,14.0,1.0,0.0,0.0,0.0,0.0,0.0,0.0,1.0,0.0,0.0,0.0,0.0,normal
1.0,4602.0,14.0,1.0,0.0,0.0,0.0,0.0,0.0,0.0,35.8,-13.3,1.0,27.0,4.9,normal
1.0,4601.0,14.0,1.0,0.0,0.0,0.0,0.0,0.0,0.0,28.4,-26.8,1.0,27.0,4.9,normal
1.0,4602.0,14.0,1.0,0.0,0.0,0.0,0.0,0.0,0.0,1.0,0.0,0.0,0.0,0.0,normal
1.0,4601.0,14.0,1.0,0.0,0.0,0.0,0.0,0.0,0.0,1.0,0.0,0.0,0.0,0.0,normal
1.0,4602.0,14.0,1.0,0.0,0.0,0.0,0.0,0.0,0.0,1.0,0.0,0.0,0.0,0.0,normal
1.0,4601.0,14.0,1.0,0.0,0.0,0.0,0.0,0.0,0.0,1.0,0.0,0.0,0.0,0.0,normal
1.0,4602.0,13.0,1.0,0.0,0.0,0.0,0.0,0.0,0.0,36.2,-13.4,1.0,27.0,4.9,normal
1.0,4601.0,14.0,1.0,22.0,3.0,2.0,0.0,0.0,0.0,1.0,0.0,0.0,0.0,0.0,normal
1.0,4602.0,14.0,1.0,0.0,0.0,0.0,0.0,0.0,0.0,1.0,0.0,0.0,0.0,0.0,normal
1.0,4601.0,14.0,1.0,23.0,5.5,4.0,0.0,0.0,0.0,1.0,0.0,0.0,0.0,0.0,normal
1.0,4602.0,13.0,1.0,0.0,0.0,0.0,0.0,0.0,0.0,1.0,0.0,0.0,0.0,0.0,normal
1.0,4601.0,15.0,1.0,0.0,0.0,0.0,0.0,0.0,0.0,1.0,0.0,0.0,0.0,0.0,normal
1.0,4602.0,13.0,1.0,0.0,0.0,0.0,0.0,0.0,0.0,1.0,0.0,0.0,0.0,0.0,normal
1.0,4601.0,15.0,1.0,25.0,28.0,737.0,7.0,0.0,429.0,28.7,-25.8,1.0,27.0,254.0,normal
1.0,4602.0,13.0,1.0,20.0,7.7,6.0,2.0,25.0,0.0,35.1,-13.5,1.0,27.0,19.0,normal
1.0,4601.0,15.0,1.0,25.0,45.0,1143.0,6.0,0.0,0.0,28.7,-25.8,1.0,27.0,376.0,normal
1.0,4602.0,13.0,1.0,18.0,2.4,2.0,0.0,0.0,3.0,36.0,-13.5,1.0,27.0,29.0,normal
1.0,4601.0,15.0,1.0,26.0,54.0,1326.0,11.0,0.0,412.0,28.1,-26.8,1.0,27.0,413.0,normal
1.0,4602.0,13.0,1.0,18.0,2.4,2.0,0.0,0.0,0.0,36.2,-13.6,1.0,27.0,4.9,normal
1.0,4601.0,15.0,1.0,25.0,42.0,1070.0,12.0,1.0,158.0,28.2,-26.4,1.0,27.0,375.0,normal
1.0,4602.0,13.0,1.0,0.0,0.0,0.0,0.0,0.0,0.0,36.2,-13.2,1.0,27.0,4.9,normal
1.0,4601.0,15.0,1.0,25.0,52.0,1313.0,6.0,0.0,116.0,28.2,-26.5,1.0,27.0,445.0,normal
1.0,4602.0,13.0,1.0,0.0,0.0,0.0,0.0,0.0,0.0,35.8,-13.1,1.0,27.0,4.9,normal
1.0,4601.0,15.0,1.0,26.0,36.0,892.0,16.0,1.0,653.0,27.7,-26.7,1.0,27.0,355.0,normal
1.0,4602.0,14.0,1.0,22.0,15.0,439.0,3.0,0.0,723.0,36.2,-12.3,1.0,27.0,254.0,normal
1.0,4601.0,15.0,1.0,25.0,27.0,698.0,1.0,0.0,544.0,26.4,-26.9,1.0,26.0,298.0,normal
1.0,4602.0,15.0,1.0,23.0,25.0,699.0,2.0,0.0,557.0,35.1,-11.5,1.0,27.0,427.0,normal
1.0,4601.0,15.0,1.0,26.0,29.0,734.0,4.0,0.0,288.0,26.5,-27.0,1.0,26.0,288.0,normal
1.0,4602.0,15.0,1.0,24.0,25.0,682.0,2.0,0.0,0.0,35.9,-11.1,1.0,27.0,354.0,normal
1.0,4601.0,15.0,1.0,25.0,30.0,754.0,10.0,1.0,703.0,26.7,-26.8,1.0,27.0,320.0,normal
1.0,4602.0,15.0,1.0,24.0,23.0,624.0,9.0,1.0,597.0,36.1,-11.2,1.0,27.0,278.0,normal
1.0,4601.0,15.0,1.0,26.0,18.0,430.0,1.0,0.0,0.0,26.9,-27.0,1.0,26.0,180.0,normal
1.0,4602.0,15.0,1.0,24.0,36.0,965.0,9.0,0.0,26.6,36.0,-12.0,1.0,27.0,339.0,normal
1.0,4601.0,15.0,1.0,26.0,3.6,2.0,0.0,0.0,0.0,25.4,-27.4,1.0,26.0,4.7,normal
1.0,4602.0,15.0,1.0,24.0,41.0,1139.0,9.0,0.0,14.4,36.0,-12.7,1.0,27.0,323.0,normal
1.0,4601.0,15.0,1.0,25.0,3.5,2.0,0.0,0.0,0.0,1.0,0.0,0.0,0.0,0.0,normal
1.0,4602.0,15.0,1.0,24.0,46.0,1267.0,18.0,1.0,28.2,35.5,-12.4,1.0,27.0,366.0,normal
1.0,4601.0,15.0,1.0,26.0,2.7,2.0,0.0,0.0,0.0,1.0,0.0,0.0,0.0,0.0,normal
1.0,4602.0,15.0,1.0,24.0,51.0,1388.0,12.0,0.0,243.0,35.6,-12.4,1.0,27.0,339.0,normal
1.0,4601.0,15.0,1.0,0.0,0.0,0.0,0.0,0.0,0.0,1.0,0.0,0.0,0.0,0.0,normal
1.0,4602.0,14.0,1.0,24.0,6.5,190.0,0.0,0.0,0.0,35.7,-12.3,1.0,27.0,110.0,normal
1.0,4601.0,15.0,1.0,0.0,0.0,0.0,0.0,0.0,0.0,27.9,-27.0,1.0,25.0,4.5,normal
1.0,4602.0,13.0,1.0,0.0,0.0,0.0,0.0,0.0,0.0,1.0,0.0,0.0,0.0,0.0,normal
1.0,4601.0,15.0,1.0,0.0,0.0,0.0,0.0,0.0,0.0,1.0,0.0,0.0,0.0,0.0,normal
1.0,4602.0,13.0,1.0,0.0,0.0,0.0,0.0,0.0,0.0,1.0,0.0,0.0,0.0,0.0,normal
1.0,4601.0,15.0,1.0,26.0,3.6,2.0,0.0,0.0,0.0,1.0,0.0,0.0,0.0,0.0,normal
1.0,4602.0,13.0,1.0,0.0,0.0,0.0,0.0,0.0,0.0,1.0,0.0,0.0,0.0,0.0,normal
1.0,4601.0,15.0,1.0,26.0,3.6,2.0,0.0,0.0,0.0,1.0,0.0,0.0,0.0,0.0,normal
1.0,4602.0,13.0,1.0,0.0,0.0,0.0,0.0,0.0,0.0,1.0,0.0,0.0,0.0,0.0,normal
1.0,4601.0,15.0,1.0,0.0,0.0,0.0,0.0,0.0,0.0,1.0,0.0,0.0,0.0,0.0,normal
1.0,4602.0,14.0,1.0,0.0,0.0,0.0,0.0,0.0,0.0,1.0,0.0,0.0,0.0,0.0,normal
1.0,4601.0,15.0,1.0,26.0,14.0,8.0,0.0,0.0,3.0,27.6,-27.4,1.0,27.0,26.0,normal
1.0,4602.0,14.0,1.0,0.0,0.0,0.0,0.0,0.0,0.0,1.0,0.0,0.0,0.0,0.0,normal
1.0,4601.0,15.0,1.0,26.0,4.5,3.0,0.0,0.0,0.0,1.0,0.0,0.0,0.0,0.0,normal
1.0,4602.0,14.0,1.0,0.0,0.0,0.0,0.0,0.0,0.0,1.0,0.0,0.0,0.0,0.0,normal
1.0,4601.0,15.0,1.0,26.0,3.6,2.0,0.0,0.0,0.0,1.0,0.0,0.0,0.0,0.0,normal
1.0,4602.0,14.0,1.0,0.0,0.0,0.0,0.0,0.0,0.0,1.0,0.0,0.0,0.0,0.0,normal
1.0,4601.0,15.0,1.0,0.0,0.0,0.0,0.0,0.0,0.0,1.0,0.0,0.0,0.0,0.0,normal
1.0,4602.0,14.0,1.0,0.0,0.0,0.0,0.0,0.0,0.0,1.0,0.0,0.0,0.0,0.0,normal
1.0,4601.0,15.0,1.0,26.0,3.6,2.0,0.0,0.0,0.0,1.0,0.0,0.0,0.0,0.0,normal
1.0,4602.0,13.0,1.0,0.0,0.0,0.0,0.0,0.0,0.0,1.0,0.0,0.0,0.0,0.0,normal
1.0,4601.0,15.0,1.0,0.0,0.0,0.0,0.0,0.0,0.0,27.7,-27.6,1.0,27.0,4.9,normal
1.0,4602.0,14.0,1.0,0.0,0.0,0.0,0.0,0.0,0.0,1.0,0.0,0.0,0.0,0.0,normal
1.0,4601.0,15.0,1.0,26.0,3.6,2.0,0.0,0.0,0.0,1.0,0.0,0.0,0.0,0.0,normal
1.0,4602.0,13.0,1.0,20.0,5.3,4.0,0.0,0.0,0.0,35.8,-12.6,1.0,27.0,9.7,normal
1.0,4601.0,15.0,1.0,26.0,3.6,2.0,0.0,0.0,0.0,1.0,0.0,0.0,0.0,0.0,normal
1.0,4602.0,14.0,1.0,0.0,0.0,0.0,0.0,0.0,0.0,1.0,0.0,0.0,0.0,0.0,normal
1.0,4601.0,15.0,1.0,0.0,0.0,0.0,0.0,0.0,0.0,28.8,-27.4,1.0,27.0,4.9,normal
1.0,4602.0,14.0,1.0,0.0,0.0,0.0,0.0,0.0,0.0,35.9,-12.5,1.0,27.0,4.9,normal
1.0,4601.0,15.0,1.0,0.0,0.0,0.0,0.0,0.0,0.0,1.0,0.0,0.0,0.0,0.0,normal
1.0,4602.0,14.0,1.0,0.0,0.0,0.0,0.0,0.0,0.0,1.0,0.0,0.0,0.0,0.0,normal
1.0,4601.0,15.0,1.0,26.0,3.6,2.0,0.0,0.0,0.0,27.7,-27.6,1.0,27.0,4.9,normal
1.0,4602.0,14.0,1.0,0.0,0.0,0.0,0.0,0.0,0.0,1.0,0.0,0.0,0.0,0.0,normal
1.0,4601.0,15.0,1.0,24.0,3.3,2.0,0.0,0.0,0.0,1.0,0.0,0.0,0.0,0.0,normal
1.0,4602.0,14.0,1.0,0.0,0.0,0.0,0.0,0.0,0.0,1.0,0.0,0.0,0.0,0.0,normal
1.0,4601.0,15.0,1.0,0.0,0.0,0.0,0.0,0.0,0.0,1.0,0.0,0.0,0.0,0.0,normal
1.0,4602.0,14.0,1.0,0.0,0.0,0.0,0.0,0.0,0.0,1.0,0.0,0.0,0.0,0.0,normal
1.0,4601.0,15.0,1.0,0.0,0.0,0.0,0.0,0.0,0.0,1.0,0.0,0.0,0.0,0.0,normal
1.0,4602.0,13.0,1.0,0.0,0.0,0.0,0.0,0.0,0.0,37.3,-12.6,1.0,27.0,4.9,normal
1.0,4601.0,15.0,1.0,0.0,0.0,0.0,0.0,0.0,0.0,1.0,0.0,0.0,0.0,0.0,normal
1.0,4602.0,14.0,1.0,0.0,0.0,0.0,0.0,0.0,0.0,1.0,0.0,0.0,0.0,0.0,normal
1.0,4601.0,15.0,1.0,26.0,6.3,4.0,0.0,0.0,0.0,1.0,0.0,0.0,0.0,0.0,normal
1.0,4602.0,14.0,1.0,0.0,0.0,0.0,0.0,0.0,0.0,1.0,0.0,0.0,0.0,0.0,normal
1.0,4601.0,15.0,1.0,26.0,3.6,2.0,0.0,0.0,0.0,1.0,0.0,0.0,0.0,0.0,normal
1.0,4602.0,14.0,1.0,0.0,0.0,0.0,0.0,0.0,0.0,37.3,-12.9,1.0,27.0,4.9,normal
1.0,4601.0,15.0,1.0,26.0,5.4,4.0,0.0,0.0,0.0,1.0,0.0,0.0,0.0,0.0,normal
1.0,4602.0,14.0,1.0,0.0,0.0,0.0,0.0,0.0,0.0,1.0,0.0,0.0,0.0,0.0,normal
1.0,4601.0,15.0,1.0,0.0,0.0,0.0,0.0,0.0,0.0,1.0,0.0,0.0,0.0,0.0,normal
1.0,4602.0,14.0,1.0,0.0,0.0,0.0,0.0,0.0,0.0,35.1,-13.2,1.0,27.0,4.9,normal
1.0,4601.0,15.0,1.0,0.0,0.0,0.0,0.0,0.0,0.0,1.0,0.0,0.0,0.0,0.0,normal
1.0,4602.0,14.0,1.0,0.0,0.0,0.0,0.0,0.0,0.0,1.0,0.0,0.0,0.0,0.0,normal
1.0,4601.0,15.0,1.0,0.0,0.0,0.0,0.0,0.0,0.0,1.0,0.0,0.0,0.0,0.0,normal
1.0,4602.0,14.0,1.0,0.0,0.0,0.0,0.0,0.0,0.0,1.0,0.0,0.0,0.0,0.0,normal
1.0,4601.0,15.0,1.0,0.0,0.0,0.0,0.0,0.0,0.0,1.0,0.0,0.0,0.0,0.0,normal
1.0,4602.0,14.0,1.0,0.0,0.0,0.0,0.0,0.0,0.0,35.8,-13.4,1.0,27.0,4.9,normal
1.0,4601.0,15.0,1.0,26.0,3.6,2.0,0.0,0.0,0.0,1.0,0.0,0.0,0.0,0.0,normal
1.0,4602.0,14.0,1.0,0.0,0.0,0.0,0.0,0.0,0.0,36.9,-13.3,1.0,27.0,9.7,normal
1.0,4601.0,15.0,1.0,0.0,0.0,0.0,0.0,0.0,0.0,1.0,0.0,0.0,0.0,0.0,normal
1.0,4602.0,14.0,1.0,0.0,0.0,0.0,0.0,0.0,0.0,36.4,-13.4,1.0,27.0,4.9,normal
1.0,4601.0,15.0,1.0,26.0,2.7,2.0,0.0,0.0,0.0,1.0,0.0,0.0,0.0,0.0,normal
1.0,4602.0,14.0,1.0,0.0,0.0,0.0,0.0,0.0,0.0,1.0,0.0,0.0,0.0,0.0,normal
1.0,4601.0,15.0,1.0,26.0,7.2,4.0,0.0,0.0,0.0,28.5,-26.9,1.0,27.0,15.0,normal
1.0,4602.0,14.0,1.0,0.0,0.0,0.0,0.0,0.0,0.0,1.0,0.0,0.0,0.0,0.0,normal
1.0,4601.0,15.0,1.0,26.0,6.2,4.0,0.0,0.0,0.0,1.0,0.0,0.0,0.0,0.0,normal
1.0,4602.0,14.0,1.0,0.0,0.0,0.0,0.0,0.0,0.0,1.0,0.0,0.0,0.0,0.0,normal
1.0,4601.0,15.0,1.0,26.0,3.6,2.0,0.0,0.0,0.0,28.2,-26.8,1.0,27.0,4.9,normal
1.0,4602.0,14.0,1.0,0.0,0.0,0.0,0.0,0.0,0.0,1.0,0.0,0.0,0.0,0.0,normal
1.0,4601.0,15.0,1.0,26.0,3.6,2.0,0.0,0.0,0.0,1.0,0.0,0.0,0.0,0.0,normal
1.0,4602.0,14.0,1.0,0.0,0.0,0.0,0.0,0.0,0.0,1.0,0.0,0.0,0.0,0.0,normal
1.0,4601.0,15.0,1.0,0.0,0.0,0.0,0.0,0.0,0.0,1.0,0.0,0.0,0.0,0.0,normal
1.0,4602.0,14.0,1.0,0.0,0.0,0.0,0.0,0.0,0.0,1.0,0.0,0.0,0.0,0.0,normal
1.0,4601.0,15.0,1.0,0.0,0.0,0.0,0.0,0.0,0.0,1.0,0.0,0.0,0.0,0.0,normal
1.0,4602.0,14.0,1.0,0.0,0.0,0.0,0.0,0.0,0.0,1.0,0.0,0.0,0.0,0.0,normal
1.0,4601.0,15.0,1.0,0.0,0.0,0.0,0.0,0.0,0.0,1.0,0.0,0.0,0.0,0.0,normal
1.0,4602.0,14.0,1.0,0.0,0.0,0.0,0.0,0.0,0.0,1.0,0.0,0.0,0.0,0.0,normal
1.0,4601.0,15.0,1.0,26.0,38.0,933.0,10.0,1.0,509.0,28.8,-25.6,1.0,27.0,268.0,normal
1.0,4602.0,14.0,1.0,0.0,0.0,0.0,0.0,0.0,0.0,1.0,0.0,0.0,0.0,0.0,normal
1.0,4601.0,15.0,1.0,25.0,48.0,1206.0,10.0,0.0,0.0,28.4,-25.7,1.0,27.0,417.0,normal
1.0,4602.0,13.0,1.0,0.0,0.0,0.0,0.0,0.0,0.0,1.0,0.0,0.0,0.0,0.0,normal
1.0,4601.0,15.0,1.0,26.0,47.0,1144.0,5.0,0.0,442.0,29.1,-25.7,1.0,27.0,278.0,normal
1.0,4602.0,14.0,1.0,0.0,0.0,0.0,0.0,0.0,0.0,36.6,-13.2,1.0,27.0,4.9,normal
1.0,4601.0,15.0,1.0,26.0,27.0,670.0,10.0,1.0,661.0,27.1,-25.7,1.0,27.0,278.0,normal
1.0,4602.0,15.0,1.0,24.0,18.0,472.0,5.0,1.0,761.0,35.9,-11.6,1.0,27.0,234.0,normal
1.0,4601.0,15.0,1.0,26.0,28.0,694.0,3.0,0.0,807.0,27.5,-25.8,1.0,27.0,309.0,normal
1.0,4602.0,15.0,1.0,24.0,26.0,693.0,12.0,1.0,604.0,36.2,-10.6,1.0,27.0,339.0,normal
1.0,4601.0,15.0,1.0,26.0,28.0,701.0,11.0,1.0,506.0,27.6,-26.1,1.0,27.0,283.0,normal
1.0,4602.0,15.0,1.0,24.0,26.0,692.0,6.0,0.0,65.1,35.8,-11.4,1.0,27.0,289.0,normal
1.0,4601.0,15.0,1.0,25.0,27.0,695.0,5.0,0.0,813.0,26.6,-26.3,1.0,26.0,289.0,normal
1.0,4602.0,15.0,1.0,23.0,25.0,692.0,10.0,1.0,766.0,36.3,-11.6,1.0,27.0,339.0,normal
1.0,4601.0,15.0,1.0,24.0,25.0,673.0,15.0,2.0,701.0,27.2,-26.1,1.0,27.0,305.0,normal
1.0,4602.0,15.0,1.0,23.0,26.0,715.0,8.0,1.0,543.0,36.4,-11.0,1.0,27.0,339.0,normal
1.0,4601.0,15.0,1.0,24.0,29.0,745.0,5.0,0.0,654.0,26.9,-26.6,1.0,26.0,292.0,normal
1.0,4602.0,15.0,1.0,24.0,24.0,662.0,4.0,0.0,557.0,36.0,-11.2,1.0,27.0,330.0,normal
1.0,4601.0,15.0,1.0,25.0,26.0,694.0,5.0,0.0,653.0,26.8,-26.5,1.0,26.0,283.0,normal
1.0,4602.0,15.0,1.0,24.0,26.0,693.0,8.0,1.0,505.0,35.8,-11.1,1.0,27.0,339.0,normal
1.0,4601.0,15.0,1.0,25.0,28.0,697.0,4.0,0.0,705.0,28.2,-25.2,1.0,27.0,328.0,normal
1.0,4602.0,15.0,1.0,24.0,26.0,696.0,5.0,0.0,503.0,36.1,-11.8,1.0,27.0,339.0,normal
1.0,4601.0,15.0,1.0,25.0,28.0,726.0,6.0,0.0,178.0,28.4,-25.4,1.0,27.0,318.0,normal
1.0,4602.0,15.0,1.0,24.0,25.0,674.0,8.0,1.0,661.0,35.5,-12.1,1.0,27.0,318.0,normal
1.0,4601.0,15.0,1.0,25.0,28.0,697.0,5.0,0.0,365.0,27.6,-26.3,1.0,27.0,331.0,normal
1.0,4602.0,15.0,1.0,24.0,26.0,694.0,6.0,0.0,560.0,35.8,-11.7,1.0,27.0,339.0,normal
1.0,4601.0,15.0,1.0,26.0,16.0,388.0,2.0,0.0,0.0,26.9,-27.1,1.0,27.0,165.0,normal
1.0,4602.0,15.0,1.0,25.0,30.0,777.0,9.0,1.0,4.87,35.2,-12.2,1.0,27.0,337.0,normal
1.0,4601.0,15.0,1.0,26.0,12.0,7.0,0.0,0.0,0.0,1.0,0.0,0.0,0.0,0.0,normal
1.0,4602.0,15.0,1.0,24.0,35.0,1164.0,12.0,1.0,0.0,34.7,-12.7,1.0,27.0,339.0,normal
1.0,4601.0,15.0,1.0,26.0,3.6,2.0,0.0,0.0,0.0,1.0,0.0,0.0,0.0,0.0,normal
1.0,4602.0,15.0,1.0,24.0,36.0,1171.0,9.0,0.0,0.0,35.8,-13.1,1.0,27.0,295.0,normal
1.0,4601.0,15.0,1.0,25.0,5.8,4.0,0.0,0.0,0.0,1.0,0.0,0.0,0.0,0.0,normal
1.0,4602.0,14.0,1.0,0.0,0.0,0.0,0.0,0.0,0.0,1.0,0.0,0.0,0.0,0.0,normal
1.0,4601.0,15.0,1.0,26.0,3.6,2.0,0.0,0.0,0.0,1.0,0.0,0.0,0.0,0.0,normal
1.0,4602.0,14.0,1.0,0.0,0.0,0.0,0.0,0.0,0.0,35.5,-13.6,1.0,27.0,4.9,normal
1.0,4601.0,15.0,1.0,0.0,0.0,0.0,0.0,0.0,0.0,28.1,-26.4,1.0,27.0,4.9,normal
1.0,4602.0,14.0,1.0,0.0,0.0,0.0,0.0,0.0,0.0,37.2,-13.9,1.0,27.0,4.9,normal
1.0,4601.0,15.0,1.0,26.0,9.9,6.0,0.0,0.0,0.0,27.5,-27.1,1.0,27.0,4.9,normal
1.0,4602.0,14.0,1.0,0.0,0.0,0.0,0.0,0.0,0.0,36.6,-13.8,1.0,27.0,4.9,normal
1.0,4601.0,15.0,1.0,24.0,3.3,2.0,0.0,0.0,0.0,1.0,0.0,0.0,0.0,0.0,normal
1.0,4602.0,13.0,1.0,0.0,0.0,0.0,0.0,0.0,0.0,1.0,0.0,0.0,0.0,0.0,normal
1.0,4601.0,15.0,1.0,26.0,7.2,4.0,0.0,0.0,0.0,1.0,0.0,0.0,0.0,0.0,normal
1.0,4602.0,14.0,1.0,0.0,0.0,0.0,0.0,0.0,0.0,1.0,0.0,0.0,0.0,0.0,normal
1.0,4601.0,15.0,1.0,0.0,0.0,0.0,0.0,0.0,0.0,1.0,0.0,0.0,0.0,0.0,normal
1.0,4602.0,14.0,1.0,0.0,0.0,0.0,0.0,0.0,0.0,1.0,0.0,0.0,0.0,0.0,normal
1.0,4601.0,15.0,1.0,0.0,0.0,0.0,0.0,0.0,0.0,1.0,0.0,0.0,0.0,0.0,normal
1.0,4602.0,14.0,1.0,0.0,0.0,0.0,0.0,0.0,0.0,1.0,0.0,0.0,0.0,0.0,normal
1.0,4601.0,15.0,1.0,0.0,0.0,0.0,0.0,0.0,0.0,27.3,-27.3,1.0,27.0,4.9,normal
1.0,4602.0,14.0,1.0,0.0,0.0,0.0,0.0,0.0,0.0,1.0,0.0,0.0,0.0,0.0,normal
1.0,4601.0,15.0,1.0,0.0,0.0,0.0,0.0,0.0,0.0,1.0,0.0,0.0,0.0,0.0,normal
1.0,4602.0,13.0,1.0,0.0,0.0,0.0,0.0,0.0,0.0,1.0,0.0,0.0,0.0,0.0,normal
1.0,4601.0,15.0,1.0,0.0,0.0,0.0,0.0,0.0,0.0,28.2,-27.5,1.0,27.0,4.9,normal
1.0,4602.0,13.0,1.0,20.0,4.0,3.0,0.0,0.0,0.0,37.0,-13.1,1.0,27.0,9.7,normal
1.0,4601.0,15.0,1.0,0.0,0.0,0.0,0.0,0.0,0.0,1.0,0.0,0.0,0.0,0.0,normal
1.0,4602.0,14.0,1.0,0.0,0.0,0.0,0.0,0.0,0.0,35.9,-13.6,1.0,27.0,4.9,normal
1.0,4601.0,15.0,1.0,0.0,0.0,0.0,0.0,0.0,0.0,28.3,-27.5,1.0,27.0,9.7,normal
1.0,4602.0,14.0,1.0,0.0,0.0,0.0,0.0,0.0,0.0,1.0,0.0,0.0,0.0,0.0,normal
1.0,4601.0,15.0,1.0,26.0,7.2,4.0,0.0,0.0,0.0,27.8,-27.3,1.0,27.0,4.9,normal
1.0,4602.0,14.0,1.0,0.0,0.0,0.0,0.0,0.0,0.0,1.0,0.0,0.0,0.0,0.0,normal
1.0,4601.0,15.0,1.0,0.0,0.0,0.0,0.0,0.0,0.0,1.0,0.0,0.0,0.0,0.0,normal
1.0,4602.0,14.0,1.0,0.0,0.0,0.0,0.0,0.0,0.0,37.5,-12.7,1.0,27.0,4.9,normal
1.0,4601.0,15.0,1.0,0.0,0.0,0.0,0.0,0.0,0.0,1.0,0.0,0.0,0.0,0.0,normal
1.0,4602.0,14.0,1.0,0.0,0.0,0.0,0.0,0.0,0.0,1.0,0.0,0.0,0.0,0.0,normal
1.0,4601.0,15.0,1.0,0.0,0.0,0.0,0.0,0.0,0.0,28.2,-27.0,1.0,27.0,4.9,normal
1.0,4602.0,13.0,1.0,0.0,0.0,0.0,0.0,0.0,0.0,1.0,0.0,0.0,0.0,0.0,normal
1.0,4601.0,15.0,1.0,0.0,0.0,0.0,0.0,0.0,0.0,1.0,0.0,0.0,0.0,0.0,normal
1.0,4602.0,14.0,1.0,0.0,0.0,0.0,0.0,0.0,0.0,34.9,-13.5,1.0,27.0,4.9,normal
1.0,4601.0,15.0,1.0,26.0,3.6,2.0,0.0,0.0,0.0,28.8,-26.9,1.0,27.0,4.9,normal
1.0,4602.0,14.0,1.0,0.0,0.0,0.0,0.0,0.0,0.0,1.0,0.0,0.0,0.0,0.0,normal
1.0,4601.0,15.0,1.0,0.0,0.0,0.0,0.0,0.0,0.0,1.0,0.0,0.0,0.0,0.0,normal
1.0,4602.0,14.0,1.0,0.0,0.0,0.0,0.0,0.0,0.0,34.3,-13.8,1.0,27.0,4.9,normal
1.0,4601.0,15.0,1.0,25.0,3.5,2.0,0.0,0.0,0.0,27.9,-27.3,1.0,27.0,4.9,normal
1.0,4602.0,14.0,1.0,0.0,0.0,0.0,0.0,0.0,0.0,37.5,-13.8,1.0,27.0,4.9,normal
1.0,4601.0,15.0,1.0,0.0,0.0,0.0,0.0,0.0,0.0,28.6,-27.1,1.0,27.0,4.9,normal
1.0,4602.0,14.0,1.0,0.0,0.0,0.0,0.0,0.0,0.0,1.0,0.0,0.0,0.0,0.0,normal
1.0,4601.0,15.0,1.0,0.0,0.0,0.0,0.0,0.0,0.0,1.0,0.0,0.0,0.0,0.0,normal
1.0,4602.0,14.0,1.0,0.0,0.0,0.0,0.0,0.0,0.0,1.0,0.0,0.0,0.0,0.0,normal
1.0,4601.0,15.0,1.0,26.0,3.6,2.0,0.0,0.0,0.0,28.1,-27.1,1.0,27.0,4.9,normal
1.0,4602.0,14.0,1.0,0.0,0.0,0.0,0.0,0.0,0.0,1.0,0.0,0.0,0.0,0.0,normal
1.0,4601.0,15.0,1.0,26.0,11.0,6.0,0.0,0.0,0.0,1.0,0.0,0.0,0.0,0.0,normal
1.0,4602.0,14.0,1.0,0.0,0.0,0.0,0.0,0.0,0.0,1.0,0.0,0.0,0.0,0.0,normal
1.0,4601.0,15.0,1.0,26.0,6.3,4.0,0.0,0.0,0.0,1.0,0.0,0.0,0.0,0.0,normal
1.0,4602.0,14.0,1.0,0.0,0.0,0.0,0.0,0.0,0.0,1.0,0.0,0.0,0.0,0.0,normal
1.0,4601.0,15.0,1.0,26.0,2.7,2.0,0.0,0.0,0.0,1.0,0.0,0.0,0.0,0.0,normal
1.0,4602.0,14.0,1.0,0.0,0.0,0.0,0.0,0.0,0.0,1.0,0.0,0.0,0.0,0.0,normal
1.0,4601.0,15.0,1.0,0.0,0.0,0.0,0.0,0.0,0.0,1.0,0.0,0.0,0.0,0.0,normal
1.0,4602.0,14.0,1.0,0.0,0.0,0.0,0.0,0.0,0.0,1.0,0.0,0.0,0.0,0.0,normal
1.0,4601.0,15.0,1.0,26.0,7.2,4.0,0.0,0.0,0.0,1.0,0.0,0.0,0.0,0.0,normal
1.0,4602.0,14.0,1.0,0.0,0.0,0.0,0.0,0.0,0.0,1.0,0.0,0.0,0.0,0.0,normal
1.0,4601.0,15.0,1.0,26.0,7.2,4.0,0.0,0.0,0.0,1.0,0.0,0.0,0.0,0.0,normal
1.0,4602.0,14.0,1.0,0.0,0.0,0.0,0.0,0.0,0.0,1.0,0.0,0.0,0.0,0.0,normal
1.0,4601.0,15.0,1.0,26.0,3.6,2.0,0.0,0.0,0.0,1.0,0.0,0.0,0.0,0.0,normal
1.0,4602.0,13.0,1.0,0.0,0.0,0.0,0.0,0.0,0.0,1.0,0.0,0.0,0.0,0.0,normal
1.0,4601.0,15.0,1.0,0.0,0.0,0.0,0.0,0.0,0.0,1.0,0.0,0.0,0.0,0.0,normal
1.0,4602.0,14.0,1.0,0.0,0.0,0.0,0.0,0.0,0.0,35.9,-13.9,1.0,27.0,9.7,normal
1.0,4601.0,15.0,1.0,0.0,0.0,0.0,0.0,0.0,0.0,27.7,-27.4,1.0,27.0,4.9,normal
1.0,4602.0,14.0,1.0,0.0,0.0,0.0,0.0,0.0,0.0,1.0,0.0,0.0,0.0,0.0,normal
1.0,4601.0,15.0,1.0,26.0,2.7,2.0,0.0,0.0,0.0,1.0,0.0,0.0,0.0,0.0,normal
1.0,4602.0,14.0,1.0,0.0,0.0,0.0,0.0,0.0,0.0,1.0,0.0,0.0,0.0,0.0,normal
1.0,4601.0,15.0,1.0,26.0,2.7,2.0,0.0,0.0,0.0,1.0,0.0,0.0,0.0,0.0,normal
1.0,4602.0,14.0,1.0,0.0,0.0,0.0,0.0,0.0,0.0,1.0,0.0,0.0,0.0,0.0,normal
1.0,4601.0,15.0,1.0,26.0,9.9,6.0,0.0,0.0,0.0,1.0,0.0,0.0,0.0,0.0,normal
1.0,4602.0,14.0,1.0,0.0,0.0,0.0,0.0,0.0,0.0,36.4,-13.5,1.0,27.0,4.9,normal
1.0,4601.0,15.0,1.0,0.0,0.0,0.0,0.0,0.0,0.0,1.0,0.0,0.0,0.0,0.0,normal
1.0,4602.0,14.0,1.0,0.0,0.0,0.0,0.0,0.0,0.0,1.0,0.0,0.0,0.0,0.0,normal
1.0,4601.0,15.0,1.0,0.0,0.0,0.0,0.0,0.0,0.0,1.0,0.0,0.0,0.0,0.0,normal
1.0,4602.0,14.0,1.0,0.0,0.0,0.0,0.0,0.0,0.0,37.1,-13.1,1.0,27.0,4.9,normal
1.0,4601.0,15.0,1.0,26.0,35.0,919.0,11.0,1.0,430.0,28.0,-26.8,1.0,27.0,308.0,normal
1.0,4602.0,14.0,1.0,0.0,0.0,0.0,0.0,0.0,0.0,1.0,0.0,0.0,0.0,0.0,normal
1.0,4601.0,15.0,1.0,26.0,53.0,1306.0,7.0,0.0,58.0,28.0,-26.8,1.0,27.0,405.0,normal
1.0,4602.0,14.0,1.0,0.0,0.0,0.0,0.0,0.0,0.0,1.0,0.0,0.0,0.0,0.0,normal
1.0,4601.0,15.0,1.0,26.0,44.0,1088.0,14.0,1.0,412.0,28.0,-27.0,1.0,27.0,303.0,normal
1.0,4602.0,14.0,1.0,0.0,0.0,0.0,0.0,0.0,0.0,1.0,0.0,0.0,0.0,0.0,normal
1.0,4601.0,15.0,1.0,26.0,41.0,1023.0,6.0,0.0,99.5,27.8,-27.0,1.0,27.0,345.0,normal
1.0,4602.0,14.0,1.0,0.0,0.0,0.0,0.0,0.0,0.0,1.0,0.0,0.0,0.0,0.0,normal
1.0,4601.0,15.0,1.0,26.0,38.0,925.0,8.0,0.0,704.0,27.6,-26.8,1.0,27.0,371.0,normal
1.0,4602.0,15.0,1.0,24.0,17.0,468.0,7.0,1.0,570.0,35.8,-11.9,1.0,27.0,280.0,normal
1.0,4601.0,15.0,1.0,26.0,27.0,668.0,3.0,0.0,19.4,28.0,-26.0,1.0,27.0,324.0,normal
1.0,4602.0,15.0,1.0,24.0,27.0,738.0,11.0,1.0,349.0,35.5,-11.7,1.0,27.0,339.0,normal
1.0,4601.0,15.0,1.0,26.0,26.0,645.0,11.0,1.0,348.0,27.7,-26.0,1.0,27.0,286.0,normal
1.0,4602.0,15.0,1.0,24.0,26.0,747.0,5.0,0.0,0.0,36.2,-12.2,1.0,27.0,304.0,normal
1.0,4601.0,15.0,1.0,26.0,30.0,741.0,4.0,0.0,696.0,27.6,-25.9,1.0,27.0,337.0,normal
1.0,4602.0,15.0,1.0,24.0,24.0,649.0,9.0,1.0,382.0,36.9,-11.6,1.0,27.0,319.0,normal
1.0,4601.0,15.0,1.0,25.0,25.0,628.0,9.0,1.0,726.0,27.5,-25.8,1.0,27.0,345.0,normal
1.0,4602.0,15.0,1.0,23.0,27.0,763.0,9.0,1.0,509.0,36.2,-11.9,1.0,27.0,332.0,normal
1.0,4601.0,15.0,1.0,25.0,31.0,783.0,6.0,0.0,676.0,27.9,-25.8,1.0,27.0,348.0,normal
1.0,4602.0,15.0,1.0,24.0,22.0,615.0,5.0,0.0,389.0,36.2,-11.8,1.0,27.0,350.0,normal
1.0,4601.0,15.0,1.0,26.0,28.0,695.0,6.0,0.0,557.0,27.9,-25.9,1.0,27.0,332.0,normal
1.0,4602.0,15.0,1.0,24.0,26.0,695.0,4.0,0.0,368.0,36.5,-11.7,1.0,27.0,339.0,normal
1.0,4601.0,15.0,1.0,26.0,23.0,590.0,5.0,0.0,0.0,27.0,-25.8,1.0,27.0,249.0,normal
1.0,4602.0,15.0,1.0,24.0,27.0,815.0,9.0,1.0,11.3,36.2,-12.2,1.0,27.0,339.0,normal
1.0,4601.0,15.0,1.0,0.0,0.0,0.0,0.0,0.0,0.0,27.7,-26.3,1.0,27.0,4.9,normal
1.0,4602.0,15.0,1.0,24.0,37.0,1245.0,9.0,0.0,12.9,35.5,-13.1,1.0,27.0,357.0,normal
1.0,4601.0,15.0,1.0,25.0,17.0,441.0,5.0,1.0,191.0,27.6,-26.1,1.0,27.0,252.0,normal
1.0,4602.0,15.0,1.0,24.0,32.0,942.0,11.0,1.0,155.0,35.9,-12.1,1.0,27.0,339.0,normal
1.0,4601.0,15.0,1.0,25.0,35.0,1101.0,10.0,0.0,0.0,27.8,-26.3,1.0,27.0,360.0,normal
1.0,4602.0,15.0,1.0,24.0,3.1,113.0,0.0,0.0,3.0,35.6,-12.2,1.0,27.0,158.0,normal
1.0,4601.0,14.0,1.0,0.0,0.0,0.0,0.0,0.0,0.0,1.0,0.0,0.0,0.0,0.0,normal
1.0,4602.0,14.0,1.0,20.0,5.7,4.0,0.0,0.0,0.0,36.0,-13.4,1.0,27.0,19.0,normal
1.0,4601.0,14.0,1.0,0.0,0.0,0.0,0.0,0.0,0.0,1.0,0.0,0.0,0.0,0.0,normal
1.0,4602.0,14.0,1.0,0.0,0.0,0.0,0.0,0.0,0.0,35.6,-13.5,1.0,27.0,9.7,normal
1.0,4601.0,14.0,1.0,0.0,0.0,0.0,0.0,0.0,0.0,28.2,-27.1,1.0,27.0,4.9,normal
1.0,4602.0,14.0,1.0,0.0,0.0,0.0,0.0,0.0,0.0,1.0,0.0,0.0,0.0,0.0,normal
1.0,4601.0,14.0,1.0,0.0,0.0,0.0,0.0,0.0,0.0,27.1,-27.3,1.0,27.0,4.9,normal
1.0,4602.0,14.0,1.0,0.0,0.0,0.0,0.0,0.0,0.0,1.0,0.0,0.0,0.0,0.0,normal
1.0,4601.0,15.0,1.0,23.0,3.2,2.0,0.0,0.0,0.0,1.0,0.0,0.0,0.0,0.0,normal
1.0,4602.0,14.0,1.0,0.0,0.0,0.0,0.0,0.0,0.0,1.0,0.0,0.0,0.0,0.0,normal
1.0,4601.0,15.0,1.0,0.0,0.0,0.0,0.0,0.0,0.0,1.0,0.0,0.0,0.0,0.0,normal
1.0,4602.0,14.0,1.0,0.0,0.0,0.0,0.0,0.0,0.0,35.4,-13.9,1.0,27.0,4.9,normal
1.0,4601.0,15.0,1.0,25.0,9.5,6.0,0.0,0.0,0.0,29.0,-26.8,1.0,27.0,4.9,normal
1.0,4602.0,14.0,1.0,0.0,0.0,0.0,0.0,0.0,0.0,1.0,0.0,0.0,0.0,0.0,normal
1.0,4601.0,15.0,1.0,25.0,2.6,2.0,0.0,0.0,0.0,1.0,0.0,0.0,0.0,0.0,normal
1.0,4602.0,14.0,1.0,0.0,0.0,0.0,0.0,0.0,0.0,1.0,0.0,0.0,0.0,0.0,normal
1.0,4601.0,15.0,1.0,25.0,6.1,4.0,0.0,0.0,0.0,1.0,0.0,0.0,0.0,0.0,normal
1.0,4602.0,14.0,1.0,0.0,0.0,0.0,0.0,0.0,0.0,36.0,-13.4,1.0,27.0,4.9,normal
1.0,4601.0,15.0,1.0,0.0,0.0,0.0,0.0,0.0,0.0,28.5,-26.3,1.0,27.0,4.9,normal
1.0,4602.0,14.0,1.0,0.0,0.0,0.0,0.0,0.0,0.0,1.0,0.0,0.0,0.0,0.0,normal
1.0,4601.0,15.0,1.0,0.0,0.0,0.0,0.0,0.0,0.0,1.0,0.0,0.0,0.0,0.0,normal
1.0,4602.0,14.0,1.0,0.0,0.0,0.0,0.0,0.0,0.0,1.0,0.0,0.0,0.0,0.0,normal
1.0,4601.0,15.0,1.0,0.0,0.0,0.0,0.0,0.0,0.0,1.0,0.0,0.0,0.0,0.0,normal
1.0,4602.0,14.0,1.0,0.0,0.0,0.0,0.0,0.0,0.0,1.0,0.0,0.0,0.0,0.0,normal
1.0,4601.0,15.0,1.0,0.0,0.0,0.0,0.0,0.0,0.0,1.0,0.0,0.0,0.0,0.0,normal
1.0,4602.0,14.0,1.0,0.0,0.0,0.0,0.0,0.0,0.0,1.0,0.0,0.0,0.0,0.0,normal
1.0,4601.0,15.0,1.0,0.0,0.0,0.0,0.0,0.0,0.0,1.0,0.0,0.0,0.0,0.0,normal
1.0,4602.0,14.0,1.0,0.0,0.0,0.0,0.0,0.0,0.0,1.0,0.0,0.0,0.0,0.0,normal
1.0,4601.0,15.0,1.0,25.0,3.5,2.0,0.0,0.0,0.0,1.0,0.0,0.0,0.0,0.0,normal
1.0,4602.0,14.0,1.0,0.0,0.0,0.0,0.0,0.0,0.0,1.0,0.0,0.0,0.0,0.0,normal
1.0,4601.0,15.0,1.0,25.0,3.5,2.0,0.0,0.0,0.0,1.0,0.0,0.0,0.0,0.0,normal
1.0,4602.0,14.0,1.0,0.0,0.0,0.0,0.0,0.0,0.0,1.0,0.0,0.0,0.0,0.0,normal
1.0,4601.0,15.0,1.0,0.0,0.0,0.0,0.0,0.0,0.0,1.0,0.0,0.0,0.0,0.0,normal
1.0,4602.0,14.0,1.0,0.0,0.0,0.0,0.0,0.0,0.0,1.0,0.0,0.0,0.0,0.0,normal
1.0,4601.0,15.0,1.0,25.0,3.5,2.0,0.0,0.0,0.0,1.0,0.0,0.0,0.0,0.0,normal
1.0,4602.0,14.0,1.0,0.0,0.0,0.0,0.0,0.0,0.0,1.0,0.0,0.0,0.0,0.0,normal
1.0,4601.0,15.0,1.0,25.0,3.5,2.0,0.0,0.0,0.0,27.9,-27.2,1.0,27.0,4.9,normal
1.0,4602.0,14.0,1.0,0.0,0.0,0.0,0.0,0.0,0.0,35.5,-12.8,1.0,27.0,9.7,normal
1.0,4601.0,15.0,1.0,25.0,3.5,2.0,0.0,0.0,0.0,1.0,0.0,0.0,0.0,0.0,normal
1.0,4602.0,14.0,1.0,0.0,0.0,0.0,0.0,0.0,0.0,1.0,0.0,0.0,0.0,0.0,normal
1.0,4601.0,15.0,1.0,25.0,7.7,5.0,0.0,0.0,0.0,1.0,0.0,0.0,0.0,0.0,normal
1.0,4602.0,14.0,1.0,0.0,0.0,0.0,0.0,0.0,0.0,1.0,0.0,0.0,0.0,0.0,normal
1.0,4601.0,15.0,1.0,25.0,15.0,9.0,0.0,0.0,0.0,1.0,0.0,0.0,0.0,0.0,normal
1.0,4602.0,14.0,1.0,0.0,0.0,0.0,0.0,0.0,0.0,1.0,0.0,0.0,0.0,0.0,normal
1.0,4601.0,15.0,1.0,0.0,0.0,0.0,0.0,0.0,0.0,1.0,0.0,0.0,0.0,0.0,normal
1.0,4602.0,14.0,1.0,0.0,0.0,0.0,0.0,0.0,0.0,1.0,0.0,0.0,0.0,0.0,normal
1.0,4601.0,15.0,1.0,0.0,0.0,0.0,0.0,0.0,0.0,28.2,-26.6,1.0,27.0,4.9,normal
1.0,4602.0,14.0,1.0,0.0,0.0,0.0,0.0,0.0,0.0,1.0,0.0,0.0,0.0,0.0,normal
1.0,4601.0,15.0,1.0,25.0,3.5,2.0,0.0,0.0,0.0,1.0,0.0,0.0,0.0,0.0,normal
1.0,4602.0,14.0,1.0,0.0,0.0,0.0,0.0,0.0,0.0,1.0,0.0,0.0,0.0,0.0,normal
1.0,4601.0,15.0,1.0,0.0,0.0,0.0,0.0,0.0,0.0,1.0,0.0,0.0,0.0,0.0,normal
1.0,4602.0,14.0,1.0,0.0,0.0,0.0,0.0,0.0,0.0,1.0,0.0,0.0,0.0,0.0,normal
1.0,4601.0,15.0,1.0,0.0,0.0,0.0,0.0,0.0,0.0,1.0,0.0,0.0,0.0,0.0,normal
1.0,4602.0,14.0,1.0,0.0,0.0,0.0,0.0,0.0,0.0,1.0,0.0,0.0,0.0,0.0,normal
1.0,4601.0,15.0,1.0,25.0,3.5,2.0,0.0,0.0,0.0,1.0,0.0,0.0,0.0,0.0,normal
1.0,4602.0,14.0,1.0,0.0,0.0,0.0,0.0,0.0,0.0,1.0,0.0,0.0,0.0,0.0,normal
1.0,4601.0,15.0,1.0,24.0,6.8,4.0,0.0,0.0,0.0,28.3,-26.9,1.0,27.0,9.7,normal
1.0,4602.0,14.0,1.0,0.0,0.0,0.0,0.0,0.0,0.0,1.0,0.0,0.0,0.0,0.0,normal
1.0,4601.0,15.0,1.0,0.0,0.0,0.0,0.0,0.0,0.0,1.0,0.0,0.0,0.0,0.0,normal
1.0,4602.0,14.0,1.0,24.0,3.3,2.0,0.0,0.0,0.0,37.1,-13.5,1.0,27.0,9.7,normal
1.0,4601.0,15.0,1.0,25.0,8.7,5.0,0.0,0.0,0.0,1.0,0.0,0.0,0.0,0.0,normal
1.0,4602.0,14.0,1.0,22.0,2.2,2.0,0.0,0.0,0.0,36.7,-13.5,1.0,27.0,4.9,normal
1.0,4601.0,15.0,1.0,25.0,1.7,1.0,0.0,0.0,0.0,1.0,0.0,0.0,0.0,0.0,normal
1.0,4602.0,14.0,1.0,0.0,0.0,0.0,0.0,0.0,0.0,1.0,0.0,0.0,0.0,0.0,normal
1.0,4601.0,15.0,1.0,25.0,5.2,3.0,0.0,0.0,0.0,1.0,0.0,0.0,0.0,0.0,normal
1.0,4602.0,13.0,1.0,0.0,0.0,0.0,0.0,0.0,0.0,1.0,0.0,0.0,0.0,0.0,normal
1.0,4601.0,15.0,1.0,25.0,1.7,1.0,0.0,0.0,0.0,1.0,0.0,0.0,0.0,0.0,normal
1.0,4602.0,14.0,1.0,0.0,0.0,0.0,0.0,0.0,0.0,1.0,0.0,0.0,0.0,0.0,normal
1.0,4601.0,15.0,1.0,0.0,0.0,0.0,0.0,0.0,0.0,1.0,0.0,0.0,0.0,0.0,normal
1.0,4602.0,14.0,1.0,0.0,0.0,0.0,0.0,0.0,0.0,1.0,0.0,0.0,0.0,0.0,normal
1.0,4601.0,15.0,1.0,0.0,0.0,0.0,0.0,0.0,0.0,1.0,0.0,0.0,0.0,0.0,normal
1.0,4602.0,14.0,1.0,0.0,0.0,0.0,0.0,0.0,0.0,1.0,0.0,0.0,0.0,0.0,normal
1.0,4601.0,15.0,1.0,0.0,0.0,0.0,0.0,0.0,0.0,27.6,-26.9,1.0,27.0,4.9,normal
1.0,4602.0,14.0,1.0,0.0,0.0,0.0,0.0,0.0,0.0,1.0,0.0,0.0,0.0,0.0,normal
1.0,4601.0,15.0,1.0,0.0,0.0,0.0,0.0,0.0,0.0,1.0,0.0,0.0,0.0,0.0,normal
1.0,4602.0,14.0,1.0,0.0,0.0,0.0,0.0,0.0,0.0,1.0,0.0,0.0,0.0,0.0,normal
1.0,4601.0,15.0,1.0,0.0,0.0,0.0,0.0,0.0,0.0,1.0,0.0,0.0,0.0,0.0,normal
1.0,4602.0,14.0,1.0,0.0,0.0,0.0,0.0,0.0,0.0,1.0,0.0,0.0,0.0,0.0,normal
1.0,4601.0,15.0,1.0,0.0,0.0,0.0,0.0,0.0,0.0,1.0,0.0,0.0,0.0,0.0,normal
1.0,4602.0,14.0,1.0,0.0,0.0,0.0,0.0,0.0,0.0,1.0,0.0,0.0,0.0,0.0,normal
1.0,4601.0,15.0,1.0,0.0,0.0,0.0,0.0,0.0,0.0,1.0,0.0,0.0,0.0,0.0,normal
1.0,4602.0,15.0,1.0,24.0,42.0,1125.0,10.0,0.0,155.0,35.7,-12.6,1.0,27.0,322.0,normal
1.0,4601.0,15.0,1.0,25.0,2.6,2.0,0.0,0.0,0.0,1.0,0.0,0.0,0.0,0.0,normal
1.0,4602.0,15.0,1.0,24.0,40.0,1054.0,10.0,0.0,207.0,35.8,-12.4,1.0,27.0,312.0,normal
1.0,4601.0,15.0,1.0,25.0,6.9,4.0,0.0,0.0,0.0,1.0,0.0,0.0,0.0,0.0,normal
1.0,4602.0,15.0,1.0,24.0,41.0,1087.0,11.0,1.0,110.0,35.5,-12.5,1.0,27.0,332.0,normal
1.0,4601.0,15.0,1.0,0.0,0.0,0.0,0.0,0.0,0.0,1.0,0.0,0.0,0.0,0.0,normal
1.0,4602.0,15.0,1.0,25.0,52.0,1348.0,12.0,0.0,0.0,35.4,-12.6,1.0,27.0,358.0,normal
1.0,4601.0,15.0,1.0,0.0,0.0,0.0,0.0,0.0,0.0,1.0,0.0,0.0,0.0,0.0,normal
1.0,4602.0,15.0,1.0,25.0,40.0,1047.0,5.0,0.0,253.0,35.0,-12.4,1.0,27.0,308.0,normal
1.0,4601.0,15.0,1.0,25.0,24.0,615.0,6.0,0.0,686.0,25.8,-27.1,1.0,26.0,246.0,normal
1.0,4602.0,15.0,1.0,25.0,30.0,772.0,8.0,1.0,0.0,35.4,-11.4,1.0,27.0,335.0,normal
1.0,4601.0,15.0,1.0,26.0,54.0,1352.0,11.0,0.0,621.0,28.0,-26.8,1.0,27.0,343.0,normal
1.0,4602.0,14.0,1.0,25.0,1.5,45.0,0.0,0.0,0.0,35.1,-12.4,1.0,27.0,60.0,normal
1.0,4601.0,15.0,1.0,25.0,39.0,991.0,10.0,0.0,660.0,28.3,-25.7,1.0,27.0,299.0,normal
1.0,4602.0,14.0,1.0,0.0,0.0,0.0,0.0,0.0,0.0,1.0,0.0,0.0,0.0,0.0,normal
1.0,4601.0,15.0,1.0,25.0,45.0,1124.0,8.0,0.0,432.0,29.1,-25.4,1.0,27.0,318.0,normal
1.0,4602.0,14.0,1.0,0.0,0.0,0.0,0.0,0.0,0.0,1.0,0.0,0.0,0.0,0.0,normal
1.0,4601.0,15.0,1.0,26.0,56.0,1387.0,13.0,0.0,526.0,28.9,-25.3,1.0,27.0,339.0,normal
1.0,4602.0,14.0,1.0,0.0,0.0,0.0,0.0,0.0,0.0,1.0,0.0,0.0,0.0,0.0,normal
1.0,4601.0,15.0,1.0,26.0,41.0,1023.0,5.0,0.0,508.0,28.9,-25.3,1.0,27.0,291.0,normal
1.0,4602.0,14.0,1.0,0.0,0.0,0.0,0.0,0.0,0.0,37.9,-13.3,1.0,27.0,4.9,normal
1.0,4601.0,15.0,1.0,26.0,45.0,1133.0,13.0,1.0,8.51,29.0,-25.6,1.0,27.0,325.0,normal
1.0,4602.0,14.0,1.0,0.0,0.0,0.0,0.0,0.0,0.0,1.0,0.0,0.0,0.0,0.0,normal
1.0,4601.0,15.0,1.0,25.0,27.0,865.0,5.0,0.0,0.0,29.0,-25.6,1.0,27.0,215.0,normal
1.0,4602.0,14.0,1.0,0.0,0.0,0.0,0.0,0.0,0.0,1.0,0.0,0.0,0.0,0.0,normal
1.0,4601.0,15.0,1.0,0.0,0.0,0.0,0.0,0.0,0.0,1.0,0.0,0.0,0.0,0.0,normal
1.0,4602.0,14.0,1.0,0.0,0.0,0.0,0.0,0.0,0.0,38.1,-13.5,1.0,27.0,4.9,normal
1.0,4601.0,15.0,1.0,0.0,0.0,0.0,0.0,0.0,0.0,1.0,0.0,0.0,0.0,0.0,normal
1.0,4602.0,14.0,1.0,0.0,0.0,0.0,0.0,0.0,0.0,1.0,0.0,0.0,0.0,0.0,normal
1.0,4601.0,15.0,1.0,0.0,0.0,0.0,0.0,0.0,0.0,1.0,0.0,0.0,0.0,0.0,normal
1.0,4602.0,14.0,1.0,0.0,0.0,0.0,0.0,0.0,0.0,1.0,0.0,0.0,0.0,0.0,normal
1.0,4601.0,15.0,1.0,26.0,9.0,5.0,0.0,0.0,0.0,1.0,0.0,0.0,0.0,0.0,normal
1.0,4602.0,14.0,1.0,0.0,0.0,0.0,0.0,0.0,0.0,1.0,0.0,0.0,0.0,0.0,normal
1.0,4601.0,15.0,1.0,26.0,16.0,9.0,0.0,0.0,0.0,1.0,0.0,0.0,0.0,0.0,normal
1.0,4602.0,15.0,1.0,0.0,0.0,0.0,0.0,0.0,0.0,35.6,-13.6,1.0,27.0,9.7,normal
1.0,4601.0,15.0,1.0,26.0,2.7,2.0,0.0,0.0,0.0,1.0,0.0,0.0,0.0,0.0,normal
1.0,4602.0,14.0,1.0,0.0,0.0,0.0,0.0,0.0,0.0,1.0,0.0,0.0,0.0,0.0,normal
1.0,4601.0,15.0,1.0,25.0,3.5,2.0,0.0,0.0,0.0,1.0,0.0,0.0,0.0,0.0,normal
1.0,4602.0,14.0,1.0,23.0,1.6,1.0,0.0,0.0,3.0,36.0,-12.8,1.0,27.0,9.7,normal
1.0,4601.0,15.0,1.0,0.0,0.0,0.0,0.0,0.0,0.0,1.0,0.0,0.0,0.0,0.0,normal
1.0,4602.0,15.0,1.0,25.0,5.1,3.0,0.0,0.0,0.0,34.9,-13.8,1.0,27.0,9.7,normal
1.0,4601.0,15.0,1.0,0.0,0.0,0.0,0.0,0.0,0.0,1.0,0.0,0.0,0.0,0.0,normal
1.0,4602.0,15.0,1.0,0.0,0.0,0.0,0.0,0.0,0.0,1.0,0.0,0.0,0.0,0.0,normal
1.0,4601.0,15.0,1.0,0.0,0.0,0.0,0.0,0.0,0.0,29.1,-27.1,1.0,27.0,4.9,normal
1.0,4602.0,15.0,1.0,0.0,0.0,0.0,0.0,0.0,0.0,1.0,0.0,0.0,0.0,0.0,normal
1.0,4601.0,15.0,1.0,0.0,0.0,0.0,0.0,0.0,0.0,1.0,0.0,0.0,0.0,0.0,normal
1.0,4602.0,15.0,1.0,0.0,0.0,0.0,0.0,0.0,0.0,1.0,0.0,0.0,0.0,0.0,normal
1.0,4601.0,15.0,1.0,26.0,3.6,2.0,0.0,0.0,0.0,1.0,0.0,0.0,0.0,0.0,normal
1.0,4602.0,15.0,1.0,0.0,0.0,0.0,0.0,0.0,0.0,1.0,0.0,0.0,0.0,0.0,normal
1.0,4601.0,15.0,1.0,0.0,0.0,0.0,0.0,0.0,0.0,28.1,-26.2,1.0,27.0,4.9,normal
1.0,4602.0,15.0,1.0,0.0,0.0,0.0,0.0,0.0,0.0,1.0,0.0,0.0,0.0,0.0,normal
1.0,4601.0,15.0,1.0,26.0,6.3,4.0,0.0,0.0,0.0,1.0,0.0,0.0,0.0,0.0,normal
1.0,4602.0,15.0,1.0,0.0,0.0,0.0,0.0,0.0,0.0,1.0,0.0,0.0,0.0,0.0,normal
1.0,4601.0,15.0,1.0,26.0,3.6,2.0,0.0,0.0,0.0,28.8,-26.1,1.0,27.0,4.9,normal
1.0,4602.0,15.0,1.0,0.0,0.0,0.0,0.0,0.0,0.0,35.5,-13.3,1.0,27.0,4.9,normal
1.0,4601.0,15.0,1.0,26.0,3.6,2.0,0.0,0.0,0.0,1.0,0.0,0.0,0.0,0.0,normal
1.0,4602.0,15.0,1.0,0.0,0.0,0.0,0.0,0.0,0.0,35.4,-13.5,1.0,27.0,4.9,normal
1.0,4601.0,15.0,1.0,0.0,0.0,0.0,0.0,0.0,0.0,28.7,-26.6,1.0,27.0,4.9,normal
1.0,4602.0,15.0,1.0,0.0,0.0,0.0,0.0,0.0,0.0,1.0,0.0,0.0,0.0,0.0,normal
1.0,4601.0,15.0,1.0,26.0,3.6,2.0,0.0,0.0,0.0,1.0,0.0,0.0,0.0,0.0,normal
1.0,4602.0,15.0,1.0,0.0,0.0,0.0,0.0,0.0,0.0,36.7,-13.4,1.0,27.0,4.9,normal
1.0,4601.0,15.0,1.0,26.0,7.2,4.0,0.0,0.0,0.0,28.1,-26.8,1.0,27.0,4.9,normal
1.0,4602.0,15.0,1.0,0.0,0.0,0.0,0.0,0.0,0.0,1.0,0.0,0.0,0.0,0.0,normal
1.0,4601.0,15.0,1.0,26.0,6.3,4.0,0.0,0.0,0.0,1.0,0.0,0.0,0.0,0.0,normal
1.0,4602.0,15.0,1.0,0.0,0.0,0.0,0.0,0.0,0.0,1.0,0.0,0.0,0.0,0.0,normal
1.0,4601.0,15.0,1.0,0.0,0.0,0.0,0.0,0.0,0.0,1.0,0.0,0.0,0.0,0.0,normal
1.0,4602.0,14.0,1.0,0.0,0.0,0.0,0.0,0.0,0.0,1.0,0.0,0.0,0.0,0.0,normal
1.0,4601.0,15.0,1.0,0.0,0.0,0.0,0.0,0.0,0.0,1.0,0.0,0.0,0.0,0.0,normal
1.0,4602.0,14.0,1.0,0.0,0.0,0.0,0.0,0.0,0.0,1.0,0.0,0.0,0.0,0.0,normal
1.0,4601.0,15.0,1.0,0.0,0.0,0.0,0.0,0.0,0.0,1.0,0.0,0.0,0.0,0.0,normal
1.0,4602.0,14.0,1.0,0.0,0.0,0.0,0.0,0.0,0.0,1.0,0.0,0.0,0.0,0.0,normal
1.0,4601.0,15.0,1.0,26.0,7.2,4.0,0.0,0.0,0.0,27.6,-26.9,1.0,27.0,4.9,normal
1.0,4602.0,14.0,1.0,0.0,0.0,0.0,0.0,0.0,0.0,1.0,0.0,0.0,0.0,0.0,normal
1.0,4601.0,15.0,1.0,0.0,0.0,0.0,0.0,0.0,0.0,1.0,0.0,0.0,0.0,0.0,normal
1.0,4602.0,14.0,1.0,23.0,38.0,12.0,0.0,0.0,0.0,35.6,-13.1,1.0,27.0,83.0,normal
1.0,4601.0,15.0,1.0,0.0,0.0,0.0,0.0,0.0,0.0,1.0,0.0,0.0,0.0,0.0,normal
1.0,4602.0,15.0,1.0,24.0,131.0,58.0,0.0,0.0,0.0,35.0,-13.0,1.0,27.0,370.0,normal
1.0,4601.0,15.0,1.0,0.0,0.0,0.0,0.0,0.0,0.0,1.0,0.0,0.0,0.0,0.0,normal
1.0,4602.0,15.0,1.0,25.0,17.0,8.0,0.0,0.0,0.0,35.6,-13.4,1.0,27.0,23.0,normal
1.0,4601.0,15.0,1.0,0.0,0.0,0.0,0.0,0.0,0.0,1.0,0.0,0.0,0.0,0.0,normal
1.0,4602.0,15.0,1.0,0.0,0.0,0.0,0.0,0.0,0.0,1.0,0.0,0.0,0.0,0.0,normal
1.0,4601.0,15.0,1.0,0.0,0.0,0.0,0.0,0.0,0.0,28.2,-26.9,1.0,27.0,4.9,normal
1.0,4602.0,15.0,1.0,0.0,0.0,0.0,0.0,0.0,0.0,1.0,0.0,0.0,0.0,0.0,normal
1.0,4601.0,15.0,1.0,0.0,0.0,0.0,0.0,0.0,0.0,28.8,-26.9,1.0,27.0,4.9,normal
1.0,4602.0,15.0,1.0,0.0,0.0,0.0,0.0,0.0,0.0,1.0,0.0,0.0,0.0,0.0,normal
1.0,4601.0,15.0,1.0,0.0,0.0,0.0,0.0,0.0,0.0,1.0,0.0,0.0,0.0,0.0,normal
1.0,4602.0,15.0,1.0,0.0,0.0,0.0,0.0,0.0,0.0,1.0,0.0,0.0,0.0,0.0,normal
1.0,4601.0,15.0,1.0,0.0,0.0,0.0,0.0,0.0,0.0,1.0,0.0,0.0,0.0,0.0,normal
1.0,4602.0,15.0,1.0,0.0,0.0,0.0,0.0,0.0,0.0,1.0,0.0,0.0,0.0,0.0,normal
1.0,4601.0,15.0,1.0,26.0,3.6,2.0,0.0,0.0,0.0,1.0,0.0,0.0,0.0,0.0,normal
1.0,4602.0,15.0,1.0,0.0,0.0,0.0,0.0,0.0,0.0,1.0,0.0,0.0,0.0,0.0,normal
1.0,4601.0,15.0,1.0,25.0,6.9,4.0,0.0,0.0,0.0,1.0,0.0,0.0,0.0,0.0,normal
1.0,4602.0,15.0,1.0,0.0,0.0,0.0,0.0,0.0,0.0,1.0,0.0,0.0,0.0,0.0,normal
1.0,4601.0,15.0,1.0,26.0,5.4,3.0,0.0,0.0,161.0,27.5,-27.4,1.0,27.0,4.9,normal
1.0,4602.0,15.0,1.0,0.0,0.0,0.0,0.0,0.0,0.0,1.0,0.0,0.0,0.0,0.0,normal
1.0,4601.0,15.0,1.0,26.0,37.0,924.0,7.0,0.0,507.0,27.6,-27.0,1.0,27.0,489.0,normal
1.0,4602.0,15.0,1.0,0.0,0.0,0.0,0.0,0.0,0.0,1.0,0.0,0.0,0.0,0.0,normal
1.0,4601.0,15.0,1.0,26.0,41.0,1008.0,5.0,0.0,123.0,28.3,-26.2,1.0,27.0,344.0,normal
1.0,4602.0,15.0,1.0,25.0,8.7,5.0,0.0,0.0,0.0,34.0,-12.9,1.0,27.0,38.0,normal
1.0,4601.0,15.0,1.0,26.0,33.0,804.0,3.0,0.0,755.0,27.6,-26.1,1.0,27.0,345.0,normal
1.0,4602.0,15.0,1.0,25.0,23.0,609.0,7.0,1.0,653.0,35.9,-11.7,1.0,27.0,401.0,normal
1.0,4601.0,15.0,1.0,27.0,29.0,697.0,2.0,0.0,782.0,28.3,-25.7,1.0,27.0,319.0,normal
1.0,4602.0,15.0,1.0,25.0,27.0,697.0,5.0,0.0,639.0,36.6,-11.7,1.0,27.0,339.0,normal
1.0,4601.0,15.0,1.0,26.0,23.0,555.0,5.0,0.0,0.0,28.2,-25.5,1.0,27.0,298.0,normal
1.0,4602.0,15.0,1.0,25.0,26.0,666.0,12.0,1.0,48.3,36.2,-12.0,1.0,27.0,346.0,normal
1.0,4601.0,15.0,1.0,26.0,28.0,687.0,2.0,0.0,678.0,27.6,-25.9,1.0,27.0,324.0,normal
1.0,4602.0,15.0,1.0,25.0,27.0,706.0,6.0,0.0,716.0,36.0,-11.7,1.0,27.0,339.0,normal
1.0,4601.0,15.0,1.0,26.0,28.0,691.0,6.0,0.0,559.0,27.8,-26.0,1.0,27.0,344.0,normal
1.0,4602.0,15.0,1.0,24.0,26.0,694.0,14.0,1.0,600.0,36.1,-11.7,1.0,27.0,339.0,normal
1.0,4601.0,15.0,1.0,26.0,30.0,773.0,4.0,0.0,640.0,28.1,-25.9,1.0,27.0,346.0,normal
1.0,4602.0,15.0,1.0,23.0,24.0,650.0,2.0,0.0,600.0,36.0,-11.7,1.0,27.0,339.0,normal
1.0,4601.0,15.0,1.0,26.0,21.0,529.0,4.0,0.0,635.0,28.2,-25.5,1.0,27.0,280.0,normal
1.0,4602.0,15.0,1.0,24.0,33.0,873.0,4.0,0.0,632.0,35.5,-12.0,1.0,27.0,346.0,normal
1.0,4601.0,15.0,1.0,26.0,29.0,711.0,5.0,0.0,669.0,27.7,-25.8,1.0,27.0,322.0,normal
1.0,4602.0,15.0,1.0,24.0,25.0,681.0,7.0,1.0,0.0,35.8,-11.6,1.0,27.0,337.0,normal
1.0,4601.0,15.0,1.0,26.0,32.0,785.0,3.0,0.0,704.0,26.4,-26.3,1.0,26.0,278.0,normal
1.0,4602.0,15.0,1.0,24.0,23.0,611.0,7.0,1.0,527.0,35.8,-11.0,1.0,27.0,350.0,normal
1.0,4601.0,15.0,1.0,26.0,17.0,419.0,3.0,0.0,0.0,26.4,-26.6,1.0,26.0,204.0,normal
1.0,4602.0,15.0,1.0,24.0,37.0,980.0,9.0,0.0,97.9,35.9,-11.8,1.0,27.0,339.0,normal
1.0,4601.0,15.0,1.0,0.0,0.0,0.0,0.0,0.0,0.0,1.0,0.0,0.0,0.0,0.0,normal
1.0,4602.0,15.0,1.0,24.0,29.0,918.0,10.0,1.0,0.0,35.8,-12.5,1.0,27.0,299.0,normal
1.0,4601.0,15.0,1.0,25.0,6.9,4.0,0.0,0.0,0.0,1.0,0.0,0.0,0.0,0.0,normal
1.0,4602.0,15.0,1.0,0.0,0.0,0.0,0.0,0.0,0.0,37.5,-12.6,1.0,27.0,4.9,normal
1.0,4601.0,15.0,1.0,26.0,3.6,2.0,0.0,0.0,0.0,1.0,0.0,0.0,0.0,0.0,normal
1.0,4602.0,14.0,1.0,0.0,0.0,0.0,0.0,0.0,0.0,1.0,0.0,0.0,0.0,0.0,normal
1.0,4601.0,15.0,1.0,26.0,6.2,4.0,0.0,0.0,0.0,1.0,0.0,0.0,0.0,0.0,normal
1.0,4602.0,14.0,1.0,0.0,0.0,0.0,0.0,0.0,0.0,1.0,0.0,0.0,0.0,0.0,normal
1.0,4601.0,15.0,1.0,0.0,0.0,0.0,0.0,0.0,0.0,29.0,-26.6,1.0,26.0,4.7,normal
1.0,4602.0,14.0,1.0,0.0,0.0,0.0,0.0,0.0,0.0,1.0,0.0,0.0,0.0,0.0,normal
1.0,4601.0,15.0,1.0,24.0,3.3,2.0,0.0,0.0,0.0,1.0,0.0,0.0,0.0,0.0,normal
1.0,4602.0,14.0,1.0,0.0,0.0,0.0,0.0,0.0,0.0,1.0,0.0,0.0,0.0,0.0,normal
1.0,4601.0,15.0,1.0,26.0,3.6,2.0,0.0,0.0,0.0,1.0,0.0,0.0,0.0,0.0,normal
1.0,4602.0,14.0,1.0,0.0,0.0,0.0,0.0,0.0,0.0,1.0,0.0,0.0,0.0,0.0,normal
1.0,4601.0,15.0,1.0,0.0,0.0,0.0,0.0,0.0,0.0,28.5,-26.6,1.0,27.0,4.9,normal
1.0,4602.0,13.0,1.0,0.0,0.0,0.0,0.0,0.0,0.0,1.0,0.0,0.0,0.0,0.0,normal
1.0,4601.0,15.0,1.0,0.0,0.0,0.0,0.0,0.0,0.0,1.0,0.0,0.0,0.0,0.0,normal
1.0,4602.0,14.0,1.0,0.0,0.0,0.0,0.0,0.0,0.0,37.5,-12.8,1.0,27.0,4.9,normal
1.0,4601.0,15.0,1.0,26.0,3.6,2.0,0.0,0.0,0.0,1.0,0.0,0.0,0.0,0.0,normal
1.0,4602.0,14.0,1.0,0.0,0.0,0.0,0.0,0.0,0.0,1.0,0.0,0.0,0.0,0.0,normal
1.0,4601.0,15.0,1.0,0.0,0.0,0.0,0.0,0.0,0.0,28.4,-26.7,1.0,27.0,4.9,normal
1.0,4602.0,14.0,1.0,0.0,0.0,0.0,0.0,0.0,0.0,1.0,0.0,0.0,0.0,0.0,normal
1.0,4601.0,15.0,1.0,26.0,2.7,2.0,0.0,0.0,0.0,1.0,0.0,0.0,0.0,0.0,normal
1.0,4602.0,14.0,1.0,0.0,0.0,0.0,0.0,0.0,0.0,1.0,0.0,0.0,0.0,0.0,normal
1.0,4601.0,15.0,1.0,26.0,0.0,0.0,0.0,0.0,0.0,1.0,0.0,0.0,0.0,0.0,normal
1.0,4602.0,14.0,1.0,0.0,0.0,0.0,0.0,0.0,0.0,1.0,0.0,0.0,0.0,0.0,normal
1.0,4601.0,15.0,1.0,26.0,3.6,2.0,0.0,0.0,0.0,1.0,0.0,0.0,0.0,0.0,normal
1.0,4602.0,14.0,1.0,0.0,0.0,0.0,0.0,0.0,0.0,1.0,0.0,0.0,0.0,0.0,normal
1.0,4601.0,15.0,1.0,26.0,888.0,1.0,0.0,0.0,0.0,1.0,0.0,0.0,0.0,0.0,normal
1.0,4602.0,14.0,1.0,0.0,0.0,0.0,0.0,0.0,0.0,1.0,0.0,0.0,0.0,0.0,normal
1.0,4601.0,15.0,1.0,26.0,9.0,5.0,0.0,0.0,0.0,1.0,0.0,0.0,0.0,0.0,normal
1.0,4602.0,14.0,1.0,0.0,0.0,0.0,0.0,0.0,0.0,1.0,0.0,0.0,0.0,0.0,normal
1.0,4601.0,15.0,1.0,0.0,0.0,0.0,0.0,0.0,0.0,1.0,0.0,0.0,0.0,0.0,normal
1.0,4602.0,14.0,1.0,0.0,0.0,0.0,0.0,0.0,0.0,1.0,0.0,0.0,0.0,0.0,normal
1.0,4601.0,15.0,1.0,0.0,0.0,0.0,0.0,0.0,0.0,27.9,-26.7,1.0,27.0,4.9,normal
1.0,4602.0,14.0,1.0,0.0,0.0,0.0,0.0,0.0,0.0,1.0,0.0,0.0,0.0,0.0,normal
1.0,4601.0,15.0,1.0,26.0,3.6,2.0,0.0,0.0,0.0,1.0,0.0,0.0,0.0,0.0,normal
1.0,4602.0,14.0,1.0,0.0,0.0,0.0,0.0,0.0,0.0,1.0,0.0,0.0,0.0,0.0,normal
1.0,4601.0,15.0,1.0,0.0,0.0,0.0,0.0,0.0,0.0,1.0,0.0,0.0,0.0,0.0,normal
1.0,4602.0,14.0,1.0,23.0,4.6,3.0,0.0,0.0,0.0,36.2,-12.8,1.0,27.0,9.7,normal
1.0,4601.0,15.0,1.0,0.0,0.0,0.0,0.0,0.0,0.0,28.1,-26.7,1.0,27.0,4.9,normal
1.0,4602.0,14.0,1.0,22.0,1.5,1.0,0.0,0.0,0.0,35.2,-12.8,1.0,27.0,4.9,normal
1.0,4601.0,15.0,1.0,0.0,0.0,0.0,0.0,0.0,0.0,1.0,0.0,0.0,0.0,0.0,normal
1.0,4602.0,14.0,1.0,0.0,0.0,0.0,0.0,0.0,0.0,37.3,-12.8,1.0,27.0,4.9,normal
1.0,4601.0,15.0,1.0,26.0,3.6,2.0,0.0,0.0,0.0,1.0,0.0,0.0,0.0,0.0,normal
1.0,4602.0,14.0,1.0,0.0,0.0,0.0,0.0,0.0,0.0,1.0,0.0,0.0,0.0,0.0,normal
1.0,4601.0,15.0,1.0,0.0,0.0,0.0,0.0,0.0,0.0,1.0,0.0,0.0,0.0,0.0,normal
1.0,4602.0,14.0,1.0,0.0,0.0,0.0,0.0,0.0,0.0,1.0,0.0,0.0,0.0,0.0,normal
1.0,4601.0,15.0,1.0,0.0,0.0,0.0,0.0,0.0,0.0,1.0,0.0,0.0,0.0,0.0,normal
1.0,4602.0,14.0,1.0,0.0,0.0,0.0,0.0,0.0,0.0,1.0,0.0,0.0,0.0,0.0,normal
1.0,4601.0,15.0,1.0,0.0,0.0,0.0,0.0,0.0,0.0,27.7,-26.8,1.0,27.0,4.9,normal
1.0,4602.0,14.0,1.0,0.0,0.0,0.0,0.0,0.0,0.0,37.9,-12.8,1.0,27.0,4.9,normal
1.0,4601.0,15.0,1.0,0.0,0.0,0.0,0.0,0.0,0.0,1.0,0.0,0.0,0.0,0.0,normal
1.0,4602.0,14.0,1.0,0.0,0.0,0.0,0.0,0.0,0.0,1.0,0.0,0.0,0.0,0.0,normal
1.0,4601.0,15.0,1.0,0.0,0.0,0.0,0.0,0.0,0.0,1.0,0.0,0.0,0.0,0.0,normal
1.0,4602.0,14.0,1.0,0.0,0.0,0.0,0.0,0.0,0.0,1.0,0.0,0.0,0.0,0.0,normal
1.0,4601.0,15.0,1.0,0.0,0.0,0.0,0.0,0.0,0.0,28.0,-26.7,1.0,27.0,4.9,normal
1.0,4602.0,14.0,1.0,0.0,0.0,0.0,0.0,0.0,0.0,1.0,0.0,0.0,0.0,0.0,normal
1.0,4601.0,15.0,1.0,26.0,3.6,2.0,0.0,0.0,0.0,28.4,-26.6,1.0,27.0,9.7,normal
1.0,4602.0,14.0,1.0,0.0,0.0,0.0,0.0,0.0,0.0,1.0,0.0,0.0,0.0,0.0,normal
1.0,4601.0,15.0,1.0,0.0,0.0,0.0,0.0,0.0,0.0,28.1,-26.7,1.0,27.0,4.9,normal
1.0,4602.0,14.0,1.0,0.0,0.0,0.0,0.0,0.0,0.0,1.0,0.0,0.0,0.0,0.0,normal
1.0,4601.0,15.0,1.0,26.0,9.8,6.0,0.0,0.0,0.0,1.0,0.0,0.0,0.0,0.0,normal
1.0,4602.0,14.0,1.0,0.0,0.0,0.0,0.0,0.0,0.0,1.0,0.0,0.0,0.0,0.0,normal
1.0,4601.0,15.0,1.0,26.0,3.6,2.0,0.0,0.0,0.0,1.0,0.0,0.0,0.0,0.0,normal
1.0,4602.0,14.0,1.0,0.0,0.0,0.0,0.0,0.0,0.0,36.3,-12.7,1.0,27.0,4.9,normal
1.0,4601.0,15.0,1.0,26.0,3.6,2.0,0.0,0.0,0.0,29.1,-26.7,1.0,27.0,4.9,normal
1.0,4602.0,14.0,1.0,0.0,0.0,0.0,0.0,0.0,0.0,35.5,-12.7,1.0,27.0,4.9,normal
1.0,4601.0,15.0,1.0,26.0,9.9,6.0,0.0,0.0,0.0,1.0,0.0,0.0,0.0,0.0,normal
1.0,4602.0,14.0,1.0,0.0,0.0,0.0,0.0,0.0,0.0,37.2,-12.7,1.0,27.0,4.9,normal
1.0,4601.0,15.0,1.0,26.0,1.8,1.0,0.0,0.0,0.0,1.0,0.0,0.0,0.0,0.0,normal
1.0,4602.0,14.0,1.0,0.0,0.0,0.0,0.0,0.0,0.0,1.0,0.0,0.0,0.0,0.0,normal
1.0,4601.0,15.0,1.0,26.0,888.0,1.0,0.0,0.0,0.0,1.0,0.0,0.0,0.0,0.0,normal
1.0,4602.0,14.0,1.0,0.0,0.0,0.0,0.0,0.0,0.0,1.0,0.0,0.0,0.0,0.0,normal
1.0,4601.0,15.0,1.0,26.0,6.2,4.0,0.0,0.0,0.0,1.0,0.0,0.0,0.0,0.0,normal
1.0,4602.0,13.0,1.0,0.0,0.0,0.0,0.0,0.0,0.0,1.0,0.0,0.0,0.0,0.0,normal
1.0,4601.0,15.0,1.0,26.0,0.0,0.0,0.0,0.0,0.0,1.0,0.0,0.0,0.0,0.0,normal
1.0,4602.0,13.0,1.0,0.0,0.0,0.0,0.0,0.0,0.0,1.0,0.0,0.0,0.0,0.0,normal
1.0,4601.0,15.0,1.0,26.0,3.6,2.0,0.0,0.0,0.0,1.0,0.0,0.0,0.0,0.0,normal
1.0,4602.0,14.0,1.0,0.0,0.0,0.0,0.0,0.0,0.0,1.0,0.0,0.0,0.0,0.0,normal
1.0,4601.0,15.0,1.0,0.0,0.0,0.0,0.0,0.0,0.0,1.0,0.0,0.0,0.0,0.0,normal
1.0,4602.0,14.0,1.0,0.0,0.0,0.0,0.0,0.0,0.0,1.0,0.0,0.0,0.0,0.0,normal
1.0,4601.0,15.0,1.0,0.0,0.0,0.0,0.0,0.0,0.0,1.0,0.0,0.0,0.0,0.0,normal
1.0,4602.0,14.0,1.0,24.0,29.0,797.0,5.0,0.0,295.0,35.7,-12.5,1.0,27.0,253.0,normal
1.0,4601.0,15.0,1.0,26.0,23.0,580.0,8.0,1.0,852.0,26.6,-26.2,1.0,26.0,312.0,normal
1.0,4602.0,15.0,1.0,24.0,31.0,838.0,10.0,1.0,618.0,35.3,-11.7,1.0,27.0,551.0,normal
1.0,4601.0,15.0,1.0,26.0,28.0,696.0,6.0,0.0,686.0,26.3,-26.6,1.0,26.0,261.0,normal
1.0,4602.0,15.0,1.0,25.0,27.0,695.0,4.0,0.0,626.0,36.3,-11.1,1.0,27.0,339.0,normal
1.0,4601.0,15.0,1.0,26.0,28.0,696.0,4.0,0.0,692.0,26.2,-26.5,1.0,26.0,245.0,normal
1.0,4602.0,15.0,1.0,24.0,26.0,693.0,10.0,1.0,69.7,35.9,-11.2,1.0,27.0,339.0,normal
1.0,4601.0,15.0,1.0,26.0,29.0,716.0,5.0,0.0,656.0,26.5,-26.3,1.0,26.0,273.0,normal
1.0,4602.0,15.0,1.0,24.0,26.0,686.0,10.0,1.0,556.0,35.5,-11.5,1.0,27.0,318.0,normal
1.0,4601.0,15.0,1.0,25.0,28.0,691.0,11.0,1.0,755.0,26.3,-26.5,1.0,26.0,251.0,normal
1.0,4602.0,15.0,1.0,24.0,25.0,690.0,10.0,1.0,593.0,36.0,-11.3,1.0,27.0,339.0,normal
1.0,4601.0,15.0,1.0,25.0,24.0,662.0,5.0,0.0,318.0,26.1,-26.1,1.0,26.0,279.0,normal
1.0,4602.0,15.0,1.0,23.0,21.0,569.0,2.0,0.0,658.0,35.7,-11.2,1.0,27.0,311.0,normal
1.0,4601.0,15.0,1.0,25.0,27.0,694.0,5.0,0.0,513.0,26.2,-26.2,1.0,26.0,312.0,normal
1.0,4602.0,15.0,1.0,24.0,26.0,694.0,7.0,0.0,373.0,35.9,-11.2,1.0,27.0,339.0,normal
1.0,4601.0,15.0,1.0,26.0,22.0,549.0,3.0,0.0,543.0,26.5,-26.5,1.0,26.0,287.0,normal
1.0,4602.0,15.0,1.0,24.0,30.0,831.0,5.0,0.0,394.0,35.5,-11.5,1.0,27.0,332.0,normal
1.0,4601.0,15.0,1.0,26.0,35.0,909.0,7.0,0.0,681.0,27.3,-26.3,1.0,27.0,344.0,normal
1.0,4602.0,15.0,1.0,24.0,18.0,482.0,5.0,1.0,650.0,35.9,-11.3,1.0,27.0,271.0,normal
1.0,4601.0,15.0,1.0,26.0,39.0,1003.0,8.0,0.0,3.0,27.8,-26.3,1.0,27.0,382.0,normal
1.0,4602.0,15.0,1.0,25.0,15.0,383.0,4.0,1.0,0.0,35.7,-11.4,1.0,27.0,188.0,normal
1.0,4601.0,15.0,1.0,25.0,34.0,1051.0,14.0,1.0,11.2,28.5,-26.0,1.0,27.0,321.0,normal
1.0,4602.0,14.0,1.0,0.0,0.0,0.0,0.0,0.0,0.0,35.1,-12.7,1.0,27.0,4.9,normal
1.0,4601.0,15.0,1.0,26.0,43.0,1290.0,9.0,0.0,14.1,28.8,-25.8,1.0,27.0,390.0,normal
1.0,4602.0,14.0,1.0,23.0,1.6,53.0,0.0,0.0,0.0,35.0,-11.7,1.0,27.0,69.0,normal
1.0,4601.0,15.0,1.0,26.0,33.0,1025.0,5.0,0.0,14.1,29.1,-25.6,1.0,27.0,310.0,normal
1.0,4602.0,14.0,1.0,0.0,0.0,0.0,0.0,0.0,0.0,1.0,0.0,0.0,0.0,0.0,normal
1.0,4601.0,15.0,1.0,26.0,36.0,1162.0,9.0,0.0,0.0,28.6,-26.3,1.0,27.0,310.0,normal
1.0,4602.0,14.0,1.0,0.0,0.0,0.0,0.0,0.0,0.0,1.0,0.0,0.0,0.0,0.0,normal
1.0,4601.0,15.0,1.0,0.0,0.0,0.0,0.0,0.0,0.0,1.0,0.0,0.0,0.0,0.0,normal
1.0,4602.0,14.0,1.0,0.0,0.0,0.0,0.0,0.0,0.0,1.0,0.0,0.0,0.0,0.0,normal
1.0,4601.0,15.0,1.0,0.0,0.0,0.0,0.0,0.0,0.0,1.0,0.0,0.0,0.0,0.0,normal
1.0,4602.0,14.0,1.0,0.0,0.0,0.0,0.0,0.0,0.0,1.0,0.0,0.0,0.0,0.0,normal
1.0,4601.0,15.0,1.0,0.0,0.0,0.0,0.0,0.0,0.0,1.0,0.0,0.0,0.0,0.0,normal
1.0,4602.0,14.0,1.0,0.0,0.0,0.0,0.0,0.0,0.0,1.0,0.0,0.0,0.0,0.0,normal
1.0,4601.0,15.0,1.0,0.0,0.0,0.0,0.0,0.0,0.0,1.0,0.0,0.0,0.0,0.0,normal
1.0,4602.0,14.0,1.0,0.0,0.0,0.0,0.0,0.0,0.0,1.0,0.0,0.0,0.0,0.0,normal
1.0,4601.0,15.0,1.0,27.0,3.7,2.0,0.0,0.0,0.0,1.0,0.0,0.0,0.0,0.0,normal
1.0,4602.0,14.0,1.0,0.0,0.0,0.0,0.0,0.0,0.0,36.4,-13.2,1.0,27.0,15.0,normal
1.0,4601.0,15.0,1.0,26.0,12.0,7.0,0.0,0.0,0.0,1.0,0.0,0.0,0.0,0.0,normal
1.0,4602.0,14.0,1.0,0.0,0.0,0.0,0.0,0.0,0.0,1.0,0.0,0.0,0.0,0.0,normal
1.0,4601.0,15.0,1.0,27.0,9.3,5.0,0.0,0.0,0.0,1.0,0.0,0.0,0.0,0.0,normal
1.0,4602.0,14.0,1.0,0.0,0.0,0.0,0.0,0.0,0.0,1.0,0.0,0.0,0.0,0.0,normal
1.0,4601.0,15.0,1.0,26.0,2.6,2.0,0.0,0.0,0.0,1.0,0.0,0.0,0.0,0.0,normal
1.0,4602.0,14.0,1.0,0.0,0.0,0.0,0.0,0.0,0.0,1.0,0.0,0.0,0.0,0.0,normal
1.0,4601.0,15.0,1.0,0.0,0.0,0.0,0.0,0.0,0.0,1.0,0.0,0.0,0.0,0.0,normal
1.0,4602.0,14.0,1.0,0.0,0.0,0.0,0.0,0.0,0.0,36.4,-13.0,1.0,27.0,4.9,normal
1.0,4601.0,15.0,1.0,27.0,6.5,4.0,0.0,0.0,0.0,27.1,-27.5,1.0,26.0,4.7,normal
1.0,4602.0,13.0,1.0,0.0,0.0,0.0,0.0,0.0,0.0,36.5,-13.4,1.0,27.0,9.7,normal
1.0,4601.0,15.0,1.0,26.0,9.1,5.0,0.0,0.0,0.0,27.7,-27.5,1.0,27.0,9.7,normal
1.0,4602.0,14.0,1.0,0.0,0.0,0.0,0.0,0.0,0.0,1.0,0.0,0.0,0.0,0.0,normal
1.0,4601.0,15.0,1.0,0.0,0.0,0.0,0.0,0.0,0.0,1.0,0.0,0.0,0.0,0.0,normal
1.0,4602.0,13.0,1.0,0.0,0.0,0.0,0.0,0.0,0.0,1.0,0.0,0.0,0.0,0.0,normal
1.0,4601.0,15.0,1.0,0.0,0.0,0.0,0.0,0.0,0.0,1.0,0.0,0.0,0.0,0.0,normal
1.0,4602.0,14.0,1.0,0.0,0.0,0.0,0.0,0.0,0.0,36.2,-13.4,1.0,27.0,4.9,normal
1.0,4601.0,15.0,1.0,27.0,3.7,2.0,0.0,0.0,0.0,1.0,0.0,0.0,0.0,0.0,normal
1.0,4602.0,14.0,1.0,0.0,0.0,0.0,0.0,0.0,0.0,1.0,0.0,0.0,0.0,0.0,normal
1.0,4601.0,15.0,1.0,0.0,0.0,0.0,0.0,0.0,0.0,27.7,-27.6,1.0,27.0,15.0,normal
1.0,4602.0,14.0,1.0,0.0,0.0,0.0,0.0,0.0,0.0,1.0,0.0,0.0,0.0,0.0,normal
1.0,4601.0,15.0,1.0,0.0,0.0,0.0,0.0,0.0,0.0,1.0,0.0,0.0,0.0,0.0,normal
1.0,4602.0,14.0,1.0,0.0,0.0,0.0,0.0,0.0,0.0,36.3,-13.0,1.0,27.0,4.9,normal
1.0,4601.0,15.0,1.0,27.0,1.9,1.0,0.0,0.0,0.0,28.1,-26.1,1.0,27.0,4.9,normal
1.0,4602.0,14.0,1.0,0.0,0.0,0.0,0.0,0.0,0.0,37.9,-12.5,1.0,27.0,4.9,normal
1.0,4601.0,15.0,1.0,27.0,5.6,3.0,0.0,0.0,0.0,1.0,0.0,0.0,0.0,0.0,normal
1.0,4602.0,14.0,1.0,0.0,0.0,0.0,0.0,0.0,0.0,1.0,0.0,0.0,0.0,0.0,normal
1.0,4601.0,15.0,1.0,27.0,3.7,2.0,0.0,0.0,0.0,1.0,0.0,0.0,0.0,0.0,normal
1.0,4602.0,14.0,1.0,0.0,0.0,0.0,0.0,0.0,0.0,1.0,0.0,0.0,0.0,0.0,normal
1.0,4601.0,15.0,1.0,0.0,0.0,0.0,0.0,0.0,0.0,1.0,0.0,0.0,0.0,0.0,normal
1.0,4602.0,14.0,1.0,0.0,0.0,0.0,0.0,0.0,0.0,1.0,0.0,0.0,0.0,0.0,normal
1.0,4601.0,15.0,1.0,0.0,0.0,0.0,0.0,0.0,0.0,1.0,0.0,0.0,0.0,0.0,normal
1.0,4602.0,14.0,1.0,0.0,0.0,0.0,0.0,0.0,0.0,1.0,0.0,0.0,0.0,0.0,normal
1.0,4601.0,15.0,1.0,27.0,3.7,2.0,0.0,0.0,0.0,1.0,0.0,0.0,0.0,0.0,normal
1.0,4602.0,14.0,1.0,0.0,0.0,0.0,0.0,0.0,0.0,1.0,0.0,0.0,0.0,0.0,normal
1.0,4601.0,15.0,1.0,27.0,2.8,2.0,0.0,0.0,0.0,1.0,0.0,0.0,0.0,0.0,normal
1.0,4602.0,14.0,1.0,0.0,0.0,0.0,0.0,0.0,0.0,1.0,0.0,0.0,0.0,0.0,normal
1.0,4601.0,15.0,1.0,0.0,0.0,0.0,0.0,0.0,0.0,1.0,0.0,0.0,0.0,0.0,normal
1.0,4602.0,14.0,1.0,0.0,0.0,0.0,0.0,0.0,0.0,1.0,0.0,0.0,0.0,0.0,normal
1.0,4601.0,15.0,1.0,0.0,0.0,0.0,0.0,0.0,0.0,1.0,0.0,0.0,0.0,0.0,normal
1.0,4602.0,13.0,1.0,0.0,0.0,0.0,0.0,0.0,0.0,37.2,-12.6,1.0,27.0,4.9,normal
1.0,4601.0,15.0,1.0,0.0,0.0,0.0,0.0,0.0,0.0,1.0,0.0,0.0,0.0,0.0,normal
1.0,4602.0,14.0,1.0,0.0,0.0,0.0,0.0,0.0,0.0,1.0,0.0,0.0,0.0,0.0,normal
1.0,4601.0,15.0,1.0,27.0,6.5,4.0,0.0,0.0,0.0,1.0,0.0,0.0,0.0,0.0,normal
1.0,4602.0,14.0,1.0,0.0,0.0,0.0,0.0,0.0,0.0,1.0,0.0,0.0,0.0,0.0,normal
1.0,4601.0,15.0,1.0,0.0,0.0,0.0,0.0,0.0,0.0,1.0,0.0,0.0,0.0,0.0,normal
1.0,4602.0,14.0,1.0,0.0,0.0,0.0,0.0,0.0,0.0,1.0,0.0,0.0,0.0,0.0,normal
1.0,4601.0,15.0,1.0,0.0,0.0,0.0,0.0,0.0,0.0,1.0,0.0,0.0,0.0,0.0,normal
1.0,4602.0,14.0,1.0,0.0,0.0,0.0,0.0,0.0,0.0,1.0,0.0,0.0,0.0,0.0,normal
1.0,4601.0,15.0,1.0,0.0,0.0,0.0,0.0,0.0,0.0,1.0,0.0,0.0,0.0,0.0,normal
1.0,4602.0,14.0,1.0,0.0,0.0,0.0,0.0,0.0,0.0,1.0,0.0,0.0,0.0,0.0,normal
1.0,4601.0,15.0,1.0,0.0,0.0,0.0,0.0,0.0,0.0,1.0,0.0,0.0,0.0,0.0,normal
1.0,4602.0,14.0,1.0,0.0,0.0,0.0,0.0,0.0,0.0,1.0,0.0,0.0,0.0,0.0,normal
1.0,4601.0,15.0,1.0,27.0,3.7,2.0,0.0,0.0,0.0,1.0,0.0,0.0,0.0,0.0,normal
1.0,4602.0,14.0,1.0,0.0,0.0,0.0,0.0,0.0,0.0,1.0,0.0,0.0,0.0,0.0,normal
1.0,4601.0,15.0,1.0,0.0,0.0,0.0,0.0,0.0,0.0,1.0,0.0,0.0,0.0,0.0,normal
1.0,4602.0,14.0,1.0,0.0,0.0,0.0,0.0,0.0,0.0,1.0,0.0,0.0,0.0,0.0,normal
1.0,4601.0,15.0,1.0,0.0,0.0,0.0,0.0,0.0,0.0,1.0,0.0,0.0,0.0,0.0,normal
1.0,4602.0,14.0,1.0,0.0,0.0,0.0,0.0,0.0,0.0,1.0,0.0,0.0,0.0,0.0,normal
1.0,4601.0,15.0,1.0,27.0,3.7,2.0,0.0,0.0,0.0,27.9,-27.2,1.0,27.0,4.9,normal
1.0,4602.0,14.0,1.0,0.0,0.0,0.0,0.0,0.0,0.0,1.0,0.0,0.0,0.0,0.0,normal
1.0,4601.0,15.0,1.0,27.0,3.7,2.0,0.0,0.0,0.0,1.0,0.0,0.0,0.0,0.0,normal
1.0,4602.0,14.0,1.0,0.0,0.0,0.0,0.0,0.0,0.0,1.0,0.0,0.0,0.0,0.0,normal
1.0,4601.0,15.0,1.0,0.0,0.0,0.0,0.0,0.0,0.0,1.0,0.0,0.0,0.0,0.0,normal
1.0,4602.0,14.0,1.0,0.0,0.0,0.0,0.0,0.0,0.0,1.0,0.0,0.0,0.0,0.0,normal
1.0,4601.0,15.0,1.0,0.0,0.0,0.0,0.0,0.0,0.0,1.0,0.0,0.0,0.0,0.0,normal
1.0,4602.0,14.0,1.0,0.0,0.0,0.0,0.0,0.0,0.0,1.0,0.0,0.0,0.0,0.0,normal
1.0,4601.0,15.0,1.0,26.0,6.3,4.0,0.0,0.0,0.0,1.0,0.0,0.0,0.0,0.0,normal
1.0,4602.0,14.0,1.0,0.0,0.0,0.0,0.0,0.0,0.0,1.0,0.0,0.0,0.0,0.0,normal
1.0,4601.0,15.0,1.0,0.0,0.0,0.0,0.0,0.0,0.0,1.0,0.0,0.0,0.0,0.0,normal
1.0,4602.0,14.0,1.0,0.0,0.0,0.0,0.0,0.0,0.0,1.0,0.0,0.0,0.0,0.0,normal
1.0,4601.0,15.0,1.0,27.0,34.0,855.0,2.0,0.0,432.0,29.2,-25.5,1.0,27.0,247.0,normal
1.0,4602.0,14.0,1.0,0.0,0.0,0.0,0.0,0.0,0.0,1.0,0.0,0.0,0.0,0.0,normal
1.0,4601.0,15.0,1.0,26.0,47.0,1164.0,10.0,0.0,0.0,28.8,-25.3,1.0,27.0,418.0,normal
1.0,4602.0,14.0,1.0,0.0,0.0,0.0,0.0,0.0,0.0,1.0,0.0,0.0,0.0,0.0,normal
1.0,4601.0,15.0,1.0,25.0,50.0,1256.0,18.0,1.0,516.0,28.2,-26.7,1.0,27.0,319.0,normal
1.0,4602.0,14.0,1.0,0.0,0.0,0.0,0.0,0.0,0.0,1.0,0.0,0.0,0.0,0.0,normal
1.0,4601.0,15.0,1.0,26.0,43.0,1077.0,11.0,1.0,610.0,27.9,-26.8,1.0,27.0,307.0,normal
1.0,4602.0,14.0,1.0,0.0,0.0,0.0,0.0,0.0,0.0,1.0,0.0,0.0,0.0,0.0,normal
1.0,4601.0,15.0,1.0,25.0,54.0,1381.0,19.0,1.0,402.0,28.2,-26.6,1.0,27.0,339.0,normal
1.0,4602.0,14.0,1.0,0.0,0.0,0.0,0.0,0.0,0.0,1.0,0.0,0.0,0.0,0.0,normal
1.0,4601.0,15.0,1.0,25.0,24.0,618.0,2.0,0.0,620.0,26.9,-26.8,1.0,26.0,265.0,normal
1.0,4602.0,15.0,1.0,25.0,22.0,596.0,3.0,0.0,427.0,35.9,-11.3,1.0,27.0,281.0,normal
1.0,4601.0,15.0,1.0,26.0,28.0,696.0,3.0,0.0,661.0,26.4,-26.8,1.0,26.0,241.0,normal
1.0,4602.0,15.0,1.0,25.0,27.0,696.0,5.0,0.0,419.0,36.1,-11.1,1.0,27.0,339.0,normal
1.0,4601.0,15.0,1.0,26.0,27.0,660.0,4.0,0.0,648.0,26.6,-26.8,1.0,26.0,268.0,normal
1.0,4602.0,15.0,1.0,25.0,29.0,743.0,7.0,0.0,555.0,35.9,-11.6,1.0,27.0,364.0,normal
1.0,4601.0,15.0,1.0,26.0,30.0,743.0,3.0,0.0,413.0,26.7,-26.7,1.0,26.0,255.0,normal
1.0,4602.0,15.0,1.0,25.0,26.0,653.0,4.0,0.0,58.0,35.9,-11.2,1.0,27.0,354.0,normal
1.0,4601.0,15.0,1.0,26.0,7.6,190.0,0.0,0.0,0.0,28.0,-26.7,1.0,27.0,60.0,normal
1.0,4602.0,15.0,1.0,25.0,43.0,1104.0,13.0,1.0,49.0,35.7,-12.4,1.0,27.0,317.0,normal
1.0,4601.0,15.0,1.0,0.0,0.0,0.0,0.0,0.0,0.0,28.7,-27.1,1.0,27.0,4.9,normal
1.0,4602.0,15.0,1.0,25.0,38.0,985.0,13.0,1.0,250.0,35.8,-12.2,1.0,27.0,307.0,normal
1.0,4601.0,15.0,1.0,27.0,3.7,2.0,0.0,0.0,0.0,27.7,-26.9,1.0,27.0,17.0,normal
1.0,4602.0,15.0,1.0,25.0,38.0,1015.0,8.0,0.0,14.3,35.8,-12.3,1.0,27.0,334.0,normal
1.0,4601.0,15.0,1.0,26.0,3.5,2.0,0.0,0.0,0.0,1.0,0.0,0.0,0.0,0.0,normal
1.0,4602.0,15.0,1.0,25.0,25.0,774.0,7.0,0.0,0.0,35.9,-12.3,1.0,27.0,210.0,normal
1.0,4601.0,15.0,1.0,26.0,3.6,2.0,0.0,0.0,0.0,1.0,0.0,0.0,0.0,0.0,normal
1.0,4602.0,15.0,1.0,0.0,0.0,0.0,0.0,0.0,0.0,1.0,0.0,0.0,0.0,0.0,normal
1.0,4601.0,15.0,1.0,27.0,10.0,6.0,0.0,0.0,0.0,28.2,-26.5,1.0,27.0,4.9,normal
1.0,4602.0,15.0,1.0,0.0,0.0,0.0,0.0,0.0,0.0,1.0,0.0,0.0,0.0,0.0,normal
1.0,4601.0,15.0,1.0,26.0,3.6,2.0,0.0,0.0,0.0,1.0,0.0,0.0,0.0,0.0,normal
1.0,4602.0,15.0,1.0,0.0,0.0,0.0,0.0,0.0,0.0,1.0,0.0,0.0,0.0,0.0,normal
1.0,4601.0,15.0,1.0,0.0,0.0,0.0,0.0,0.0,0.0,1.0,0.0,0.0,0.0,0.0,normal
1.0,4602.0,15.0,1.0,0.0,0.0,0.0,0.0,0.0,0.0,1.0,0.0,0.0,0.0,0.0,normal
1.0,4601.0,15.0,1.0,0.0,0.0,0.0,0.0,0.0,0.0,1.0,0.0,0.0,0.0,0.0,normal
1.0,4602.0,14.0,1.0,0.0,0.0,0.0,0.0,0.0,0.0,1.0,0.0,0.0,0.0,0.0,normal
1.0,4601.0,15.0,1.0,0.0,0.0,0.0,0.0,0.0,0.0,1.0,0.0,0.0,0.0,0.0,normal
1.0,4602.0,14.0,1.0,0.0,0.0,0.0,0.0,0.0,0.0,1.0,0.0,0.0,0.0,0.0,normal
1.0,4601.0,15.0,1.0,26.0,3.6,2.0,0.0,0.0,0.0,26.5,-27.5,1.0,27.0,6.8,normal
1.0,4602.0,13.0,1.0,0.0,0.0,0.0,0.0,0.0,0.0,1.0,0.0,0.0,0.0,0.0,normal
1.0,4601.0,15.0,1.0,0.0,0.0,0.0,0.0,0.0,0.0,1.0,0.0,0.0,0.0,0.0,normal
1.0,4602.0,14.0,1.0,0.0,0.0,0.0,0.0,0.0,0.0,1.0,0.0,0.0,0.0,0.0,normal
1.0,4601.0,15.0,1.0,0.0,0.0,0.0,0.0,0.0,0.0,28.4,-26.9,1.0,26.0,4.7,normal
1.0,4602.0,14.0,1.0,0.0,0.0,0.0,0.0,0.0,0.0,1.0,0.0,0.0,0.0,0.0,normal
1.0,4601.0,15.0,1.0,27.0,7.5,4.0,0.0,0.0,0.0,28.0,-26.7,1.0,27.0,4.9,normal
1.0,4602.0,14.0,1.0,0.0,0.0,0.0,0.0,0.0,0.0,36.3,-12.8,1.0,27.0,4.9,normal
1.0,4601.0,15.0,1.0,0.0,0.0,0.0,0.0,0.0,0.0,1.0,0.0,0.0,0.0,0.0,normal
1.0,4602.0,14.0,1.0,0.0,0.0,0.0,0.0,0.0,0.0,1.0,0.0,0.0,0.0,0.0,normal
1.0,4601.0,15.0,1.0,26.0,3.5,2.0,0.0,0.0,0.0,27.7,-27.5,1.0,27.0,4.9,normal
1.0,4602.0,14.0,1.0,0.0,0.0,0.0,0.0,0.0,0.0,1.0,0.0,0.0,0.0,0.0,normal
1.0,4601.0,15.0,1.0,27.0,1.9,1.0,0.0,0.0,0.0,1.0,0.0,0.0,0.0,0.0,normal
1.0,4602.0,14.0,1.0,0.0,0.0,0.0,0.0,0.0,0.0,1.0,0.0,0.0,0.0,0.0,normal
1.0,4601.0,15.0,1.0,27.0,1.9,1.0,0.0,0.0,0.0,1.0,0.0,0.0,0.0,0.0,normal
1.0,4602.0,14.0,1.0,0.0,0.0,0.0,0.0,0.0,0.0,1.0,0.0,0.0,0.0,0.0,normal
1.0,4601.0,15.0,1.0,0.0,0.0,0.0,0.0,0.0,0.0,1.0,0.0,0.0,0.0,0.0,normal
1.0,4602.0,14.0,1.0,0.0,0.0,0.0,0.0,0.0,0.0,1.0,0.0,0.0,0.0,0.0,normal
1.0,4601.0,15.0,1.0,0.0,0.0,0.0,0.0,0.0,0.0,1.0,0.0,0.0,0.0,0.0,normal
1.0,4602.0,14.0,1.0,0.0,0.0,0.0,0.0,0.0,0.0,1.0,0.0,0.0,0.0,0.0,normal
1.0,4601.0,15.0,1.0,27.0,2.8,2.0,0.0,0.0,0.0,1.0,0.0,0.0,0.0,0.0,normal
1.0,4602.0,14.0,1.0,0.0,0.0,0.0,0.0,0.0,0.0,1.0,0.0,0.0,0.0,0.0,normal
1.0,4601.0,15.0,1.0,0.0,0.0,0.0,0.0,0.0,0.0,28.1,-27.2,1.0,27.0,4.9,normal
1.0,4602.0,14.0,1.0,0.0,0.0,0.0,0.0,0.0,0.0,1.0,0.0,0.0,0.0,0.0,normal
1.0,4601.0,15.0,1.0,0.0,0.0,0.0,0.0,0.0,0.0,1.0,0.0,0.0,0.0,0.0,normal
1.0,4602.0,14.0,1.0,0.0,0.0,0.0,0.0,0.0,0.0,1.0,0.0,0.0,0.0,0.0,normal
1.0,4601.0,15.0,1.0,0.0,0.0,0.0,0.0,0.0,0.0,1.0,0.0,0.0,0.0,0.0,normal
1.0,4602.0,14.0,1.0,0.0,0.0,0.0,0.0,0.0,0.0,1.0,0.0,0.0,0.0,0.0,normal
1.0,4601.0,15.0,1.0,27.0,3.7,2.0,0.0,0.0,0.0,1.0,0.0,0.0,0.0,0.0,normal
1.0,4602.0,14.0,1.0,0.0,0.0,0.0,0.0,0.0,0.0,1.0,0.0,0.0,0.0,0.0,normal
1.0,4601.0,15.0,1.0,27.0,3.7,2.0,0.0,0.0,0.0,1.0,0.0,0.0,0.0,0.0,normal
1.0,4602.0,14.0,1.0,0.0,0.0,0.0,0.0,0.0,0.0,1.0,0.0,0.0,0.0,0.0,normal
1.0,4601.0,15.0,1.0,24.0,3.3,2.0,0.0,0.0,0.0,1.0,0.0,0.0,0.0,0.0,normal
1.0,4602.0,14.0,1.0,0.0,0.0,0.0,0.0,0.0,0.0,1.0,0.0,0.0,0.0,0.0,normal
1.0,4601.0,15.0,1.0,0.0,0.0,0.0,0.0,0.0,0.0,1.0,0.0,0.0,0.0,0.0,normal
1.0,4602.0,14.0,1.0,0.0,0.0,0.0,0.0,0.0,0.0,1.0,0.0,0.0,0.0,0.0,normal
1.0,4601.0,15.0,1.0,26.0,2.6,2.0,0.0,0.0,0.0,1.0,0.0,0.0,0.0,0.0,normal
1.0,4602.0,14.0,1.0,0.0,0.0,0.0,0.0,0.0,0.0,1.0,0.0,0.0,0.0,0.0,normal
1.0,4601.0,15.0,1.0,27.0,3.7,2.0,0.0,0.0,0.0,28.0,-27.5,1.0,27.0,4.9,normal
1.0,4602.0,14.0,1.0,0.0,0.0,0.0,0.0,0.0,0.0,1.0,0.0,0.0,0.0,0.0,normal
1.0,4601.0,15.0,1.0,27.0,6.5,4.0,0.0,0.0,0.0,1.0,0.0,0.0,0.0,0.0,normal
1.0,4602.0,14.0,1.0,0.0,0.0,0.0,0.0,0.0,0.0,1.0,0.0,0.0,0.0,0.0,normal
1.0,4601.0,15.0,1.0,27.0,3.7,2.0,0.0,0.0,0.0,1.0,0.0,0.0,0.0,0.0,normal
1.0,4602.0,14.0,1.0,0.0,0.0,0.0,0.0,0.0,0.0,1.0,0.0,0.0,0.0,0.0,normal
1.0,4601.0,15.0,1.0,0.0,0.0,0.0,0.0,0.0,0.0,27.4,-27.2,1.0,27.0,4.9,normal
1.0,4602.0,14.0,1.0,0.0,0.0,0.0,0.0,0.0,0.0,37.6,-13.0,1.0,27.0,4.9,normal
1.0,4601.0,15.0,1.0,0.0,0.0,0.0,0.0,0.0,0.0,1.0,0.0,0.0,0.0,0.0,normal
1.0,4602.0,14.0,1.0,0.0,0.0,0.0,0.0,0.0,0.0,37.1,-13.9,1.0,27.0,4.9,normal
1.0,4601.0,15.0,1.0,27.0,3.7,2.0,0.0,0.0,0.0,1.0,0.0,0.0,0.0,0.0,normal
1.0,4602.0,14.0,1.0,0.0,0.0,0.0,0.0,0.0,0.0,1.0,0.0,0.0,0.0,0.0,normal
1.0,4601.0,15.0,1.0,0.0,0.0,0.0,0.0,0.0,0.0,1.0,0.0,0.0,0.0,0.0,normal
1.0,4602.0,14.0,1.0,0.0,0.0,0.0,0.0,0.0,0.0,1.0,0.0,0.0,0.0,0.0,normal
1.0,4601.0,15.0,1.0,0.0,0.0,0.0,0.0,0.0,0.0,28.0,-26.8,1.0,27.0,9.7,normal
1.0,4602.0,14.0,1.0,0.0,0.0,0.0,0.0,0.0,0.0,1.0,0.0,0.0,0.0,0.0,normal
1.0,4601.0,15.0,1.0,0.0,0.0,0.0,0.0,0.0,0.0,1.0,0.0,0.0,0.0,0.0,normal
1.0,4602.0,14.0,1.0,0.0,0.0,0.0,0.0,0.0,0.0,1.0,0.0,0.0,0.0,0.0,normal
1.0,4601.0,15.0,1.0,0.0,0.0,0.0,0.0,0.0,0.0,1.0,0.0,0.0,0.0,0.0,normal
1.0,4602.0,14.0,1.0,0.0,0.0,0.0,0.0,0.0,0.0,1.0,0.0,0.0,0.0,0.0,normal
1.0,4601.0,15.0,1.0,0.0,0.0,0.0,0.0,0.0,0.0,1.0,0.0,0.0,0.0,0.0,normal
1.0,4602.0,14.0,1.0,0.0,0.0,0.0,0.0,0.0,0.0,37.9,-14.0,1.0,27.0,4.9,normal
1.0,4601.0,15.0,1.0,0.0,0.0,0.0,0.0,0.0,0.0,1.0,0.0,0.0,0.0,0.0,normal
1.0,4602.0,14.0,1.0,0.0,0.0,0.0,0.0,0.0,0.0,37.2,-14.0,1.0,27.0,4.9,normal
1.0,4601.0,15.0,1.0,26.0,38.0,932.0,10.0,1.0,449.0,28.3,-25.8,1.0,27.0,293.0,normal
1.0,4602.0,14.0,1.0,0.0,0.0,0.0,0.0,0.0,0.0,1.0,0.0,0.0,0.0,0.0,normal
1.0,4601.0,15.0,1.0,25.0,54.0,1380.0,20.0,1.0,484.0,28.6,-25.6,1.0,27.0,438.0,normal
1.0,4602.0,14.0,1.0,0.0,0.0,0.0,0.0,0.0,0.0,1.0,0.0,0.0,0.0,0.0,normal
1.0,4601.0,15.0,1.0,25.0,44.0,1108.0,14.0,1.0,549.0,28.9,-25.6,1.0,27.0,402.0,normal
1.0,4602.0,14.0,1.0,0.0,0.0,0.0,0.0,0.0,0.0,1.0,0.0,0.0,0.0,0.0,normal
1.0,4601.0,15.0,1.0,25.0,55.0,1392.0,8.0,0.0,550.0,28.9,-25.7,1.0,27.0,416.0,normal
1.0,4602.0,14.0,1.0,0.0,0.0,0.0,0.0,0.0,0.0,1.0,0.0,0.0,0.0,0.0,normal
1.0,4601.0,15.0,1.0,25.0,50.0,1278.0,12.0,0.0,454.0,28.8,-25.8,1.0,27.0,422.0,normal
1.0,4602.0,14.0,1.0,0.0,0.0,0.0,0.0,0.0,0.0,1.0,0.0,0.0,0.0,0.0,normal
1.0,4601.0,15.0,1.0,25.0,31.0,813.0,8.0,0.0,0.0,27.9,-25.6,1.0,27.0,374.0,normal
1.0,4602.0,15.0,1.0,24.0,22.0,587.0,9.0,1.0,631.0,36.3,-12.1,1.0,27.0,302.0,normal
1.0,4601.0,15.0,1.0,26.0,21.0,525.0,3.0,0.0,714.0,27.5,-25.6,1.0,27.0,237.0,normal
1.0,4602.0,15.0,1.0,24.0,32.0,864.0,11.0,1.0,691.0,36.0,-11.5,1.0,27.0,353.0,normal
1.0,4601.0,15.0,1.0,25.0,25.0,632.0,9.0,1.0,115.0,27.8,-25.9,1.0,27.0,313.0,normal
1.0,4602.0,15.0,1.0,24.0,19.0,527.0,10.0,1.0,290.0,36.2,-11.3,1.0,27.0,291.0,normal
1.0,4601.0,15.0,1.0,25.0,27.0,696.0,4.0,0.0,678.0,26.5,-26.8,1.0,26.0,298.0,normal
1.0,4602.0,15.0,1.0,23.0,26.0,697.0,3.0,0.0,648.0,35.8,-11.3,1.0,27.0,339.0,normal
1.0,4601.0,15.0,1.0,26.0,24.0,577.0,2.0,0.0,0.0,27.1,-26.0,1.0,27.0,261.0,normal
1.0,4602.0,15.0,1.0,24.0,29.0,803.0,2.0,0.0,8.64,35.9,-11.4,1.0,27.0,346.0,normal
1.0,4601.0,15.0,1.0,26.0,6.3,4.0,0.0,0.0,0.0,1.0,0.0,0.0,0.0,0.0,normal
1.0,4602.0,15.0,1.0,25.0,25.0,939.0,12.0,1.0,7.36,35.2,-12.7,1.0,27.0,328.0,normal
1.0,4601.0,15.0,1.0,26.0,17.0,10.0,0.0,0.0,0.0,1.0,0.0,0.0,0.0,0.0,normal
1.0,4602.0,15.0,1.0,24.0,34.0,1288.0,13.0,0.0,7.36,35.6,-12.7,1.0,27.0,339.0,normal
1.0,4601.0,15.0,1.0,26.0,12.0,7.0,0.0,0.0,0.0,1.0,0.0,0.0,0.0,0.0,normal
1.0,4602.0,15.0,1.0,25.0,40.0,1088.0,6.0,0.0,63.0,35.7,-12.7,1.0,27.0,352.0,normal
1.0,4601.0,15.0,1.0,26.0,12.0,7.0,0.0,0.0,0.0,1.0,0.0,0.0,0.0,0.0,normal
1.0,4602.0,15.0,1.0,24.0,36.0,961.0,16.0,1.0,11.3,35.6,-12.8,1.0,27.0,319.0,normal
1.0,4601.0,15.0,1.0,26.0,3.6,2.0,0.0,0.0,0.0,1.0,0.0,0.0,0.0,0.0,normal
1.0,4602.0,15.0,1.0,24.0,31.0,1023.0,14.0,1.0,0.0,35.6,-12.8,1.0,27.0,274.0,normal
1.0,4601.0,15.0,1.0,26.0,3.6,2.0,0.0,0.0,0.0,1.0,0.0,0.0,0.0,0.0,normal
1.0,4602.0,14.0,1.0,0.0,0.0,0.0,0.0,0.0,0.0,1.0,0.0,0.0,0.0,0.0,normal
1.0,4601.0,15.0,1.0,26.0,14.0,8.0,0.0,0.0,0.0,27.7,-27.2,1.0,27.0,4.9,normal
1.0,4602.0,14.0,1.0,0.0,0.0,0.0,0.0,0.0,0.0,1.0,0.0,0.0,0.0,0.0,normal
1.0,4601.0,15.0,1.0,26.0,7.2,4.0,0.0,0.0,0.0,26.6,-28.0,1.0,27.0,4.9,normal
1.0,4602.0,14.0,1.0,0.0,0.0,0.0,0.0,0.0,0.0,1.0,0.0,0.0,0.0,0.0,normal
1.0,4601.0,15.0,1.0,0.0,0.0,0.0,0.0,0.0,0.0,1.0,0.0,0.0,0.0,0.0,normal
1.0,4602.0,14.0,1.0,0.0,0.0,0.0,0.0,0.0,0.0,1.0,0.0,0.0,0.0,0.0,normal
1.0,4601.0,15.0,1.0,0.0,0.0,0.0,0.0,0.0,0.0,1.0,0.0,0.0,0.0,0.0,normal
1.0,4602.0,14.0,1.0,0.0,0.0,0.0,0.0,0.0,0.0,1.0,0.0,0.0,0.0,0.0,normal
1.0,4601.0,15.0,1.0,0.0,0.0,0.0,0.0,0.0,0.0,1.0,0.0,0.0,0.0,0.0,normal
1.0,4602.0,14.0,1.0,0.0,0.0,0.0,0.0,0.0,0.0,37.5,-12.7,1.0,27.0,4.9,normal
1.0,4601.0,15.0,1.0,26.0,3.6,2.0,0.0,0.0,0.0,1.0,0.0,0.0,0.0,0.0,normal
1.0,4602.0,14.0,1.0,0.0,0.0,0.0,0.0,0.0,0.0,1.0,0.0,0.0,0.0,0.0,normal
1.0,4601.0,15.0,1.0,0.0,0.0,0.0,0.0,0.0,0.0,28.4,-27.2,1.0,26.0,4.7,normal
1.0,4602.0,13.0,1.0,0.0,0.0,0.0,0.0,0.0,0.0,1.0,0.0,0.0,0.0,0.0,normal
1.0,4601.0,15.0,1.0,26.0,7.2,4.0,0.0,0.0,0.0,1.0,0.0,0.0,0.0,0.0,normal
1.0,4602.0,14.0,1.0,23.0,12.0,6.0,0.0,0.0,0.0,36.5,-12.6,1.0,27.0,26.0,normal
1.0,4601.0,15.0,1.0,0.0,0.0,0.0,0.0,0.0,0.0,1.0,0.0,0.0,0.0,0.0,normal
1.0,4602.0,15.0,1.0,23.0,37.0,1036.0,12.0,1.0,329.0,35.4,-12.7,1.0,27.0,372.0,normal
1.0,4601.0,15.0,1.0,26.0,3.6,2.0,0.0,0.0,0.0,1.0,0.0,0.0,0.0,0.0,normal
1.0,4602.0,15.0,1.0,23.0,13.0,369.0,8.0,2.0,0.0,35.9,-12.7,1.0,27.0,115.0,normal
1.0,4601.0,15.0,1.0,26.0,3.6,2.0,0.0,0.0,0.0,1.0,0.0,0.0,0.0,0.0,normal
1.0,4602.0,15.0,1.0,0.0,0.0,0.0,0.0,0.0,0.0,1.0,0.0,0.0,0.0,0.0,normal
1.0,4601.0,15.0,1.0,25.0,2.6,2.0,0.0,0.0,0.0,27.2,-27.7,1.0,27.0,4.9,normal
1.0,4602.0,15.0,1.0,22.0,1.6,56.0,0.0,0.0,0.0,35.4,-12.5,1.0,27.0,60.0,normal
1.0,4601.0,15.0,1.0,26.0,6.3,4.0,0.0,0.0,0.0,1.0,0.0,0.0,0.0,0.0,normal
1.0,4602.0,15.0,1.0,0.0,0.0,0.0,0.0,0.0,0.0,1.0,0.0,0.0,0.0,0.0,normal
1.0,4601.0,15.0,1.0,26.0,16.0,9.0,0.0,0.0,0.0,26.3,-27.6,1.0,27.0,6.8,normal
1.0,4602.0,15.0,1.0,0.0,0.0,0.0,0.0,0.0,0.0,1.0,0.0,0.0,0.0,0.0,normal
1.0,4601.0,15.0,1.0,26.0,5.4,3.0,0.0,0.0,0.0,1.0,0.0,0.0,0.0,0.0,normal
1.0,4602.0,15.0,1.0,0.0,0.0,0.0,0.0,0.0,0.0,1.0,0.0,0.0,0.0,0.0,normal
1.0,4601.0,15.0,1.0,0.0,0.0,0.0,0.0,0.0,0.0,1.0,0.0,0.0,0.0,0.0,normal
1.0,4602.0,15.0,1.0,0.0,0.0,0.0,0.0,0.0,0.0,35.6,-13.9,1.0,27.0,4.9,normal
1.0,4601.0,15.0,1.0,0.0,0.0,0.0,0.0,0.0,0.0,1.0,0.0,0.0,0.0,0.0,normal
1.0,4602.0,15.0,1.0,0.0,0.0,0.0,0.0,0.0,0.0,1.0,0.0,0.0,0.0,0.0,normal
1.0,4601.0,15.0,1.0,0.0,0.0,0.0,0.0,0.0,0.0,28.0,-27.2,1.0,27.0,9.6,normal
1.0,4602.0,15.0,1.0,0.0,0.0,0.0,0.0,0.0,0.0,1.0,0.0,0.0,0.0,0.0,normal
1.0,4601.0,15.0,1.0,0.0,0.0,0.0,0.0,0.0,0.0,28.0,-27.3,1.0,27.0,4.9,normal
1.0,4602.0,15.0,1.0,0.0,0.0,0.0,0.0,0.0,0.0,1.0,0.0,0.0,0.0,0.0,normal
1.0,4601.0,15.0,1.0,0.0,0.0,0.0,0.0,0.0,0.0,1.0,0.0,0.0,0.0,0.0,normal
1.0,4602.0,15.0,1.0,0.0,0.0,0.0,0.0,0.0,0.0,1.0,0.0,0.0,0.0,0.0,normal
1.0,4601.0,15.0,1.0,0.0,0.0,0.0,0.0,0.0,0.0,1.0,0.0,0.0,0.0,0.0,normal
1.0,4602.0,15.0,1.0,0.0,0.0,0.0,0.0,0.0,0.0,1.0,0.0,0.0,0.0,0.0,normal
1.0,4601.0,15.0,1.0,0.0,0.0,0.0,0.0,0.0,0.0,1.0,0.0,0.0,0.0,0.0,normal
1.0,4602.0,14.0,1.0,0.0,0.0,0.0,0.0,0.0,0.0,1.0,0.0,0.0,0.0,0.0,normal
1.0,4601.0,15.0,1.0,26.0,3.6,2.0,0.0,0.0,0.0,1.0,0.0,0.0,0.0,0.0,normal
1.0,4602.0,15.0,1.0,0.0,0.0,0.0,0.0,0.0,0.0,35.8,-14.0,1.0,27.0,4.9,normal
1.0,4601.0,15.0,1.0,0.0,0.0,0.0,0.0,0.0,0.0,1.0,0.0,0.0,0.0,0.0,normal
1.0,4602.0,14.0,1.0,0.0,0.0,0.0,0.0,0.0,0.0,1.0,0.0,0.0,0.0,0.0,normal
1.0,4601.0,15.0,1.0,0.0,0.0,0.0,0.0,0.0,0.0,1.0,0.0,0.0,0.0,0.0,normal
1.0,4602.0,14.0,1.0,0.0,0.0,0.0,0.0,0.0,0.0,1.0,0.0,0.0,0.0,0.0,normal
1.0,4601.0,15.0,1.0,0.0,0.0,0.0,0.0,0.0,0.0,1.0,0.0,0.0,0.0,0.0,normal
1.0,4602.0,14.0,1.0,0.0,0.0,0.0,0.0,0.0,0.0,37.1,-14.0,1.0,27.0,4.9,normal
1.0,4601.0,15.0,1.0,0.0,0.0,0.0,0.0,0.0,0.0,1.0,0.0,0.0,0.0,0.0,normal
1.0,4602.0,14.0,1.0,0.0,0.0,0.0,0.0,0.0,0.0,1.0,0.0,0.0,0.0,0.0,normal
1.0,4601.0,15.0,1.0,26.0,11.0,6.0,0.0,0.0,0.0,27.5,-27.3,1.0,27.0,4.9,normal
1.0,4602.0,14.0,1.0,0.0,0.0,0.0,0.0,0.0,0.0,1.0,0.0,0.0,0.0,0.0,normal
1.0,4601.0,15.0,1.0,26.0,91.0,21.0,0.0,0.0,0.0,27.7,-27.1,1.0,27.0,68.0,normal
1.0,4602.0,14.0,1.0,0.0,0.0,0.0,0.0,0.0,0.0,1.0,0.0,0.0,0.0,0.0,normal
1.0,4601.0,15.0,1.0,26.0,9.9,6.0,0.0,0.0,0.0,1.0,0.0,0.0,0.0,0.0,normal
1.0,4602.0,14.0,1.0,0.0,0.0,0.0,0.0,0.0,0.0,1.0,0.0,0.0,0.0,0.0,normal
1.0,4601.0,15.0,1.0,26.0,3.6,2.0,0.0,0.0,0.0,28.2,-27.4,1.0,27.0,4.9,normal
1.0,4602.0,14.0,1.0,0.0,0.0,0.0,0.0,0.0,0.0,36.0,-14.0,1.0,27.0,4.9,normal
1.0,4601.0,15.0,1.0,26.0,3.6,2.0,0.0,0.0,0.0,1.0,0.0,0.0,0.0,0.0,normal
1.0,4602.0,14.0,1.0,0.0,0.0,0.0,0.0,0.0,0.0,1.0,0.0,0.0,0.0,0.0,normal
1.0,4601.0,15.0,1.0,0.0,0.0,0.0,0.0,0.0,0.0,1.0,0.0,0.0,0.0,0.0,normal
1.0,4602.0,14.0,1.0,0.0,0.0,0.0,0.0,0.0,0.0,1.0,0.0,0.0,0.0,0.0,normal
1.0,4601.0,15.0,1.0,0.0,0.0,0.0,0.0,0.0,0.0,28.4,-27.4,1.0,27.0,4.9,normal
1.0,4602.0,14.0,1.0,0.0,0.0,0.0,0.0,0.0,0.0,36.9,-14.0,1.0,27.0,4.9,normal
1.0,4601.0,15.0,1.0,0.0,0.0,0.0,0.0,0.0,0.0,1.0,0.0,0.0,0.0,0.0,normal
1.0,4602.0,14.0,1.0,0.0,0.0,0.0,0.0,0.0,0.0,1.0,0.0,0.0,0.0,0.0,normal
1.0,4601.0,15.0,1.0,26.0,7.1,4.0,0.0,0.0,0.0,1.0,0.0,0.0,0.0,0.0,normal
1.0,4602.0,14.0,1.0,0.0,0.0,0.0,0.0,0.0,0.0,38.1,-13.1,1.0,27.0,4.9,normal
1.0,4601.0,15.0,1.0,26.0,27.0,657.0,3.0,0.0,493.0,28.0,-26.4,1.0,27.0,198.0,normal
1.0,4602.0,14.0,1.0,21.0,39.0,17.0,0.0,0.0,0.0,36.3,-12.8,1.0,27.0,62.0,normal
1.0,4601.0,15.0,1.0,26.0,57.0,1389.0,11.0,0.0,424.0,28.9,-25.7,1.0,27.0,346.0,normal
1.0,4602.0,14.0,1.0,0.0,0.0,0.0,0.0,0.0,0.0,1.0,0.0,0.0,0.0,0.0,normal
1.0,4601.0,15.0,1.0,26.0,45.0,1098.0,13.0,1.0,444.0,29.0,-25.7,1.0,27.0,311.0,normal
1.0,4602.0,14.0,1.0,0.0,0.0,0.0,0.0,0.0,0.0,36.4,-13.9,1.0,27.0,4.9,normal
1.0,4601.0,15.0,1.0,26.0,56.0,1391.0,9.0,0.0,463.0,28.3,-26.4,1.0,27.0,346.0,normal
1.0,4602.0,14.0,1.0,0.0,0.0,0.0,0.0,0.0,0.0,1.0,0.0,0.0,0.0,0.0,normal
1.0,4601.0,15.0,1.0,26.0,46.0,1141.0,11.0,0.0,496.0,28.3,-26.4,1.0,27.0,325.0,normal
1.0,4602.0,14.0,1.0,0.0,0.0,0.0,0.0,0.0,0.0,36.6,-13.0,1.0,27.0,4.9,normal
1.0,4601.0,15.0,1.0,26.0,42.0,1042.0,5.0,0.0,0.0,28.4,-26.2,1.0,27.0,310.0,normal
1.0,4602.0,14.0,1.0,0.0,0.0,0.0,0.0,0.0,0.0,38.0,-13.0,1.0,27.0,4.9,normal
1.0,4601.0,15.0,1.0,26.0,56.0,1362.0,6.0,0.0,352.0,28.0,-26.9,1.0,27.0,337.0,normal
1.0,4602.0,14.0,1.0,0.0,0.0,0.0,0.0,0.0,0.0,1.0,0.0,0.0,0.0,0.0,normal
1.0,4601.0,15.0,1.0,26.0,31.0,971.0,6.0,0.0,11.3,27.9,-27.0,1.0,27.0,289.0,normal
1.0,4602.0,14.0,1.0,0.0,0.0,0.0,0.0,0.0,0.0,1.0,0.0,0.0,0.0,0.0,normal
1.0,4601.0,15.0,1.0,26.0,3.2,108.0,1.0,0.0,0.0,27.9,-27.2,1.0,27.0,30.0,normal
1.0,4602.0,14.0,1.0,0.0,0.0,0.0,0.0,0.0,0.0,1.0,0.0,0.0,0.0,0.0,normal
1.0,4601.0,15.0,1.0,26.0,6.3,4.0,0.0,0.0,0.0,1.0,0.0,0.0,0.0,0.0,normal
1.0,4602.0,14.0,1.0,0.0,0.0,0.0,0.0,0.0,0.0,36.8,-13.0,1.0,27.0,9.7,normal
1.0,4601.0,15.0,1.0,0.0,0.0,0.0,0.0,0.0,0.0,1.0,0.0,0.0,0.0,0.0,normal
1.0,4602.0,14.0,1.0,0.0,0.0,0.0,0.0,0.0,0.0,1.0,0.0,0.0,0.0,0.0,normal
1.0,4601.0,15.0,1.0,0.0,0.0,0.0,0.0,0.0,0.0,1.0,0.0,0.0,0.0,0.0,normal
1.0,4602.0,14.0,1.0,0.0,0.0,0.0,0.0,0.0,0.0,1.0,0.0,0.0,0.0,0.0,normal
1.0,4601.0,15.0,1.0,26.0,3.6,2.0,0.0,0.0,0.0,28.4,-27.2,1.0,27.0,4.9,normal
1.0,4602.0,14.0,1.0,0.0,0.0,0.0,0.0,0.0,0.0,1.0,0.0,0.0,0.0,0.0,normal
1.0,4601.0,15.0,1.0,0.0,0.0,0.0,0.0,0.0,0.0,1.0,0.0,0.0,0.0,0.0,normal
1.0,4602.0,14.0,1.0,0.0,0.0,0.0,0.0,0.0,0.0,1.0,0.0,0.0,0.0,0.0,normal
1.0,4601.0,15.0,1.0,26.0,3.6,2.0,0.0,0.0,0.0,1.0,0.0,0.0,0.0,0.0,normal
1.0,4602.0,14.0,1.0,0.0,0.0,0.0,0.0,0.0,0.0,1.0,0.0,0.0,0.0,0.0,normal
1.0,4601.0,15.0,1.0,26.0,3.6,2.0,0.0,0.0,0.0,1.0,0.0,0.0,0.0,0.0,normal
1.0,4602.0,14.0,1.0,0.0,0.0,0.0,0.0,0.0,0.0,36.8,-13.7,1.0,27.0,4.9,normal
1.0,4601.0,15.0,1.0,25.0,3.5,2.0,0.0,0.0,0.0,28.3,-26.9,1.0,27.0,4.9,normal
1.0,4602.0,14.0,1.0,0.0,0.0,0.0,0.0,0.0,0.0,1.0,0.0,0.0,0.0,0.0,normal
1.0,4601.0,15.0,1.0,0.0,0.0,0.0,0.0,0.0,0.0,1.0,0.0,0.0,0.0,0.0,normal
1.0,4602.0,14.0,1.0,0.0,0.0,0.0,0.0,0.0,0.0,1.0,0.0,0.0,0.0,0.0,normal
1.0,4601.0,15.0,1.0,0.0,0.0,0.0,0.0,0.0,0.0,1.0,0.0,0.0,0.0,0.0,normal
1.0,4602.0,14.0,1.0,0.0,0.0,0.0,0.0,0.0,0.0,1.0,0.0,0.0,0.0,0.0,normal
1.0,4601.0,15.0,1.0,25.0,9.7,6.0,0.0,0.0,0.0,28.0,-26.6,1.0,27.0,9.7,normal
1.0,4602.0,14.0,1.0,0.0,0.0,0.0,0.0,0.0,0.0,1.0,0.0,0.0,0.0,0.0,normal
1.0,4601.0,15.0,1.0,0.0,0.0,0.0,0.0,0.0,0.0,1.0,0.0,0.0,0.0,0.0,normal
1.0,4602.0,14.0,1.0,0.0,0.0,0.0,0.0,0.0,0.0,37.8,-13.4,1.0,27.0,4.9,normal
1.0,4601.0,15.0,1.0,0.0,0.0,0.0,0.0,0.0,0.0,28.2,-27.0,1.0,27.0,4.9,normal
1.0,4602.0,12.0,1.0,19.0,5.2,4.0,0.0,0.0,0.0,36.3,-13.4,1.0,27.0,9.7,normal
1.0,4601.0,15.0,1.0,0.0,0.0,0.0,0.0,0.0,0.0,1.0,0.0,0.0,0.0,0.0,normal
1.0,4602.0,12.0,1.0,0.0,0.0,0.0,0.0,0.0,0.0,1.0,0.0,0.0,0.0,0.0,normal
1.0,4601.0,15.0,1.0,0.0,0.0,0.0,0.0,0.0,0.0,1.0,0.0,0.0,0.0,0.0,normal
1.0,4602.0,12.0,1.0,0.0,0.0,0.0,0.0,0.0,0.0,1.0,0.0,0.0,0.0,0.0,normal
1.0,4601.0,15.0,1.0,0.0,0.0,0.0,0.0,0.0,0.0,1.0,0.0,0.0,0.0,0.0,normal
1.0,4602.0,14.0,1.0,23.0,26.0,748.0,2.0,0.0,233.0,35.8,-12.2,1.0,27.0,266.0,normal
1.0,4601.0,15.0,1.0,26.0,3.6,2.0,0.0,0.0,0.0,1.0,0.0,0.0,0.0,0.0,normal
1.0,4602.0,15.0,1.0,24.0,40.0,1074.0,7.0,0.0,134.0,35.7,-12.2,1.0,27.0,319.0,normal
1.0,4601.0,15.0,1.0,26.0,3.6,2.0,0.0,0.0,0.0,1.0,0.0,0.0,0.0,0.0,normal
1.0,4602.0,15.0,1.0,24.0,53.0,1386.0,14.0,1.0,391.0,35.7,-12.2,1.0,27.0,346.0,normal
1.0,4601.0,15.0,1.0,26.0,2.7,2.0,0.0,0.0,0.0,1.0,0.0,0.0,0.0,0.0,normal
1.0,4602.0,15.0,1.0,24.0,39.0,1031.0,6.0,0.0,97.5,35.9,-12.3,1.0,27.0,305.0,normal
1.0,4601.0,15.0,1.0,0.0,0.0,0.0,0.0,0.0,0.0,1.0,0.0,0.0,0.0,0.0,normal
1.0,4602.0,15.0,1.0,25.0,50.0,1279.0,14.0,1.0,78.6,35.5,-12.2,1.0,27.0,354.0,normal
1.0,4601.0,15.0,1.0,26.0,7.2,4.0,0.0,0.0,0.0,27.1,-26.9,1.0,27.0,14.0,normal
1.0,4602.0,15.0,1.0,25.0,53.0,1359.0,14.0,1.0,0.0,35.4,-12.2,1.0,27.0,344.0,normal
1.0,4601.0,15.0,1.0,26.0,20.0,12.0,0.0,0.0,0.0,25.7,-27.0,1.0,26.0,9.5,normal
1.0,4602.0,15.0,1.0,25.0,32.0,1035.0,11.0,1.0,0.0,35.5,-12.1,1.0,27.0,305.0,normal
1.0,4601.0,15.0,1.0,26.0,1.8,1.0,0.0,0.0,0.0,1.0,0.0,0.0,0.0,0.0,normal
1.0,4602.0,12.0,1.0,0.0,0.0,0.0,0.0,0.0,0.0,1.0,0.0,0.0,0.0,0.0,normal
1.0,4601.0,15.0,1.0,0.0,0.0,0.0,0.0,0.0,0.0,1.0,0.0,0.0,0.0,0.0,normal
1.0,4602.0,12.0,1.0,0.0,0.0,0.0,0.0,0.0,0.0,1.0,0.0,0.0,0.0,0.0,normal
1.0,4601.0,15.0,1.0,26.0,7.2,4.0,0.0,0.0,0.0,27.9,-26.8,1.0,25.0,4.5,normal
1.0,4602.0,12.0,1.0,0.0,0.0,0.0,0.0,0.0,0.0,1.0,0.0,0.0,0.0,0.0,normal
1.0,4601.0,15.0,1.0,0.0,0.0,0.0,0.0,0.0,0.0,29.1,-26.8,1.0,27.0,4.9,normal
1.0,4602.0,12.0,1.0,0.0,0.0,0.0,0.0,0.0,0.0,37.0,-12.2,1.0,27.0,4.9,normal
1.0,4601.0,15.0,1.0,0.0,0.0,0.0,0.0,0.0,0.0,1.0,0.0,0.0,0.0,0.0,normal
1.0,4602.0,12.0,1.0,0.0,0.0,0.0,0.0,0.0,0.0,1.0,0.0,0.0,0.0,0.0,normal
1.0,4601.0,15.0,1.0,0.0,0.0,0.0,0.0,0.0,0.0,28.3,-26.8,1.0,27.0,9.7,normal
1.0,4602.0,13.0,1.0,0.0,0.0,0.0,0.0,0.0,0.0,1.0,0.0,0.0,0.0,0.0,normal
1.0,4601.0,15.0,1.0,26.0,3.6,2.0,0.0,0.0,0.0,27.8,-26.7,1.0,27.0,4.9,normal
1.0,4602.0,14.0,1.0,0.0,0.0,0.0,0.0,0.0,0.0,1.0,0.0,0.0,0.0,0.0,normal
1.0,4601.0,15.0,1.0,26.0,3.6,2.0,0.0,0.0,0.0,1.0,0.0,0.0,0.0,0.0,normal
1.0,4602.0,14.0,1.0,0.0,0.0,0.0,0.0,0.0,0.0,1.0,0.0,0.0,0.0,0.0,normal
1.0,4601.0,15.0,1.0,0.0,0.0,0.0,0.0,0.0,0.0,1.0,0.0,0.0,0.0,0.0,normal
1.0,4602.0,14.0,1.0,0.0,0.0,0.0,0.0,0.0,0.0,37.5,-13.4,1.0,27.0,4.9,normal
1.0,4601.0,15.0,1.0,0.0,0.0,0.0,0.0,0.0,0.0,1.0,0.0,0.0,0.0,0.0,normal
1.0,4602.0,15.0,1.0,0.0,0.0,0.0,0.0,0.0,0.0,1.0,0.0,0.0,0.0,0.0,normal
1.0,4601.0,15.0,1.0,0.0,0.0,0.0,0.0,0.0,0.0,1.0,0.0,0.0,0.0,0.0,normal
1.0,4602.0,14.0,1.0,0.0,0.0,0.0,0.0,0.0,0.0,1.0,0.0,0.0,0.0,0.0,normal
1.0,4601.0,15.0,1.0,26.0,3.6,2.0,0.0,0.0,0.0,28.0,-26.6,1.0,27.0,9.7,normal
1.0,4602.0,14.0,1.0,0.0,0.0,0.0,0.0,0.0,0.0,1.0,0.0,0.0,0.0,0.0,normal
1.0,4601.0,15.0,1.0,0.0,0.0,0.0,0.0,0.0,0.0,1.0,0.0,0.0,0.0,0.0,normal
1.0,4602.0,14.0,1.0,0.0,0.0,0.0,0.0,0.0,0.0,1.0,0.0,0.0,0.0,0.0,normal
1.0,4601.0,15.0,1.0,0.0,0.0,0.0,0.0,0.0,0.0,28.2,-26.6,1.0,27.0,4.9,normal
1.0,4602.0,14.0,1.0,0.0,0.0,0.0,0.0,0.0,0.0,1.0,0.0,0.0,0.0,0.0,normal
1.0,4601.0,15.0,1.0,26.0,7.2,4.0,0.0,0.0,0.0,1.0,0.0,0.0,0.0,0.0,normal
1.0,4602.0,14.0,1.0,0.0,0.0,0.0,0.0,0.0,0.0,1.0,0.0,0.0,0.0,0.0,normal
1.0,4601.0,15.0,1.0,0.0,0.0,0.0,0.0,0.0,0.0,28.9,-26.9,1.0,27.0,4.9,normal
1.0,4602.0,14.0,1.0,0.0,0.0,0.0,0.0,0.0,0.0,1.0,0.0,0.0,0.0,0.0,normal
1.0,4601.0,15.0,1.0,26.0,3.6,2.0,0.0,0.0,0.0,1.0,0.0,0.0,0.0,0.0,normal
1.0,4602.0,14.0,1.0,0.0,0.0,0.0,0.0,0.0,0.0,1.0,0.0,0.0,0.0,0.0,normal
1.0,4601.0,15.0,1.0,26.0,2.7,2.0,0.0,0.0,0.0,1.0,0.0,0.0,0.0,0.0,normal
1.0,4602.0,14.0,1.0,0.0,0.0,0.0,0.0,0.0,0.0,36.1,-13.5,1.0,27.0,4.9,normal
1.0,4601.0,15.0,1.0,25.0,47.0,1206.0,16.0,1.0,396.0,28.9,-25.5,1.0,27.0,336.0,normal
1.0,4602.0,14.0,1.0,0.0,0.0,0.0,0.0,0.0,0.0,1.0,0.0,0.0,0.0,0.0,normal
1.0,4601.0,15.0,1.0,26.0,44.0,1098.0,6.0,0.0,225.0,29.0,-25.2,1.0,27.0,457.0,normal
1.0,4602.0,14.0,1.0,0.0,0.0,0.0,0.0,0.0,0.0,1.0,0.0,0.0,0.0,0.0,normal
1.0,4601.0,15.0,1.0,26.0,55.0,1359.0,12.0,0.0,0.0,28.9,-25.1,1.0,27.0,344.0,normal
1.0,4602.0,13.0,1.0,0.0,0.0,0.0,0.0,0.0,0.0,1.0,0.0,0.0,0.0,0.0,normal
1.0,4601.0,15.0,1.0,26.0,42.0,1032.0,9.0,0.0,438.0,29.3,-25.1,1.0,27.0,300.0,normal
1.0,4602.0,14.0,1.0,0.0,0.0,0.0,0.0,0.0,0.0,1.0,0.0,0.0,0.0,0.0,normal
1.0,4601.0,15.0,1.0,26.0,44.0,1077.0,6.0,0.0,268.0,29.1,-25.1,1.0,27.0,303.0,normal
1.0,4602.0,13.0,1.0,0.0,0.0,0.0,0.0,0.0,0.0,1.0,0.0,0.0,0.0,0.0,normal
1.0,4601.0,15.0,1.0,26.0,33.0,805.0,7.0,0.0,0.0,29.3,-25.2,1.0,27.0,202.0,normal
1.0,4602.0,14.0,1.0,0.0,0.0,0.0,0.0,0.0,0.0,1.0,0.0,0.0,0.0,0.0,normal
1.0,4601.0,14.0,1.0,24.0,3.3,2.0,0.0,0.0,0.0,1.0,0.0,0.0,0.0,0.0,normal
1.0,4602.0,14.0,1.0,0.0,0.0,0.0,0.0,0.0,0.0,1.0,0.0,0.0,0.0,0.0,normal
1.0,4601.0,15.0,1.0,26.0,30.0,933.0,5.0,0.0,8.51,28.0,-26.5,1.0,27.0,268.0,normal
1.0,4602.0,14.0,1.0,0.0,0.0,0.0,0.0,0.0,0.0,1.0,0.0,0.0,0.0,0.0,normal
1.0,4601.0,15.0,1.0,26.0,15.0,447.0,2.0,0.0,0.0,27.8,-26.8,1.0,27.0,113.0,normal
1.0,4602.0,14.0,1.0,0.0,0.0,0.0,0.0,0.0,0.0,1.0,0.0,0.0,0.0,0.0,normal
1.0,4601.0,15.0,1.0,0.0,0.0,0.0,0.0,0.0,0.0,1.0,0.0,0.0,0.0,0.0,normal
1.0,4602.0,14.0,1.0,0.0,0.0,0.0,0.0,0.0,0.0,1.0,0.0,0.0,0.0,0.0,normal
1.0,4601.0,15.0,1.0,0.0,0.0,0.0,0.0,0.0,0.0,1.0,0.0,0.0,0.0,0.0,normal
1.0,4602.0,14.0,1.0,0.0,0.0,0.0,0.0,0.0,0.0,1.0,0.0,0.0,0.0,0.0,normal
1.0,4601.0,15.0,1.0,27.0,3.7,2.0,0.0,0.0,0.0,1.0,0.0,0.0,0.0,0.0,normal
1.0,4602.0,14.0,1.0,0.0,0.0,0.0,0.0,0.0,0.0,1.0,0.0,0.0,0.0,0.0,normal
1.0,4601.0,15.0,1.0,27.0,2.8,2.0,0.0,0.0,0.0,1.0,0.0,0.0,0.0,0.0,normal
1.0,4602.0,14.0,1.0,0.0,0.0,0.0,0.0,0.0,0.0,1.0,0.0,0.0,0.0,0.0,normal
1.0,4601.0,15.0,1.0,0.0,0.0,0.0,0.0,0.0,0.0,28.0,-26.9,1.0,27.0,4.9,normal
1.0,4602.0,14.0,1.0,0.0,0.0,0.0,0.0,0.0,0.0,1.0,0.0,0.0,0.0,0.0,normal
1.0,4601.0,15.0,1.0,0.0,0.0,0.0,0.0,0.0,0.0,1.0,0.0,0.0,0.0,0.0,normal
1.0,4602.0,14.0,1.0,0.0,0.0,0.0,0.0,0.0,0.0,37.3,-12.7,1.0,27.0,4.9,normal
1.0,4601.0,15.0,1.0,27.0,3.7,2.0,0.0,0.0,0.0,1.0,0.0,0.0,0.0,0.0,normal
1.0,4602.0,14.0,1.0,0.0,0.0,0.0,0.0,0.0,0.0,1.0,0.0,0.0,0.0,0.0,normal
1.0,4601.0,15.0,1.0,0.0,0.0,0.0,0.0,0.0,0.0,1.0,0.0,0.0,0.0,0.0,normal
1.0,4602.0,14.0,1.0,0.0,0.0,0.0,0.0,0.0,0.0,36.8,-12.6,1.0,27.0,4.9,normal
1.0,4601.0,15.0,1.0,0.0,0.0,0.0,0.0,0.0,0.0,28.0,-26.8,1.0,27.0,9.7,normal
1.0,4602.0,13.0,1.0,0.0,0.0,0.0,0.0,0.0,0.0,1.0,0.0,0.0,0.0,0.0,normal
1.0,4601.0,15.0,1.0,27.0,7.3,4.0,0.0,0.0,0.0,1.0,0.0,0.0,0.0,0.0,normal
1.0,4602.0,14.0,1.0,0.0,0.0,0.0,0.0,0.0,0.0,36.4,-12.7,1.0,27.0,4.9,normal
1.0,4601.0,15.0,1.0,0.0,0.0,0.0,0.0,0.0,0.0,1.0,0.0,0.0,0.0,0.0,normal
1.0,4602.0,14.0,1.0,0.0,0.0,0.0,0.0,0.0,0.0,1.0,0.0,0.0,0.0,0.0,normal
1.0,4601.0,15.0,1.0,0.0,0.0,0.0,0.0,0.0,0.0,1.0,0.0,0.0,0.0,0.0,normal
1.0,4602.0,14.0,1.0,0.0,0.0,0.0,0.0,0.0,0.0,1.0,0.0,0.0,0.0,0.0,normal
1.0,4601.0,15.0,1.0,0.0,0.0,0.0,0.0,0.0,0.0,1.0,0.0,0.0,0.0,0.0,normal
1.0,4602.0,14.0,1.0,0.0,0.0,0.0,0.0,0.0,0.0,1.0,0.0,0.0,0.0,0.0,normal
1.0,4601.0,15.0,1.0,0.0,0.0,0.0,0.0,0.0,0.0,1.0,0.0,0.0,0.0,0.0,normal
1.0,4602.0,14.0,1.0,0.0,0.0,0.0,0.0,0.0,0.0,1.0,0.0,0.0,0.0,0.0,normal
1.0,4601.0,15.0,1.0,27.0,10.0,6.0,0.0,0.0,0.0,1.0,0.0,0.0,0.0,0.0,normal
1.0,4602.0,14.0,1.0,0.0,0.0,0.0,0.0,0.0,0.0,1.0,0.0,0.0,0.0,0.0,normal
1.0,4601.0,15.0,1.0,27.0,14.0,8.0,0.0,0.0,0.0,1.0,0.0,0.0,0.0,0.0,normal
1.0,4602.0,14.0,1.0,0.0,0.0,0.0,0.0,0.0,0.0,1.0,0.0,0.0,0.0,0.0,normal
1.0,4601.0,15.0,1.0,0.0,0.0,0.0,0.0,0.0,0.0,1.0,0.0,0.0,0.0,0.0,normal
1.0,4602.0,14.0,1.0,0.0,0.0,0.0,0.0,0.0,0.0,1.0,0.0,0.0,0.0,0.0,normal
1.0,4601.0,15.0,1.0,0.0,0.0,0.0,0.0,0.0,0.0,1.0,0.0,0.0,0.0,0.0,normal
1.0,4602.0,14.0,1.0,0.0,0.0,0.0,0.0,0.0,0.0,1.0,0.0,0.0,0.0,0.0,normal
1.0,4601.0,15.0,1.0,27.0,2.8,2.0,0.0,0.0,0.0,1.0,0.0,0.0,0.0,0.0,normal
1.0,4602.0,14.0,1.0,0.0,0.0,0.0,0.0,0.0,0.0,35.7,-12.6,1.0,27.0,4.9,normal
1.0,4601.0,15.0,1.0,27.0,3.7,2.0,0.0,0.0,0.0,1.0,0.0,0.0,0.0,0.0,normal
1.0,4602.0,14.0,1.0,0.0,0.0,0.0,0.0,0.0,0.0,1.0,0.0,0.0,0.0,0.0,normal
1.0,4601.0,15.0,1.0,0.0,0.0,0.0,0.0,0.0,0.0,1.0,0.0,0.0,0.0,0.0,normal
1.0,4602.0,14.0,1.0,24.0,27.0,737.0,6.0,0.0,102.0,35.8,-12.3,1.0,27.0,273.0,normal
1.0,4601.0,15.0,1.0,27.0,3.7,2.0,0.0,0.0,0.0,1.0,0.0,0.0,0.0,0.0,normal
1.0,4602.0,15.0,1.0,25.0,49.0,1264.0,13.0,1.0,141.0,34.7,-12.2,1.0,27.0,555.0,normal
1.0,4601.0,15.0,1.0,26.0,6.1,4.0,0.0,0.0,0.0,1.0,0.0,0.0,0.0,0.0,normal
1.0,4602.0,15.0,1.0,25.0,41.0,1060.0,7.0,0.0,0.0,34.9,-12.3,1.0,27.0,371.0,normal
1.0,4601.0,15.0,1.0,27.0,3.7,2.0,0.0,0.0,0.0,26.1,-26.8,1.0,27.0,4.9,normal
1.0,4602.0,15.0,1.0,25.0,50.0,1294.0,16.0,1.0,300.0,35.0,-12.3,1.0,27.0,373.0,normal
1.0,4601.0,15.0,1.0,0.0,0.0,0.0,0.0,0.0,0.0,1.0,0.0,0.0,0.0,0.0,normal
1.0,4602.0,15.0,1.0,24.0,37.0,1000.0,10.0,0.0,213.0,34.9,-12.4,1.0,27.0,327.0,normal
1.0,4601.0,15.0,1.0,0.0,0.0,0.0,0.0,0.0,0.0,1.0,0.0,0.0,0.0,0.0,normal
1.0,4602.0,15.0,1.0,24.0,50.0,1306.0,11.0,0.0,174.0,34.9,-12.4,1.0,27.0,404.0,normal
1.0,4601.0,15.0,1.0,0.0,0.0,0.0,0.0,0.0,0.0,1.0,0.0,0.0,0.0,0.0,normal
1.0,4602.0,15.0,1.0,24.0,32.0,1030.0,8.0,0.0,11.5,35.9,-12.4,1.0,27.0,278.0,normal
1.0,4601.0,15.0,1.0,0.0,0.0,0.0,0.0,0.0,0.0,1.0,0.0,0.0,0.0,0.0,normal
1.0,4602.0,15.0,1.0,24.0,1.3,44.0,3.0,6.0,0.0,36.0,-12.5,1.0,27.0,23.0,normal
1.0,4601.0,15.0,1.0,0.0,0.0,0.0,0.0,0.0,0.0,1.0,0.0,0.0,0.0,0.0,normal
1.0,4602.0,15.0,1.0,0.0,0.0,0.0,0.0,0.0,0.0,1.0,0.0,0.0,0.0,0.0,normal
1.0,4601.0,15.0,1.0,0.0,0.0,0.0,0.0,0.0,0.0,1.0,0.0,0.0,0.0,0.0,normal
1.0,4602.0,15.0,1.0,0.0,0.0,0.0,0.0,0.0,0.0,1.0,0.0,0.0,0.0,0.0,normal
1.0,4601.0,15.0,1.0,27.0,3.7,2.0,0.0,0.0,0.0,1.0,0.0,0.0,0.0,0.0,normal
1.0,4602.0,15.0,1.0,0.0,0.0,0.0,0.0,0.0,0.0,37.4,-12.5,1.0,27.0,4.9,normal
1.0,4601.0,15.0,1.0,0.0,0.0,0.0,0.0,0.0,0.0,27.9,-26.9,1.0,26.0,4.7,normal
1.0,4602.0,15.0,1.0,0.0,0.0,0.0,0.0,0.0,0.0,1.0,0.0,0.0,0.0,0.0,normal
1.0,4601.0,15.0,1.0,25.0,52.0,1308.0,25.0,1.0,460.0,28.4,-26.0,1.0,27.0,511.0,normal
1.0,4602.0,14.0,1.0,0.0,0.0,0.0,0.0,0.0,0.0,1.0,0.0,0.0,0.0,0.0,normal
1.0,4601.0,15.0,1.0,25.0,40.0,1034.0,3.0,0.0,447.0,28.8,-25.4,1.0,27.0,332.0,normal
1.0,4602.0,14.0,1.0,23.0,14.0,7.0,1.0,12.0,0.0,36.4,-11.9,1.0,27.0,45.0,normal
1.0,4601.0,15.0,1.0,25.0,34.0,866.0,9.0,1.0,764.0,27.1,-26.5,1.0,27.0,283.0,normal
1.0,4602.0,15.0,1.0,24.0,19.0,521.0,7.0,1.0,632.0,36.2,-11.4,1.0,27.0,300.0,normal
1.0,4601.0,15.0,1.0,25.0,37.0,952.0,9.0,0.0,446.0,27.4,-26.9,1.0,27.0,359.0,normal
1.0,4602.0,15.0,1.0,24.0,9.6,265.0,3.0,1.0,0.0,35.8,-11.1,1.0,27.0,139.0,normal
1.0,4601.0,15.0,1.0,25.0,55.0,1384.0,16.0,1.0,498.0,27.3,-26.9,1.0,27.0,384.0,normal
1.0,4602.0,14.0,1.0,0.0,0.0,0.0,0.0,0.0,0.0,1.0,0.0,0.0,0.0,0.0,normal
1.0,4601.0,15.0,1.0,25.0,12.0,328.0,4.0,1.0,0.0,28.3,-26.7,1.0,27.0,123.0,normal
1.0,4602.0,14.0,1.0,0.0,0.0,0.0,0.0,0.0,0.0,1.0,0.0,0.0,0.0,0.0,normal
1.0,4601.0,15.0,1.0,24.0,6.7,4.0,0.0,0.0,0.0,1.0,0.0,0.0,0.0,0.0,normal
1.0,4602.0,14.0,1.0,0.0,0.0,0.0,0.0,0.0,0.0,37.1,-13.4,1.0,27.0,4.9,normal
1.0,4601.0,15.0,1.0,25.0,39.0,1019.0,9.0,0.0,427.0,27.9,-26.7,1.0,27.0,315.0,normal
1.0,4602.0,14.0,1.0,0.0,0.0,0.0,0.0,0.0,0.0,1.0,0.0,0.0,0.0,0.0,normal
1.0,4601.0,15.0,1.0,24.0,49.0,1289.0,14.0,1.0,3.0,28.2,-26.6,1.0,27.0,354.0,normal
1.0,4602.0,14.0,1.0,0.0,0.0,0.0,0.0,0.0,0.0,1.0,0.0,0.0,0.0,0.0,normal
1.0,4601.0,15.0,1.0,0.0,1.7,1.0,0.0,0.0,0.0,1.0,0.0,0.0,0.0,0.0,normal
1.0,4602.0,14.0,1.0,0.0,0.0,0.0,0.0,0.0,0.0,1.0,0.0,0.0,0.0,0.0,normal
1.0,4601.0,15.0,1.0,24.0,1.7,1.0,0.0,0.0,0.0,1.0,0.0,0.0,0.0,0.0,normal
1.0,4602.0,14.0,1.0,0.0,0.0,0.0,0.0,0.0,0.0,35.2,-13.4,1.0,27.0,4.9,normal
1.0,4601.0,15.0,1.0,24.0,8.4,5.0,0.0,0.0,0.0,1.0,0.0,0.0,0.0,0.0,normal
1.0,4602.0,14.0,1.0,0.0,0.0,0.0,0.0,0.0,0.0,1.0,0.0,0.0,0.0,0.0,normal
1.0,4601.0,15.0,1.0,24.0,6.5,4.0,0.0,0.0,0.0,1.0,0.0,0.0,0.0,0.0,normal
1.0,4602.0,14.0,1.0,0.0,0.0,0.0,0.0,0.0,0.0,1.0,0.0,0.0,0.0,0.0,normal
1.0,4601.0,15.0,1.0,24.0,6.7,4.0,0.0,0.0,0.0,1.0,0.0,0.0,0.0,0.0,normal
1.0,4602.0,14.0,1.0,0.0,0.0,0.0,0.0,0.0,0.0,1.0,0.0,0.0,0.0,0.0,normal
1.0,4601.0,15.0,1.0,0.0,0.0,0.0,0.0,0.0,0.0,1.0,0.0,0.0,0.0,0.0,normal
1.0,4602.0,14.0,1.0,0.0,0.0,0.0,0.0,0.0,0.0,1.0,0.0,0.0,0.0,0.0,normal
1.0,4601.0,15.0,1.0,0.0,0.0,0.0,0.0,0.0,0.0,27.7,-27.0,1.0,27.0,4.9,normal
1.0,4602.0,14.0,1.0,0.0,0.0,0.0,0.0,0.0,0.0,36.2,-13.5,1.0,27.0,4.9,normal
1.0,4601.0,15.0,1.0,24.0,5.0,4.0,0.0,0.0,0.0,28.3,-27.3,1.0,27.0,4.9,normal
1.0,4602.0,14.0,1.0,0.0,0.0,0.0,0.0,0.0,0.0,1.0,0.0,0.0,0.0,0.0,normal
1.0,4601.0,15.0,1.0,0.0,0.0,0.0,0.0,0.0,0.0,1.0,0.0,0.0,0.0,0.0,normal
1.0,4602.0,14.0,1.0,0.0,0.0,0.0,0.0,0.0,0.0,1.0,0.0,0.0,0.0,0.0,normal
1.0,4601.0,15.0,1.0,0.0,0.0,0.0,0.0,0.0,0.0,1.0,0.0,0.0,0.0,0.0,normal
1.0,4602.0,14.0,1.0,0.0,0.0,0.0,0.0,0.0,0.0,1.0,0.0,0.0,0.0,0.0,normal
1.0,4601.0,15.0,1.0,24.0,2.5,2.0,0.0,0.0,0.0,1.0,0.0,0.0,0.0,0.0,normal
1.0,4602.0,14.0,1.0,0.0,0.0,0.0,0.0,0.0,0.0,1.0,0.0,0.0,0.0,0.0,normal
1.0,4601.0,15.0,1.0,25.0,9.3,6.0,0.0,0.0,0.0,1.0,0.0,0.0,0.0,0.0,normal
1.0,4602.0,13.0,1.0,0.0,0.0,0.0,0.0,0.0,0.0,1.0,0.0,0.0,0.0,0.0,normal
1.0,4601.0,15.0,1.0,0.0,0.0,0.0,0.0,0.0,0.0,1.0,0.0,0.0,0.0,0.0,normal
1.0,4602.0,14.0,1.0,0.0,0.0,0.0,0.0,0.0,0.0,1.0,0.0,0.0,0.0,0.0,normal
1.0,4601.0,15.0,1.0,25.0,3.5,2.0,0.0,0.0,0.0,1.0,0.0,0.0,0.0,0.0,normal
1.0,4602.0,14.0,1.0,0.0,0.0,0.0,0.0,0.0,0.0,36.9,-13.4,1.0,27.0,4.9,normal
1.0,4601.0,15.0,1.0,0.0,0.0,0.0,0.0,0.0,0.0,1.0,0.0,0.0,0.0,0.0,normal
1.0,4602.0,14.0,1.0,0.0,0.0,0.0,0.0,0.0,0.0,1.0,0.0,0.0,0.0,0.0,normal
1.0,4601.0,15.0,1.0,25.0,3.5,2.0,0.0,0.0,0.0,1.0,0.0,0.0,0.0,0.0,normal
1.0,4602.0,14.0,1.0,0.0,0.0,0.0,0.0,0.0,0.0,1.0,0.0,0.0,0.0,0.0,normal
1.0,4601.0,15.0,1.0,0.0,0.0,0.0,0.0,0.0,0.0,1.0,0.0,0.0,0.0,0.0,normal
1.0,4602.0,13.0,1.0,0.0,0.0,0.0,0.0,0.0,0.0,35.8,-12.5,1.0,27.0,4.9,normal
1.0,4601.0,15.0,1.0,0.0,0.0,0.0,0.0,0.0,0.0,1.0,0.0,0.0,0.0,0.0,normal
1.0,4602.0,14.0,1.0,0.0,0.0,0.0,0.0,0.0,0.0,1.0,0.0,0.0,0.0,0.0,normal
1.0,4601.0,15.0,1.0,0.0,0.0,0.0,0.0,0.0,0.0,1.0,0.0,0.0,0.0,0.0,normal
1.0,4602.0,14.0,1.0,0.0,0.0,0.0,0.0,0.0,0.0,1.0,0.0,0.0,0.0,0.0,normal
1.0,4601.0,15.0,1.0,0.0,0.0,0.0,0.0,0.0,0.0,1.0,0.0,0.0,0.0,0.0,normal
1.0,4602.0,14.0,1.0,0.0,0.0,0.0,0.0,0.0,0.0,36.3,-13.4,1.0,27.0,4.9,normal
1.0,4601.0,15.0,1.0,0.0,0.0,0.0,0.0,0.0,0.0,1.0,0.0,0.0,0.0,0.0,normal
1.0,4602.0,13.0,1.0,0.0,0.0,0.0,0.0,0.0,0.0,1.0,0.0,0.0,0.0,0.0,normal
1.0,4601.0,15.0,1.0,0.0,0.0,0.0,0.0,0.0,0.0,28.2,-26.3,1.0,27.0,4.9,normal
1.0,4602.0,14.0,1.0,0.0,0.0,0.0,0.0,0.0,0.0,1.0,0.0,0.0,0.0,0.0,normal
1.0,4601.0,15.0,1.0,0.0,0.0,0.0,0.0,0.0,0.0,1.0,0.0,0.0,0.0,0.0,normal
1.0,4602.0,14.0,1.0,0.0,0.0,0.0,0.0,0.0,0.0,36.2,-12.7,1.0,27.0,4.9,normal
1.0,4601.0,15.0,1.0,25.0,3.5,2.0,0.0,0.0,0.0,28.2,-27.0,1.0,27.0,9.7,normal
1.0,4602.0,14.0,1.0,0.0,0.0,0.0,0.0,0.0,0.0,1.0,0.0,0.0,0.0,0.0,normal
1.0,4601.0,15.0,1.0,25.0,10.0,6.0,0.0,0.0,0.0,28.3,-27.1,1.0,27.0,4.9,normal
1.0,4602.0,14.0,1.0,0.0,0.0,0.0,0.0,0.0,0.0,1.0,0.0,0.0,0.0,0.0,normal
1.0,4601.0,15.0,1.0,0.0,0.0,0.0,0.0,0.0,0.0,1.0,0.0,0.0,0.0,0.0,normal
1.0,4602.0,14.0,1.0,0.0,0.0,0.0,0.0,0.0,0.0,1.0,0.0,0.0,0.0,0.0,normal
1.0,4601.0,15.0,1.0,0.0,0.0,0.0,0.0,0.0,0.0,1.0,0.0,0.0,0.0,0.0,normal
1.0,4602.0,14.0,1.0,0.0,0.0,0.0,0.0,0.0,0.0,1.0,0.0,0.0,0.0,0.0,normal
1.0,4601.0,15.0,1.0,0.0,0.0,0.0,0.0,0.0,0.0,28.5,-27.2,1.0,27.0,4.9,normal
1.0,4602.0,14.0,1.0,0.0,0.0,0.0,0.0,0.0,0.0,1.0,0.0,0.0,0.0,0.0,normal
1.0,4601.0,15.0,1.0,0.0,0.0,0.0,0.0,0.0,0.0,1.0,0.0,0.0,0.0,0.0,normal
1.0,4602.0,14.0,1.0,0.0,0.0,0.0,0.0,0.0,0.0,36.4,-13.4,1.0,27.0,9.7,normal
1.0,4601.0,15.0,1.0,0.0,0.0,0.0,0.0,0.0,0.0,1.0,0.0,0.0,0.0,0.0,normal
1.0,4602.0,14.0,1.0,0.0,0.0,0.0,0.0,0.0,0.0,1.0,0.0,0.0,0.0,0.0,normal
1.0,4601.0,15.0,1.0,0.0,0.0,0.0,0.0,0.0,0.0,1.0,0.0,0.0,0.0,0.0,normal
1.0,4602.0,14.0,1.0,0.0,0.0,0.0,0.0,0.0,0.0,1.0,0.0,0.0,0.0,0.0,normal
1.0,4601.0,15.0,1.0,25.0,3.5,2.0,0.0,0.0,0.0,1.0,0.0,0.0,0.0,0.0,normal
1.0,4602.0,14.0,1.0,0.0,0.0,0.0,0.0,0.0,0.0,1.0,0.0,0.0,0.0,0.0,normal
1.0,4601.0,15.0,1.0,0.0,0.0,0.0,0.0,0.0,0.0,1.0,0.0,0.0,0.0,0.0,normal
1.0,4602.0,14.0,1.0,0.0,0.0,0.0,0.0,0.0,0.0,1.0,0.0,0.0,0.0,0.0,normal
1.0,4601.0,15.0,1.0,25.0,6.9,4.0,0.0,0.0,0.0,1.0,0.0,0.0,0.0,0.0,normal
1.0,4602.0,14.0,1.0,0.0,0.0,0.0,0.0,0.0,0.0,37.1,-13.4,1.0,27.0,4.9,normal
1.0,4601.0,15.0,1.0,25.0,6.9,4.0,0.0,0.0,0.0,1.0,0.0,0.0,0.0,0.0,normal
1.0,4602.0,14.0,1.0,0.0,0.0,0.0,0.0,0.0,0.0,1.0,0.0,0.0,0.0,0.0,normal
1.0,4601.0,15.0,1.0,0.0,0.0,0.0,0.0,0.0,0.0,1.0,0.0,0.0,0.0,0.0,normal
1.0,4602.0,14.0,1.0,0.0,0.0,0.0,0.0,0.0,0.0,1.0,0.0,0.0,0.0,0.0,normal
1.0,4601.0,15.0,1.0,0.0,0.0,0.0,0.0,0.0,0.0,1.0,0.0,0.0,0.0,0.0,normal
1.0,4602.0,14.0,1.0,0.0,0.0,0.0,0.0,0.0,0.0,1.0,0.0,0.0,0.0,0.0,normal
1.0,4601.0,15.0,1.0,25.0,3.5,2.0,0.0,0.0,0.0,1.0,0.0,0.0,0.0,0.0,normal
1.0,4602.0,14.0,1.0,0.0,0.0,0.0,0.0,0.0,0.0,1.0,0.0,0.0,0.0,0.0,normal
1.0,4601.0,15.0,1.0,0.0,0.0,0.0,0.0,0.0,0.0,1.0,0.0,0.0,0.0,0.0,normal
1.0,4602.0,15.0,1.0,0.0,0.0,0.0,0.0,0.0,0.0,1.0,0.0,0.0,0.0,0.0,normal
1.0,4601.0,15.0,1.0,0.0,0.0,0.0,0.0,0.0,0.0,1.0,0.0,0.0,0.0,0.0,normal
1.0,4602.0,14.0,1.0,0.0,0.0,0.0,0.0,0.0,0.0,1.0,0.0,0.0,0.0,0.0,normal
1.0,4601.0,15.0,1.0,25.0,3.5,2.0,0.0,0.0,0.0,1.0,0.0,0.0,0.0,0.0,normal
1.0,4602.0,13.0,1.0,22.0,3.0,2.0,0.0,0.0,0.0,36.8,-13.4,1.0,27.0,9.7,normal
1.0,4601.0,15.0,1.0,25.0,3.5,2.0,0.0,0.0,0.0,27.8,-27.1,1.0,27.0,4.9,normal
1.0,4602.0,13.0,1.0,0.0,0.0,0.0,0.0,0.0,0.0,35.2,-13.4,1.0,27.0,4.9,normal
1.0,4601.0,15.0,1.0,25.0,2.6,2.0,0.0,0.0,0.0,25.6,-27.2,1.0,27.0,4.9,normal
1.0,4602.0,14.0,1.0,23.0,33.0,930.0,9.0,0.0,172.0,35.4,-12.3,1.0,27.0,314.0,normal
1.0,4601.0,15.0,1.0,0.0,0.0,0.0,0.0,0.0,0.0,1.0,0.0,0.0,0.0,0.0,normal
1.0,4602.0,15.0,1.0,24.0,37.0,995.0,12.0,1.0,177.0,35.9,-12.2,1.0,27.0,331.0,normal
1.0,4601.0,15.0,1.0,24.0,11.0,7.0,0.0,0.0,0.0,1.0,0.0,0.0,0.0,0.0,normal
1.0,4602.0,15.0,1.0,23.0,50.0,1382.0,18.0,1.0,445.0,35.8,-12.5,1.0,27.0,380.0,normal
1.0,4601.0,15.0,1.0,25.0,12.0,324.0,1.0,0.0,542.0,26.9,-26.6,1.0,27.0,188.0,normal
1.0,4602.0,15.0,1.0,23.0,23.0,657.0,13.0,1.0,761.0,35.8,-11.8,1.0,27.0,303.0,normal
1.0,4601.0,15.0,1.0,25.0,27.0,698.0,3.0,0.0,1.02,26.3,-25.6,1.0,26.0,296.0,normal
1.0,4602.0,15.0,1.0,22.0,23.0,695.0,8.0,1.0,678.0,35.6,-11.2,1.0,27.0,339.0,normal
1.0,4601.0,15.0,1.0,26.0,29.0,716.0,11.0,1.0,1.02,27.7,-25.8,1.0,27.0,336.0,normal
1.0,4602.0,15.0,1.0,22.0,22.0,677.0,7.0,1.0,19.2,36.1,-11.0,1.0,27.0,339.0,normal
1.0,4601.0,15.0,1.0,25.0,28.0,727.0,3.0,0.0,1.04,27.1,-25.3,1.0,26.0,346.0,normal
1.0,4602.0,15.0,1.0,22.0,23.0,682.0,2.0,0.0,642.0,35.4,-11.4,1.0,27.0,358.0,normal
1.0,4601.0,15.0,1.0,25.0,27.0,696.0,6.0,0.0,1.04,27.1,-25.6,1.0,27.0,325.0,normal
1.0,4602.0,15.0,1.0,23.0,25.0,696.0,2.0,0.0,638.0,35.6,-10.8,1.0,27.0,339.0,normal
1.0,4601.0,15.0,1.0,25.0,26.0,655.0,6.0,0.0,0.0,27.5,-25.2,1.0,27.0,352.0,normal
1.0,4602.0,15.0,1.0,23.0,26.0,730.0,12.0,1.0,3.0,35.6,-10.9,1.0,27.0,339.0,normal
1.0,4601.0,15.0,1.0,25.0,26.0,676.0,5.0,0.0,708.0,27.2,-25.3,1.0,27.0,316.0,normal
1.0,4602.0,15.0,1.0,22.0,20.0,597.0,5.0,0.0,395.0,35.2,-10.9,1.0,27.0,332.0,normal
1.0,4601.0,15.0,1.0,26.0,29.0,697.0,3.0,0.0,701.0,27.8,-25.6,1.0,27.0,338.0,normal
1.0,4602.0,15.0,1.0,23.0,24.0,698.0,2.0,0.0,459.0,35.2,-11.2,1.0,27.0,339.0,normal
1.0,4601.0,15.0,1.0,26.0,26.0,629.0,6.0,0.0,0.0,27.6,-25.8,1.0,27.0,326.0,normal
1.0,4602.0,15.0,1.0,24.0,19.0,556.0,4.0,0.0,0.0,35.1,-11.4,1.0,27.0,351.0,normal
1.0,4601.0,15.0,1.0,26.0,29.0,708.0,7.0,0.0,614.0,27.3,-25.9,1.0,27.0,305.0,normal
1.0,4602.0,15.0,1.0,23.0,23.0,643.0,9.0,1.0,442.0,35.8,-11.1,1.0,27.0,312.0,normal
1.0,4601.0,15.0,1.0,26.0,32.0,899.0,5.0,0.0,14.1,27.9,-25.9,1.0,27.0,329.0,normal
1.0,4602.0,15.0,1.0,23.0,9.9,295.0,4.0,1.0,0.0,35.9,-11.3,1.0,27.0,192.0,normal
1.0,4601.0,15.0,1.0,26.0,44.0,1377.0,10.0,0.0,14.1,28.3,-25.8,1.0,27.0,452.0,normal
1.0,4602.0,14.0,1.0,0.0,0.0,0.0,0.0,0.0,0.0,1.0,0.0,0.0,0.0,0.0,normal
1.0,4601.0,15.0,1.0,26.0,41.0,1173.0,10.0,0.0,350.0,28.6,-25.9,1.0,27.0,424.0,normal
1.0,4602.0,14.0,1.0,0.0,0.0,0.0,0.0,0.0,0.0,1.0,0.0,0.0,0.0,0.0,normal
1.0,4601.0,15.0,1.0,26.0,30.0,732.0,9.0,1.0,0.0,28.8,-25.9,1.0,27.0,222.0,normal
1.0,4602.0,14.0,1.0,0.0,0.0,0.0,0.0,0.0,0.0,1.0,0.0,0.0,0.0,0.0,normal
1.0,4601.0,15.0,1.0,0.0,0.0,0.0,0.0,0.0,0.0,28.4,-26.0,1.0,27.0,4.9,normal
1.0,4602.0,14.0,1.0,0.0,0.0,0.0,0.0,0.0,0.0,1.0,0.0,0.0,0.0,0.0,normal
1.0,4601.0,15.0,1.0,26.0,7.2,5.0,0.0,0.0,0.0,1.0,0.0,0.0,0.0,0.0,normal
1.0,4602.0,14.0,1.0,0.0,0.0,0.0,0.0,0.0,0.0,1.0,0.0,0.0,0.0,0.0,normal
1.0,4601.0,15.0,1.0,26.0,1.8,1.0,0.0,0.0,0.0,1.0,0.0,0.0,0.0,0.0,normal
1.0,4602.0,14.0,1.0,0.0,0.0,0.0,0.0,0.0,0.0,1.0,0.0,0.0,0.0,0.0,normal
1.0,4601.0,15.0,1.0,24.0,1.7,1.0,0.0,0.0,0.0,28.0,-26.6,1.0,27.0,4.9,normal
1.0,4602.0,14.0,1.0,0.0,0.0,0.0,0.0,0.0,0.0,1.0,0.0,0.0,0.0,0.0,normal
1.0,4601.0,15.0,1.0,26.0,4.5,3.0,0.0,0.0,0.0,1.0,0.0,0.0,0.0,0.0,normal
1.0,4602.0,14.0,1.0,0.0,0.0,0.0,0.0,0.0,0.0,1.0,0.0,0.0,0.0,0.0,normal
1.0,4601.0,15.0,1.0,0.0,0.0,0.0,0.0,0.0,0.0,1.0,0.0,0.0,0.0,0.0,normal
1.0,4602.0,14.0,1.0,0.0,0.0,0.0,0.0,0.0,0.0,1.0,0.0,0.0,0.0,0.0,normal
1.0,4601.0,15.0,1.0,26.0,6.3,4.0,0.0,0.0,0.0,1.0,0.0,0.0,0.0,0.0,normal
1.0,4602.0,14.0,1.0,0.0,0.0,0.0,0.0,0.0,0.0,36.6,-13.3,1.0,27.0,4.9,normal
1.0,4601.0,15.0,1.0,25.0,4.4,3.0,0.0,0.0,0.0,1.0,0.0,0.0,0.0,0.0,normal
1.0,4602.0,14.0,1.0,0.0,0.0,0.0,0.0,0.0,0.0,1.0,0.0,0.0,0.0,0.0,normal
1.0,4601.0,15.0,1.0,26.0,8.0,5.0,0.0,0.0,0.0,27.2,-27.4,1.0,27.0,4.9,normal
1.0,4602.0,14.0,1.0,0.0,0.0,0.0,0.0,0.0,0.0,1.0,0.0,0.0,0.0,0.0,normal
1.0,4601.0,15.0,1.0,0.0,0.0,0.0,0.0,0.0,0.0,1.0,0.0,0.0,0.0,0.0,normal
1.0,4602.0,14.0,1.0,0.0,0.0,0.0,0.0,0.0,0.0,35.6,-13.2,1.0,27.0,4.9,normal
1.0,4601.0,15.0,1.0,0.0,0.0,0.0,0.0,0.0,0.0,27.6,-27.6,1.0,27.0,4.9,normal
1.0,4602.0,14.0,1.0,0.0,0.0,0.0,0.0,0.0,0.0,1.0,0.0,0.0,0.0,0.0,normal
1.0,4601.0,15.0,1.0,26.0,3.6,2.0,0.0,0.0,0.0,1.0,0.0,0.0,0.0,0.0,normal
1.0,4602.0,14.0,1.0,0.0,0.0,0.0,0.0,0.0,0.0,36.1,-13.2,1.0,27.0,4.9,normal
1.0,4601.0,15.0,1.0,26.0,8.1,5.0,0.0,0.0,0.0,27.7,-27.5,1.0,27.0,9.7,normal
1.0,4602.0,14.0,1.0,0.0,0.0,0.0,0.0,0.0,0.0,36.4,-13.3,1.0,27.0,4.9,normal
1.0,4601.0,15.0,1.0,0.0,0.0,0.0,0.0,0.0,0.0,1.0,0.0,0.0,0.0,0.0,normal
1.0,4602.0,14.0,1.0,0.0,0.0,0.0,0.0,0.0,0.0,1.0,0.0,0.0,0.0,0.0,normal
1.0,4601.0,15.0,1.0,0.0,0.0,0.0,0.0,0.0,0.0,28.4,-27.5,1.0,27.0,9.7,normal
1.0,4602.0,14.0,1.0,0.0,0.0,0.0,0.0,0.0,0.0,1.0,0.0,0.0,0.0,0.0,normal
1.0,4601.0,15.0,1.0,0.0,0.0,0.0,0.0,0.0,0.0,1.0,0.0,0.0,0.0,0.0,normal
1.0,4602.0,14.0,1.0,0.0,0.0,0.0,0.0,0.0,0.0,1.0,0.0,0.0,0.0,0.0,normal
1.0,4601.0,15.0,1.0,0.0,0.0,0.0,0.0,0.0,0.0,27.5,-27.6,1.0,27.0,4.9,normal
1.0,4602.0,14.0,1.0,0.0,0.0,0.0,0.0,0.0,0.0,1.0,0.0,0.0,0.0,0.0,normal
1.0,4601.0,15.0,1.0,0.0,0.0,0.0,0.0,0.0,0.0,28.1,-27.5,1.0,27.0,4.9,normal
1.0,4602.0,14.0,1.0,0.0,0.0,0.0,0.0,0.0,0.0,36.6,-13.2,1.0,27.0,4.9,normal
1.0,4601.0,15.0,1.0,26.0,3.6,2.0,0.0,0.0,0.0,27.5,-27.5,1.0,27.0,4.9,normal
1.0,4602.0,14.0,1.0,0.0,0.0,0.0,0.0,0.0,0.0,37.5,-13.2,1.0,27.0,4.9,normal
1.0,4601.0,15.0,1.0,0.0,0.0,0.0,0.0,0.0,0.0,27.4,-27.5,1.0,27.0,4.9,normal
1.0,4602.0,14.0,1.0,0.0,0.0,0.0,0.0,0.0,0.0,1.0,0.0,0.0,0.0,0.0,normal
1.0,4601.0,15.0,1.0,0.0,0.0,0.0,0.0,0.0,0.0,27.5,-27.4,1.0,27.0,9.7,normal
1.0,4602.0,14.0,1.0,0.0,0.0,0.0,0.0,0.0,0.0,1.0,0.0,0.0,0.0,0.0,normal
1.0,4601.0,15.0,1.0,0.0,0.0,0.0,0.0,0.0,0.0,1.0,0.0,0.0,0.0,0.0,normal
1.0,4602.0,14.0,1.0,0.0,0.0,0.0,0.0,0.0,0.0,1.0,0.0,0.0,0.0,0.0,normal
1.0,4601.0,15.0,1.0,0.0,0.0,0.0,0.0,0.0,0.0,1.0,0.0,0.0,0.0,0.0,normal
1.0,4602.0,14.0,1.0,0.0,0.0,0.0,0.0,0.0,0.0,1.0,0.0,0.0,0.0,0.0,normal
1.0,4601.0,15.0,1.0,26.0,3.6,2.0,0.0,0.0,0.0,1.0,0.0,0.0,0.0,0.0,normal
1.0,4602.0,14.0,1.0,0.0,0.0,0.0,0.0,0.0,0.0,1.0,0.0,0.0,0.0,0.0,normal
1.0,4601.0,15.0,1.0,26.0,3.6,2.0,0.0,0.0,0.0,27.6,-27.3,1.0,27.0,4.9,normal
1.0,4602.0,14.0,1.0,0.0,0.0,0.0,0.0,0.0,0.0,35.5,-13.2,1.0,27.0,4.9,normal
1.0,4601.0,15.0,1.0,0.0,0.0,0.0,0.0,0.0,0.0,27.7,-27.3,1.0,27.0,4.9,normal
1.0,4602.0,14.0,1.0,0.0,0.0,0.0,0.0,0.0,0.0,1.0,0.0,0.0,0.0,0.0,normal
1.0,4601.0,15.0,1.0,26.0,9.0,5.0,0.0,0.0,0.0,1.0,0.0,0.0,0.0,0.0,normal
1.0,4602.0,14.0,1.0,0.0,0.0,0.0,0.0,0.0,0.0,1.0,0.0,0.0,0.0,0.0,normal
1.0,4601.0,15.0,1.0,26.0,5.4,3.0,0.0,0.0,0.0,1.0,0.0,0.0,0.0,0.0,normal
1.0,4602.0,14.0,1.0,0.0,0.0,0.0,0.0,0.0,0.0,36.7,-13.1,1.0,27.0,4.9,normal
1.0,4601.0,15.0,1.0,0.0,0.0,0.0,0.0,0.0,0.0,28.1,-27.2,1.0,27.0,4.9,normal
1.0,4602.0,14.0,1.0,0.0,0.0,0.0,0.0,0.0,0.0,1.0,0.0,0.0,0.0,0.0,normal
1.0,4601.0,15.0,1.0,26.0,3.6,2.0,0.0,0.0,0.0,1.0,0.0,0.0,0.0,0.0,normal
1.0,4602.0,14.0,1.0,0.0,0.0,0.0,0.0,0.0,0.0,1.0,0.0,0.0,0.0,0.0,normal
1.0,4601.0,15.0,1.0,0.0,0.0,0.0,0.0,0.0,0.0,1.0,0.0,0.0,0.0,0.0,normal
1.0,4602.0,14.0,1.0,0.0,0.0,0.0,0.0,0.0,0.0,37.4,-13.1,1.0,27.0,4.9,normal
1.0,4601.0,15.0,1.0,26.0,7.2,4.0,0.0,0.0,0.0,1.0,0.0,0.0,0.0,0.0,normal
1.0,4602.0,14.0,1.0,0.0,0.0,0.0,0.0,0.0,0.0,36.1,-13.1,1.0,27.0,4.9,normal
1.0,4601.0,15.0,1.0,26.0,6.2,4.0,0.0,0.0,0.0,1.0,0.0,0.0,0.0,0.0,normal
1.0,4602.0,13.0,1.0,0.0,0.0,0.0,0.0,0.0,0.0,1.0,0.0,0.0,0.0,0.0,normal
1.0,4601.0,15.0,1.0,24.0,3.3,2.0,0.0,0.0,0.0,1.0,0.0,0.0,0.0,0.0,normal
1.0,4602.0,14.0,1.0,0.0,0.0,0.0,0.0,0.0,0.0,1.0,0.0,0.0,0.0,0.0,normal
1.0,4601.0,15.0,1.0,26.0,7.1,4.0,0.0,0.0,0.0,28.7,-26.2,1.0,27.0,4.9,normal
1.0,4602.0,14.0,1.0,0.0,0.0,0.0,0.0,0.0,0.0,1.0,0.0,0.0,0.0,0.0,normal
1.0,4601.0,15.0,1.0,26.0,7.2,4.0,0.0,0.0,0.0,1.0,0.0,0.0,0.0,0.0,normal
1.0,4602.0,13.0,1.0,0.0,0.0,0.0,0.0,0.0,0.0,36.1,-12.9,1.0,27.0,9.7,normal
1.0,4601.0,15.0,1.0,26.0,2.7,2.0,0.0,0.0,0.0,27.8,-27.1,1.0,27.0,4.9,normal
1.0,4602.0,14.0,1.0,0.0,0.0,0.0,0.0,0.0,0.0,1.0,0.0,0.0,0.0,0.0,normal
1.0,4601.0,15.0,1.0,0.0,0.0,0.0,0.0,0.0,0.0,1.0,0.0,0.0,0.0,0.0,normal
1.0,4602.0,14.0,1.0,0.0,0.0,0.0,0.0,0.0,0.0,1.0,0.0,0.0,0.0,0.0,normal
1.0,4601.0,15.0,1.0,0.0,0.0,0.0,0.0,0.0,0.0,1.0,0.0,0.0,0.0,0.0,normal
1.0,4602.0,13.0,1.0,0.0,0.0,0.0,0.0,0.0,0.0,1.0,0.0,0.0,0.0,0.0,normal
1.0,4601.0,15.0,1.0,26.0,3.6,2.0,0.0,0.0,0.0,1.0,0.0,0.0,0.0,0.0,normal
1.0,4602.0,14.0,1.0,0.0,0.0,0.0,0.0,0.0,0.0,1.0,0.0,0.0,0.0,0.0,normal
1.0,4601.0,15.0,1.0,25.0,26.0,655.0,7.0,1.0,574.0,29.3,-24.9,1.0,27.0,263.0,normal
1.0,4602.0,13.0,1.0,0.0,0.0,0.0,0.0,0.0,0.0,1.0,0.0,0.0,0.0,0.0,normal
1.0,4601.0,15.0,1.0,26.0,57.0,1392.0,8.0,0.0,568.0,29.6,-24.6,1.0,27.0,403.0,normal
1.0,4602.0,15.0,1.0,22.0,4.6,3.0,0.0,0.0,0.0,38.1,-12.6,1.0,27.0,15.0,normal
1.0,4601.0,15.0,1.0,26.0,42.0,1032.0,9.0,0.0,528.0,29.6,-24.9,1.0,27.0,298.0,normal
1.0,4602.0,15.0,1.0,0.0,0.0,0.0,0.0,0.0,0.0,1.0,0.0,0.0,0.0,0.0,normal
1.0,4601.0,15.0,1.0,26.0,32.0,779.0,6.0,0.0,3.0,28.2,-24.7,1.0,27.0,353.0,normal
1.0,4602.0,15.0,1.0,23.0,23.0,625.0,0.0,0.0,127.0,35.8,-10.3,1.0,27.0,395.0,normal
1.0,4601.0,15.0,1.0,26.0,21.0,523.0,2.0,0.0,766.0,27.7,-24.6,1.0,27.0,245.0,normal
1.0,4602.0,15.0,1.0,24.0,28.0,822.0,5.0,0.0,247.0,35.7,-10.2,1.0,27.0,380.0,normal
1.0,4601.0,15.0,1.0,25.0,34.0,840.0,14.0,1.0,338.0,28.1,-24.7,1.0,27.0,326.0,normal
1.0,4602.0,15.0,1.0,24.0,20.0,551.0,10.0,1.0,224.0,36.1,-9.9,1.0,27.0,395.0,normal
1.0,4601.0,15.0,1.0,25.0,21.0,542.0,4.0,0.0,757.0,27.2,-24.9,1.0,27.0,304.0,normal
1.0,4602.0,15.0,1.0,24.0,28.0,816.0,7.0,0.0,329.0,36.1,-9.8,1.0,27.0,339.0,normal
1.0,4601.0,15.0,1.0,26.0,29.0,738.0,1.0,0.0,733.0,27.4,-25.7,1.0,27.0,276.0,normal
1.0,4602.0,15.0,1.0,24.0,24.0,675.0,5.0,0.0,67.5,36.0,-10.8,1.0,27.0,347.0,normal
1.0,4601.0,15.0,1.0,26.0,20.0,490.0,0.0,0.0,595.0,26.7,-25.8,1.0,27.0,245.0,normal
1.0,4602.0,15.0,1.0,25.0,29.0,855.0,3.0,0.0,82.7,36.2,-10.8,1.0,27.0,339.0,normal
1.0,4601.0,15.0,1.0,26.0,37.0,891.0,3.0,0.0,506.0,27.8,-25.9,1.0,27.0,312.0,normal
1.0,4602.0,15.0,1.0,25.0,19.0,531.0,4.0,0.0,19.5,36.1,-11.1,1.0,27.0,314.0,normal
1.0,4601.0,15.0,1.0,26.0,25.0,616.0,5.0,0.0,798.0,27.0,-25.7,1.0,26.0,289.0,normal
1.0,4602.0,15.0,1.0,25.0,29.0,766.0,7.0,0.0,115.0,35.9,-10.6,1.0,27.0,332.0,normal
1.0,4601.0,15.0,1.0,27.0,29.0,696.0,1.0,0.0,496.0,26.4,-26.4,1.0,26.0,264.0,normal
1.0,4602.0,15.0,1.0,26.0,27.0,697.0,6.0,0.0,322.0,35.4,-11.1,1.0,27.0,339.0,normal
1.0,4601.0,15.0,1.0,26.0,32.0,784.0,6.0,0.0,3.0,26.3,-25.8,1.0,26.0,267.0,normal
1.0,4602.0,15.0,1.0,25.0,24.0,612.0,9.0,1.0,8.65,35.7,-10.3,1.0,27.0,327.0,normal
1.0,4601.0,15.0,1.0,27.0,2.0,62.0,1.0,1.0,0.0,26.6,-25.7,1.0,26.0,35.0,normal
1.0,4602.0,15.0,1.0,25.0,30.0,1144.0,8.0,0.0,5.63,35.6,-11.5,1.0,27.0,339.0,normal
1.0,4601.0,15.0,1.0,0.0,0.0,0.0,0.0,0.0,0.0,26.6,-27.1,1.0,26.0,4.7,normal
1.0,4602.0,15.0,1.0,24.0,19.0,730.0,9.0,1.0,0.0,35.7,-11.7,1.0,27.0,213.0,normal
1.0,4601.0,15.0,1.0,0.0,0.0,0.0,0.0,0.0,0.0,27.7,-27.3,1.0,26.0,4.7,normal
1.0,4602.0,14.0,1.0,0.0,0.0,0.0,0.0,0.0,0.0,37.7,-12.7,1.0,27.0,4.9,normal
1.0,4601.0,15.0,1.0,25.0,3.5,2.0,0.0,0.0,0.0,27.1,-27.2,1.0,27.0,9.6,normal
1.0,4602.0,14.0,1.0,22.0,1.4,62.0,0.0,0.0,0.0,35.0,-12.3,1.0,27.0,69.0,normal
1.0,4601.0,15.0,1.0,0.0,0.0,0.0,0.0,0.0,0.0,27.5,-27.4,1.0,27.0,4.9,normal
1.0,4602.0,14.0,1.0,0.0,0.0,0.0,0.0,0.0,0.0,1.0,0.0,0.0,0.0,0.0,normal
1.0,4601.0,15.0,1.0,0.0,0.0,0.0,0.0,0.0,0.0,27.2,-27.3,1.0,27.0,4.9,normal
1.0,4602.0,14.0,1.0,0.0,0.0,0.0,0.0,0.0,0.0,1.0,0.0,0.0,0.0,0.0,normal
1.0,4601.0,15.0,1.0,26.0,3.6,2.0,0.0,0.0,0.0,1.0,0.0,0.0,0.0,0.0,normal
1.0,4602.0,14.0,1.0,0.0,0.0,0.0,0.0,0.0,0.0,1.0,0.0,0.0,0.0,0.0,normal
1.0,4601.0,15.0,1.0,0.0,0.0,0.0,0.0,0.0,0.0,1.0,0.0,0.0,0.0,0.0,normal
1.0,4602.0,14.0,1.0,0.0,0.0,0.0,0.0,0.0,0.0,38.1,-12.7,1.0,27.0,4.9,normal
1.0,4601.0,15.0,1.0,26.0,6.3,4.0,0.0,0.0,0.0,27.8,-27.4,1.0,27.0,4.9,normal
1.0,4602.0,14.0,1.0,0.0,0.0,0.0,0.0,0.0,0.0,35.7,-12.7,1.0,27.0,4.9,normal
1.0,4601.0,15.0,1.0,26.0,7.1,4.0,0.0,0.0,0.0,27.7,-27.5,1.0,27.0,9.7,normal
1.0,4602.0,14.0,1.0,0.0,0.0,0.0,0.0,0.0,0.0,1.0,0.0,0.0,0.0,0.0,normal
1.0,4601.0,15.0,1.0,26.0,7.2,4.0,0.0,0.0,0.0,1.0,0.0,0.0,0.0,0.0,normal
1.0,4602.0,14.0,1.0,0.0,0.0,0.0,0.0,0.0,0.0,1.0,0.0,0.0,0.0,0.0,normal
1.0,4601.0,15.0,1.0,26.0,11.0,6.0,0.0,0.0,0.0,1.0,0.0,0.0,0.0,0.0,normal
1.0,4602.0,14.0,1.0,0.0,0.0,0.0,0.0,0.0,0.0,1.0,0.0,0.0,0.0,0.0,normal
1.0,4601.0,15.0,1.0,0.0,0.0,0.0,0.0,0.0,0.0,1.0,0.0,0.0,0.0,0.0,normal
1.0,4602.0,14.0,1.0,0.0,0.0,0.0,0.0,0.0,0.0,1.0,0.0,0.0,0.0,0.0,normal
1.0,4601.0,15.0,1.0,0.0,0.0,0.0,0.0,0.0,0.0,1.0,0.0,0.0,0.0,0.0,normal
1.0,4602.0,14.0,1.0,0.0,0.0,0.0,0.0,0.0,0.0,1.0,0.0,0.0,0.0,0.0,normal
1.0,4601.0,15.0,1.0,0.0,0.0,0.0,0.0,0.0,0.0,28.1,-27.1,1.0,27.0,4.9,normal
1.0,4602.0,14.0,1.0,0.0,0.0,0.0,0.0,0.0,0.0,37.0,-12.9,1.0,27.0,4.9,normal
1.0,4601.0,15.0,1.0,0.0,0.0,0.0,0.0,0.0,0.0,1.0,0.0,0.0,0.0,0.0,normal
1.0,4602.0,14.0,1.0,0.0,0.0,0.0,0.0,0.0,0.0,1.0,0.0,0.0,0.0,0.0,normal
1.0,4601.0,15.0,1.0,26.0,3.6,2.0,0.0,0.0,0.0,1.0,0.0,0.0,0.0,0.0,normal
1.0,4602.0,14.0,1.0,0.0,0.0,0.0,0.0,0.0,0.0,1.0,0.0,0.0,0.0,0.0,normal
1.0,4601.0,15.0,1.0,0.0,0.0,0.0,0.0,0.0,0.0,1.0,0.0,0.0,0.0,0.0,normal
1.0,4602.0,14.0,1.0,0.0,0.0,0.0,0.0,0.0,0.0,1.0,0.0,0.0,0.0,0.0,normal
1.0,4601.0,15.0,1.0,0.0,0.0,0.0,0.0,0.0,0.0,27.7,-26.9,1.0,27.0,9.7,normal
1.0,4602.0,14.0,1.0,0.0,0.0,0.0,0.0,0.0,0.0,35.9,-11.4,1.0,27.0,4.9,normal
1.0,4601.0,15.0,1.0,0.0,0.0,0.0,0.0,0.0,0.0,1.0,0.0,0.0,0.0,0.0,normal
1.0,4602.0,14.0,1.0,0.0,0.0,0.0,0.0,0.0,0.0,35.2,-13.0,1.0,27.0,4.9,normal
1.0,4601.0,15.0,1.0,24.0,3.3,2.0,0.0,0.0,0.0,1.0,0.0,0.0,0.0,0.0,normal
1.0,4602.0,14.0,1.0,0.0,0.0,0.0,0.0,0.0,0.0,37.5,-12.8,1.0,27.0,9.7,normal
1.0,4601.0,15.0,1.0,26.0,11.0,6.0,0.0,0.0,0.0,28.4,-27.2,1.0,27.0,9.7,normal
1.0,4602.0,14.0,1.0,0.0,0.0,0.0,0.0,0.0,0.0,1.0,0.0,0.0,0.0,0.0,normal
1.0,4601.0,15.0,1.0,26.0,1.8,1.0,0.0,0.0,0.0,1.0,0.0,0.0,0.0,0.0,normal
1.0,4602.0,14.0,1.0,0.0,0.0,0.0,0.0,0.0,0.0,1.0,0.0,0.0,0.0,0.0,normal
1.0,4601.0,15.0,1.0,26.0,5.4,3.0,0.0,0.0,0.0,1.0,0.0,0.0,0.0,0.0,normal
1.0,4602.0,14.0,1.0,0.0,0.0,0.0,0.0,0.0,0.0,1.0,0.0,0.0,0.0,0.0,normal
1.0,4601.0,15.0,1.0,0.0,0.0,0.0,0.0,0.0,0.0,1.0,0.0,0.0,0.0,0.0,normal
1.0,4602.0,14.0,1.0,0.0,0.0,0.0,0.0,0.0,0.0,37.0,-12.8,1.0,27.0,4.9,normal
1.0,4601.0,15.0,1.0,0.0,0.0,0.0,0.0,0.0,0.0,1.0,0.0,0.0,0.0,0.0,normal
1.0,4602.0,14.0,1.0,0.0,0.0,0.0,0.0,0.0,0.0,35.8,-12.9,1.0,27.0,9.7,normal
1.0,4601.0,15.0,1.0,0.0,0.0,0.0,0.0,0.0,0.0,28.4,-27.1,1.0,27.0,4.9,normal
1.0,4602.0,14.0,1.0,0.0,0.0,0.0,0.0,0.0,0.0,1.0,0.0,0.0,0.0,0.0,normal
1.0,4601.0,15.0,1.0,0.0,0.0,0.0,0.0,0.0,0.0,1.0,0.0,0.0,0.0,0.0,normal
1.0,4602.0,14.0,1.0,0.0,0.0,0.0,0.0,0.0,0.0,1.0,0.0,0.0,0.0,0.0,normal
1.0,4601.0,15.0,1.0,26.0,9.9,6.0,0.0,0.0,0.0,27.8,-26.9,1.0,27.0,4.9,normal
1.0,4602.0,14.0,1.0,0.0,0.0,0.0,0.0,0.0,0.0,1.0,0.0,0.0,0.0,0.0,normal
1.0,4601.0,15.0,1.0,26.0,29.0,910.0,4.0,0.0,11.3,28.0,-26.4,1.0,27.0,287.0,normal
1.0,4602.0,14.0,1.0,0.0,0.0,0.0,0.0,0.0,0.0,1.0,0.0,0.0,0.0,0.0,normal
1.0,4601.0,15.0,1.0,26.0,45.0,1387.0,4.0,0.0,14.1,28.4,-26.4,1.0,27.0,339.0,normal
1.0,4602.0,14.0,1.0,0.0,0.0,0.0,0.0,0.0,0.0,36.5,-12.9,1.0,27.0,4.9,normal
1.0,4601.0,15.0,1.0,26.0,35.0,1072.0,5.0,0.0,12.7,28.5,-26.3,1.0,27.0,305.0,normal
1.0,4602.0,14.0,1.0,0.0,0.0,0.0,0.0,0.0,0.0,1.0,0.0,0.0,0.0,0.0,normal
1.0,4601.0,15.0,1.0,26.0,52.0,1391.0,7.0,0.0,349.0,28.9,-25.5,1.0,27.0,339.0,normal
1.0,4602.0,14.0,1.0,0.0,0.0,0.0,0.0,0.0,0.0,37.2,-13.0,1.0,27.0,4.9,normal
1.0,4601.0,15.0,1.0,26.0,42.0,1021.0,5.0,0.0,379.0,29.3,-25.2,1.0,27.0,299.0,normal
1.0,4602.0,14.0,1.0,0.0,0.0,0.0,0.0,0.0,0.0,1.0,0.0,0.0,0.0,0.0,normal
1.0,4601.0,15.0,1.0,26.0,48.0,1173.0,5.0,0.0,0.0,28.4,-26.3,1.0,27.0,294.0,normal
1.0,4602.0,14.0,1.0,0.0,0.0,0.0,0.0,0.0,0.0,1.0,0.0,0.0,0.0,0.0,normal
1.0,4601.0,15.0,1.0,27.0,5.6,3.0,0.0,0.0,0.0,1.0,0.0,0.0,0.0,0.0,normal
1.0,4602.0,14.0,1.0,0.0,0.0,0.0,0.0,0.0,0.0,1.0,0.0,0.0,0.0,0.0,normal
1.0,4601.0,15.0,1.0,27.0,5.6,3.0,0.0,0.0,0.0,1.0,0.0,0.0,0.0,0.0,normal
1.0,4602.0,14.0,1.0,0.0,0.0,0.0,0.0,0.0,0.0,35.9,-12.7,1.0,27.0,4.9,normal
1.0,4601.0,15.0,1.0,27.0,3.7,2.0,0.0,0.0,0.0,1.0,0.0,0.0,0.0,0.0,normal
1.0,4602.0,14.0,1.0,0.0,0.0,0.0,0.0,0.0,0.0,1.0,0.0,0.0,0.0,0.0,normal
1.0,4601.0,15.0,1.0,27.0,2.8,2.0,0.0,0.0,0.0,1.0,0.0,0.0,0.0,0.0,normal
1.0,4602.0,14.0,1.0,0.0,0.0,0.0,0.0,0.0,0.0,37.5,-12.7,1.0,27.0,4.9,normal
1.0,4601.0,15.0,1.0,0.0,0.0,0.0,0.0,0.0,0.0,1.0,0.0,0.0,0.0,0.0,normal
1.0,4602.0,14.0,1.0,0.0,0.0,0.0,0.0,0.0,0.0,36.6,-12.7,1.0,27.0,9.7,normal
1.0,4601.0,15.0,1.0,0.0,0.0,0.0,0.0,0.0,0.0,1.0,0.0,0.0,0.0,0.0,normal
1.0,4602.0,14.0,1.0,0.0,0.0,0.0,0.0,0.0,0.0,1.0,0.0,0.0,0.0,0.0,normal
1.0,4601.0,15.0,1.0,27.0,7.5,4.0,0.0,0.0,0.0,1.0,0.0,0.0,0.0,0.0,normal
1.0,4602.0,14.0,1.0,0.0,0.0,0.0,0.0,0.0,0.0,1.0,0.0,0.0,0.0,0.0,normal
1.0,4601.0,15.0,1.0,0.0,0.0,0.0,0.0,0.0,0.0,1.0,0.0,0.0,0.0,0.0,normal
1.0,4602.0,14.0,1.0,0.0,0.0,0.0,0.0,0.0,0.0,1.0,0.0,0.0,0.0,0.0,normal
1.0,4601.0,15.0,1.0,0.0,0.0,0.0,0.0,0.0,0.0,28.3,-26.5,1.0,27.0,4.9,normal
1.0,4602.0,14.0,1.0,0.0,0.0,0.0,0.0,0.0,0.0,1.0,0.0,0.0,0.0,0.0,normal
1.0,4601.0,15.0,1.0,0.0,0.0,0.0,0.0,0.0,0.0,1.0,0.0,0.0,0.0,0.0,normal
1.0,4602.0,14.0,1.0,0.0,0.0,0.0,0.0,0.0,0.0,1.0,0.0,0.0,0.0,0.0,normal
1.0,4601.0,15.0,1.0,0.0,0.0,0.0,0.0,0.0,0.0,1.0,0.0,0.0,0.0,0.0,normal
1.0,4602.0,14.0,1.0,0.0,0.0,0.0,0.0,0.0,0.0,1.0,0.0,0.0,0.0,0.0,normal
1.0,4601.0,15.0,1.0,0.0,0.0,0.0,0.0,0.0,0.0,1.0,0.0,0.0,0.0,0.0,normal
1.0,4602.0,14.0,1.0,0.0,0.0,0.0,0.0,0.0,0.0,1.0,0.0,0.0,0.0,0.0,normal
1.0,4601.0,15.0,1.0,0.0,0.0,0.0,0.0,0.0,0.0,28.5,-26.5,1.0,27.0,4.9,normal
1.0,4602.0,14.0,1.0,0.0,0.0,0.0,0.0,0.0,0.0,1.0,0.0,0.0,0.0,0.0,normal
1.0,4601.0,15.0,1.0,27.0,3.7,2.0,0.0,0.0,0.0,1.0,0.0,0.0,0.0,0.0,normal
1.0,4602.0,14.0,1.0,0.0,0.0,0.0,0.0,0.0,0.0,36.0,-12.7,1.0,27.0,4.9,normal
1.0,4601.0,15.0,1.0,0.0,0.0,0.0,0.0,0.0,0.0,1.0,0.0,0.0,0.0,0.0,normal
1.0,4602.0,14.0,1.0,17.0,1.2,1.0,0.0,0.0,0.0,34.1,-11.9,1.0,27.0,37.0,normal
1.0,4601.0,15.0,1.0,27.0,3.7,2.0,0.0,0.0,0.0,1.0,0.0,0.0,0.0,0.0,normal
1.0,4602.0,15.0,1.0,25.0,25.0,962.0,6.0,0.0,5.63,35.5,-12.5,1.0,27.0,302.0,normal
1.0,4601.0,15.0,1.0,27.0,2.8,2.0,0.0,0.0,0.0,1.0,0.0,0.0,0.0,0.0,normal
1.0,4602.0,15.0,1.0,25.0,32.0,1208.0,13.0,1.0,8.64,35.4,-12.5,1.0,27.0,339.0,normal
1.0,4601.0,15.0,1.0,0.0,0.0,0.0,0.0,0.0,0.0,1.0,0.0,0.0,0.0,0.0,normal
1.0,4602.0,15.0,1.0,25.0,30.0,985.0,6.0,0.0,31.9,35.3,-12.5,1.0,27.0,323.0,normal
1.0,4601.0,15.0,1.0,27.0,7.5,4.0,0.0,0.0,0.0,25.9,-26.5,1.0,27.0,4.9,normal
1.0,4602.0,15.0,1.0,25.0,49.0,1261.0,17.0,1.0,133.0,35.6,-12.5,1.0,27.0,410.0,normal
1.0,4601.0,15.0,1.0,27.0,3.7,2.0,0.0,0.0,0.0,1.0,0.0,0.0,0.0,0.0,normal
1.0,4602.0,15.0,1.0,25.0,40.0,1028.0,8.0,0.0,24.0,35.7,-12.5,1.0,27.0,342.0,normal
1.0,4601.0,15.0,1.0,27.0,3.7,2.0,0.0,0.0,0.0,1.0,0.0,0.0,0.0,0.0,normal
1.0,4602.0,15.0,1.0,25.0,54.0,1389.0,11.0,0.0,355.0,36.0,-12.5,1.0,27.0,402.0,normal
1.0,4601.0,15.0,1.0,0.0,0.0,0.0,0.0,0.0,0.0,1.0,0.0,0.0,0.0,0.0,normal
1.0,4602.0,15.0,1.0,25.0,39.0,1253.0,10.0,0.0,0.0,35.6,-12.4,1.0,27.0,380.0,normal
1.0,4601.0,15.0,1.0,27.0,6.5,4.0,0.0,0.0,0.0,1.0,0.0,0.0,0.0,0.0,normal
1.0,4602.0,14.0,1.0,26.0,1.8,1.0,0.0,0.0,0.0,36.4,-12.7,1.0,27.0,4.9,normal
1.0,4601.0,15.0,1.0,0.0,0.0,0.0,0.0,0.0,0.0,1.0,0.0,0.0,0.0,0.0,normal
1.0,4602.0,14.0,1.0,0.0,0.0,0.0,0.0,0.0,0.0,1.0,0.0,0.0,0.0,0.0,normal
1.0,4601.0,15.0,1.0,0.0,0.0,0.0,0.0,0.0,0.0,1.0,0.0,0.0,0.0,0.0,normal
1.0,4602.0,14.0,1.0,0.0,0.0,0.0,0.0,0.0,0.0,1.0,0.0,0.0,0.0,0.0,normal
1.0,4601.0,15.0,1.0,27.0,7.5,4.0,0.0,0.0,0.0,1.0,0.0,0.0,0.0,0.0,normal
1.0,4602.0,14.0,1.0,0.0,0.0,0.0,0.0,0.0,0.0,1.0,0.0,0.0,0.0,0.0,normal
1.0,4601.0,15.0,1.0,0.0,0.0,0.0,0.0,0.0,0.0,1.0,0.0,0.0,0.0,0.0,normal
1.0,4602.0,14.0,1.0,0.0,0.0,0.0,0.0,0.0,0.0,1.0,0.0,0.0,0.0,0.0,normal
1.0,4601.0,15.0,1.0,0.0,0.0,0.0,0.0,0.0,0.0,1.0,0.0,0.0,0.0,0.0,normal
1.0,4602.0,14.0,1.0,0.0,0.0,0.0,0.0,0.0,0.0,36.6,-12.5,1.0,27.0,4.9,normal
1.0,4601.0,15.0,1.0,0.0,0.0,0.0,0.0,0.0,0.0,1.0,0.0,0.0,0.0,0.0,normal
1.0,4602.0,14.0,1.0,0.0,0.0,0.0,0.0,0.0,0.0,1.0,0.0,0.0,0.0,0.0,normal
1.0,4601.0,15.0,1.0,27.0,3.7,2.0,0.0,0.0,0.0,1.0,0.0,0.0,0.0,0.0,normal
1.0,4602.0,14.0,1.0,0.0,0.0,0.0,0.0,0.0,0.0,1.0,0.0,0.0,0.0,0.0,normal
1.0,4601.0,15.0,1.0,0.0,0.0,0.0,0.0,0.0,0.0,1.0,0.0,0.0,0.0,0.0,normal
1.0,4602.0,14.0,1.0,0.0,0.0,0.0,0.0,0.0,0.0,1.0,0.0,0.0,0.0,0.0,normal
1.0,4601.0,15.0,1.0,0.0,0.0,0.0,0.0,0.0,0.0,28.6,-27.0,1.0,26.0,4.7,normal
1.0,4602.0,14.0,1.0,0.0,0.0,0.0,0.0,0.0,0.0,35.6,-12.7,1.0,27.0,4.9,normal
1.0,4601.0,15.0,1.0,27.0,6.4,4.0,0.0,0.0,0.0,1.0,0.0,0.0,0.0,0.0,normal
1.0,4602.0,14.0,1.0,0.0,0.0,0.0,0.0,0.0,0.0,1.0,0.0,0.0,0.0,0.0,normal
1.0,4601.0,15.0,1.0,0.0,0.0,0.0,0.0,0.0,0.0,1.0,0.0,0.0,0.0,0.0,normal
1.0,4602.0,14.0,1.0,0.0,0.0,0.0,0.0,0.0,0.0,1.0,0.0,0.0,0.0,0.0,normal
1.0,4601.0,15.0,1.0,0.0,0.0,0.0,0.0,0.0,0.0,1.0,0.0,0.0,0.0,0.0,normal
1.0,4602.0,14.0,1.0,0.0,0.0,0.0,0.0,0.0,0.0,1.0,0.0,0.0,0.0,0.0,normal
1.0,4601.0,15.0,1.0,26.0,3.5,2.0,0.0,0.0,0.0,28.2,-26.9,1.0,27.0,4.9,normal
1.0,4602.0,14.0,1.0,0.0,0.0,0.0,0.0,0.0,0.0,1.0,0.0,0.0,0.0,0.0,normal
1.0,4601.0,15.0,1.0,27.0,3.7,2.0,0.0,0.0,0.0,28.3,-27.0,1.0,27.0,4.9,normal
1.0,4602.0,14.0,1.0,0.0,0.0,0.0,0.0,0.0,0.0,1.0,0.0,0.0,0.0,0.0,normal
1.0,4601.0,15.0,1.0,0.0,0.0,0.0,0.0,0.0,0.0,1.0,0.0,0.0,0.0,0.0,normal
1.0,4602.0,14.0,1.0,0.0,0.0,0.0,0.0,0.0,0.0,1.0,0.0,0.0,0.0,0.0,normal
1.0,4601.0,15.0,1.0,27.0,3.7,2.0,0.0,0.0,0.0,28.2,-27.0,1.0,27.0,4.9,normal
1.0,4602.0,14.0,1.0,0.0,0.0,0.0,0.0,0.0,0.0,1.0,0.0,0.0,0.0,0.0,normal
1.0,4601.0,15.0,1.0,0.0,0.0,0.0,0.0,0.0,0.0,1.0,0.0,0.0,0.0,0.0,normal
1.0,4602.0,14.0,1.0,0.0,0.0,0.0,0.0,0.0,0.0,36.2,-12.7,1.0,27.0,4.9,normal
1.0,4601.0,15.0,1.0,0.0,0.0,0.0,0.0,0.0,0.0,1.0,0.0,0.0,0.0,0.0,normal
1.0,4602.0,14.0,1.0,0.0,0.0,0.0,0.0,0.0,0.0,1.0,0.0,0.0,0.0,0.0,normal
1.0,4601.0,15.0,1.0,0.0,0.0,0.0,0.0,0.0,0.0,1.0,0.0,0.0,0.0,0.0,normal
1.0,4602.0,14.0,1.0,0.0,0.0,0.0,0.0,0.0,0.0,37.6,-12.8,1.0,27.0,4.9,normal
1.0,4601.0,15.0,1.0,27.0,3.7,2.0,0.0,0.0,0.0,28.5,-26.9,1.0,27.0,4.9,normal
1.0,4602.0,14.0,1.0,0.0,0.0,0.0,0.0,0.0,0.0,36.6,-12.8,1.0,27.0,4.9,normal
1.0,4601.0,15.0,1.0,26.0,30.0,754.0,11.0,1.0,493.0,28.5,-25.9,1.0,27.0,261.0,normal
1.0,4602.0,14.0,1.0,0.0,0.0,0.0,0.0,0.0,0.0,1.0,0.0,0.0,0.0,0.0,normal
1.0,4601.0,15.0,1.0,26.0,56.0,1384.0,16.0,1.0,480.0,29.1,-25.4,1.0,27.0,413.0,normal
1.0,4602.0,14.0,1.0,0.0,0.0,0.0,0.0,0.0,0.0,1.0,0.0,0.0,0.0,0.0,normal
1.0,4601.0,15.0,1.0,25.0,40.0,1012.0,4.0,0.0,453.0,29.2,-25.4,1.0,27.0,354.0,normal
1.0,4602.0,14.0,1.0,0.0,0.0,0.0,0.0,0.0,0.0,1.0,0.0,0.0,0.0,0.0,normal
1.0,4601.0,15.0,1.0,26.0,57.0,1395.0,5.0,0.0,313.0,29.0,-25.3,1.0,27.0,433.0,normal
1.0,4602.0,14.0,1.0,0.0,0.0,0.0,0.0,0.0,0.0,1.0,0.0,0.0,0.0,0.0,normal
1.0,4601.0,15.0,1.0,26.0,45.0,1109.0,6.0,0.0,437.0,29.1,-25.4,1.0,27.0,382.0,normal
1.0,4602.0,14.0,1.0,0.0,0.0,0.0,0.0,0.0,0.0,36.7,-12.8,1.0,27.0,4.9,normal
1.0,4601.0,15.0,1.0,26.0,43.0,1078.0,3.0,0.0,46.0,29.1,-25.6,1.0,27.0,413.0,normal
1.0,4602.0,14.0,1.0,0.0,0.0,0.0,0.0,0.0,0.0,36.3,-12.9,1.0,27.0,4.9,normal
1.0,4601.0,15.0,1.0,26.0,57.0,1388.0,12.0,0.0,540.0,29.0,-25.6,1.0,27.0,409.0,normal
1.0,4602.0,14.0,1.0,0.0,0.0,0.0,0.0,0.0,0.0,1.0,0.0,0.0,0.0,0.0,normal
1.0,4601.0,15.0,1.0,26.0,46.0,1134.0,6.0,0.0,436.0,29.0,-25.5,1.0,27.0,423.0,normal
1.0,4602.0,14.0,1.0,0.0,0.0,0.0,0.0,0.0,0.0,1.0,0.0,0.0,0.0,0.0,normal
1.0,4601.0,15.0,1.0,25.0,35.0,882.0,11.0,1.0,0.0,28.7,-25.3,1.0,27.0,265.0,normal
1.0,4602.0,14.0,1.0,0.0,0.0,0.0,0.0,0.0,0.0,1.0,0.0,0.0,0.0,0.0,normal
1.0,4601.0,15.0,1.0,0.0,0.0,0.0,0.0,0.0,0.0,1.0,0.0,0.0,0.0,0.0,normal
1.0,4602.0,14.0,1.0,0.0,0.0,0.0,0.0,0.0,0.0,37.9,-12.8,1.0,27.0,4.9,normal
1.0,4601.0,15.0,1.0,25.0,3.5,2.0,0.0,0.0,0.0,1.0,0.0,0.0,0.0,0.0,normal
1.0,4602.0,14.0,1.0,0.0,0.0,0.0,0.0,0.0,0.0,1.0,0.0,0.0,0.0,0.0,normal
1.0,4601.0,15.0,1.0,0.0,0.0,0.0,0.0,0.0,0.0,1.0,0.0,0.0,0.0,0.0,normal
1.0,4602.0,14.0,1.0,0.0,0.0,0.0,0.0,0.0,0.0,1.0,0.0,0.0,0.0,0.0,normal
1.0,4601.0,15.0,1.0,0.0,0.0,0.0,0.0,0.0,0.0,29.8,-26.3,1.0,27.0,4.9,normal
1.0,4602.0,14.0,1.0,0.0,0.0,0.0,0.0,0.0,0.0,1.0,0.0,0.0,0.0,0.0,normal
1.0,4601.0,15.0,1.0,25.0,3.5,2.0,0.0,0.0,0.0,1.0,0.0,0.0,0.0,0.0,normal
1.0,4602.0,14.0,1.0,0.0,0.0,0.0,0.0,0.0,0.0,1.0,0.0,0.0,0.0,0.0,normal
1.0,4601.0,15.0,1.0,25.0,6.1,4.0,0.0,0.0,0.0,1.0,0.0,0.0,0.0,0.0,normal
1.0,4602.0,14.0,1.0,0.0,0.0,0.0,0.0,0.0,0.0,1.0,0.0,0.0,0.0,0.0,normal
1.0,4601.0,15.0,1.0,25.0,9.5,6.0,0.0,0.0,0.0,1.0,0.0,0.0,0.0,0.0,normal
1.0,4602.0,14.0,1.0,0.0,0.0,0.0,0.0,0.0,0.0,1.0,0.0,0.0,0.0,0.0,normal
1.0,4601.0,15.0,1.0,0.0,0.0,0.0,0.0,0.0,0.0,1.0,0.0,0.0,0.0,0.0,normal
1.0,4602.0,14.0,1.0,0.0,0.0,0.0,0.0,0.0,0.0,1.0,0.0,0.0,0.0,0.0,normal
1.0,4601.0,15.0,1.0,25.0,6.9,4.0,0.0,0.0,0.0,1.0,0.0,0.0,0.0,0.0,normal
1.0,4602.0,14.0,1.0,0.0,0.0,0.0,0.0,0.0,0.0,1.0,0.0,0.0,0.0,0.0,normal
1.0,4601.0,15.0,1.0,25.0,3.5,2.0,0.0,0.0,0.0,28.2,-26.9,1.0,27.0,4.9,normal
1.0,4602.0,14.0,1.0,0.0,0.0,0.0,0.0,0.0,0.0,1.0,0.0,0.0,0.0,0.0,normal
1.0,4601.0,15.0,1.0,0.0,0.0,0.0,0.0,0.0,0.0,1.0,0.0,0.0,0.0,0.0,normal
1.0,4602.0,14.0,1.0,0.0,0.0,0.0,0.0,0.0,0.0,1.0,0.0,0.0,0.0,0.0,normal
1.0,4601.0,15.0,1.0,0.0,0.0,0.0,0.0,0.0,0.0,1.0,0.0,0.0,0.0,0.0,normal
1.0,4602.0,14.0,1.0,0.0,0.0,0.0,0.0,0.0,0.0,1.0,0.0,0.0,0.0,0.0,normal
1.0,4601.0,15.0,1.0,25.0,2.6,2.0,0.0,0.0,0.0,1.0,0.0,0.0,0.0,0.0,normal
1.0,4602.0,14.0,1.0,0.0,0.0,0.0,0.0,0.0,0.0,36.8,-12.9,1.0,27.0,4.9,normal
1.0,4601.0,15.0,1.0,0.0,0.0,0.0,0.0,0.0,0.0,29.4,-26.6,1.0,27.0,9.7,normal
1.0,4602.0,14.0,1.0,0.0,0.0,0.0,0.0,0.0,0.0,1.0,0.0,0.0,0.0,0.0,normal
1.0,4601.0,15.0,1.0,0.0,0.0,0.0,0.0,0.0,0.0,1.0,0.0,0.0,0.0,0.0,normal
1.0,4602.0,14.0,1.0,0.0,0.0,0.0,0.0,0.0,0.0,36.5,-12.8,1.0,27.0,4.9,normal
1.0,4601.0,15.0,1.0,25.0,3.5,2.0,0.0,0.0,0.0,1.0,0.0,0.0,0.0,0.0,normal
1.0,4602.0,15.0,1.0,25.0,42.0,1068.0,11.0,1.0,40.0,35.6,-11.8,1.0,27.0,342.0,normal
1.0,4601.0,15.0,1.0,25.0,9.5,6.0,0.0,0.0,0.0,1.0,0.0,0.0,0.0,0.0,normal
1.0,4602.0,15.0,1.0,25.0,51.0,1289.0,6.0,0.0,142.0,35.8,-11.9,1.0,27.0,440.0,normal
1.0,4601.0,15.0,1.0,0.0,0.0,0.0,0.0,0.0,0.0,24.4,-26.7,1.0,27.0,4.9,normal
1.0,4602.0,15.0,1.0,26.0,42.0,1035.0,14.0,1.0,99.2,35.8,-11.5,1.0,27.0,334.0,normal
1.0,4601.0,15.0,1.0,0.0,0.0,0.0,0.0,0.0,0.0,27.1,-26.8,1.0,26.0,9.3,normal
1.0,4602.0,15.0,1.0,26.0,52.0,1312.0,11.0,0.0,0.0,35.7,-12.1,1.0,27.0,448.0,normal
1.0,4601.0,15.0,1.0,25.0,9.5,6.0,0.0,0.0,0.0,1.0,0.0,0.0,0.0,0.0,normal
1.0,4602.0,15.0,1.0,25.0,41.0,1050.0,8.0,0.0,211.0,36.1,-12.3,1.0,27.0,310.0,normal
1.0,4601.0,15.0,1.0,0.0,0.0,0.0,0.0,0.0,0.0,1.0,0.0,0.0,0.0,0.0,normal
1.0,4602.0,15.0,1.0,26.0,35.0,974.0,8.0,0.0,14.1,35.7,-12.3,1.0,27.0,326.0,normal
1.0,4601.0,15.0,1.0,25.0,10.0,6.0,0.0,0.0,0.0,25.9,-26.9,1.0,26.0,14.0,normal
1.0,4602.0,14.0,1.0,25.0,17.0,558.0,10.0,1.0,0.0,35.7,-12.2,1.0,27.0,149.0,normal
1.0,4601.0,15.0,1.0,0.0,0.0,0.0,0.0,0.0,0.0,28.3,-26.9,1.0,25.0,4.5,normal
1.0,4602.0,13.0,1.0,0.0,0.0,0.0,0.0,0.0,0.0,1.0,0.0,0.0,0.0,0.0,normal
1.0,4601.0,15.0,1.0,25.0,3.5,2.0,0.0,0.0,0.0,1.0,0.0,0.0,0.0,0.0,normal
1.0,4602.0,13.0,1.0,0.0,0.0,0.0,0.0,0.0,0.0,33.7,-12.4,1.0,27.0,4.9,normal
1.0,4601.0,15.0,1.0,0.0,0.0,0.0,0.0,0.0,0.0,1.0,0.0,0.0,0.0,0.0,normal
1.0,4602.0,13.0,1.0,0.0,0.0,0.0,0.0,0.0,0.0,36.5,-12.6,1.0,27.0,4.9,normal
1.0,4601.0,15.0,1.0,0.0,0.0,0.0,0.0,0.0,0.0,1.0,0.0,0.0,0.0,0.0,normal
1.0,4602.0,13.0,1.0,0.0,0.0,0.0,0.0,0.0,0.0,1.0,0.0,0.0,0.0,0.0,normal
1.0,4601.0,15.0,1.0,0.0,0.0,0.0,0.0,0.0,0.0,28.4,-26.8,1.0,27.0,4.9,normal
1.0,4602.0,13.0,1.0,0.0,0.0,0.0,0.0,0.0,0.0,1.0,0.0,0.0,0.0,0.0,normal
1.0,4601.0,15.0,1.0,0.0,0.0,0.0,0.0,0.0,0.0,1.0,0.0,0.0,0.0,0.0,normal
1.0,4602.0,14.0,1.0,0.0,0.0,0.0,0.0,0.0,0.0,1.0,0.0,0.0,0.0,0.0,normal
1.0,4601.0,15.0,1.0,26.0,1.8,1.0,0.0,0.0,0.0,1.0,0.0,0.0,0.0,0.0,normal
1.0,4602.0,14.0,1.0,0.0,0.0,0.0,0.0,0.0,0.0,1.0,0.0,0.0,0.0,0.0,normal
1.0,4601.0,15.0,1.0,0.0,1.8,1.0,0.0,0.0,0.0,28.1,-26.6,1.0,27.0,4.9,normal
1.0,4602.0,14.0,1.0,0.0,0.0,0.0,0.0,0.0,0.0,36.1,-12.4,1.0,27.0,4.9,normal
1.0,4601.0,15.0,1.0,26.0,3.6,2.0,0.0,0.0,0.0,27.2,-28.2,1.0,27.0,4.9,normal
1.0,4602.0,14.0,1.0,0.0,0.0,0.0,0.0,0.0,0.0,1.0,0.0,0.0,0.0,0.0,normal
1.0,4601.0,15.0,1.0,26.0,7.2,4.0,0.0,0.0,0.0,1.0,0.0,0.0,0.0,0.0,normal
1.0,4602.0,14.0,1.0,0.0,0.0,0.0,0.0,0.0,0.0,36.9,-12.9,1.0,27.0,4.9,normal
1.0,4601.0,15.0,1.0,26.0,2.7,2.0,0.0,0.0,0.0,1.0,0.0,0.0,0.0,0.0,normal
1.0,4602.0,14.0,1.0,0.0,0.0,0.0,0.0,0.0,0.0,37.4,-12.7,1.0,27.0,9.7,normal
1.0,4601.0,15.0,1.0,26.0,2.7,2.0,0.0,0.0,0.0,28.9,-27.1,1.0,27.0,4.9,normal
1.0,4602.0,14.0,1.0,24.0,4.2,3.0,0.0,0.0,0.0,37.2,-12.6,1.0,27.0,4.9,normal
1.0,4601.0,15.0,1.0,0.0,0.0,0.0,0.0,0.0,0.0,1.0,0.0,0.0,0.0,0.0,normal
1.0,4602.0,15.0,1.0,23.0,1.6,1.0,0.0,0.0,0.0,37.2,-12.6,1.0,27.0,4.9,normal
1.0,4601.0,15.0,1.0,0.0,0.0,0.0,0.0,0.0,0.0,28.4,-26.7,1.0,27.0,4.9,normal
1.0,4602.0,15.0,1.0,0.0,0.0,0.0,0.0,0.0,0.0,1.0,0.0,0.0,0.0,0.0,normal
1.0,4601.0,15.0,1.0,0.0,0.0,0.0,0.0,0.0,0.0,1.0,0.0,0.0,0.0,0.0,normal
1.0,4602.0,15.0,1.0,0.0,0.0,0.0,0.0,0.0,0.0,36.7,-12.6,1.0,27.0,4.9,normal
1.0,4601.0,15.0,1.0,26.0,3.6,2.0,0.0,0.0,0.0,1.0,0.0,0.0,0.0,0.0,normal
1.0,4602.0,15.0,1.0,0.0,0.0,0.0,0.0,0.0,0.0,36.5,-12.5,1.0,27.0,4.9,normal
1.0,4601.0,15.0,1.0,0.0,0.0,0.0,0.0,0.0,0.0,1.0,0.0,0.0,0.0,0.0,normal
1.0,4602.0,15.0,1.0,0.0,0.0,0.0,0.0,0.0,0.0,1.0,0.0,0.0,0.0,0.0,normal
1.0,4601.0,15.0,1.0,0.0,0.0,0.0,0.0,0.0,0.0,1.0,0.0,0.0,0.0,0.0,normal
1.0,4602.0,15.0,1.0,0.0,0.0,0.0,0.0,0.0,0.0,1.0,0.0,0.0,0.0,0.0,normal
1.0,4601.0,15.0,1.0,0.0,0.0,0.0,0.0,0.0,0.0,1.0,0.0,0.0,0.0,0.0,normal
1.0,4602.0,15.0,1.0,0.0,0.0,0.0,0.0,0.0,0.0,1.0,0.0,0.0,0.0,0.0,normal
1.0,4601.0,15.0,1.0,25.0,34.0,852.0,7.0,0.0,482.0,28.2,-26.5,1.0,27.0,247.0,normal
1.0,4602.0,15.0,1.0,0.0,0.0,0.0,0.0,0.0,0.0,1.0,0.0,0.0,0.0,0.0,normal
1.0,4601.0,15.0,1.0,26.0,57.0,1392.0,8.0,0.0,503.0,28.0,-26.5,1.0,27.0,437.0,normal
1.0,4602.0,15.0,1.0,0.0,0.0,0.0,0.0,0.0,0.0,37.4,-12.6,1.0,27.0,4.9,normal
1.0,4601.0,15.0,1.0,26.0,42.0,1021.0,6.0,0.0,502.0,28.2,-26.5,1.0,27.0,298.0,normal
1.0,4602.0,15.0,1.0,0.0,0.0,0.0,0.0,0.0,0.0,1.0,0.0,0.0,0.0,0.0,normal
1.0,4601.0,15.0,1.0,26.0,41.0,1006.0,8.0,0.0,401.0,28.4,-26.3,1.0,27.0,298.0,normal
1.0,4602.0,15.0,1.0,0.0,0.0,0.0,0.0,0.0,0.0,1.0,0.0,0.0,0.0,0.0,normal
1.0,4601.0,15.0,1.0,26.0,43.0,1073.0,12.0,1.0,0.0,27.9,-26.5,1.0,27.0,319.0,normal
1.0,4602.0,15.0,1.0,0.0,0.0,0.0,0.0,0.0,0.0,1.0,0.0,0.0,0.0,0.0,normal
1.0,4601.0,15.0,1.0,26.0,44.0,1087.0,5.0,0.0,212.0,28.2,-26.6,1.0,27.0,282.0,normal
1.0,4602.0,14.0,1.0,0.0,0.0,0.0,0.0,0.0,0.0,1.0,0.0,0.0,0.0,0.0,normal
1.0,4601.0,15.0,1.0,26.0,44.0,1088.0,6.0,0.0,0.0,28.2,-26.5,1.0,27.0,279.0,normal
1.0,4602.0,14.0,1.0,0.0,0.0,0.0,0.0,0.0,0.0,1.0,0.0,0.0,0.0,0.0,normal
1.0,4601.0,15.0,1.0,0.0,0.0,0.0,0.0,0.0,0.0,28.2,-27.0,1.0,27.0,4.9,normal
1.0,4602.0,14.0,1.0,0.0,0.0,0.0,0.0,0.0,0.0,1.0,0.0,0.0,0.0,0.0,normal
1.0,4601.0,15.0,1.0,27.0,3.7,2.0,0.0,0.0,0.0,1.0,0.0,0.0,0.0,0.0,normal
1.0,4602.0,14.0,1.0,0.0,0.0,0.0,0.0,0.0,0.0,1.0,0.0,0.0,0.0,0.0,normal
1.0,4601.0,15.0,1.0,27.0,14.0,8.0,0.0,0.0,0.0,1.0,0.0,0.0,0.0,0.0,normal
1.0,4602.0,14.0,1.0,0.0,0.0,0.0,0.0,0.0,0.0,37.5,-12.6,1.0,27.0,4.9,normal
1.0,4601.0,15.0,1.0,27.0,7.5,4.0,0.0,0.0,0.0,1.0,0.0,0.0,0.0,0.0,normal
1.0,4602.0,14.0,1.0,0.0,0.0,0.0,0.0,0.0,0.0,37.6,-12.6,1.0,27.0,4.9,normal
1.0,4601.0,15.0,1.0,27.0,7.5,4.0,0.0,0.0,0.0,1.0,0.0,0.0,0.0,0.0,normal
1.0,4602.0,14.0,1.0,0.0,0.0,0.0,0.0,0.0,0.0,1.0,0.0,0.0,0.0,0.0,normal
1.0,4601.0,15.0,1.0,27.0,2.8,2.0,0.0,0.0,0.0,1.0,0.0,0.0,0.0,0.0,normal
1.0,4602.0,14.0,1.0,0.0,0.0,0.0,0.0,0.0,0.0,1.0,0.0,0.0,0.0,0.0,normal
1.0,4601.0,15.0,1.0,0.0,0.0,0.0,0.0,0.0,0.0,1.0,0.0,0.0,0.0,0.0,normal
1.0,4602.0,14.0,1.0,0.0,0.0,0.0,0.0,0.0,0.0,1.0,0.0,0.0,0.0,0.0,normal
1.0,4601.0,15.0,1.0,27.0,3.7,2.0,0.0,0.0,0.0,1.0,0.0,0.0,0.0,0.0,normal
1.0,4602.0,13.0,1.0,0.0,0.0,0.0,0.0,0.0,0.0,1.0,0.0,0.0,0.0,0.0,normal
1.0,4601.0,15.0,1.0,27.0,3.7,2.0,0.0,0.0,0.0,1.0,0.0,0.0,0.0,0.0,normal
1.0,4602.0,14.0,1.0,0.0,0.0,0.0,0.0,0.0,0.0,1.0,0.0,0.0,0.0,0.0,normal
1.0,4601.0,15.0,1.0,0.0,0.0,0.0,0.0,0.0,0.0,1.0,0.0,0.0,0.0,0.0,normal
1.0,4602.0,14.0,1.0,0.0,0.0,0.0,0.0,0.0,0.0,1.0,0.0,0.0,0.0,0.0,normal
1.0,4601.0,15.0,1.0,0.0,0.0,0.0,0.0,0.0,0.0,1.0,0.0,0.0,0.0,0.0,normal
1.0,4602.0,14.0,1.0,0.0,0.0,0.0,0.0,0.0,0.0,1.0,0.0,0.0,0.0,0.0,normal
1.0,4601.0,15.0,1.0,27.0,11.0,6.0,0.0,0.0,0.0,1.0,0.0,0.0,0.0,0.0,normal
1.0,4602.0,14.0,1.0,0.0,0.0,0.0,0.0,0.0,0.0,1.0,0.0,0.0,0.0,0.0,normal
1.0,4601.0,15.0,1.0,0.0,0.0,0.0,0.0,0.0,0.0,28.5,-26.7,1.0,27.0,4.9,normal
1.0,4602.0,14.0,1.0,0.0,0.0,0.0,0.0,0.0,0.0,1.0,0.0,0.0,0.0,0.0,normal
1.0,4601.0,15.0,1.0,27.0,3.7,2.0,0.0,0.0,0.0,28.4,-26.6,1.0,27.0,4.9,normal
1.0,4602.0,14.0,1.0,0.0,0.0,0.0,0.0,0.0,0.0,36.7,-12.7,1.0,27.0,4.9,normal
1.0,4601.0,15.0,1.0,0.0,0.0,0.0,0.0,0.0,0.0,1.0,0.0,0.0,0.0,0.0,normal
1.0,4602.0,14.0,1.0,0.0,0.0,0.0,0.0,0.0,0.0,37.3,-12.7,1.0,27.0,9.7,normal
1.0,4601.0,15.0,1.0,26.0,3.5,2.0,0.0,0.0,0.0,1.0,0.0,0.0,0.0,0.0,normal
1.0,4602.0,14.0,1.0,0.0,0.0,0.0,0.0,0.0,0.0,36.6,-12.6,1.0,27.0,9.7,normal
1.0,4601.0,15.0,1.0,0.0,0.0,0.0,0.0,0.0,0.0,1.0,0.0,0.0,0.0,0.0,normal
1.0,4602.0,14.0,1.0,0.0,0.0,0.0,0.0,0.0,0.0,1.0,0.0,0.0,0.0,0.0,normal
1.0,4601.0,15.0,1.0,0.0,0.0,0.0,0.0,0.0,0.0,29.1,-26.7,1.0,27.0,4.9,normal
1.0,4602.0,14.0,1.0,0.0,0.0,0.0,0.0,0.0,0.0,35.5,-12.7,1.0,27.0,4.9,normal
1.0,4601.0,15.0,1.0,0.0,0.0,0.0,0.0,0.0,0.0,1.0,0.0,0.0,0.0,0.0,normal
1.0,4602.0,14.0,1.0,0.0,0.0,0.0,0.0,0.0,0.0,1.0,0.0,0.0,0.0,0.0,normal
1.0,4601.0,15.0,1.0,27.0,3.7,2.0,0.0,0.0,0.0,1.0,0.0,0.0,0.0,0.0,normal
1.0,4602.0,14.0,1.0,25.0,30.0,766.0,6.0,0.0,46.8,35.5,-11.9,1.0,27.0,227.0,normal
1.0,4601.0,15.0,1.0,27.0,3.7,2.0,0.0,0.0,0.0,1.0,0.0,0.0,0.0,0.0,normal
1.0,4602.0,15.0,1.0,25.0,40.0,1031.0,9.0,0.0,46.3,35.4,-11.5,1.0,27.0,291.0,normal
1.0,4601.0,15.0,1.0,27.0,3.7,2.0,0.0,0.0,0.0,1.0,0.0,0.0,0.0,0.0,normal
1.0,4602.0,15.0,1.0,25.0,55.0,1382.0,18.0,1.0,305.0,36.0,-11.4,1.0,27.0,339.0,normal
1.0,4601.0,15.0,1.0,0.0,0.0,0.0,0.0,0.0,0.0,1.0,0.0,0.0,0.0,0.0,normal
1.0,4602.0,15.0,1.0,25.0,34.0,879.0,2.0,0.0,144.0,35.8,-11.5,1.0,27.0,270.0,normal
1.0,4601.0,15.0,1.0,27.0,3.7,2.0,0.0,0.0,0.0,28.7,-26.8,1.0,27.0,4.9,normal
1.0,4602.0,15.0,1.0,25.0,45.0,1145.0,14.0,1.0,0.0,35.5,-12.2,1.0,27.0,325.0,normal
1.0,4601.0,15.0,1.0,0.0,0.0,0.0,0.0,0.0,0.0,1.0,0.0,0.0,0.0,0.0,normal
1.0,4602.0,15.0,1.0,25.0,47.0,1236.0,13.0,1.0,18.5,35.7,-12.2,1.0,27.0,298.0,normal
1.0,4601.0,15.0,1.0,27.0,3.7,2.0,0.0,0.0,0.0,1.0,0.0,0.0,0.0,0.0,normal
1.0,4602.0,15.0,1.0,25.0,24.0,652.0,5.0,0.0,0.0,35.7,-11.5,1.0,27.0,227.0,normal
1.0,4601.0,15.0,1.0,0.0,0.0,0.0,0.0,0.0,0.0,1.0,0.0,0.0,0.0,0.0,normal
1.0,4602.0,15.0,1.0,0.0,0.0,0.0,0.0,0.0,0.0,1.0,0.0,0.0,0.0,0.0,normal
1.0,4601.0,15.0,1.0,0.0,0.0,0.0,0.0,0.0,0.0,1.0,0.0,0.0,0.0,0.0,normal
1.0,4602.0,15.0,1.0,0.0,0.0,0.0,0.0,0.0,0.0,1.0,0.0,0.0,0.0,0.0,normal
1.0,4601.0,15.0,1.0,0.0,0.0,0.0,0.0,0.0,0.0,1.0,0.0,0.0,0.0,0.0,normal
1.0,4602.0,15.0,1.0,0.0,0.0,0.0,0.0,0.0,0.0,1.0,0.0,0.0,0.0,0.0,normal
1.0,4601.0,15.0,1.0,0.0,0.0,0.0,0.0,0.0,0.0,1.0,0.0,0.0,0.0,0.0,normal
1.0,4602.0,15.0,1.0,0.0,0.0,0.0,0.0,0.0,0.0,1.0,0.0,0.0,0.0,0.0,normal
1.0,4601.0,15.0,1.0,0.0,0.0,0.0,0.0,0.0,0.0,1.0,0.0,0.0,0.0,0.0,normal
1.0,4602.0,15.0,1.0,0.0,0.0,0.0,0.0,0.0,0.0,1.0,0.0,0.0,0.0,0.0,normal
1.0,4601.0,15.0,1.0,0.0,0.0,0.0,0.0,0.0,0.0,28.4,-27.1,1.0,27.0,4.9,normal
1.0,4602.0,14.0,1.0,0.0,0.0,0.0,0.0,0.0,0.0,1.0,0.0,0.0,0.0,0.0,normal
1.0,4601.0,15.0,1.0,27.0,3.7,2.0,0.0,0.0,0.0,1.0,0.0,0.0,0.0,0.0,normal
1.0,4602.0,14.0,1.0,0.0,0.0,0.0,0.0,0.0,0.0,1.0,0.0,0.0,0.0,0.0,normal
1.0,4601.0,15.0,1.0,27.0,3.7,2.0,0.0,0.0,0.0,28.3,-26.7,1.0,27.0,9.7,normal
1.0,4602.0,14.0,1.0,0.0,0.0,0.0,0.0,0.0,0.0,37.4,-12.6,1.0,27.0,4.9,normal
1.0,4601.0,15.0,1.0,0.0,0.0,0.0,0.0,0.0,0.0,28.5,-26.6,1.0,27.0,4.9,normal
1.0,4602.0,13.0,1.0,0.0,0.0,0.0,0.0,0.0,0.0,37.6,-12.7,1.0,27.0,4.9,normal
1.0,4601.0,15.0,1.0,0.0,0.0,0.0,0.0,0.0,0.0,1.0,0.0,0.0,0.0,0.0,normal
1.0,4602.0,13.0,1.0,0.0,0.0,0.0,0.0,0.0,0.0,38.3,-12.6,1.0,27.0,4.9,normal
1.0,4601.0,15.0,1.0,27.0,3.7,2.0,0.0,0.0,0.0,28.4,-26.5,1.0,27.0,4.9,normal
1.0,4602.0,14.0,1.0,0.0,0.0,0.0,0.0,0.0,0.0,1.0,0.0,0.0,0.0,0.0,normal
1.0,4601.0,15.0,1.0,0.0,0.0,0.0,0.0,0.0,0.0,1.0,0.0,0.0,0.0,0.0,normal
1.0,4602.0,14.0,1.0,0.0,0.0,0.0,0.0,0.0,0.0,36.7,-12.6,1.0,27.0,15.0,normal
1.0,4601.0,15.0,1.0,0.0,0.0,0.0,0.0,0.0,0.0,1.0,0.0,0.0,0.0,0.0,normal
1.0,4602.0,14.0,1.0,0.0,0.0,0.0,0.0,0.0,0.0,1.0,0.0,0.0,0.0,0.0,normal
1.0,4601.0,15.0,1.0,26.0,33.0,810.0,6.0,0.0,237.0,28.1,-26.6,1.0,27.0,403.0,normal
1.0,4602.0,13.0,1.0,0.0,0.0,0.0,0.0,0.0,0.0,37.1,-12.6,1.0,27.0,4.9,normal
1.0,4601.0,15.0,1.0,26.0,40.0,977.0,2.0,0.0,173.0,28.0,-26.7,1.0,27.0,415.0,normal
1.0,4602.0,14.0,1.0,0.0,0.0,0.0,0.0,0.0,0.0,36.3,-12.7,1.0,27.0,4.9,normal
1.0,4601.0,15.0,1.0,26.0,43.0,1035.0,2.0,0.0,173.0,28.2,-26.5,1.0,27.0,367.0,normal
1.0,4602.0,14.0,1.0,0.0,0.0,0.0,0.0,0.0,0.0,1.0,0.0,0.0,0.0,0.0,normal
1.0,4601.0,15.0,1.0,26.0,53.0,1279.0,3.0,0.0,373.0,28.4,-26.5,1.0,27.0,438.0,normal
1.0,4602.0,14.0,1.0,0.0,0.0,0.0,0.0,0.0,0.0,1.0,0.0,0.0,0.0,0.0,normal
1.0,4601.0,15.0,1.0,25.0,55.0,1376.0,24.0,1.0,454.0,28.3,-26.3,1.0,27.0,421.0,normal
1.0,4602.0,14.0,1.0,0.0,0.0,0.0,0.0,0.0,0.0,1.0,0.0,0.0,0.0,0.0,normal
1.0,4601.0,15.0,1.0,25.0,40.0,1038.0,11.0,1.0,570.0,28.4,-26.3,1.0,27.0,352.0,normal
1.0,4602.0,14.0,1.0,0.0,0.0,0.0,0.0,0.0,0.0,36.9,-12.7,1.0,27.0,4.9,normal
1.0,4601.0,15.0,1.0,25.0,46.0,1172.0,2.0,0.0,0.0,28.5,-26.4,1.0,27.0,346.0,normal
1.0,4602.0,14.0,1.0,25.0,2.6,71.0,3.0,4.0,46.3,34.6,-12.3,1.0,27.0,103.0,normal
1.0,4601.0,15.0,1.0,26.0,3.6,2.0,0.0,0.0,0.0,1.0,0.0,0.0,0.0,0.0,normal
1.0,4602.0,15.0,1.0,25.0,55.0,1391.0,9.0,0.0,144.0,35.7,-11.7,1.0,27.0,499.0,normal
1.0,4601.0,15.0,1.0,0.0,0.0,0.0,0.0,0.0,0.0,26.6,-26.7,1.0,27.0,9.7,normal
1.0,4602.0,15.0,1.0,25.0,45.0,1261.0,13.0,1.0,12.7,36.2,-11.5,1.0,27.0,388.0,normal
1.0,4601.0,15.0,1.0,0.0,0.0,0.0,0.0,0.0,0.0,1.0,0.0,0.0,0.0,0.0,normal
1.0,4602.0,15.0,1.0,25.0,2.7,83.0,0.0,0.0,0.0,35.9,-11.5,1.0,27.0,32.0,normal
1.0,4601.0,15.0,1.0,26.0,0.0,0.0,0.0,0.0,131.0,28.1,-26.7,1.0,25.0,4.5,normal
1.0,4602.0,15.0,1.0,0.0,0.0,0.0,0.0,0.0,0.0,1.0,0.0,0.0,0.0,0.0,normal
1.0,4601.0,15.0,1.0,26.0,7.2,4.0,0.0,0.0,0.0,28.5,-26.7,1.0,27.0,9.7,normal
1.0,4602.0,15.0,1.0,0.0,0.0,0.0,0.0,0.0,0.0,37.9,-12.5,1.0,27.0,4.9,normal
1.0,4601.0,15.0,1.0,26.0,3.6,2.0,0.0,0.0,0.0,1.0,0.0,0.0,0.0,0.0,normal
1.0,4602.0,15.0,1.0,0.0,0.0,0.0,0.0,0.0,0.0,1.0,0.0,0.0,0.0,0.0,normal
1.0,4601.0,15.0,1.0,26.0,11.0,6.0,0.0,0.0,0.0,27.6,-26.7,1.0,27.0,9.7,normal
1.0,4602.0,15.0,1.0,0.0,0.0,0.0,0.0,0.0,0.0,1.0,0.0,0.0,0.0,0.0,normal
1.0,4601.0,15.0,1.0,0.0,0.0,0.0,0.0,0.0,0.0,1.0,0.0,0.0,0.0,0.0,normal
1.0,4602.0,15.0,1.0,0.0,0.0,0.0,0.0,0.0,0.0,35.8,-12.6,1.0,27.0,4.9,normal
1.0,4601.0,15.0,1.0,0.0,0.0,0.0,0.0,0.0,0.0,1.0,0.0,0.0,0.0,0.0,normal
1.0,4602.0,15.0,1.0,0.0,0.0,0.0,0.0,0.0,0.0,1.0,0.0,0.0,0.0,0.0,normal
1.0,4601.0,15.0,1.0,26.0,6.3,4.0,0.0,0.0,0.0,1.0,0.0,0.0,0.0,0.0,normal
1.0,4602.0,15.0,1.0,0.0,0.0,0.0,0.0,0.0,0.0,1.0,0.0,0.0,0.0,0.0,normal
1.0,4601.0,15.0,1.0,0.0,0.0,0.0,0.0,0.0,0.0,1.0,0.0,0.0,0.0,0.0,normal
1.0,4602.0,15.0,1.0,0.0,0.0,0.0,0.0,0.0,0.0,1.0,0.0,0.0,0.0,0.0,normal
1.0,4601.0,15.0,1.0,0.0,0.0,0.0,0.0,0.0,0.0,1.0,0.0,0.0,0.0,0.0,normal
1.0,4602.0,15.0,1.0,0.0,0.0,0.0,0.0,0.0,0.0,1.0,0.0,0.0,0.0,0.0,normal
1.0,4601.0,15.0,1.0,26.0,2.7,2.0,0.0,0.0,0.0,1.0,0.0,0.0,0.0,0.0,normal
1.0,4602.0,14.0,1.0,0.0,0.0,0.0,0.0,0.0,0.0,1.0,0.0,0.0,0.0,0.0,normal
1.0,4601.0,15.0,1.0,26.0,6.3,4.0,0.0,0.0,0.0,1.0,0.0,0.0,0.0,0.0,normal
1.0,4602.0,14.0,1.0,0.0,0.0,0.0,0.0,0.0,0.0,1.0,0.0,0.0,0.0,0.0,normal
1.0,4601.0,15.0,1.0,26.0,7.2,4.0,0.0,0.0,0.0,1.0,0.0,0.0,0.0,0.0,normal
1.0,4602.0,14.0,1.0,0.0,0.0,0.0,0.0,0.0,0.0,1.0,0.0,0.0,0.0,0.0,normal
1.0,4601.0,15.0,1.0,0.0,0.0,0.0,0.0,0.0,0.0,1.0,0.0,0.0,0.0,0.0,normal
1.0,4602.0,14.0,1.0,0.0,0.0,0.0,0.0,0.0,0.0,1.0,0.0,0.0,0.0,0.0,normal
1.0,4601.0,15.0,1.0,0.0,0.0,0.0,0.0,0.0,0.0,27.8,-27.2,1.0,27.0,4.9,normal
1.0,4602.0,14.0,1.0,0.0,0.0,0.0,0.0,0.0,0.0,1.0,0.0,0.0,0.0,0.0,normal
1.0,4601.0,15.0,1.0,26.0,3.6,2.0,0.0,0.0,0.0,1.0,0.0,0.0,0.0,0.0,normal
1.0,4602.0,14.0,1.0,0.0,0.0,0.0,0.0,0.0,0.0,1.0,0.0,0.0,0.0,0.0,normal
1.0,4601.0,15.0,1.0,0.0,0.0,0.0,0.0,0.0,0.0,1.0,0.0,0.0,0.0,0.0,normal
1.0,4602.0,14.0,1.0,0.0,0.0,0.0,0.0,0.0,0.0,1.0,0.0,0.0,0.0,0.0,normal
1.0,4601.0,15.0,1.0,25.0,3.5,2.0,0.0,0.0,0.0,1.0,0.0,0.0,0.0,0.0,normal
1.0,4602.0,13.0,1.0,0.0,0.0,0.0,0.0,0.0,0.0,1.0,0.0,0.0,0.0,0.0,normal
1.0,4601.0,15.0,1.0,0.0,0.0,0.0,0.0,0.0,0.0,1.0,0.0,0.0,0.0,0.0,normal
1.0,4602.0,14.0,1.0,0.0,0.0,0.0,0.0,0.0,0.0,1.0,0.0,0.0,0.0,0.0,normal
1.0,4601.0,15.0,1.0,0.0,0.0,0.0,0.0,0.0,0.0,1.0,0.0,0.0,0.0,0.0,normal
1.0,4602.0,13.0,1.0,0.0,0.0,0.0,0.0,0.0,0.0,37.4,-12.6,1.0,27.0,4.9,normal
1.0,4601.0,15.0,1.0,25.0,2.6,2.0,0.0,0.0,0.0,28.5,-26.8,1.0,27.0,4.9,normal
1.0,4602.0,14.0,1.0,0.0,0.0,0.0,0.0,0.0,0.0,1.0,0.0,0.0,0.0,0.0,normal
1.0,4601.0,15.0,1.0,26.0,9.0,6.0,0.0,0.0,0.0,29.4,-26.2,1.0,27.0,4.9,normal
1.0,4602.0,14.0,1.0,0.0,0.0,0.0,0.0,0.0,0.0,1.0,0.0,0.0,0.0,0.0,normal
1.0,4601.0,15.0,1.0,0.0,0.0,0.0,0.0,0.0,0.0,28.8,-26.2,1.0,27.0,4.9,normal
1.0,4602.0,14.0,1.0,0.0,0.0,0.0,0.0,0.0,0.0,1.0,0.0,0.0,0.0,0.0,normal
1.0,4601.0,15.0,1.0,0.0,0.0,0.0,0.0,0.0,0.0,1.0,0.0,0.0,0.0,0.0,normal
1.0,4602.0,14.0,1.0,0.0,0.0,0.0,0.0,0.0,0.0,37.3,-12.8,1.0,27.0,4.9,normal
1.0,4601.0,15.0,1.0,0.0,0.0,0.0,0.0,0.0,0.0,1.0,0.0,0.0,0.0,0.0,normal
1.0,4602.0,14.0,1.0,0.0,0.0,0.0,0.0,0.0,0.0,1.0,0.0,0.0,0.0,0.0,normal
1.0,4601.0,15.0,1.0,0.0,0.0,0.0,0.0,0.0,0.0,1.0,0.0,0.0,0.0,0.0,normal
1.0,4602.0,14.0,1.0,0.0,0.0,0.0,0.0,0.0,0.0,37.5,-12.7,1.0,27.0,9.7,normal
1.0,4601.0,15.0,1.0,26.0,1.8,1.0,0.0,0.0,0.0,1.0,0.0,0.0,0.0,0.0,normal
1.0,4602.0,14.0,1.0,0.0,0.0,0.0,0.0,0.0,0.0,1.0,0.0,0.0,0.0,0.0,normal
1.0,4601.0,15.0,1.0,26.0,1.8,1.0,0.0,0.0,0.0,1.0,0.0,0.0,0.0,0.0,normal
1.0,4602.0,14.0,1.0,0.0,0.0,0.0,0.0,0.0,0.0,1.0,0.0,0.0,0.0,0.0,normal
1.0,4601.0,15.0,1.0,0.0,0.0,0.0,0.0,0.0,0.0,1.0,0.0,0.0,0.0,0.0,normal
1.0,4602.0,14.0,1.0,0.0,0.0,0.0,0.0,0.0,0.0,1.0,0.0,0.0,0.0,0.0,normal
1.0,4601.0,15.0,1.0,0.0,0.0,0.0,0.0,0.0,0.0,1.0,0.0,0.0,0.0,0.0,normal
1.0,4602.0,14.0,1.0,0.0,0.0,0.0,0.0,0.0,0.0,1.0,0.0,0.0,0.0,0.0,normal
1.0,4601.0,15.0,1.0,0.0,0.0,0.0,0.0,0.0,0.0,1.0,0.0,0.0,0.0,0.0,normal
1.0,4602.0,14.0,1.0,0.0,0.0,0.0,0.0,0.0,0.0,37.1,-12.7,1.0,27.0,4.9,normal
1.0,4601.0,15.0,1.0,26.0,3.6,2.0,0.0,0.0,0.0,1.0,0.0,0.0,0.0,0.0,normal
1.0,4602.0,14.0,1.0,0.0,0.0,0.0,0.0,0.0,0.0,1.0,0.0,0.0,0.0,0.0,normal
1.0,4601.0,15.0,1.0,0.0,0.0,0.0,0.0,0.0,0.0,1.0,0.0,0.0,0.0,0.0,normal
1.0,4602.0,14.0,1.0,0.0,0.0,0.0,0.0,0.0,0.0,1.0,0.0,0.0,0.0,0.0,normal
1.0,4601.0,15.0,1.0,0.0,0.0,0.0,0.0,0.0,0.0,1.0,0.0,0.0,0.0,0.0,normal
1.0,4602.0,14.0,1.0,0.0,0.0,0.0,0.0,0.0,0.0,36.4,-12.6,1.0,27.0,4.9,normal
1.0,4601.0,15.0,1.0,0.0,0.0,0.0,0.0,0.0,0.0,28.2,-26.5,1.0,27.0,4.9,normal
1.0,4602.0,14.0,1.0,0.0,0.0,0.0,0.0,0.0,0.0,1.0,0.0,0.0,0.0,0.0,normal
1.0,4601.0,15.0,1.0,0.0,0.0,0.0,0.0,0.0,0.0,1.0,0.0,0.0,0.0,0.0,normal
1.0,4602.0,14.0,1.0,0.0,0.0,0.0,0.0,0.0,0.0,1.0,0.0,0.0,0.0,0.0,normal
1.0,4601.0,15.0,1.0,0.0,0.0,0.0,0.0,0.0,0.0,1.0,0.0,0.0,0.0,0.0,normal
1.0,4602.0,14.0,1.0,0.0,0.0,0.0,0.0,0.0,0.0,1.0,0.0,0.0,0.0,0.0,normal
1.0,4601.0,15.0,1.0,0.0,0.0,0.0,0.0,0.0,0.0,28.3,-26.4,1.0,27.0,4.9,normal
1.0,4602.0,14.0,1.0,0.0,0.0,0.0,0.0,0.0,0.0,1.0,0.0,0.0,0.0,0.0,normal
1.0,4601.0,15.0,1.0,26.0,7.2,4.0,0.0,0.0,0.0,1.0,0.0,0.0,0.0,0.0,normal
1.0,4602.0,14.0,1.0,0.0,0.0,0.0,0.0,0.0,0.0,1.0,0.0,0.0,0.0,0.0,normal
1.0,4601.0,15.0,1.0,0.0,0.0,0.0,0.0,0.0,0.0,1.0,0.0,0.0,0.0,0.0,normal
1.0,4602.0,13.0,1.0,0.0,0.0,0.0,0.0,0.0,0.0,1.0,0.0,0.0,0.0,0.0,normal
1.0,4601.0,15.0,1.0,26.0,2.7,2.0,0.0,0.0,0.0,1.0,0.0,0.0,0.0,0.0,normal
1.0,4602.0,14.0,1.0,21.0,5.8,4.0,0.0,0.0,0.0,36.2,-12.7,1.0,27.0,9.7,normal
1.0,4601.0,15.0,1.0,26.0,43.0,1048.0,5.0,0.0,465.0,28.2,-26.3,1.0,27.0,295.0,normal
1.0,4602.0,15.0,1.0,0.0,0.0,0.0,0.0,0.0,0.0,1.0,0.0,0.0,0.0,0.0,normal
1.0,4601.0,15.0,1.0,26.0,45.0,1093.0,3.0,0.0,0.0,28.3,-26.4,1.0,27.0,319.0,normal
1.0,4602.0,15.0,1.0,0.0,0.0,0.0,0.0,0.0,0.0,1.0,0.0,0.0,0.0,0.0,normal
1.0,4601.0,15.0,1.0,27.0,53.0,1281.0,2.0,0.0,512.0,28.5,-26.2,1.0,27.0,312.0,normal
1.0,4602.0,15.0,1.0,0.0,0.0,0.0,0.0,0.0,0.0,37.6,-12.7,1.0,27.0,4.9,normal
1.0,4601.0,15.0,1.0,26.0,43.0,1050.0,6.0,0.0,403.0,28.5,-26.2,1.0,27.0,298.0,normal
1.0,4602.0,15.0,1.0,0.0,0.0,0.0,0.0,0.0,0.0,1.0,0.0,0.0,0.0,0.0,normal
1.0,4601.0,15.0,1.0,26.0,57.0,1391.0,9.0,0.0,101.0,28.6,-26.3,1.0,27.0,339.0,normal
1.0,4602.0,15.0,1.0,0.0,0.0,0.0,0.0,0.0,0.0,1.0,0.0,0.0,0.0,0.0,normal
1.0,4601.0,15.0,1.0,26.0,44.0,1095.0,5.0,0.0,487.0,28.5,-26.3,1.0,27.0,311.0,normal
1.0,4602.0,15.0,1.0,0.0,0.0,0.0,0.0,0.0,0.0,1.0,0.0,0.0,0.0,0.0,normal
1.0,4601.0,15.0,1.0,26.0,44.0,1065.0,2.0,0.0,232.0,28.5,-26.1,1.0,27.0,310.0,normal
1.0,4602.0,15.0,1.0,0.0,0.0,0.0,0.0,0.0,0.0,1.0,0.0,0.0,0.0,0.0,normal
1.0,4601.0,15.0,1.0,25.0,37.0,937.0,15.0,1.0,738.0,27.7,-26.3,1.0,27.0,325.0,normal
1.0,4602.0,15.0,1.0,24.0,16.0,434.0,19.0,4.0,732.0,36.2,-11.2,1.0,27.0,267.0,normal
1.0,4601.0,15.0,1.0,25.0,28.0,693.0,8.0,1.0,515.0,27.0,-26.1,1.0,26.0,286.0,normal
1.0,4602.0,15.0,1.0,24.0,25.0,692.0,7.0,1.0,556.0,35.4,-11.5,1.0,27.0,441.0,normal
1.0,4601.0,15.0,1.0,25.0,4.3,113.0,2.0,1.0,0.0,26.6,-26.5,1.0,26.0,45.0,normal
1.0,4602.0,15.0,1.0,24.0,34.0,932.0,12.0,1.0,73.6,35.7,-12.2,1.0,27.0,312.0,normal
1.0,4601.0,15.0,1.0,25.0,2.6,2.0,0.0,0.0,0.0,26.3,-26.7,1.0,27.0,9.7,normal
1.0,4602.0,15.0,1.0,25.0,55.0,1388.0,12.0,0.0,346.0,35.8,-12.4,1.0,27.0,346.0,normal
1.0,4601.0,15.0,1.0,0.0,0.0,0.0,0.0,0.0,0.0,1.0,0.0,0.0,0.0,0.0,normal
1.0,4602.0,15.0,1.0,25.0,41.0,1043.0,13.0,1.0,86.0,35.8,-12.5,1.0,27.0,298.0,normal
1.0,4601.0,15.0,1.0,0.0,0.0,0.0,0.0,0.0,0.0,1.0,0.0,0.0,0.0,0.0,normal
1.0,4602.0,15.0,1.0,24.0,49.0,1287.0,13.0,1.0,209.0,35.5,-12.4,1.0,27.0,368.0,normal
1.0,4601.0,15.0,1.0,25.0,3.5,2.0,0.0,0.0,0.0,1.0,0.0,0.0,0.0,0.0,normal
1.0,4602.0,15.0,1.0,25.0,49.0,1255.0,13.0,1.0,149.0,35.8,-12.4,1.0,27.0,360.0,normal
1.0,4601.0,15.0,1.0,25.0,3.5,2.0,0.0,0.0,0.0,1.0,0.0,0.0,0.0,0.0,normal
1.0,4602.0,15.0,1.0,25.0,34.0,893.0,12.0,1.0,0.0,35.7,-12.5,1.0,27.0,267.0,normal
1.0,4601.0,15.0,1.0,0.0,0.0,0.0,0.0,0.0,0.0,1.0,0.0,0.0,0.0,0.0,normal
1.0,4602.0,15.0,1.0,0.0,0.0,0.0,0.0,0.0,0.0,1.0,0.0,0.0,0.0,0.0,normal
1.0,4601.0,15.0,1.0,25.0,3.4,2.0,0.0,0.0,0.0,1.0,0.0,0.0,0.0,0.0,normal
1.0,4602.0,15.0,1.0,0.0,0.0,0.0,0.0,0.0,0.0,1.0,0.0,0.0,0.0,0.0,normal
1.0,4601.0,15.0,1.0,25.0,3.5,2.0,0.0,0.0,0.0,28.4,-26.6,1.0,26.0,4.7,normal
1.0,4602.0,15.0,1.0,0.0,0.0,0.0,0.0,0.0,0.0,1.0,0.0,0.0,0.0,0.0,normal
1.0,4601.0,15.0,1.0,0.0,0.0,0.0,0.0,0.0,0.0,1.0,0.0,0.0,0.0,0.0,normal
1.0,4602.0,15.0,1.0,0.0,0.0,0.0,0.0,0.0,0.0,1.0,0.0,0.0,0.0,0.0,normal
1.0,4601.0,15.0,1.0,25.0,2.6,2.0,0.0,0.0,0.0,1.0,0.0,0.0,0.0,0.0,normal
1.0,4602.0,14.0,1.0,0.0,0.0,0.0,0.0,0.0,0.0,1.0,0.0,0.0,0.0,0.0,normal
1.0,4601.0,15.0,1.0,0.0,0.0,0.0,0.0,0.0,0.0,1.0,0.0,0.0,0.0,0.0,normal
1.0,4602.0,14.0,1.0,0.0,0.0,0.0,0.0,0.0,0.0,1.0,0.0,0.0,0.0,0.0,normal
1.0,4601.0,15.0,1.0,25.0,3.4,2.0,0.0,0.0,0.0,1.0,0.0,0.0,0.0,0.0,normal
1.0,4602.0,14.0,1.0,0.0,0.0,0.0,0.0,0.0,0.0,1.0,0.0,0.0,0.0,0.0,normal
1.0,4601.0,15.0,1.0,25.0,2.6,2.0,0.0,0.0,0.0,28.0,-27.2,1.0,27.0,4.9,normal
1.0,4602.0,14.0,1.0,0.0,0.0,0.0,0.0,0.0,0.0,1.0,0.0,0.0,0.0,0.0,normal
1.0,4601.0,15.0,1.0,0.0,0.0,0.0,0.0,0.0,0.0,1.0,0.0,0.0,0.0,0.0,normal
1.0,4602.0,13.0,1.0,0.0,0.0,0.0,0.0,0.0,0.0,1.0,0.0,0.0,0.0,0.0,normal
1.0,4601.0,15.0,1.0,0.0,0.0,0.0,0.0,0.0,0.0,1.0,0.0,0.0,0.0,0.0,normal
1.0,4602.0,14.0,1.0,0.0,0.0,0.0,0.0,0.0,0.0,1.0,0.0,0.0,0.0,0.0,normal
1.0,4601.0,15.0,1.0,24.0,8.2,5.0,0.0,0.0,0.0,27.8,-26.8,1.0,27.0,9.7,normal
1.0,4602.0,13.0,1.0,0.0,0.0,0.0,0.0,0.0,0.0,1.0,0.0,0.0,0.0,0.0,normal
1.0,4601.0,15.0,1.0,25.0,1.7,1.0,0.0,0.0,0.0,1.0,0.0,0.0,0.0,0.0,normal
1.0,4602.0,13.0,1.0,0.0,0.0,0.0,0.0,0.0,0.0,1.0,0.0,0.0,0.0,0.0,normal
1.0,4601.0,15.0,1.0,25.0,3.5,2.0,0.0,0.0,0.0,28.5,-26.8,1.0,27.0,4.9,normal
1.0,4602.0,14.0,1.0,0.0,0.0,0.0,0.0,0.0,0.0,1.0,0.0,0.0,0.0,0.0,normal
1.0,4601.0,15.0,1.0,0.0,0.0,0.0,0.0,0.0,0.0,1.0,0.0,0.0,0.0,0.0,normal
1.0,4602.0,13.0,1.0,0.0,0.0,0.0,0.0,0.0,0.0,36.7,-12.7,1.0,27.0,4.9,normal
1.0,4601.0,15.0,1.0,25.0,5.9,4.0,0.0,0.0,0.0,1.0,0.0,0.0,0.0,0.0,normal
1.0,4602.0,14.0,1.0,0.0,0.0,0.0,0.0,0.0,0.0,1.0,0.0,0.0,0.0,0.0,normal
1.0,4601.0,15.0,1.0,25.0,5.2,3.0,0.0,0.0,0.0,1.0,0.0,0.0,0.0,0.0,normal
1.0,4602.0,14.0,1.0,0.0,0.0,0.0,0.0,0.0,0.0,1.0,0.0,0.0,0.0,0.0,normal
1.0,4601.0,15.0,1.0,0.0,1.7,1.0,0.0,0.0,0.0,27.2,-26.9,1.0,27.0,4.9,normal
1.0,4602.0,14.0,1.0,0.0,0.0,0.0,0.0,0.0,0.0,1.0,0.0,0.0,0.0,0.0,normal
1.0,4601.0,15.0,1.0,25.0,3.5,2.0,0.0,0.0,0.0,1.0,0.0,0.0,0.0,0.0,normal
1.0,4602.0,14.0,1.0,0.0,0.0,0.0,0.0,0.0,0.0,1.0,0.0,0.0,0.0,0.0,normal
1.0,4601.0,15.0,1.0,0.0,0.0,0.0,0.0,0.0,0.0,1.0,0.0,0.0,0.0,0.0,normal
1.0,4602.0,14.0,1.0,0.0,0.0,0.0,0.0,0.0,0.0,1.0,0.0,0.0,0.0,0.0,normal
1.0,4601.0,15.0,1.0,25.0,5.2,4.0,0.0,0.0,0.0,1.0,0.0,0.0,0.0,0.0,normal
1.0,4602.0,14.0,1.0,0.0,0.0,0.0,0.0,0.0,0.0,36.7,-13.0,1.0,27.0,4.9,normal
1.0,4601.0,15.0,1.0,0.0,0.0,0.0,0.0,0.0,0.0,26.9,-27.8,1.0,27.0,4.9,normal
1.0,4602.0,13.0,1.0,0.0,0.0,0.0,0.0,0.0,0.0,1.0,0.0,0.0,0.0,0.0,normal
1.0,4601.0,15.0,1.0,25.0,3.5,2.0,0.0,0.0,0.0,1.0,0.0,0.0,0.0,0.0,normal
1.0,4602.0,13.0,1.0,0.0,0.0,0.0,0.0,0.0,0.0,1.0,0.0,0.0,0.0,0.0,normal
1.0,4601.0,15.0,1.0,25.0,3.5,2.0,0.0,0.0,0.0,1.0,0.0,0.0,0.0,0.0,normal
1.0,4602.0,14.0,1.0,0.0,0.0,0.0,0.0,0.0,0.0,1.0,0.0,0.0,0.0,0.0,normal
1.0,4601.0,15.0,1.0,0.0,0.0,0.0,0.0,0.0,0.0,1.0,0.0,0.0,0.0,0.0,normal
1.0,4602.0,13.0,1.0,0.0,0.0,0.0,0.0,0.0,0.0,1.0,0.0,0.0,0.0,0.0,normal
1.0,4601.0,15.0,1.0,0.0,0.0,0.0,0.0,0.0,0.0,1.0,0.0,0.0,0.0,0.0,normal
1.0,4602.0,13.0,1.0,0.0,0.0,0.0,0.0,0.0,0.0,1.0,0.0,0.0,0.0,0.0,normal
1.0,4601.0,15.0,1.0,25.0,3.5,2.0,0.0,0.0,0.0,28.0,-26.8,1.0,27.0,4.9,normal
1.0,4602.0,13.0,1.0,0.0,0.0,0.0,0.0,0.0,0.0,1.0,0.0,0.0,0.0,0.0,normal
1.0,4601.0,15.0,1.0,25.0,2.6,2.0,0.0,0.0,0.0,28.6,-26.8,1.0,27.0,4.9,normal
1.0,4602.0,13.0,1.0,0.0,0.0,0.0,0.0,0.0,0.0,1.0,0.0,0.0,0.0,0.0,normal
1.0,4601.0,15.0,1.0,0.0,0.0,0.0,0.0,0.0,0.0,1.0,0.0,0.0,0.0,0.0,normal
1.0,4602.0,14.0,1.0,0.0,0.0,0.0,0.0,0.0,0.0,35.2,-12.8,1.0,27.0,9.7,normal
1.0,4601.0,15.0,1.0,0.0,0.0,0.0,0.0,0.0,0.0,1.0,0.0,0.0,0.0,0.0,normal
1.0,4602.0,14.0,1.0,0.0,0.0,0.0,0.0,0.0,0.0,1.0,0.0,0.0,0.0,0.0,normal
1.0,4601.0,15.0,1.0,0.0,0.0,0.0,0.0,0.0,0.0,1.0,0.0,0.0,0.0,0.0,normal
1.0,4602.0,14.0,1.0,0.0,0.0,0.0,0.0,0.0,0.0,1.0,0.0,0.0,0.0,0.0,normal
1.0,4601.0,15.0,1.0,25.0,6.1,4.0,0.0,0.0,0.0,1.0,0.0,0.0,0.0,0.0,normal
1.0,4602.0,13.0,1.0,0.0,0.0,0.0,0.0,0.0,0.0,1.0,0.0,0.0,0.0,0.0,normal
1.0,4601.0,15.0,1.0,0.0,0.0,0.0,0.0,0.0,0.0,28.7,-26.7,1.0,27.0,4.9,normal
1.0,4602.0,14.0,1.0,0.0,0.0,0.0,0.0,0.0,0.0,1.0,0.0,0.0,0.0,0.0,normal
1.0,4601.0,15.0,1.0,0.0,0.0,0.0,0.0,0.0,0.0,28.6,-26.6,1.0,27.0,4.9,normal
1.0,4602.0,14.0,1.0,0.0,0.0,0.0,0.0,0.0,0.0,1.0,0.0,0.0,0.0,0.0,normal
1.0,4601.0,15.0,1.0,0.0,0.0,0.0,0.0,0.0,0.0,1.0,0.0,0.0,0.0,0.0,normal
1.0,4602.0,13.0,1.0,0.0,0.0,0.0,0.0,0.0,0.0,1.0,0.0,0.0,0.0,0.0,normal
1.0,4601.0,15.0,1.0,24.0,3.2,2.0,0.0,0.0,0.0,27.8,-26.7,1.0,27.0,4.9,normal
1.0,4602.0,13.0,1.0,0.0,0.0,0.0,0.0,0.0,0.0,1.0,0.0,0.0,0.0,0.0,normal
1.0,4601.0,15.0,1.0,0.0,0.0,0.0,0.0,0.0,0.0,1.0,0.0,0.0,0.0,0.0,normal
1.0,4602.0,13.0,1.0,0.0,0.0,0.0,0.0,0.0,0.0,1.0,0.0,0.0,0.0,0.0,normal
1.0,4601.0,15.0,1.0,25.0,25.0,633.0,1.0,0.0,341.0,28.3,-26.0,1.0,27.0,193.0,normal
1.0,4602.0,13.0,1.0,0.0,0.0,0.0,0.0,0.0,0.0,1.0,0.0,0.0,0.0,0.0,normal
1.0,4601.0,15.0,1.0,26.0,58.0,1398.0,2.0,0.0,453.0,28.2,-26.1,1.0,27.0,461.0,normal
1.0,4602.0,13.0,1.0,0.0,0.0,0.0,0.0,0.0,0.0,1.0,0.0,0.0,0.0,0.0,normal
1.0,4601.0,15.0,1.0,26.0,51.0,1244.0,3.0,0.0,445.0,28.5,-26.2,1.0,27.0,352.0,normal
1.0,4602.0,13.0,1.0,0.0,0.0,0.0,0.0,0.0,0.0,1.0,0.0,0.0,0.0,0.0,normal
1.0,4601.0,15.0,1.0,26.0,54.0,1311.0,11.0,0.0,0.0,28.5,-26.2,1.0,27.0,361.0,normal
1.0,4602.0,14.0,1.0,0.0,0.0,0.0,0.0,0.0,0.0,1.0,0.0,0.0,0.0,0.0,normal
1.0,4601.0,15.0,1.0,26.0,56.0,1358.0,1.0,0.0,462.0,28.6,-26.2,1.0,27.0,339.0,normal
1.0,4602.0,13.0,1.0,0.0,0.0,0.0,0.0,0.0,0.0,1.0,0.0,0.0,0.0,0.0,normal
1.0,4601.0,15.0,1.0,26.0,32.0,797.0,3.0,0.0,117.0,28.5,-26.3,1.0,27.0,265.0,normal
1.0,4602.0,13.0,1.0,0.0,0.0,0.0,0.0,0.0,0.0,37.2,-12.8,1.0,27.0,4.9,normal
1.0,4601.0,15.0,1.0,26.0,52.0,1267.0,7.0,0.0,0.0,28.2,-26.1,1.0,27.0,352.0,normal
1.0,4602.0,13.0,1.0,0.0,0.0,0.0,0.0,0.0,0.0,37.0,-12.7,1.0,27.0,4.9,normal
1.0,4601.0,15.0,1.0,27.0,30.0,986.0,0.0,0.0,0.0,28.5,-26.2,1.0,27.0,242.0,normal
1.0,4602.0,14.0,1.0,0.0,0.0,0.0,0.0,0.0,0.0,1.0,0.0,0.0,0.0,0.0,normal
1.0,4601.0,15.0,1.0,0.0,0.0,0.0,0.0,0.0,0.0,28.7,-26.6,1.0,27.0,4.9,normal
1.0,4602.0,13.0,1.0,0.0,0.0,0.0,0.0,0.0,0.0,1.0,0.0,0.0,0.0,0.0,normal
1.0,4601.0,15.0,1.0,0.0,0.0,0.0,0.0,0.0,0.0,1.0,0.0,0.0,0.0,0.0,normal
1.0,4602.0,13.0,1.0,0.0,0.0,0.0,0.0,0.0,0.0,36.7,-12.8,1.0,27.0,4.9,normal
1.0,4601.0,15.0,1.0,0.0,0.0,0.0,0.0,0.0,0.0,1.0,0.0,0.0,0.0,0.0,normal
1.0,4602.0,13.0,1.0,0.0,0.0,0.0,0.0,0.0,0.0,1.0,0.0,0.0,0.0,0.0,normal
1.0,4601.0,15.0,1.0,0.0,0.0,0.0,0.0,0.0,0.0,1.0,0.0,0.0,0.0,0.0,normal
1.0,4602.0,13.0,1.0,0.0,0.0,0.0,0.0,0.0,0.0,36.5,-12.7,1.0,27.0,4.9,normal
1.0,4601.0,15.0,1.0,0.0,0.0,0.0,0.0,0.0,0.0,28.0,-26.7,1.0,27.0,9.7,normal
1.0,4602.0,14.0,1.0,0.0,0.0,0.0,0.0,0.0,0.0,1.0,0.0,0.0,0.0,0.0,normal
1.0,4601.0,15.0,1.0,27.0,7.5,4.0,0.0,0.0,0.0,1.0,0.0,0.0,0.0,0.0,normal
1.0,4602.0,14.0,1.0,0.0,0.0,0.0,0.0,0.0,0.0,37.8,-12.8,1.0,27.0,4.9,normal
1.0,4601.0,15.0,1.0,0.0,0.0,0.0,0.0,0.0,0.0,1.0,0.0,0.0,0.0,0.0,normal
1.0,4602.0,13.0,1.0,0.0,0.0,0.0,0.0,0.0,0.0,1.0,0.0,0.0,0.0,0.0,normal
1.0,4601.0,15.0,1.0,27.0,3.7,2.0,0.0,0.0,0.0,1.0,0.0,0.0,0.0,0.0,normal
1.0,4602.0,14.0,1.0,0.0,0.0,0.0,0.0,0.0,0.0,1.0,0.0,0.0,0.0,0.0,normal
1.0,4601.0,15.0,1.0,27.0,7.3,4.0,0.0,0.0,0.0,28.1,-26.6,1.0,27.0,4.9,normal
1.0,4602.0,12.0,1.0,0.0,0.0,0.0,0.0,0.0,0.0,1.0,0.0,0.0,0.0,0.0,normal
1.0,4601.0,15.0,1.0,27.0,6.5,4.0,0.0,0.0,0.0,1.0,0.0,0.0,0.0,0.0,normal
1.0,4602.0,14.0,1.0,25.0,6.8,4.0,0.0,0.0,0.0,35.0,-12.4,1.0,27.0,64.0,normal
1.0,4601.0,15.0,1.0,0.0,0.0,0.0,0.0,0.0,0.0,1.0,0.0,0.0,0.0,0.0,normal
1.0,4602.0,15.0,1.0,25.0,52.0,1343.0,19.0,1.0,91.8,34.9,-12.6,1.0,27.0,353.0,normal
1.0,4601.0,15.0,1.0,0.0,0.0,0.0,0.0,0.0,0.0,27.2,-26.7,1.0,27.0,4.9,normal
1.0,4602.0,15.0,1.0,25.0,42.0,1087.0,1.0,0.0,126.0,34.9,-12.5,1.0,27.0,352.0,normal
1.0,4601.0,15.0,1.0,27.0,3.7,2.0,0.0,0.0,0.0,1.0,0.0,0.0,0.0,0.0,normal
1.0,4602.0,15.0,1.0,25.0,37.0,961.0,16.0,1.0,32.2,34.6,-12.4,1.0,27.0,310.0,normal
1.0,4601.0,15.0,1.0,0.0,0.0,0.0,0.0,0.0,0.0,1.0,0.0,0.0,0.0,0.0,normal
1.0,4602.0,15.0,1.0,24.0,53.0,1384.0,16.0,1.0,364.0,35.1,-12.5,1.0,27.0,360.0,normal
1.0,4601.0,15.0,1.0,0.0,0.0,0.0,0.0,0.0,0.0,1.0,0.0,0.0,0.0,0.0,normal
1.0,4602.0,15.0,1.0,24.0,48.0,1269.0,10.0,0.0,366.0,35.8,-12.5,1.0,27.0,387.0,normal
1.0,4601.0,15.0,1.0,0.0,0.0,0.0,0.0,0.0,0.0,1.0,0.0,0.0,0.0,0.0,normal
1.0,4602.0,15.0,1.0,25.0,41.0,1046.0,11.0,1.0,76.5,35.7,-12.5,1.0,27.0,319.0,normal
1.0,4601.0,15.0,1.0,0.0,0.0,0.0,0.0,0.0,0.0,1.0,0.0,0.0,0.0,0.0,normal
1.0,4602.0,15.0,1.0,24.0,46.0,1216.0,11.0,0.0,0.0,35.5,-12.5,1.0,27.0,382.0,normal
1.0,4601.0,15.0,1.0,27.0,6.5,4.0,0.0,0.0,0.0,1.0,0.0,0.0,0.0,0.0,normal
1.0,4602.0,15.0,1.0,25.0,1.4,49.0,0.0,0.0,0.0,35.8,-12.6,1.0,27.0,12.0,normal
1.0,4601.0,15.0,1.0,0.0,0.0,0.0,0.0,0.0,0.0,1.0,0.0,0.0,0.0,0.0,normal
1.0,4602.0,15.0,1.0,0.0,0.0,0.0,0.0,0.0,0.0,1.0,0.0,0.0,0.0,0.0,normal
1.0,4601.0,15.0,1.0,0.0,0.0,0.0,0.0,0.0,0.0,1.0,0.0,0.0,0.0,0.0,normal
1.0,4602.0,15.0,1.0,0.0,0.0,0.0,0.0,0.0,0.0,1.0,0.0,0.0,0.0,0.0,normal
1.0,4601.0,15.0,1.0,27.0,3.7,2.0,0.0,0.0,0.0,28.5,-26.8,1.0,27.0,4.9,normal
1.0,4602.0,15.0,1.0,0.0,0.0,0.0,0.0,0.0,0.0,37.0,-12.6,1.0,27.0,9.7,normal
1.0,4601.0,15.0,1.0,0.0,0.0,0.0,0.0,0.0,0.0,1.0,0.0,0.0,0.0,0.0,normal
1.0,4602.0,15.0,1.0,0.0,0.0,0.0,0.0,0.0,0.0,1.0,0.0,0.0,0.0,0.0,normal
1.0,4601.0,15.0,1.0,27.0,3.7,2.0,0.0,0.0,0.0,1.0,0.0,0.0,0.0,0.0,normal
1.0,4602.0,14.0,1.0,0.0,0.0,0.0,0.0,0.0,0.0,1.0,0.0,0.0,0.0,0.0,normal
1.0,4601.0,15.0,1.0,0.0,0.0,0.0,0.0,0.0,0.0,1.0,0.0,0.0,0.0,0.0,normal
1.0,4602.0,14.0,1.0,0.0,0.0,0.0,0.0,0.0,0.0,1.0,0.0,0.0,0.0,0.0,normal
1.0,4601.0,15.0,1.0,0.0,0.0,0.0,0.0,0.0,0.0,28.0,-27.0,1.0,27.0,9.7,normal
1.0,4602.0,14.0,1.0,0.0,0.0,0.0,0.0,0.0,0.0,1.0,0.0,0.0,0.0,0.0,normal
1.0,4601.0,15.0,1.0,0.0,0.0,0.0,0.0,0.0,0.0,28.2,-26.9,1.0,27.0,15.0,normal
1.0,4602.0,13.0,1.0,0.0,0.0,0.0,0.0,0.0,0.0,1.0,0.0,0.0,0.0,0.0,normal
1.0,4601.0,15.0,1.0,27.0,9.1,6.0,0.0,0.0,0.0,1.0,0.0,0.0,0.0,0.0,normal
1.0,4602.0,14.0,1.0,0.0,0.0,0.0,0.0,0.0,0.0,1.0,0.0,0.0,0.0,0.0,normal
1.0,4601.0,15.0,1.0,0.0,0.0,0.0,0.0,0.0,0.0,1.0,0.0,0.0,0.0,0.0,normal
1.0,4602.0,14.0,1.0,0.0,0.0,0.0,0.0,0.0,0.0,1.0,0.0,0.0,0.0,0.0,normal
1.0,4601.0,15.0,1.0,0.0,0.0,0.0,0.0,0.0,0.0,1.0,0.0,0.0,0.0,0.0,normal
1.0,4602.0,14.0,1.0,0.0,0.0,0.0,0.0,0.0,0.0,1.0,0.0,0.0,0.0,0.0,normal
1.0,4601.0,15.0,1.0,27.0,1.9,1.0,0.0,0.0,0.0,1.0,0.0,0.0,0.0,0.0,normal
1.0,4602.0,14.0,1.0,0.0,0.0,0.0,0.0,0.0,0.0,1.0,0.0,0.0,0.0,0.0,normal
1.0,4601.0,15.0,1.0,27.0,5.6,3.0,0.0,0.0,0.0,1.0,0.0,0.0,0.0,0.0,normal
1.0,4602.0,14.0,1.0,0.0,0.0,0.0,0.0,0.0,0.0,1.0,0.0,0.0,0.0,0.0,normal
1.0,4601.0,15.0,1.0,27.0,3.7,2.0,0.0,0.0,0.0,1.0,0.0,0.0,0.0,0.0,normal
1.0,4602.0,14.0,1.0,0.0,0.0,0.0,0.0,0.0,0.0,1.0,0.0,0.0,0.0,0.0,normal
1.0,4601.0,15.0,1.0,0.0,0.0,0.0,0.0,0.0,0.0,27.4,-27.9,1.0,27.0,4.9,normal
1.0,4602.0,14.0,1.0,0.0,0.0,0.0,0.0,0.0,0.0,1.0,0.0,0.0,0.0,0.0,normal
1.0,4601.0,15.0,1.0,27.0,3.7,2.0,0.0,0.0,0.0,26.5,-27.4,1.0,27.0,4.9,normal
1.0,4602.0,14.0,1.0,0.0,0.0,0.0,0.0,0.0,0.0,1.0,0.0,0.0,0.0,0.0,normal
1.0,4601.0,15.0,1.0,27.0,2.8,2.0,0.0,0.0,0.0,1.0,0.0,0.0,0.0,0.0,normal
1.0,4602.0,14.0,1.0,0.0,0.0,0.0,0.0,0.0,0.0,1.0,0.0,0.0,0.0,0.0,normal
1.0,4601.0,15.0,1.0,0.0,0.0,0.0,0.0,0.0,0.0,1.0,0.0,0.0,0.0,0.0,normal
1.0,4602.0,14.0,1.0,0.0,0.0,0.0,0.0,0.0,0.0,36.6,-12.5,1.0,27.0,4.9,normal
1.0,4601.0,15.0,1.0,27.0,3.7,2.0,0.0,0.0,0.0,28.6,-27.4,1.0,26.0,4.7,normal
1.0,4602.0,14.0,1.0,0.0,0.0,0.0,0.0,0.0,0.0,1.0,0.0,0.0,0.0,0.0,normal
1.0,4601.0,15.0,1.0,27.0,3.7,2.0,0.0,0.0,0.0,1.0,0.0,0.0,0.0,0.0,normal
1.0,4602.0,14.0,1.0,0.0,0.0,0.0,0.0,0.0,0.0,37.4,-12.4,1.0,27.0,4.9,normal
1.0,4601.0,15.0,1.0,0.0,0.0,0.0,0.0,0.0,0.0,1.0,0.0,0.0,0.0,0.0,normal
1.0,4602.0,14.0,1.0,0.0,0.0,0.0,0.0,0.0,0.0,1.0,0.0,0.0,0.0,0.0,normal
1.0,4601.0,15.0,1.0,27.0,7.5,4.0,0.0,0.0,0.0,1.0,0.0,0.0,0.0,0.0,normal
1.0,4602.0,14.0,1.0,0.0,0.0,0.0,0.0,0.0,0.0,1.0,0.0,0.0,0.0,0.0,normal
1.0,4601.0,15.0,1.0,27.0,3.7,2.0,0.0,0.0,0.0,1.0,0.0,0.0,0.0,0.0,normal
1.0,4602.0,14.0,1.0,0.0,0.0,0.0,0.0,0.0,0.0,34.5,-12.4,1.0,27.0,4.9,normal
1.0,4601.0,15.0,1.0,27.0,7.5,4.0,0.0,0.0,0.0,1.0,0.0,0.0,0.0,0.0,normal
1.0,4602.0,14.0,1.0,0.0,0.0,0.0,0.0,0.0,0.0,1.0,0.0,0.0,0.0,0.0,normal
1.0,4601.0,15.0,1.0,26.0,29.0,709.0,7.0,0.0,458.0,27.7,-27.1,1.0,27.0,250.0,normal
1.0,4602.0,14.0,1.0,0.0,0.0,0.0,0.0,0.0,0.0,1.0,0.0,0.0,0.0,0.0,normal
1.0,4601.0,15.0,1.0,26.0,45.0,1106.0,8.0,0.0,299.0,27.8,-27.2,1.0,27.0,376.0,normal
1.0,4602.0,14.0,1.0,0.0,0.0,0.0,0.0,0.0,0.0,1.0,0.0,0.0,0.0,0.0,normal
1.0,4601.0,15.0,1.0,26.0,57.0,1393.0,7.0,0.0,466.0,27.9,-27.0,1.0,27.0,422.0,normal
1.0,4602.0,14.0,1.0,0.0,0.0,0.0,0.0,0.0,0.0,1.0,0.0,0.0,0.0,0.0,normal
1.0,4601.0,15.0,1.0,26.0,41.0,1005.0,7.0,0.0,437.0,27.8,-27.2,1.0,27.0,344.0,normal
1.0,4602.0,14.0,1.0,0.0,0.0,0.0,0.0,0.0,0.0,1.0,0.0,0.0,0.0,0.0,normal
1.0,4601.0,15.0,1.0,26.0,57.0,1392.0,8.0,0.0,481.0,27.8,-27.2,1.0,27.0,442.0,normal
1.0,4602.0,14.0,1.0,0.0,0.0,0.0,0.0,0.0,0.0,1.0,0.0,0.0,0.0,0.0,normal
1.0,4601.0,15.0,1.0,26.0,45.0,1098.0,8.0,0.0,522.0,28.1,-26.7,1.0,27.0,382.0,normal
1.0,4602.0,14.0,1.0,0.0,0.0,0.0,0.0,0.0,0.0,1.0,0.0,0.0,0.0,0.0,normal
1.0,4601.0,15.0,1.0,26.0,45.0,1107.0,3.0,0.0,0.0,27.9,-26.6,1.0,27.0,374.0,normal
1.0,4602.0,14.0,1.0,0.0,0.0,0.0,0.0,0.0,0.0,1.0,0.0,0.0,0.0,0.0,normal
1.0,4601.0,15.0,1.0,26.0,52.0,1284.0,9.0,0.0,0.0,26.7,-28.1,1.0,27.0,366.0,normal
1.0,4602.0,14.0,1.0,0.0,0.0,0.0,0.0,0.0,0.0,35.9,-12.5,1.0,27.0,4.9,normal
1.0,4601.0,15.0,1.0,26.0,5.4,3.0,0.0,0.0,0.0,1.0,0.0,0.0,0.0,0.0,normal
1.0,4602.0,14.0,1.0,0.0,0.0,0.0,0.0,0.0,0.0,1.0,0.0,0.0,0.0,0.0,normal
1.0,4601.0,15.0,1.0,26.0,1.8,1.0,0.0,0.0,0.0,1.0,0.0,0.0,0.0,0.0,normal
1.0,4602.0,14.0,1.0,0.0,0.0,0.0,0.0,0.0,0.0,38.0,-12.2,1.0,27.0,4.9,normal
1.0,4601.0,15.0,1.0,26.0,11.0,6.0,0.0,0.0,0.0,1.0,0.0,0.0,0.0,0.0,normal
1.0,4602.0,14.0,1.0,0.0,0.0,0.0,0.0,0.0,0.0,1.0,0.0,0.0,0.0,0.0,normal
1.0,4601.0,15.0,1.0,25.0,6.1,4.0,0.0,0.0,0.0,1.0,0.0,0.0,0.0,0.0,normal
1.0,4602.0,14.0,1.0,0.0,0.0,0.0,0.0,0.0,0.0,1.0,0.0,0.0,0.0,0.0,normal
1.0,4601.0,15.0,1.0,26.0,3.6,2.0,0.0,0.0,0.0,1.0,0.0,0.0,0.0,0.0,normal
1.0,4602.0,14.0,1.0,0.0,0.0,0.0,0.0,0.0,0.0,1.0,0.0,0.0,0.0,0.0,normal
1.0,4601.0,15.0,1.0,26.0,3.6,2.0,0.0,0.0,0.0,1.0,0.0,0.0,0.0,0.0,normal
1.0,4602.0,14.0,1.0,0.0,0.0,0.0,0.0,0.0,0.0,37.1,-12.8,1.0,27.0,4.9,normal
1.0,4601.0,15.0,1.0,26.0,3.6,2.0,0.0,0.0,0.0,1.0,0.0,0.0,0.0,0.0,normal
1.0,4602.0,14.0,1.0,0.0,0.0,0.0,0.0,0.0,0.0,1.0,0.0,0.0,0.0,0.0,normal
1.0,4601.0,15.0,1.0,26.0,14.0,8.0,0.0,0.0,0.0,1.0,0.0,0.0,0.0,0.0,normal
1.0,4602.0,14.0,1.0,0.0,0.0,0.0,0.0,0.0,0.0,1.0,0.0,0.0,0.0,0.0,normal
1.0,4601.0,15.0,1.0,26.0,8.9,5.0,0.0,0.0,0.0,1.0,0.0,0.0,0.0,0.0,normal
1.0,4602.0,14.0,1.0,0.0,0.0,0.0,0.0,0.0,0.0,35.8,-12.5,1.0,27.0,4.9,normal
1.0,4601.0,15.0,1.0,25.0,8.7,5.0,0.0,0.0,0.0,25.5,-28.1,1.0,27.0,4.9,normal
1.0,4602.0,14.0,1.0,0.0,0.0,0.0,0.0,0.0,0.0,1.0,0.0,0.0,0.0,0.0,normal
1.0,4601.0,15.0,1.0,26.0,1.8,1.0,0.0,0.0,0.0,1.0,0.0,0.0,0.0,0.0,normal
1.0,4602.0,14.0,1.0,0.0,0.0,0.0,0.0,0.0,0.0,1.0,0.0,0.0,0.0,0.0,normal
1.0,4601.0,15.0,1.0,26.0,1.8,1.0,0.0,0.0,0.0,1.0,0.0,0.0,0.0,0.0,normal
1.0,4602.0,14.0,1.0,0.0,0.0,0.0,0.0,0.0,0.0,36.3,-12.8,1.0,27.0,4.9,normal
1.0,4601.0,15.0,1.0,26.0,3.6,2.0,0.0,0.0,0.0,1.0,0.0,0.0,0.0,0.0,normal
1.0,4602.0,14.0,1.0,0.0,0.0,0.0,0.0,0.0,0.0,1.0,0.0,0.0,0.0,0.0,normal
1.0,4601.0,15.0,1.0,26.0,3.6,2.0,0.0,0.0,0.0,1.0,0.0,0.0,0.0,0.0,normal
1.0,4602.0,14.0,1.0,0.0,0.0,0.0,0.0,0.0,0.0,1.0,0.0,0.0,0.0,0.0,normal
1.0,4601.0,15.0,1.0,26.0,3.6,2.0,0.0,0.0,0.0,1.0,0.0,0.0,0.0,0.0,normal
1.0,4602.0,14.0,1.0,0.0,0.0,0.0,0.0,0.0,0.0,1.0,0.0,0.0,0.0,0.0,normal
1.0,4601.0,15.0,1.0,26.0,7.2,4.0,0.0,0.0,0.0,1.0,0.0,0.0,0.0,0.0,normal
1.0,4602.0,14.0,1.0,0.0,0.0,0.0,0.0,0.0,0.0,1.0,0.0,0.0,0.0,0.0,normal
1.0,4601.0,15.0,1.0,25.0,11.0,6.0,0.0,0.0,0.0,1.0,0.0,0.0,0.0,0.0,normal
1.0,4602.0,13.0,1.0,0.0,0.0,0.0,0.0,0.0,0.0,1.0,0.0,0.0,0.0,0.0,normal
1.0,4601.0,15.0,1.0,26.0,3.6,2.0,0.0,0.0,0.0,28.0,-28.1,1.0,25.0,4.5,normal
1.0,4602.0,14.0,1.0,0.0,0.0,0.0,0.0,0.0,0.0,1.0,0.0,0.0,0.0,0.0,normal
1.0,4601.0,15.0,1.0,25.0,11.0,6.0,0.0,0.0,0.0,26.7,-28.2,1.0,27.0,4.9,normal
1.0,4602.0,13.0,1.0,0.0,0.0,0.0,0.0,0.0,0.0,1.0,0.0,0.0,0.0,0.0,normal
1.0,4601.0,15.0,1.0,0.0,0.0,0.0,0.0,0.0,0.0,27.1,-28.1,1.0,27.0,4.9,normal
1.0,4602.0,14.0,1.0,21.0,7.9,6.0,0.0,0.0,0.0,35.8,-12.8,1.0,27.0,24.0,normal
1.0,4601.0,15.0,1.0,0.0,0.0,0.0,0.0,0.0,0.0,1.0,0.0,0.0,0.0,0.0,normal
1.0,4602.0,15.0,1.0,25.0,36.0,935.0,8.0,0.0,24.2,35.4,-12.6,1.0,27.0,300.0,normal
1.0,4601.0,15.0,1.0,25.0,3.5,2.0,0.0,0.0,0.0,1.0,0.0,0.0,0.0,0.0,normal
1.0,4602.0,15.0,1.0,25.0,39.0,1007.0,8.0,0.0,78.5,34.5,-12.4,1.0,27.0,511.0,normal
1.0,4601.0,15.0,1.0,24.0,3.3,2.0,0.0,0.0,0.0,27.4,-27.8,1.0,27.0,4.9,normal
1.0,4602.0,15.0,1.0,24.0,41.0,1074.0,16.0,1.0,0.0,35.2,-12.5,1.0,27.0,332.0,normal
1.0,4601.0,15.0,1.0,26.0,4.5,3.0,0.0,0.0,0.0,1.0,0.0,0.0,0.0,0.0,normal
1.0,4602.0,15.0,1.0,25.0,53.0,1359.0,10.0,0.0,312.0,35.5,-12.4,1.0,27.0,353.0,normal
1.0,4601.0,15.0,1.0,25.0,7.6,5.0,0.0,0.0,0.0,1.0,0.0,0.0,0.0,0.0,normal
1.0,4602.0,15.0,1.0,25.0,38.0,973.0,9.0,0.0,171.0,34.7,-12.3,1.0,27.0,291.0,normal
1.0,4601.0,15.0,1.0,26.0,0.0,0.0,0.0,0.0,0.0,27.0,-28.6,1.0,27.0,4.9,normal
1.0,4602.0,15.0,1.0,25.0,47.0,1218.0,10.0,0.0,0.0,34.9,-12.2,1.0,27.0,366.0,normal
1.0,4601.0,15.0,1.0,25.0,9.6,6.0,0.0,0.0,0.0,1.0,0.0,0.0,0.0,0.0,normal
1.0,4602.0,15.0,1.0,25.0,44.0,1175.0,7.0,0.0,0.0,35.8,-12.3,1.0,27.0,300.0,normal
1.0,4601.0,15.0,1.0,25.0,6.9,4.0,0.0,0.0,0.0,1.0,0.0,0.0,0.0,0.0,normal
1.0,4602.0,15.0,1.0,26.0,20.0,539.0,5.0,0.0,0.0,36.0,-12.5,1.0,27.0,214.0,normal
1.0,4601.0,15.0,1.0,26.0,9.9,6.0,0.0,0.0,0.0,1.0,0.0,0.0,0.0,0.0,normal
1.0,4602.0,15.0,1.0,0.0,0.0,0.0,0.0,0.0,0.0,1.0,0.0,0.0,0.0,0.0,normal
1.0,4601.0,15.0,1.0,26.0,6.3,4.0,0.0,0.0,0.0,1.0,0.0,0.0,0.0,0.0,normal
1.0,4602.0,15.0,1.0,0.0,0.0,0.0,0.0,0.0,0.0,1.0,0.0,0.0,0.0,0.0,normal
1.0,4601.0,15.0,1.0,0.0,0.0,0.0,0.0,0.0,0.0,1.0,0.0,0.0,0.0,0.0,normal
1.0,4602.0,15.0,1.0,0.0,0.0,0.0,0.0,0.0,0.0,1.0,0.0,0.0,0.0,0.0,normal
1.0,4601.0,15.0,1.0,0.0,0.0,0.0,0.0,0.0,0.0,1.0,0.0,0.0,0.0,0.0,normal
1.0,4602.0,15.0,1.0,0.0,0.0,0.0,0.0,0.0,0.0,35.9,-12.6,1.0,27.0,4.9,normal
1.0,4601.0,15.0,1.0,26.0,7.1,4.0,0.0,0.0,0.0,28.4,-27.0,1.0,27.0,4.9,normal
1.0,4602.0,14.0,1.0,0.0,0.0,0.0,0.0,0.0,0.0,1.0,0.0,0.0,0.0,0.0,normal
1.0,4601.0,15.0,1.0,26.0,3.6,2.0,0.0,0.0,0.0,1.0,0.0,0.0,0.0,0.0,normal
1.0,4602.0,14.0,1.0,0.0,0.0,0.0,0.0,0.0,0.0,1.0,0.0,0.0,0.0,0.0,normal
1.0,4601.0,15.0,1.0,26.0,2.7,2.0,0.0,0.0,0.0,1.0,0.0,0.0,0.0,0.0,normal
1.0,4602.0,14.0,1.0,0.0,0.0,0.0,0.0,0.0,0.0,1.0,0.0,0.0,0.0,0.0,normal
1.0,4601.0,15.0,1.0,0.0,0.0,0.0,0.0,0.0,0.0,1.0,0.0,0.0,0.0,0.0,normal
1.0,4602.0,14.0,1.0,0.0,0.0,0.0,0.0,0.0,0.0,37.0,-12.4,1.0,27.0,4.9,normal
1.0,4601.0,15.0,1.0,0.0,0.0,0.0,0.0,0.0,0.0,26.9,-27.5,1.0,27.0,4.9,normal
1.0,4602.0,14.0,1.0,0.0,0.0,0.0,0.0,0.0,0.0,1.0,0.0,0.0,0.0,0.0,normal
1.0,4601.0,15.0,1.0,0.0,0.0,0.0,0.0,0.0,0.0,1.0,0.0,0.0,0.0,0.0,normal
1.0,4602.0,14.0,1.0,0.0,0.0,0.0,0.0,0.0,0.0,1.0,0.0,0.0,0.0,0.0,normal
1.0,4601.0,15.0,1.0,26.0,2.7,2.0,0.0,0.0,0.0,1.0,0.0,0.0,0.0,0.0,normal
1.0,4602.0,14.0,1.0,0.0,0.0,0.0,0.0,0.0,0.0,1.0,0.0,0.0,0.0,0.0,normal
1.0,4601.0,15.0,1.0,0.0,0.0,0.0,0.0,0.0,0.0,27.4,-27.5,1.0,27.0,4.9,normal
1.0,4602.0,14.0,1.0,0.0,0.0,0.0,0.0,0.0,0.0,1.0,0.0,0.0,0.0,0.0,normal
1.0,4601.0,15.0,1.0,26.0,3.6,2.0,0.0,0.0,0.0,1.0,0.0,0.0,0.0,0.0,normal
1.0,4602.0,14.0,1.0,0.0,0.0,0.0,0.0,0.0,0.0,35.4,-12.4,1.0,27.0,4.9,normal
1.0,4601.0,15.0,1.0,26.0,27.0,658.0,1.0,0.0,672.0,28.1,-26.8,1.0,27.0,234.0,normal
1.0,4602.0,14.0,1.0,0.0,0.0,0.0,0.0,0.0,0.0,1.0,0.0,0.0,0.0,0.0,normal
1.0,4601.0,15.0,1.0,26.0,57.0,1394.0,6.0,0.0,620.0,27.8,-27.1,1.0,27.0,443.0,normal
1.0,4602.0,14.0,1.0,0.0,0.0,0.0,0.0,0.0,0.0,1.0,0.0,0.0,0.0,0.0,normal
1.0,4601.0,15.0,1.0,26.0,45.0,1097.0,3.0,0.0,509.0,27.8,-27.1,1.0,27.0,390.0,normal
1.0,4602.0,14.0,1.0,0.0,0.0,0.0,0.0,0.0,0.0,1.0,0.0,0.0,0.0,0.0,normal
1.0,4601.0,15.0,1.0,26.0,58.0,1397.0,3.0,0.0,507.0,27.9,-26.9,1.0,27.0,444.0,normal
1.0,4602.0,14.0,1.0,0.0,0.0,0.0,0.0,0.0,0.0,1.0,0.0,0.0,0.0,0.0,normal
1.0,4601.0,15.0,1.0,26.0,41.0,1002.0,2.0,0.0,521.0,27.8,-27.1,1.0,27.0,340.0,normal
1.0,4602.0,14.0,1.0,0.0,0.0,0.0,0.0,0.0,0.0,1.0,0.0,0.0,0.0,0.0,normal
1.0,4601.0,15.0,1.0,26.0,58.0,1397.0,3.0,0.0,489.0,27.7,-27.0,1.0,27.0,441.0,normal
1.0,4602.0,14.0,1.0,0.0,0.0,0.0,0.0,0.0,0.0,36.5,-12.4,1.0,27.0,9.7,normal
1.0,4601.0,15.0,1.0,26.0,42.0,1088.0,3.0,0.0,14.1,27.9,-27.0,1.0,27.0,362.0,normal
1.0,4602.0,14.0,1.0,0.0,0.0,0.0,0.0,0.0,0.0,36.7,-12.4,1.0,27.0,4.9,normal
1.0,4601.0,15.0,1.0,26.0,35.0,1017.0,4.0,0.0,14.1,27.8,-27.0,1.0,27.0,326.0,normal
1.0,4602.0,14.0,1.0,0.0,0.0,0.0,0.0,0.0,0.0,1.0,0.0,0.0,0.0,0.0,normal
1.0,4601.0,15.0,1.0,26.0,27.0,880.0,2.0,0.0,0.0,27.9,-27.0,1.0,27.0,229.0,normal
1.0,4602.0,14.0,1.0,0.0,0.0,0.0,0.0,0.0,0.0,1.0,0.0,0.0,0.0,0.0,normal
1.0,4601.0,15.0,1.0,0.0,0.0,0.0,0.0,0.0,0.0,1.0,0.0,0.0,0.0,0.0,normal
1.0,4602.0,14.0,1.0,0.0,0.0,0.0,0.0,0.0,0.0,1.0,0.0,0.0,0.0,0.0,normal
1.0,4601.0,15.0,1.0,0.0,0.0,0.0,0.0,0.0,0.0,28.0,-27.3,1.0,27.0,4.9,normal
1.0,4602.0,14.0,1.0,0.0,0.0,0.0,0.0,0.0,0.0,1.0,0.0,0.0,0.0,0.0,normal
1.0,4601.0,15.0,1.0,27.0,3.7,2.0,0.0,0.0,0.0,1.0,0.0,0.0,0.0,0.0,normal
1.0,4602.0,14.0,1.0,0.0,0.0,0.0,0.0,0.0,0.0,1.0,0.0,0.0,0.0,0.0,normal
1.0,4601.0,15.0,1.0,26.0,6.1,4.0,0.0,0.0,0.0,27.5,-27.3,1.0,27.0,4.9,normal
1.0,4602.0,14.0,1.0,0.0,0.0,0.0,0.0,0.0,0.0,1.0,0.0,0.0,0.0,0.0,normal
1.0,4601.0,15.0,1.0,27.0,14.0,8.0,0.0,0.0,0.0,28.4,-27.5,1.0,27.0,4.9,normal
1.0,4602.0,14.0,1.0,0.0,0.0,0.0,0.0,0.0,0.0,1.0,0.0,0.0,0.0,0.0,normal
1.0,4601.0,15.0,1.0,26.0,6.3,4.0,0.0,0.0,0.0,1.0,0.0,0.0,0.0,0.0,normal
1.0,4602.0,14.0,1.0,0.0,0.0,0.0,0.0,0.0,0.0,1.0,0.0,0.0,0.0,0.0,normal
1.0,4601.0,15.0,1.0,26.0,3.5,2.0,0.0,0.0,0.0,1.0,0.0,0.0,0.0,0.0,normal
1.0,4602.0,14.0,1.0,0.0,0.0,0.0,0.0,0.0,0.0,1.0,0.0,0.0,0.0,0.0,normal
1.0,4601.0,15.0,1.0,0.0,0.0,0.0,0.0,0.0,0.0,1.0,0.0,0.0,0.0,0.0,normal
1.0,4602.0,14.0,1.0,0.0,0.0,0.0,0.0,0.0,0.0,1.0,0.0,0.0,0.0,0.0,normal
1.0,4601.0,15.0,1.0,27.0,3.7,2.0,0.0,0.0,0.0,1.0,0.0,0.0,0.0,0.0,normal
1.0,4602.0,14.0,1.0,0.0,0.0,0.0,0.0,0.0,0.0,1.0,0.0,0.0,0.0,0.0,normal
1.0,4601.0,15.0,1.0,27.0,2.8,2.0,0.0,0.0,0.0,26.9,-28.4,1.0,27.0,4.9,normal
1.0,4602.0,14.0,1.0,0.0,0.0,0.0,0.0,0.0,0.0,1.0,0.0,0.0,0.0,0.0,normal
1.0,4601.0,15.0,1.0,0.0,0.0,0.0,0.0,0.0,0.0,1.0,0.0,0.0,0.0,0.0,normal
1.0,4602.0,14.0,1.0,0.0,0.0,0.0,0.0,0.0,0.0,1.0,0.0,0.0,0.0,0.0,normal
1.0,4601.0,15.0,1.0,0.0,0.0,0.0,0.0,0.0,0.0,1.0,0.0,0.0,0.0,0.0,normal
1.0,4602.0,14.0,1.0,0.0,0.0,0.0,0.0,0.0,0.0,1.0,0.0,0.0,0.0,0.0,normal
1.0,4601.0,15.0,1.0,0.0,0.0,0.0,0.0,0.0,0.0,1.0,0.0,0.0,0.0,0.0,normal
1.0,4602.0,14.0,1.0,0.0,0.0,0.0,0.0,0.0,0.0,1.0,0.0,0.0,0.0,0.0,normal
1.0,4601.0,15.0,1.0,27.0,8.3,5.0,0.0,0.0,0.0,27.3,-27.8,1.0,27.0,15.0,normal
1.0,4602.0,14.0,1.0,0.0,0.0,0.0,0.0,0.0,0.0,37.3,-13.5,1.0,27.0,4.9,normal
1.0,4601.0,15.0,1.0,27.0,3.7,2.0,0.0,0.0,0.0,1.0,0.0,0.0,0.0,0.0,normal
1.0,4602.0,14.0,1.0,0.0,0.0,0.0,0.0,0.0,0.0,1.0,0.0,0.0,0.0,0.0,normal
1.0,4601.0,15.0,1.0,27.0,7.5,4.0,0.0,0.0,0.0,1.0,0.0,0.0,0.0,0.0,normal
1.0,4602.0,14.0,1.0,0.0,0.0,0.0,0.0,0.0,0.0,1.0,0.0,0.0,0.0,0.0,normal
1.0,4601.0,15.0,1.0,27.0,2.8,2.0,0.0,0.0,0.0,1.0,0.0,0.0,0.0,0.0,normal
1.0,4602.0,13.0,1.0,0.0,0.0,0.0,0.0,0.0,0.0,1.0,0.0,0.0,0.0,0.0,normal
1.0,4601.0,15.0,1.0,0.0,0.0,0.0,0.0,0.0,0.0,1.0,0.0,0.0,0.0,0.0,normal
1.0,4602.0,14.0,1.0,0.0,0.0,0.0,0.0,0.0,0.0,37.3,-13.8,1.0,27.0,4.9,normal
1.0,4601.0,15.0,1.0,26.0,25.0,14.0,0.0,0.0,0.0,1.0,0.0,0.0,0.0,0.0,normal
1.0,4602.0,14.0,1.0,0.0,0.0,0.0,0.0,0.0,0.0,1.0,0.0,0.0,0.0,0.0,normal
1.0,4601.0,15.0,1.0,0.0,0.0,0.0,0.0,0.0,0.0,1.0,0.0,0.0,0.0,0.0,normal
1.0,4602.0,14.0,1.0,0.0,0.0,0.0,0.0,0.0,0.0,35.8,-12.7,1.0,27.0,4.9,normal
1.0,4601.0,15.0,1.0,27.0,6.5,4.0,0.0,0.0,0.0,1.0,0.0,0.0,0.0,0.0,normal
1.0,4602.0,14.0,1.0,0.0,0.0,0.0,0.0,0.0,0.0,1.0,0.0,0.0,0.0,0.0,normal
1.0,4601.0,15.0,1.0,0.0,0.0,0.0,0.0,0.0,0.0,1.0,0.0,0.0,0.0,0.0,normal
1.0,4602.0,14.0,1.0,0.0,0.0,0.0,0.0,0.0,0.0,1.0,0.0,0.0,0.0,0.0,normal
1.0,4601.0,15.0,1.0,27.0,7.5,4.0,0.0,0.0,0.0,1.0,0.0,0.0,0.0,0.0,normal
1.0,4602.0,14.0,1.0,0.0,0.0,0.0,0.0,0.0,0.0,1.0,0.0,0.0,0.0,0.0,normal
1.0,4601.0,15.0,1.0,0.0,0.0,0.0,0.0,0.0,0.0,1.0,0.0,0.0,0.0,0.0,normal
1.0,4602.0,14.0,1.0,0.0,0.0,0.0,0.0,0.0,0.0,1.0,0.0,0.0,0.0,0.0,normal
1.0,4601.0,15.0,1.0,26.0,2.6,2.0,0.0,0.0,0.0,1.0,0.0,0.0,0.0,0.0,normal
1.0,4602.0,14.0,1.0,0.0,0.0,0.0,0.0,0.0,0.0,35.7,-13.2,1.0,27.0,4.9,normal
1.0,4601.0,15.0,1.0,27.0,10.0,6.0,0.0,0.0,0.0,1.0,0.0,0.0,0.0,0.0,normal
1.0,4602.0,14.0,1.0,25.0,6.9,4.0,2.0,33.0,0.0,36.0,-13.2,1.0,27.0,9.7,normal
1.0,4601.0,15.0,1.0,27.0,9.3,5.0,0.0,0.0,0.0,1.0,0.0,0.0,0.0,0.0,normal
1.0,4602.0,14.0,1.0,0.0,0.0,0.0,0.0,0.0,0.0,1.0,0.0,0.0,0.0,0.0,normal
1.0,4601.0,15.0,1.0,27.0,1.9,1.0,0.0,0.0,0.0,28.0,-28.0,1.0,27.0,4.9,normal
1.0,4602.0,14.0,1.0,0.0,0.0,0.0,0.0,0.0,0.0,1.0,0.0,0.0,0.0,0.0,normal
1.0,4601.0,15.0,1.0,27.0,5.6,3.0,0.0,0.0,0.0,1.0,0.0,0.0,0.0,0.0,normal
1.0,4602.0,14.0,1.0,0.0,0.0,0.0,0.0,0.0,0.0,1.0,0.0,0.0,0.0,0.0,normal
1.0,4601.0,15.0,1.0,26.0,8.1,5.0,0.0,0.0,0.0,26.8,-28.1,1.0,27.0,4.9,normal
1.0,4602.0,14.0,1.0,0.0,0.0,0.0,0.0,0.0,0.0,1.0,0.0,0.0,0.0,0.0,normal
1.0,4601.0,15.0,1.0,0.0,0.0,0.0,0.0,0.0,0.0,1.0,0.0,0.0,0.0,0.0,normal
1.0,4602.0,15.0,1.0,26.0,36.0,924.0,6.0,0.0,46.6,35.7,-13.0,1.0,27.0,283.0,normal
1.0,4601.0,15.0,1.0,27.0,9.7,6.0,0.0,0.0,0.0,27.9,-27.0,1.0,27.0,9.7,normal
1.0,4602.0,15.0,1.0,26.0,41.0,1028.0,11.0,1.0,16.9,35.2,-12.6,1.0,27.0,319.0,normal
1.0,4601.0,15.0,1.0,26.0,15.0,8.0,0.0,0.0,0.0,26.4,-27.5,1.0,27.0,4.9,normal
1.0,4602.0,15.0,1.0,26.0,56.0,1389.0,11.0,0.0,62.5,36.1,-12.3,1.0,27.0,339.0,normal
1.0,4601.0,15.0,1.0,27.0,14.0,8.0,0.0,0.0,0.0,1.0,0.0,0.0,0.0,0.0,normal
1.0,4602.0,15.0,1.0,26.0,50.0,1248.0,9.0,0.0,37.5,35.9,-12.0,1.0,27.0,360.0,normal
1.0,4601.0,15.0,1.0,27.0,3.7,2.0,0.0,0.0,0.0,1.0,0.0,0.0,0.0,0.0,normal
1.0,4602.0,15.0,1.0,26.0,40.0,974.0,6.0,0.0,29.0,35.5,-12.1,1.0,27.0,301.0,normal
1.0,4601.0,15.0,1.0,27.0,7.5,4.0,0.0,0.0,0.0,1.0,0.0,0.0,0.0,0.0,normal
1.0,4602.0,15.0,1.0,26.0,56.0,1386.0,14.0,1.0,167.0,35.7,-12.0,1.0,27.0,339.0,normal
1.0,4601.0,15.0,1.0,27.0,7.5,4.0,0.0,0.0,0.0,28.2,-26.5,1.0,27.0,9.6,normal
1.0,4602.0,15.0,1.0,26.0,40.0,998.0,6.0,0.0,54.3,35.5,-12.0,1.0,27.0,357.0,normal
1.0,4601.0,15.0,1.0,26.0,6.2,4.0,0.0,0.0,0.0,1.0,0.0,0.0,0.0,0.0,normal
1.0,4602.0,15.0,1.0,26.0,37.0,939.0,11.0,1.0,0.0,35.8,-11.7,1.0,27.0,370.0,normal
1.0,4601.0,15.0,1.0,0.0,0.0,0.0,0.0,0.0,0.0,28.1,-27.2,1.0,27.0,9.7,normal
1.0,4602.0,15.0,1.0,26.0,6.7,4.0,0.0,0.0,0.0,36.1,-11.9,1.0,27.0,9.7,normal
1.0,4601.0,15.0,1.0,0.0,0.0,0.0,0.0,0.0,0.0,1.0,0.0,0.0,0.0,0.0,normal
1.0,4602.0,15.0,1.0,0.0,0.0,0.0,0.0,0.0,0.0,1.0,0.0,0.0,0.0,0.0,normal
1.0,4601.0,15.0,1.0,27.0,3.7,2.0,0.0,0.0,0.0,1.0,0.0,0.0,0.0,0.0,normal
1.0,4602.0,15.0,1.0,0.0,0.0,0.0,0.0,0.0,0.0,1.0,0.0,0.0,0.0,0.0,normal
1.0,4601.0,15.0,1.0,27.0,31.0,746.0,1.0,0.0,402.0,28.6,-26.1,1.0,27.0,241.0,normal
1.0,4602.0,15.0,1.0,0.0,0.0,0.0,0.0,0.0,0.0,1.0,0.0,0.0,0.0,0.0,normal
1.0,4601.0,15.0,1.0,27.0,58.0,1397.0,3.0,0.0,104.0,27.8,-26.6,1.0,27.0,471.0,normal
1.0,4602.0,15.0,1.0,0.0,0.0,0.0,0.0,0.0,0.0,1.0,0.0,0.0,0.0,0.0,normal
1.0,4601.0,15.0,1.0,26.0,43.0,1052.0,2.0,0.0,172.0,27.3,-27.6,1.0,27.0,290.0,normal
1.0,4602.0,15.0,1.0,0.0,0.0,0.0,0.0,0.0,0.0,1.0,0.0,0.0,0.0,0.0,normal
1.0,4601.0,15.0,1.0,26.0,49.0,1185.0,4.0,0.0,0.0,26.9,-27.1,1.0,27.0,336.0,normal
1.0,4602.0,15.0,1.0,0.0,0.0,0.0,0.0,0.0,0.0,36.9,-12.3,1.0,27.0,4.9,normal
1.0,4601.0,15.0,1.0,26.0,50.0,1220.0,5.0,0.0,309.0,27.1,-27.0,1.0,27.0,296.0,normal
1.0,4602.0,15.0,1.0,0.0,0.0,0.0,0.0,0.0,0.0,36.2,-12.5,1.0,27.0,4.9,normal
1.0,4601.0,15.0,1.0,26.0,42.0,1027.0,4.0,0.0,101.0,28.0,-26.8,1.0,27.0,301.0,normal
1.0,4602.0,15.0,1.0,0.0,0.0,0.0,0.0,0.0,0.0,36.7,-12.4,1.0,27.0,4.9,normal
1.0,4601.0,15.0,1.0,26.0,57.0,1396.0,4.0,0.0,547.0,28.2,-26.6,1.0,27.0,339.0,normal
1.0,4602.0,15.0,1.0,0.0,0.0,0.0,0.0,0.0,0.0,1.0,0.0,0.0,0.0,0.0,normal
1.0,4601.0,15.0,1.0,27.0,34.0,839.0,1.0,0.0,0.0,27.7,-27.0,1.0,27.0,242.0,normal
1.0,4602.0,15.0,1.0,0.0,0.0,0.0,0.0,0.0,0.0,38.1,-12.5,1.0,27.0,4.9,normal
1.0,4601.0,15.0,1.0,0.0,0.0,0.0,0.0,0.0,0.0,1.0,0.0,0.0,0.0,0.0,normal
1.0,4602.0,15.0,1.0,0.0,0.0,0.0,0.0,0.0,0.0,37.5,-12.5,1.0,27.0,9.7,normal
1.0,4601.0,15.0,1.0,27.0,3.7,2.0,0.0,0.0,0.0,1.0,0.0,0.0,0.0,0.0,normal
1.0,4602.0,14.0,1.0,0.0,0.0,0.0,0.0,0.0,0.0,1.0,0.0,0.0,0.0,0.0,normal
1.0,4601.0,15.0,1.0,27.0,9.2,6.0,0.0,0.0,0.0,28.3,-27.3,1.0,27.0,4.9,normal
1.0,4602.0,14.0,1.0,0.0,0.0,0.0,0.0,0.0,0.0,1.0,0.0,0.0,0.0,0.0,normal
1.0,4601.0,15.0,1.0,26.0,7.3,4.0,0.0,0.0,0.0,1.0,0.0,0.0,0.0,0.0,normal
1.0,4602.0,14.0,1.0,0.0,0.0,0.0,0.0,0.0,0.0,1.0,0.0,0.0,0.0,0.0,normal
1.0,4601.0,15.0,1.0,27.0,3.7,2.0,0.0,0.0,0.0,1.0,0.0,0.0,0.0,0.0,normal
1.0,4602.0,14.0,1.0,0.0,0.0,0.0,0.0,0.0,0.0,37.5,-12.5,1.0,27.0,4.9,normal
1.0,4601.0,15.0,1.0,0.0,0.0,0.0,0.0,0.0,0.0,1.0,0.0,0.0,0.0,0.0,normal
1.0,4602.0,14.0,1.0,0.0,0.0,0.0,0.0,0.0,0.0,1.0,0.0,0.0,0.0,0.0,normal
1.0,4601.0,15.0,1.0,27.0,3.7,2.0,0.0,0.0,0.0,1.0,0.0,0.0,0.0,0.0,normal
1.0,4602.0,14.0,1.0,0.0,0.0,0.0,0.0,0.0,0.0,1.0,0.0,0.0,0.0,0.0,normal
1.0,4601.0,15.0,1.0,0.0,0.0,0.0,0.0,0.0,0.0,1.0,0.0,0.0,0.0,0.0,normal
1.0,4602.0,13.0,1.0,0.0,0.0,0.0,0.0,0.0,0.0,1.0,0.0,0.0,0.0,0.0,normal
1.0,4601.0,15.0,1.0,0.0,0.0,0.0,0.0,0.0,0.0,29.0,-26.9,1.0,27.0,4.9,normal
1.0,4602.0,14.0,1.0,0.0,0.0,0.0,0.0,0.0,0.0,1.0,0.0,0.0,0.0,0.0,normal
1.0,4601.0,15.0,1.0,27.0,7.5,4.0,0.0,0.0,0.0,1.0,0.0,0.0,0.0,0.0,normal
1.0,4602.0,14.0,1.0,0.0,0.0,0.0,0.0,0.0,0.0,35.7,-12.1,1.0,27.0,4.9,normal
1.0,4601.0,15.0,1.0,0.0,0.0,0.0,0.0,0.0,0.0,1.0,0.0,0.0,0.0,0.0,normal
1.0,4602.0,14.0,1.0,0.0,0.0,0.0,0.0,0.0,0.0,1.0,0.0,0.0,0.0,0.0,normal
1.0,4601.0,15.0,1.0,0.0,0.0,0.0,0.0,0.0,0.0,27.7,-27.5,1.0,27.0,9.7,normal
1.0,4602.0,14.0,1.0,0.0,0.0,0.0,0.0,0.0,0.0,1.0,0.0,0.0,0.0,0.0,normal
1.0,4601.0,15.0,1.0,0.0,0.0,0.0,0.0,0.0,0.0,1.0,0.0,0.0,0.0,0.0,normal
1.0,4602.0,14.0,1.0,0.0,0.0,0.0,0.0,0.0,0.0,36.3,-12.3,1.0,27.0,4.9,normal
1.0,4601.0,15.0,1.0,0.0,0.0,0.0,0.0,0.0,0.0,28.1,-27.6,1.0,27.0,4.9,normal
1.0,4602.0,14.0,1.0,0.0,0.0,0.0,0.0,0.0,0.0,1.0,0.0,0.0,0.0,0.0,normal
1.0,4601.0,15.0,1.0,27.0,3.7,2.0,0.0,0.0,0.0,1.0,0.0,0.0,0.0,0.0,normal
1.0,4602.0,14.0,1.0,0.0,0.0,0.0,0.0,0.0,0.0,1.0,0.0,0.0,0.0,0.0,normal
1.0,4601.0,15.0,1.0,27.0,8.3,5.0,0.0,0.0,0.0,1.0,0.0,0.0,0.0,0.0,normal
1.0,4602.0,14.0,1.0,0.0,0.0,0.0,0.0,0.0,0.0,1.0,0.0,0.0,0.0,0.0,normal
1.0,4601.0,15.0,1.0,27.0,9.3,5.0,0.0,0.0,0.0,1.0,0.0,0.0,0.0,0.0,normal
1.0,4602.0,14.0,1.0,0.0,0.0,0.0,0.0,0.0,0.0,1.0,0.0,0.0,0.0,0.0,normal
1.0,4601.0,15.0,1.0,27.0,3.7,2.0,0.0,0.0,0.0,1.0,0.0,0.0,0.0,0.0,normal
1.0,4602.0,14.0,1.0,0.0,0.0,0.0,0.0,0.0,0.0,36.5,-12.3,1.0,27.0,4.9,normal
1.0,4601.0,15.0,1.0,27.0,3.7,2.0,0.0,0.0,0.0,1.0,0.0,0.0,0.0,0.0,normal
1.0,4602.0,14.0,1.0,0.0,0.0,0.0,0.0,0.0,0.0,1.0,0.0,0.0,0.0,0.0,normal
1.0,4601.0,15.0,1.0,26.0,6.3,4.0,0.0,0.0,0.0,27.1,-27.8,1.0,27.0,4.9,normal
1.0,4602.0,14.0,1.0,0.0,0.0,0.0,0.0,0.0,0.0,1.0,0.0,0.0,0.0,0.0,normal
1.0,4601.0,15.0,1.0,27.0,3.7,2.0,0.0,0.0,0.0,1.0,0.0,0.0,0.0,0.0,normal
1.0,4602.0,14.0,1.0,0.0,0.0,0.0,0.0,0.0,0.0,1.0,0.0,0.0,0.0,0.0,normal
1.0,4601.0,15.0,1.0,27.0,7.5,4.0,0.0,0.0,0.0,1.0,0.0,0.0,0.0,0.0,normal
1.0,4602.0,14.0,1.0,0.0,0.0,0.0,0.0,0.0,0.0,1.0,0.0,0.0,0.0,0.0,normal
1.0,4601.0,14.0,1.0,0.0,0.0,0.0,0.0,0.0,0.0,1.0,0.0,0.0,0.0,0.0,normal
1.0,4602.0,13.0,1.0,0.0,0.0,0.0,0.0,0.0,0.0,1.0,0.0,0.0,0.0,0.0,normal
1.0,4601.0,15.0,1.0,27.0,3.7,2.0,0.0,0.0,0.0,1.0,0.0,0.0,0.0,0.0,normal
1.0,4602.0,14.0,1.0,0.0,0.0,0.0,0.0,0.0,0.0,37.2,-12.3,1.0,27.0,4.9,normal
1.0,4601.0,15.0,1.0,27.0,3.7,2.0,0.0,0.0,0.0,26.3,-27.6,1.0,27.0,4.9,normal
1.0,4602.0,14.0,1.0,0.0,0.0,0.0,0.0,0.0,0.0,1.0,0.0,0.0,0.0,0.0,normal
1.0,4601.0,15.0,1.0,24.0,1.7,1.0,0.0,0.0,0.0,28.0,-27.9,1.0,26.0,4.7,normal
1.0,4602.0,14.0,1.0,0.0,0.0,0.0,0.0,0.0,0.0,1.0,0.0,0.0,0.0,0.0,normal
1.0,4601.0,15.0,1.0,27.0,1.9,1.0,0.0,0.0,0.0,1.0,0.0,0.0,0.0,0.0,normal
1.0,4602.0,14.0,1.0,0.0,0.0,0.0,0.0,0.0,0.0,36.0,-12.2,1.0,27.0,4.9,normal
1.0,4601.0,15.0,1.0,0.0,0.0,0.0,0.0,0.0,0.0,1.0,0.0,0.0,0.0,0.0,normal
1.0,4602.0,14.0,1.0,0.0,0.0,0.0,0.0,0.0,0.0,1.0,0.0,0.0,0.0,0.0,normal
1.0,4601.0,15.0,1.0,27.0,3.7,2.0,0.0,0.0,0.0,1.0,0.0,0.0,0.0,0.0,normal
1.0,4602.0,14.0,1.0,0.0,0.0,0.0,0.0,0.0,0.0,1.0,0.0,0.0,0.0,0.0,normal
1.0,4601.0,15.0,1.0,27.0,3.7,2.0,0.0,0.0,0.0,1.0,0.0,0.0,0.0,0.0,normal
1.0,4602.0,14.0,1.0,0.0,0.0,0.0,0.0,0.0,0.0,1.0,0.0,0.0,0.0,0.0,normal
1.0,4601.0,15.0,1.0,0.0,0.0,0.0,0.0,0.0,0.0,1.0,0.0,0.0,0.0,0.0,normal
1.0,4602.0,14.0,1.0,0.0,0.0,0.0,0.0,0.0,0.0,1.0,0.0,0.0,0.0,0.0,normal
1.0,4601.0,15.0,1.0,27.0,3.7,2.0,0.0,0.0,0.0,1.0,0.0,0.0,0.0,0.0,normal
1.0,4602.0,14.0,1.0,0.0,0.0,0.0,0.0,0.0,0.0,1.0,0.0,0.0,0.0,0.0,normal
1.0,4601.0,15.0,1.0,27.0,7.5,4.0,0.0,0.0,0.0,27.6,-28.0,1.0,27.0,4.9,normal
1.0,4602.0,14.0,1.0,0.0,0.0,0.0,0.0,0.0,0.0,1.0,0.0,0.0,0.0,0.0,normal
1.0,4601.0,15.0,1.0,27.0,9.3,5.0,0.0,0.0,0.0,1.0,0.0,0.0,0.0,0.0,normal
1.0,4602.0,14.0,1.0,0.0,0.0,0.0,0.0,0.0,0.0,1.0,0.0,0.0,0.0,0.0,normal
1.0,4601.0,15.0,1.0,24.0,1.7,1.0,0.0,0.0,0.0,26.9,-28.0,1.0,27.0,4.9,normal
1.0,4602.0,14.0,1.0,0.0,0.0,0.0,0.0,0.0,0.0,1.0,0.0,0.0,0.0,0.0,normal
1.0,4601.0,15.0,1.0,27.0,3.7,2.0,0.0,0.0,0.0,1.0,0.0,0.0,0.0,0.0,normal
1.0,4602.0,14.0,1.0,0.0,0.0,0.0,0.0,0.0,0.0,1.0,0.0,0.0,0.0,0.0,normal
1.0,4601.0,15.0,1.0,0.0,0.0,0.0,0.0,0.0,0.0,1.0,0.0,0.0,0.0,0.0,normal
1.0,4602.0,14.0,1.0,0.0,0.0,0.0,0.0,0.0,0.0,1.0,0.0,0.0,0.0,0.0,normal
1.0,4601.0,15.0,1.0,27.0,3.7,2.0,0.0,0.0,0.0,1.0,0.0,0.0,0.0,0.0,normal
1.0,4602.0,14.0,1.0,0.0,0.0,0.0,0.0,0.0,0.0,1.0,0.0,0.0,0.0,0.0,normal
1.0,4601.0,15.0,1.0,0.0,0.0,0.0,0.0,0.0,0.0,1.0,0.0,0.0,0.0,0.0,normal
1.0,4602.0,14.0,1.0,0.0,0.0,0.0,0.0,0.0,0.0,1.0,0.0,0.0,0.0,0.0,normal
1.0,4601.0,15.0,1.0,27.0,3.7,2.0,0.0,0.0,0.0,1.0,0.0,0.0,0.0,0.0,normal
1.0,4602.0,14.0,1.0,0.0,0.0,0.0,0.0,0.0,0.0,1.0,0.0,0.0,0.0,0.0,normal
1.0,4601.0,15.0,1.0,27.0,7.5,4.0,0.0,0.0,0.0,1.0,0.0,0.0,0.0,0.0,normal
1.0,4602.0,14.0,1.0,24.0,1.7,1.0,0.0,0.0,0.0,33.5,-11.6,1.0,27.0,37.0,normal
1.0,4601.0,15.0,1.0,25.0,3.5,2.0,0.0,0.0,0.0,1.0,0.0,0.0,0.0,0.0,normal
1.0,4602.0,15.0,1.0,25.0,49.0,1291.0,21.0,1.0,173.0,35.6,-12.2,1.0,27.0,421.0,normal
1.0,4601.0,15.0,1.0,27.0,7.5,4.0,0.0,0.0,0.0,1.0,0.0,0.0,0.0,0.0,normal
1.0,4602.0,15.0,1.0,25.0,50.0,1273.0,9.0,0.0,173.0,35.8,-12.0,1.0,27.0,434.0,normal
1.0,4601.0,15.0,1.0,26.0,20.0,476.0,2.0,0.0,986.0,25.7,-28.0,1.0,26.0,202.0,normal
1.0,4602.0,15.0,1.0,25.0,36.0,923.0,7.0,0.0,223.0,35.8,-11.8,1.0,27.0,353.0,normal
1.0,4601.0,15.0,1.0,26.0,37.0,895.0,2.0,0.0,732.0,25.8,-28.4,1.0,26.0,292.0,normal
1.0,4602.0,15.0,1.0,26.0,20.0,505.0,3.0,0.0,718.0,35.8,-11.7,1.0,27.0,303.0,normal
1.0,4601.0,15.0,1.0,26.0,28.0,693.0,5.0,0.0,856.0,25.2,-28.4,1.0,25.0,237.0,normal
1.0,4602.0,15.0,1.0,26.0,29.0,694.0,9.0,1.0,504.0,35.9,-11.2,1.0,27.0,332.0,normal
1.0,4601.0,15.0,1.0,26.0,28.0,703.0,3.0,0.0,691.0,25.3,-28.4,1.0,26.0,256.0,normal
1.0,4602.0,15.0,1.0,25.0,28.0,701.0,5.0,0.0,640.0,36.1,-11.7,1.0,27.0,320.0,normal
1.0,4601.0,15.0,1.0,26.0,31.0,743.0,5.0,0.0,626.0,25.2,-28.1,1.0,25.0,394.0,normal
1.0,4602.0,15.0,1.0,25.0,25.0,662.0,9.0,1.0,261.0,35.5,-12.0,1.0,27.0,339.0,normal
1.0,4601.0,15.0,1.0,26.0,28.0,697.0,3.0,0.0,613.0,25.4,-28.5,1.0,26.0,231.0,normal
1.0,4602.0,15.0,1.0,25.0,29.0,696.0,4.0,0.0,547.0,35.3,-12.0,1.0,27.0,369.0,normal
1.0,4601.0,15.0,1.0,26.0,24.0,591.0,3.0,0.0,729.0,24.9,-28.3,1.0,25.0,254.0,normal
1.0,4602.0,15.0,1.0,26.0,33.0,809.0,8.0,0.0,601.0,35.2,-11.8,1.0,27.0,515.0,normal
1.0,4601.0,15.0,1.0,26.0,29.0,697.0,2.0,0.0,1.2,25.5,-27.8,1.0,25.0,244.0,normal
1.0,4602.0,15.0,1.0,26.0,28.0,697.0,5.0,0.0,616.0,35.5,-11.7,1.0,27.0,344.0,normal
1.0,4601.0,15.0,1.0,26.0,36.0,884.0,2.0,0.0,20.8,25.6,-28.3,1.0,26.0,275.0,normal
1.0,4602.0,15.0,1.0,26.0,21.0,529.0,3.0,0.0,491.0,35.9,-11.5,1.0,27.0,284.0,normal
1.0,4601.0,15.0,1.0,26.0,30.0,760.0,6.0,0.0,482.0,25.4,-28.2,1.0,26.0,277.0,normal
1.0,4602.0,15.0,1.0,26.0,26.0,644.0,9.0,1.0,48.8,35.7,-11.6,1.0,27.0,326.0,normal
1.0,4601.0,15.0,1.0,26.0,28.0,697.0,1.0,0.0,748.0,25.5,-28.2,1.0,26.0,242.0,normal
1.0,4602.0,15.0,1.0,26.0,29.0,697.0,5.0,0.0,578.0,36.1,-11.6,1.0,27.0,355.0,normal
1.0,4601.0,15.0,1.0,27.0,37.0,901.0,1.0,0.0,297.0,26.8,-27.8,1.0,27.0,314.0,normal
1.0,4602.0,15.0,1.0,26.0,6.1,148.0,0.0,0.0,0.0,35.5,-11.8,1.0,27.0,71.0,normal
1.0,4601.0,15.0,1.0,26.0,53.0,1297.0,4.0,0.0,174.0,27.4,-27.7,1.0,27.0,448.0,normal
1.0,4602.0,14.0,1.0,0.0,0.0,0.0,0.0,0.0,0.0,1.0,0.0,0.0,0.0,0.0,normal
1.0,4601.0,15.0,1.0,27.0,42.0,1365.0,2.0,0.0,14.1,27.1,-28.0,1.0,27.0,344.0,normal
1.0,4602.0,13.0,1.0,0.0,0.0,0.0,0.0,0.0,0.0,1.0,0.0,0.0,0.0,0.0,normal
1.0,4601.0,15.0,1.0,27.0,10.0,330.0,0.0,0.0,0.0,27.0,-28.1,1.0,27.0,82.0,normal
1.0,4602.0,14.0,1.0,0.0,0.0,0.0,0.0,0.0,0.0,1.0,0.0,0.0,0.0,0.0,normal
1.0,4601.0,14.0,1.0,26.0,3.5,2.0,0.0,0.0,0.0,1.0,0.0,0.0,0.0,0.0,normal
1.0,4602.0,14.0,1.0,0.0,0.0,0.0,0.0,0.0,0.0,36.3,-12.5,1.0,27.0,4.9,normal
1.0,4601.0,14.0,1.0,0.0,0.0,0.0,0.0,0.0,0.0,26.2,-28.4,1.0,27.0,4.9,normal
1.0,4602.0,14.0,1.0,0.0,0.0,0.0,0.0,0.0,0.0,37.5,-12.4,1.0,27.0,4.9,normal
1.0,4601.0,15.0,1.0,27.0,6.4,4.0,0.0,0.0,0.0,27.5,-28.4,1.0,26.0,4.7,normal
1.0,4602.0,14.0,1.0,0.0,0.0,0.0,0.0,0.0,0.0,1.0,0.0,0.0,0.0,0.0,normal
1.0,4601.0,15.0,1.0,27.0,18.0,10.0,0.0,0.0,0.0,1.0,0.0,0.0,0.0,0.0,normal
1.0,4602.0,14.0,1.0,0.0,0.0,0.0,0.0,0.0,0.0,1.0,0.0,0.0,0.0,0.0,normal
1.0,4601.0,15.0,1.0,0.0,0.0,0.0,0.0,0.0,0.0,26.7,-28.3,1.0,27.0,4.9,normal
1.0,4602.0,14.0,1.0,0.0,0.0,0.0,0.0,0.0,0.0,1.0,0.0,0.0,0.0,0.0,normal
1.0,4601.0,15.0,1.0,0.0,0.0,0.0,0.0,0.0,0.0,26.9,-28.3,1.0,27.0,4.9,normal
1.0,4602.0,14.0,1.0,0.0,0.0,0.0,0.0,0.0,0.0,37.0,-12.6,1.0,27.0,4.9,normal
1.0,4601.0,15.0,1.0,25.0,6.9,4.0,0.0,0.0,0.0,27.0,-28.4,1.0,27.0,4.9,normal
1.0,4602.0,14.0,1.0,0.0,0.0,0.0,0.0,0.0,0.0,1.0,0.0,0.0,0.0,0.0,normal
1.0,4601.0,15.0,1.0,27.0,7.5,4.0,0.0,0.0,0.0,1.0,0.0,0.0,0.0,0.0,normal
1.0,4602.0,14.0,1.0,0.0,0.0,0.0,0.0,0.0,0.0,35.2,-12.3,1.0,27.0,4.9,normal
1.0,4601.0,15.0,1.0,27.0,2.8,2.0,0.0,0.0,0.0,1.0,0.0,0.0,0.0,0.0,normal
1.0,4602.0,14.0,1.0,0.0,0.0,0.0,0.0,0.0,0.0,1.0,0.0,0.0,0.0,0.0,normal
1.0,4601.0,15.0,1.0,27.0,7.3,4.0,0.0,0.0,0.0,1.0,0.0,0.0,0.0,0.0,normal
1.0,4602.0,14.0,1.0,0.0,0.0,0.0,0.0,0.0,0.0,36.0,-12.5,1.0,27.0,4.9,normal
1.0,4601.0,15.0,1.0,27.0,3.7,2.0,0.0,0.0,0.0,1.0,0.0,0.0,0.0,0.0,normal
1.0,4602.0,13.0,1.0,0.0,0.0,0.0,0.0,0.0,0.0,1.0,0.0,0.0,0.0,0.0,normal
1.0,4601.0,15.0,1.0,27.0,6.5,4.0,0.0,0.0,0.0,1.0,0.0,0.0,0.0,0.0,normal
1.0,4602.0,14.0,1.0,0.0,0.0,0.0,0.0,0.0,0.0,1.0,0.0,0.0,0.0,0.0,normal
1.0,4601.0,15.0,1.0,27.0,12.0,7.0,0.0,0.0,0.0,1.0,0.0,0.0,0.0,0.0,normal
1.0,4602.0,14.0,1.0,0.0,0.0,0.0,0.0,0.0,0.0,1.0,0.0,0.0,0.0,0.0,normal
1.0,4601.0,15.0,1.0,27.0,12.0,7.0,0.0,0.0,0.0,1.0,0.0,0.0,0.0,0.0,normal
1.0,4602.0,14.0,1.0,0.0,0.0,0.0,0.0,0.0,0.0,1.0,0.0,0.0,0.0,0.0,normal
1.0,4601.0,15.0,1.0,0.0,0.0,0.0,0.0,0.0,0.0,1.0,0.0,0.0,0.0,0.0,normal
1.0,4602.0,14.0,1.0,0.0,0.0,0.0,0.0,0.0,0.0,1.0,0.0,0.0,0.0,0.0,normal
1.0,4601.0,15.0,1.0,0.0,0.0,0.0,0.0,0.0,0.0,1.0,0.0,0.0,0.0,0.0,normal
1.0,4602.0,13.0,1.0,0.0,0.0,0.0,0.0,0.0,0.0,1.0,0.0,0.0,0.0,0.0,normal
1.0,4601.0,15.0,1.0,0.0,0.0,0.0,0.0,0.0,0.0,1.0,0.0,0.0,0.0,0.0,normal
1.0,4602.0,14.0,1.0,0.0,0.0,0.0,0.0,0.0,0.0,1.0,0.0,0.0,0.0,0.0,normal
1.0,4601.0,15.0,1.0,27.0,7.5,4.0,0.0,0.0,0.0,25.9,-28.7,1.0,27.0,4.9,normal
1.0,4602.0,14.0,1.0,0.0,0.0,0.0,0.0,0.0,0.0,1.0,0.0,0.0,0.0,0.0,normal
1.0,4601.0,15.0,1.0,27.0,7.5,4.0,0.0,0.0,0.0,1.0,0.0,0.0,0.0,0.0,normal
1.0,4602.0,14.0,1.0,0.0,0.0,0.0,0.0,0.0,0.0,1.0,0.0,0.0,0.0,0.0,normal
1.0,4601.0,15.0,1.0,27.0,2.8,2.0,0.0,0.0,0.0,1.0,0.0,0.0,0.0,0.0,normal
1.0,4602.0,14.0,1.0,0.0,0.0,0.0,0.0,0.0,0.0,1.0,0.0,0.0,0.0,0.0,normal
1.0,4601.0,15.0,1.0,27.0,3.7,2.0,0.0,0.0,0.0,1.0,0.0,0.0,0.0,0.0,normal
1.0,4602.0,14.0,1.0,22.0,9.1,5.0,0.0,0.0,0.0,36.0,-12.2,1.0,27.0,22.0,normal
1.0,4601.0,15.0,1.0,27.0,3.7,2.0,0.0,0.0,0.0,1.0,0.0,0.0,0.0,0.0,normal
1.0,4602.0,15.0,1.0,26.0,40.0,1035.0,19.0,1.0,40.5,35.1,-12.3,1.0,27.0,311.0,normal
1.0,4601.0,15.0,1.0,27.0,2.8,2.0,0.0,0.0,0.0,1.0,0.0,0.0,0.0,0.0,normal
1.0,4602.0,15.0,1.0,25.0,50.0,1286.0,8.0,0.0,16.9,35.2,-11.4,1.0,27.0,402.0,normal
1.0,4601.0,15.0,1.0,27.0,3.7,2.0,0.0,0.0,0.0,1.0,0.0,0.0,0.0,0.0,normal
1.0,4602.0,15.0,1.0,26.0,50.0,1255.0,14.0,1.0,0.0,35.0,-11.2,1.0,27.0,351.0,normal
1.0,4601.0,15.0,1.0,26.0,7.2,4.0,0.0,0.0,0.0,27.1,-28.6,1.0,26.0,4.7,normal
1.0,4602.0,15.0,1.0,0.0,0.0,0.0,0.0,0.0,0.0,1.0,0.0,0.0,0.0,0.0,normal
1.0,4601.0,14.0,1.0,27.0,2.8,2.0,0.0,0.0,0.0,1.0,0.0,0.0,0.0,0.0,normal
1.0,4602.0,14.0,1.0,25.0,28.0,923.0,5.0,0.0,14.1,34.7,-12.1,1.0,27.0,268.0,normal
1.0,4601.0,15.0,1.0,26.0,7.3,4.0,0.0,0.0,0.0,1.0,0.0,0.0,0.0,0.0,normal
1.0,4602.0,15.0,1.0,26.0,7.5,245.0,3.0,1.0,0.0,34.8,-12.2,1.0,27.0,66.0,normal
1.0,4601.0,15.0,1.0,27.0,3.7,2.0,0.0,0.0,0.0,1.0,0.0,0.0,0.0,0.0,normal
1.0,4602.0,15.0,1.0,0.0,0.0,0.0,0.0,0.0,0.0,1.0,0.0,0.0,0.0,0.0,normal
1.0,4601.0,15.0,1.0,0.0,0.0,0.0,0.0,0.0,0.0,1.0,0.0,0.0,0.0,0.0,normal
1.0,4602.0,15.0,1.0,0.0,0.0,0.0,0.0,0.0,0.0,36.2,-12.5,1.0,27.0,4.9,normal
1.0,4601.0,15.0,1.0,0.0,0.0,0.0,0.0,0.0,0.0,1.0,0.0,0.0,0.0,0.0,normal
1.0,4602.0,15.0,1.0,0.0,0.0,0.0,0.0,0.0,0.0,1.0,0.0,0.0,0.0,0.0,normal
1.0,4601.0,15.0,1.0,27.0,6.5,4.0,0.0,0.0,0.0,1.0,0.0,0.0,0.0,0.0,normal
1.0,4602.0,15.0,1.0,0.0,0.0,0.0,0.0,0.0,0.0,1.0,0.0,0.0,0.0,0.0,normal
1.0,4601.0,15.0,1.0,0.0,0.0,0.0,0.0,0.0,0.0,1.0,0.0,0.0,0.0,0.0,normal
1.0,4602.0,15.0,1.0,0.0,0.0,0.0,0.0,0.0,0.0,1.0,0.0,0.0,0.0,0.0,normal
1.0,4601.0,15.0,1.0,0.0,0.0,0.0,0.0,0.0,0.0,1.0,0.0,0.0,0.0,0.0,normal
1.0,4602.0,15.0,1.0,0.0,0.0,0.0,0.0,0.0,0.0,36.6,-12.4,1.0,27.0,4.9,normal
1.0,4601.0,15.0,1.0,0.0,0.0,0.0,0.0,0.0,0.0,25.8,-28.7,1.0,27.0,4.9,normal
1.0,4602.0,15.0,1.0,0.0,0.0,0.0,0.0,0.0,0.0,1.0,0.0,0.0,0.0,0.0,normal
1.0,4601.0,15.0,1.0,27.0,14.0,8.0,0.0,0.0,0.0,1.0,0.0,0.0,0.0,0.0,normal
1.0,4602.0,15.0,1.0,0.0,0.0,0.0,0.0,0.0,0.0,1.0,0.0,0.0,0.0,0.0,normal
1.0,4601.0,15.0,1.0,27.0,10.0,6.0,0.0,0.0,0.0,1.0,0.0,0.0,0.0,0.0,normal
1.0,4602.0,15.0,1.0,0.0,0.0,0.0,0.0,0.0,0.0,1.0,0.0,0.0,0.0,0.0,normal
1.0,4601.0,15.0,1.0,27.0,2.8,2.0,0.0,0.0,0.0,1.0,0.0,0.0,0.0,0.0,normal
1.0,4602.0,15.0,1.0,0.0,0.0,0.0,0.0,0.0,0.0,1.0,0.0,0.0,0.0,0.0,normal
1.0,4601.0,15.0,1.0,27.0,8.3,5.0,0.0,0.0,0.0,1.0,0.0,0.0,0.0,0.0,normal
1.0,4602.0,14.0,1.0,0.0,0.0,0.0,0.0,0.0,0.0,1.0,0.0,0.0,0.0,0.0,normal
1.0,4601.0,15.0,1.0,27.0,5.6,3.0,0.0,0.0,0.0,1.0,0.0,0.0,0.0,0.0,normal
1.0,4602.0,14.0,1.0,0.0,0.0,0.0,0.0,0.0,0.0,1.0,0.0,0.0,0.0,0.0,normal
1.0,4601.0,15.0,1.0,26.0,38.0,933.0,7.0,0.0,519.0,26.8,-28.3,1.0,27.0,294.0,normal
1.0,4602.0,14.0,1.0,0.0,0.0,0.0,0.0,0.0,0.0,1.0,0.0,0.0,0.0,0.0,normal
1.0,4601.0,15.0,1.0,26.0,58.0,1398.0,2.0,0.0,409.0,26.8,-28.5,1.0,26.0,420.0,normal
1.0,4602.0,14.0,1.0,0.0,0.0,0.0,0.0,0.0,0.0,1.0,0.0,0.0,0.0,0.0,normal
1.0,4601.0,15.0,1.0,26.0,43.0,1053.0,3.0,0.0,545.0,26.7,-28.4,1.0,27.0,352.0,normal
1.0,4602.0,14.0,1.0,0.0,0.0,0.0,0.0,0.0,0.0,1.0,0.0,0.0,0.0,0.0,normal
1.0,4601.0,15.0,1.0,26.0,42.0,1047.0,9.0,0.0,350.0,26.7,-28.5,1.0,26.0,364.0,normal
1.0,4602.0,14.0,1.0,0.0,0.0,0.0,0.0,0.0,0.0,1.0,0.0,0.0,0.0,0.0,normal
1.0,4601.0,15.0,1.0,25.0,49.0,1223.0,19.0,1.0,815.0,24.7,-28.0,1.0,25.0,525.0,normal
1.0,4602.0,15.0,1.0,25.0,6.1,180.0,2.0,1.0,710.0,35.1,-11.9,1.0,27.0,255.0,normal
1.0,4601.0,15.0,1.0,26.0,25.0,624.0,0.0,0.0,775.0,24.9,-28.6,1.0,25.0,279.0,normal
1.0,4602.0,15.0,1.0,25.0,30.0,777.0,8.0,1.0,544.0,36.1,-11.6,1.0,27.0,355.0,normal
1.0,4601.0,15.0,1.0,26.0,28.0,694.0,3.0,0.0,628.0,25.2,-28.6,1.0,26.0,214.0,normal
1.0,4602.0,15.0,1.0,25.0,27.0,695.0,8.0,1.0,108.0,35.7,-11.9,1.0,27.0,339.0,normal
1.0,4601.0,15.0,1.0,26.0,37.0,889.0,3.0,0.0,663.0,25.4,-28.5,1.0,26.0,258.0,normal
1.0,4602.0,15.0,1.0,25.0,20.0,511.0,4.0,0.0,453.0,35.9,-11.7,1.0,27.0,291.0,normal
1.0,4601.0,15.0,1.0,26.0,23.0,584.0,1.0,0.0,0.0,26.1,-28.4,1.0,26.0,236.0,normal
1.0,4602.0,15.0,1.0,25.0,12.0,308.0,5.0,1.0,0.0,35.6,-12.0,1.0,27.0,159.0,normal
1.0,4601.0,15.0,1.0,26.0,7.3,4.0,0.0,0.0,0.0,1.0,0.0,0.0,0.0,0.0,normal
1.0,4602.0,15.0,1.0,0.0,0.0,0.0,0.0,0.0,0.0,1.0,0.0,0.0,0.0,0.0,normal
1.0,4601.0,15.0,1.0,27.0,7.5,4.0,0.0,0.0,0.0,1.0,0.0,0.0,0.0,0.0,normal
1.0,4602.0,15.0,1.0,0.0,0.0,0.0,0.0,0.0,0.0,1.0,0.0,0.0,0.0,0.0,normal
1.0,4601.0,15.0,1.0,27.0,2.8,2.0,0.0,0.0,0.0,1.0,0.0,0.0,0.0,0.0,normal
1.0,4602.0,15.0,1.0,0.0,0.0,0.0,0.0,0.0,0.0,36.9,-12.4,1.0,27.0,4.9,normal
1.0,4601.0,15.0,1.0,27.0,2.8,2.0,0.0,0.0,0.0,1.0,0.0,0.0,0.0,0.0,normal
1.0,4602.0,15.0,1.0,0.0,0.0,0.0,0.0,0.0,0.0,1.0,0.0,0.0,0.0,0.0,normal
1.0,4601.0,15.0,1.0,0.0,0.0,0.0,0.0,0.0,0.0,1.0,0.0,0.0,0.0,0.0,normal
1.0,4602.0,15.0,1.0,0.0,0.0,0.0,0.0,0.0,0.0,1.0,0.0,0.0,0.0,0.0,normal
1.0,4601.0,15.0,1.0,27.0,7.5,4.0,0.0,0.0,0.0,27.2,-28.4,1.0,27.0,4.9,normal
1.0,4602.0,15.0,1.0,0.0,0.0,0.0,0.0,0.0,0.0,36.5,-12.3,1.0,27.0,4.9,normal
1.0,4601.0,15.0,1.0,0.0,0.0,0.0,0.0,0.0,0.0,1.0,0.0,0.0,0.0,0.0,normal
1.0,4602.0,15.0,1.0,0.0,0.0,0.0,0.0,0.0,0.0,1.0,0.0,0.0,0.0,0.0,normal
1.0,4601.0,15.0,1.0,26.0,19.0,11.0,0.0,0.0,0.0,26.9,-28.7,1.0,27.0,9.6,normal
1.0,4602.0,15.0,1.0,0.0,0.0,0.0,0.0,0.0,0.0,36.7,-12.5,1.0,27.0,4.9,normal
1.0,4601.0,15.0,1.0,27.0,5.6,3.0,0.0,0.0,0.0,1.0,0.0,0.0,0.0,0.0,normal
1.0,4602.0,14.0,1.0,0.0,0.0,0.0,0.0,0.0,0.0,35.4,-12.5,1.0,27.0,4.9,normal
1.0,4601.0,15.0,1.0,26.0,3.5,2.0,0.0,0.0,0.0,26.8,-28.7,1.0,27.0,4.9,normal
1.0,4602.0,14.0,1.0,0.0,0.0,0.0,0.0,0.0,0.0,1.0,0.0,0.0,0.0,0.0,normal
1.0,4601.0,15.0,1.0,25.0,6.9,4.0,0.0,0.0,0.0,1.0,0.0,0.0,0.0,0.0,normal
1.0,4602.0,14.0,1.0,0.0,0.0,0.0,0.0,0.0,0.0,1.0,0.0,0.0,0.0,0.0,normal
1.0,4601.0,15.0,1.0,25.0,2.6,2.0,0.0,0.0,0.0,1.0,0.0,0.0,0.0,0.0,normal
1.0,4602.0,14.0,1.0,0.0,0.0,0.0,0.0,0.0,0.0,1.0,0.0,0.0,0.0,0.0,normal
1.0,4601.0,15.0,1.0,24.0,3.3,2.0,0.0,0.0,0.0,1.0,0.0,0.0,0.0,0.0,normal
1.0,4602.0,13.0,1.0,0.0,0.0,0.0,0.0,0.0,0.0,1.0,0.0,0.0,0.0,0.0,normal
1.0,4601.0,15.0,1.0,27.0,3.7,2.0,0.0,0.0,0.0,1.0,0.0,0.0,0.0,0.0,normal
1.0,4602.0,14.0,1.0,0.0,0.0,0.0,0.0,0.0,0.0,1.0,0.0,0.0,0.0,0.0,normal
1.0,4601.0,15.0,1.0,0.0,0.0,0.0,0.0,0.0,0.0,1.0,0.0,0.0,0.0,0.0,normal
1.0,4602.0,14.0,1.0,0.0,0.0,0.0,0.0,0.0,0.0,1.0,0.0,0.0,0.0,0.0,normal
1.0,4601.0,15.0,1.0,27.0,1.9,1.0,0.0,0.0,0.0,27.1,-28.4,1.0,27.0,9.7,normal
1.0,4602.0,14.0,1.0,0.0,0.0,0.0,0.0,0.0,0.0,34.3,-12.3,1.0,27.0,4.9,normal
1.0,4601.0,15.0,1.0,27.0,4.6,3.0,0.0,0.0,0.0,1.0,0.0,0.0,0.0,0.0,normal
1.0,4602.0,14.0,1.0,0.0,0.0,0.0,0.0,0.0,0.0,36.6,-12.2,1.0,27.0,4.9,normal
1.0,4601.0,15.0,1.0,27.0,7.5,4.0,0.0,0.0,0.0,1.0,0.0,0.0,0.0,0.0,normal
1.0,4602.0,14.0,1.0,0.0,0.0,0.0,0.0,0.0,0.0,36.8,-12.4,1.0,27.0,4.9,normal
1.0,4601.0,15.0,1.0,26.0,11.0,6.0,0.0,0.0,0.0,1.0,0.0,0.0,0.0,0.0,normal
1.0,4602.0,14.0,1.0,0.0,0.0,0.0,0.0,0.0,0.0,1.0,0.0,0.0,0.0,0.0,normal
1.0,4601.0,15.0,1.0,27.0,11.0,6.0,0.0,0.0,0.0,1.0,0.0,0.0,0.0,0.0,normal
1.0,4602.0,14.0,1.0,0.0,0.0,0.0,0.0,0.0,0.0,38.0,-12.4,1.0,27.0,4.9,normal
1.0,4601.0,15.0,1.0,26.0,7.1,4.0,0.0,0.0,0.0,1.0,0.0,0.0,0.0,0.0,normal
1.0,4602.0,14.0,1.0,0.0,0.0,0.0,0.0,0.0,0.0,37.2,-12.4,1.0,27.0,4.9,normal
1.0,4601.0,15.0,1.0,0.0,0.0,0.0,0.0,0.0,0.0,1.0,0.0,0.0,0.0,0.0,normal
1.0,4602.0,14.0,1.0,0.0,0.0,0.0,0.0,0.0,0.0,34.7,-12.4,1.0,27.0,4.9,normal
1.0,4601.0,15.0,1.0,0.0,0.0,0.0,0.0,0.0,0.0,1.0,0.0,0.0,0.0,0.0,normal
1.0,4602.0,14.0,1.0,0.0,0.0,0.0,0.0,0.0,0.0,36.7,-12.3,1.0,27.0,4.9,normal
1.0,4601.0,15.0,1.0,27.0,3.7,2.0,0.0,0.0,0.0,1.0,0.0,0.0,0.0,0.0,normal
1.0,4602.0,14.0,1.0,0.0,0.0,0.0,0.0,0.0,0.0,36.4,-12.4,1.0,27.0,9.7,normal
1.0,4601.0,15.0,1.0,27.0,3.7,2.0,0.0,0.0,0.0,1.0,0.0,0.0,0.0,0.0,normal
1.0,4602.0,14.0,1.0,0.0,0.0,0.0,0.0,0.0,0.0,1.0,0.0,0.0,0.0,0.0,normal
1.0,4601.0,15.0,1.0,27.0,5.6,3.0,0.0,0.0,0.0,1.0,0.0,0.0,0.0,0.0,normal
1.0,4602.0,14.0,1.0,0.0,0.0,0.0,0.0,0.0,0.0,1.0,0.0,0.0,0.0,0.0,normal
1.0,4601.0,15.0,1.0,26.0,4.4,3.0,0.0,0.0,0.0,25.9,-28.4,1.0,27.0,4.9,normal
1.0,4602.0,14.0,1.0,0.0,0.0,0.0,0.0,0.0,0.0,1.0,0.0,0.0,0.0,0.0,normal
1.0,4601.0,15.0,1.0,27.0,2.8,2.0,0.0,0.0,0.0,1.0,0.0,0.0,0.0,0.0,normal
1.0,4602.0,14.0,1.0,0.0,0.0,0.0,0.0,0.0,0.0,1.0,0.0,0.0,0.0,0.0,normal
1.0,4601.0,15.0,1.0,26.0,15.0,9.0,0.0,0.0,0.0,25.8,-28.4,1.0,26.0,4.7,normal
1.0,4602.0,14.0,1.0,0.0,0.0,0.0,0.0,0.0,0.0,1.0,0.0,0.0,0.0,0.0,normal
1.0,4601.0,15.0,1.0,27.0,8.2,5.0,0.0,0.0,0.0,1.0,0.0,0.0,0.0,0.0,normal
1.0,4602.0,14.0,1.0,0.0,0.0,0.0,0.0,0.0,0.0,1.0,0.0,0.0,0.0,0.0,normal
1.0,4601.0,15.0,1.0,27.0,3.7,2.0,0.0,0.0,0.0,1.0,0.0,0.0,0.0,0.0,normal
1.0,4602.0,14.0,1.0,0.0,0.0,0.0,0.0,0.0,0.0,1.0,0.0,0.0,0.0,0.0,normal
1.0,4601.0,15.0,1.0,27.0,7.5,4.0,0.0,0.0,0.0,1.0,0.0,0.0,0.0,0.0,normal
1.0,4602.0,14.0,1.0,0.0,0.0,0.0,0.0,0.0,0.0,1.0,0.0,0.0,0.0,0.0,normal
1.0,4601.0,15.0,1.0,27.0,3.7,2.0,0.0,0.0,0.0,1.0,0.0,0.0,0.0,0.0,normal
1.0,4602.0,14.0,1.0,0.0,0.0,0.0,0.0,0.0,0.0,1.0,0.0,0.0,0.0,0.0,normal
1.0,4601.0,15.0,1.0,26.0,9.1,5.0,0.0,0.0,0.0,1.0,0.0,0.0,0.0,0.0,normal
1.0,4602.0,14.0,1.0,0.0,0.0,0.0,0.0,0.0,0.0,1.0,0.0,0.0,0.0,0.0,normal
1.0,4601.0,15.0,1.0,26.0,5.4,3.0,0.0,0.0,0.0,27.5,-28.2,1.0,26.0,4.7,normal
1.0,4602.0,14.0,1.0,0.0,0.0,0.0,0.0,0.0,0.0,1.0,0.0,0.0,0.0,0.0,normal
1.0,4601.0,15.0,1.0,27.0,2.8,2.0,0.0,0.0,0.0,1.0,0.0,0.0,0.0,0.0,normal
1.0,4602.0,14.0,1.0,0.0,0.0,0.0,0.0,0.0,0.0,1.0,0.0,0.0,0.0,0.0,normal
1.0,4601.0,15.0,1.0,27.0,13.0,7.0,0.0,0.0,0.0,1.0,0.0,0.0,0.0,0.0,normal
1.0,4602.0,14.0,1.0,0.0,0.0,0.0,0.0,0.0,0.0,1.0,0.0,0.0,0.0,0.0,normal
1.0,4601.0,15.0,1.0,27.0,13.0,7.0,0.0,0.0,0.0,1.0,0.0,0.0,0.0,0.0,normal
1.0,4602.0,14.0,1.0,0.0,0.0,0.0,0.0,0.0,0.0,1.0,0.0,0.0,0.0,0.0,normal
1.0,4601.0,15.0,1.0,27.0,7.5,4.0,0.0,0.0,0.0,1.0,0.0,0.0,0.0,0.0,normal
1.0,4602.0,14.0,1.0,0.0,0.0,0.0,0.0,0.0,0.0,1.0,0.0,0.0,0.0,0.0,normal
1.0,4601.0,15.0,1.0,0.0,0.0,0.0,0.0,0.0,0.0,27.6,-27.7,1.0,27.0,4.9,normal
1.0,4602.0,13.0,1.0,0.0,0.0,0.0,0.0,0.0,0.0,1.0,0.0,0.0,0.0,0.0,normal
1.0,4601.0,15.0,1.0,0.0,0.0,0.0,0.0,0.0,0.0,28.9,-26.5,1.0,27.0,4.9,normal
1.0,4602.0,14.0,1.0,0.0,0.0,0.0,0.0,0.0,0.0,1.0,0.0,0.0,0.0,0.0,normal
1.0,4601.0,15.0,1.0,26.0,40.0,991.0,8.0,0.0,401.0,27.3,-26.9,1.0,27.0,297.0,normal
1.0,4602.0,14.0,1.0,0.0,0.0,0.0,0.0,0.0,0.0,1.0,0.0,0.0,0.0,0.0,normal
1.0,4601.0,15.0,1.0,26.0,52.0,1280.0,6.0,0.0,286.0,27.6,-26.7,1.0,27.0,476.0,normal
1.0,4602.0,14.0,1.0,0.0,0.0,0.0,0.0,0.0,0.0,1.0,0.0,0.0,0.0,0.0,normal
1.0,4601.0,15.0,1.0,26.0,57.0,1394.0,6.0,0.0,70.3,27.9,-27.1,1.0,27.0,360.0,normal
1.0,4602.0,14.0,1.0,0.0,0.0,0.0,0.0,0.0,0.0,1.0,0.0,0.0,0.0,0.0,normal
1.0,4601.0,15.0,1.0,26.0,44.0,1084.0,5.0,0.0,550.0,28.2,-26.6,1.0,27.0,307.0,normal
1.0,4602.0,14.0,1.0,0.0,0.0,0.0,0.0,0.0,0.0,1.0,0.0,0.0,0.0,0.0,normal
1.0,4601.0,15.0,1.0,26.0,51.0,1234.0,3.0,0.0,0.0,28.2,-26.6,1.0,27.0,352.0,normal
1.0,4602.0,14.0,1.0,0.0,0.0,0.0,0.0,0.0,0.0,1.0,0.0,0.0,0.0,0.0,normal
1.0,4601.0,15.0,1.0,26.0,23.0,554.0,2.0,0.0,820.0,26.2,-26.7,1.0,26.0,217.0,normal
1.0,4602.0,15.0,1.0,25.0,22.0,576.0,3.0,0.0,582.0,35.8,-10.7,1.0,27.0,315.0,normal
1.0,4601.0,15.0,1.0,26.0,28.0,695.0,6.0,0.0,933.0,26.9,-26.1,1.0,26.0,273.0,normal
1.0,4602.0,15.0,1.0,25.0,27.0,695.0,5.0,0.0,265.0,35.6,-10.9,1.0,27.0,346.0,normal
1.0,4601.0,15.0,1.0,26.0,32.0,773.0,4.0,0.0,845.0,27.1,-26.1,1.0,26.0,278.0,normal
1.0,4602.0,15.0,1.0,26.0,25.0,625.0,3.0,0.0,302.0,35.8,-11.0,1.0,27.0,360.0,normal
1.0,4601.0,15.0,1.0,26.0,26.0,625.0,4.0,0.0,435.0,26.6,-26.3,1.0,26.0,299.0,normal
1.0,4602.0,15.0,1.0,25.0,30.0,768.0,12.0,1.0,236.0,35.9,-10.8,1.0,27.0,339.0,normal
1.0,4601.0,15.0,1.0,26.0,27.0,650.0,1.0,0.0,0.0,27.6,-26.1,1.0,27.0,217.0,normal
1.0,4602.0,15.0,1.0,25.0,24.0,712.0,4.0,0.0,8.51,35.4,-11.4,1.0,27.0,370.0,normal
1.0,4601.0,15.0,1.0,0.0,0.0,0.0,0.0,0.0,0.0,27.2,-26.4,1.0,27.0,4.9,normal
1.0,4602.0,15.0,1.0,26.0,34.0,1246.0,7.0,0.0,5.63,35.6,-12.1,1.0,27.0,387.0,normal
1.0,4601.0,15.0,1.0,0.0,0.0,0.0,0.0,0.0,0.0,27.8,-26.5,1.0,27.0,9.6,normal
1.0,4602.0,15.0,1.0,26.0,37.0,1025.0,15.0,1.0,16.5,35.8,-12.1,1.0,27.0,324.0,normal
1.0,4601.0,14.0,1.0,27.0,3.7,2.0,0.0,0.0,0.0,1.0,0.0,0.0,0.0,0.0,normal
1.0,4602.0,15.0,1.0,24.0,52.0,1379.0,21.0,1.0,22.2,35.9,-12.1,1.0,27.0,400.0,normal
1.0,4601.0,14.0,1.0,0.0,0.0,0.0,0.0,0.0,0.0,1.0,0.0,0.0,0.0,0.0,normal
1.0,4602.0,15.0,1.0,25.0,32.0,992.0,8.0,0.0,0.0,35.7,-12.1,1.0,27.0,310.0,normal
1.0,4601.0,14.0,1.0,0.0,0.0,0.0,0.0,0.0,0.0,1.0,0.0,0.0,0.0,0.0,normal
1.0,4602.0,15.0,1.0,25.0,1.7,1.0,0.0,0.0,0.0,36.3,-12.4,1.0,27.0,9.7,normal
1.0,4601.0,15.0,1.0,27.0,10.0,6.0,0.0,0.0,0.0,1.0,0.0,0.0,0.0,0.0,normal
1.0,4602.0,15.0,1.0,0.0,0.0,0.0,0.0,0.0,0.0,1.0,0.0,0.0,0.0,0.0,normal
1.0,4601.0,15.0,1.0,27.0,3.7,2.0,0.0,0.0,0.0,1.0,0.0,0.0,0.0,0.0,normal
1.0,4602.0,15.0,1.0,0.0,0.0,0.0,0.0,0.0,0.0,1.0,0.0,0.0,0.0,0.0,normal
1.0,4601.0,15.0,1.0,0.0,0.0,0.0,0.0,0.0,0.0,1.0,0.0,0.0,0.0,0.0,normal
1.0,4602.0,14.0,1.0,0.0,0.0,0.0,0.0,0.0,0.0,1.0,0.0,0.0,0.0,0.0,normal
1.0,4601.0,15.0,1.0,27.0,7.5,4.0,0.0,0.0,0.0,27.3,-28.7,1.0,27.0,4.9,normal
1.0,4602.0,14.0,1.0,0.0,0.0,0.0,0.0,0.0,0.0,37.2,-12.2,1.0,27.0,9.7,normal
1.0,4601.0,15.0,1.0,27.0,11.0,6.0,0.0,0.0,0.0,1.0,0.0,0.0,0.0,0.0,normal
1.0,4602.0,14.0,1.0,0.0,0.0,0.0,0.0,0.0,0.0,1.0,0.0,0.0,0.0,0.0,normal
1.0,4601.0,15.0,1.0,27.0,7.5,4.0,0.0,0.0,0.0,1.0,0.0,0.0,0.0,0.0,normal
1.0,4602.0,14.0,1.0,0.0,0.0,0.0,0.0,0.0,0.0,1.0,0.0,0.0,0.0,0.0,normal
1.0,4601.0,15.0,1.0,23.0,3.2,2.0,0.0,0.0,0.0,1.0,0.0,0.0,0.0,0.0,normal
1.0,4602.0,14.0,1.0,0.0,0.0,0.0,0.0,0.0,0.0,37.6,-12.2,1.0,27.0,4.9,normal
1.0,4601.0,15.0,1.0,27.0,14.0,8.0,0.0,0.0,0.0,1.0,0.0,0.0,0.0,0.0,normal
1.0,4602.0,14.0,1.0,0.0,0.0,0.0,0.0,0.0,0.0,1.0,0.0,0.0,0.0,0.0,normal
1.0,4601.0,15.0,1.0,27.0,7.5,4.0,0.0,0.0,0.0,1.0,0.0,0.0,0.0,0.0,normal
1.0,4602.0,14.0,1.0,0.0,0.0,0.0,0.0,0.0,0.0,1.0,0.0,0.0,0.0,0.0,normal
1.0,4601.0,15.0,1.0,27.0,11.0,6.0,0.0,0.0,0.0,25.9,-29.1,1.0,27.0,4.9,normal
1.0,4602.0,13.0,1.0,0.0,0.0,0.0,0.0,0.0,0.0,33.6,-12.3,1.0,27.0,4.9,normal
1.0,4601.0,15.0,1.0,27.0,18.0,10.0,0.0,0.0,0.0,26.7,-29.2,1.0,26.0,4.7,normal
1.0,4602.0,14.0,1.0,0.0,0.0,0.0,0.0,0.0,0.0,37.5,-12.3,1.0,27.0,4.9,normal
1.0,4601.0,15.0,1.0,27.0,10.0,6.0,0.0,0.0,0.0,1.0,0.0,0.0,0.0,0.0,normal
1.0,4602.0,14.0,1.0,0.0,0.0,0.0,0.0,0.0,0.0,1.0,0.0,0.0,0.0,0.0,normal
1.0,4601.0,15.0,1.0,0.0,0.0,0.0,0.0,0.0,0.0,26.6,-28.7,1.0,26.0,9.5,normal
1.0,4602.0,14.0,1.0,0.0,0.0,0.0,0.0,0.0,0.0,37.9,-12.3,1.0,27.0,4.9,normal
1.0,4601.0,15.0,1.0,26.0,2.7,2.0,0.0,0.0,0.0,1.0,0.0,0.0,0.0,0.0,normal
1.0,4602.0,14.0,1.0,0.0,0.0,0.0,0.0,0.0,0.0,1.0,0.0,0.0,0.0,0.0,normal
1.0,4601.0,15.0,1.0,27.0,3.7,2.0,0.0,0.0,0.0,1.0,0.0,0.0,0.0,0.0,normal
1.0,4602.0,13.0,1.0,0.0,0.0,0.0,0.0,0.0,0.0,1.0,0.0,0.0,0.0,0.0,normal
1.0,4601.0,15.0,1.0,0.0,0.0,0.0,0.0,0.0,0.0,1.0,0.0,0.0,0.0,0.0,normal
1.0,4602.0,14.0,1.0,0.0,0.0,0.0,0.0,0.0,0.0,37.4,-12.3,1.0,27.0,4.9,normal
1.0,4601.0,15.0,1.0,27.0,3.7,2.0,0.0,0.0,0.0,1.0,0.0,0.0,0.0,0.0,normal
1.0,4602.0,14.0,1.0,0.0,0.0,0.0,0.0,0.0,0.0,1.0,0.0,0.0,0.0,0.0,normal
1.0,4601.0,15.0,1.0,27.0,2.8,2.0,0.0,0.0,0.0,27.5,-27.6,1.0,27.0,4.9,normal
1.0,4602.0,14.0,1.0,0.0,0.0,0.0,0.0,0.0,0.0,1.0,0.0,0.0,0.0,0.0,normal
1.0,4601.0,15.0,1.0,27.0,3.7,2.0,0.0,0.0,0.0,1.0,0.0,0.0,0.0,0.0,normal
1.0,4602.0,14.0,1.0,0.0,0.0,0.0,0.0,0.0,0.0,1.0,0.0,0.0,0.0,0.0,normal
1.0,4601.0,15.0,1.0,0.0,0.0,0.0,0.0,0.0,0.0,1.0,0.0,0.0,0.0,0.0,normal
1.0,4602.0,14.0,1.0,0.0,0.0,0.0,0.0,0.0,0.0,1.0,0.0,0.0,0.0,0.0,normal
1.0,4601.0,15.0,1.0,0.0,0.0,0.0,0.0,0.0,0.0,1.0,0.0,0.0,0.0,0.0,normal
1.0,4602.0,14.0,1.0,0.0,0.0,0.0,0.0,0.0,0.0,1.0,0.0,0.0,0.0,0.0,normal
1.0,4601.0,15.0,1.0,0.0,0.0,0.0,0.0,0.0,0.0,27.0,-27.6,1.0,27.0,4.9,normal
1.0,4602.0,14.0,1.0,0.0,0.0,0.0,0.0,0.0,0.0,37.9,-12.6,1.0,27.0,4.9,normal
1.0,4601.0,15.0,1.0,27.0,11.0,6.0,0.0,0.0,0.0,1.0,0.0,0.0,0.0,0.0,normal
1.0,4602.0,14.0,1.0,0.0,0.0,0.0,0.0,0.0,0.0,1.0,0.0,0.0,0.0,0.0,normal
1.0,4601.0,15.0,1.0,27.0,7.5,4.0,0.0,0.0,0.0,26.6,-29.2,1.0,27.0,4.9,normal
1.0,4602.0,14.0,1.0,0.0,0.0,0.0,0.0,0.0,0.0,1.0,0.0,0.0,0.0,0.0,normal
1.0,4601.0,15.0,1.0,27.0,7.5,4.0,0.0,0.0,0.0,1.0,0.0,0.0,0.0,0.0,normal
1.0,4602.0,14.0,1.0,0.0,0.0,0.0,0.0,0.0,0.0,1.0,0.0,0.0,0.0,0.0,normal
1.0,4601.0,15.0,1.0,27.0,3.7,2.0,0.0,0.0,0.0,1.0,0.0,0.0,0.0,0.0,normal
1.0,4602.0,14.0,1.0,0.0,0.0,0.0,0.0,0.0,0.0,1.0,0.0,0.0,0.0,0.0,normal
1.0,4601.0,15.0,1.0,27.0,13.0,8.0,0.0,0.0,0.0,1.0,0.0,0.0,0.0,0.0,normal
1.0,4602.0,14.0,1.0,0.0,0.0,0.0,0.0,0.0,0.0,37.2,-12.2,1.0,27.0,4.9,normal
1.0,4601.0,15.0,1.0,27.0,3.7,2.0,0.0,0.0,0.0,1.0,0.0,0.0,0.0,0.0,normal
1.0,4602.0,14.0,1.0,0.0,0.0,0.0,0.0,0.0,0.0,37.5,-12.1,1.0,27.0,4.9,normal
1.0,4601.0,15.0,1.0,27.0,3.7,2.0,0.0,0.0,0.0,1.0,0.0,0.0,0.0,0.0,normal
1.0,4602.0,14.0,1.0,0.0,0.0,0.0,0.0,0.0,0.0,1.0,0.0,0.0,0.0,0.0,normal
1.0,4601.0,15.0,1.0,27.0,14.0,8.0,0.0,0.0,0.0,1.0,0.0,0.0,0.0,0.0,normal
1.0,4602.0,14.0,1.0,0.0,0.0,0.0,0.0,0.0,0.0,1.0,0.0,0.0,0.0,0.0,normal
1.0,4601.0,15.0,1.0,0.0,0.0,0.0,0.0,0.0,0.0,27.7,-28.1,1.0,26.0,4.7,normal
1.0,4602.0,13.0,1.0,0.0,0.0,0.0,0.0,0.0,0.0,37.6,-12.0,1.0,27.0,4.9,normal
1.0,4601.0,15.0,1.0,0.0,0.0,0.0,0.0,0.0,0.0,27.3,-28.0,1.0,27.0,9.7,normal
1.0,4602.0,14.0,1.0,0.0,0.0,0.0,0.0,0.0,0.0,1.0,0.0,0.0,0.0,0.0,normal
1.0,4601.0,15.0,1.0,0.0,0.0,0.0,0.0,0.0,0.0,1.0,0.0,0.0,0.0,0.0,normal
1.0,4602.0,14.0,1.0,0.0,0.0,0.0,0.0,0.0,0.0,1.0,0.0,0.0,0.0,0.0,normal
1.0,4601.0,15.0,1.0,0.0,0.0,0.0,0.0,0.0,0.0,26.9,-28.3,1.0,27.0,4.9,normal
1.0,4602.0,14.0,1.0,0.0,0.0,0.0,0.0,0.0,0.0,1.0,0.0,0.0,0.0,0.0,normal
1.0,4601.0,15.0,1.0,0.0,0.0,0.0,0.0,0.0,0.0,1.0,0.0,0.0,0.0,0.0,normal
1.0,4602.0,14.0,1.0,0.0,0.0,0.0,0.0,0.0,0.0,1.0,0.0,0.0,0.0,0.0,normal
1.0,4601.0,15.0,1.0,26.0,44.0,1074.0,6.0,0.0,546.0,27.3,-27.4,1.0,27.0,348.0,normal
1.0,4602.0,14.0,1.0,0.0,0.0,0.0,0.0,0.0,0.0,1.0,0.0,0.0,0.0,0.0,normal
1.0,4601.0,15.0,1.0,26.0,46.0,1120.0,3.0,0.0,474.0,27.5,-27.6,1.0,27.0,408.0,normal
1.0,4602.0,14.0,1.0,0.0,0.0,0.0,0.0,0.0,0.0,1.0,0.0,0.0,0.0,0.0,normal
1.0,4601.0,15.0,1.0,26.0,48.0,1169.0,6.0,0.0,0.0,27.1,-27.8,1.0,27.0,399.0,normal
1.0,4602.0,14.0,1.0,0.0,0.0,0.0,0.0,0.0,0.0,1.0,0.0,0.0,0.0,0.0,normal
1.0,4601.0,15.0,1.0,26.0,49.0,1194.0,2.0,0.0,450.0,27.1,-28.0,1.0,27.0,347.0,normal
1.0,4602.0,14.0,1.0,0.0,0.0,0.0,0.0,0.0,0.0,1.0,0.0,0.0,0.0,0.0,normal
1.0,4601.0,15.0,1.0,26.0,40.0,975.0,5.0,0.0,61.6,26.7,-27.9,1.0,27.0,327.0,normal
1.0,4602.0,14.0,1.0,0.0,0.0,0.0,0.0,0.0,0.0,1.0,0.0,0.0,0.0,0.0,normal
1.0,4601.0,15.0,1.0,26.0,33.0,805.0,5.0,0.0,740.0,25.8,-27.9,1.0,26.0,286.0,normal
1.0,4602.0,15.0,1.0,25.0,23.0,592.0,1.0,0.0,781.0,35.8,-10.6,1.0,27.0,327.0,normal
1.0,4601.0,15.0,1.0,27.0,28.0,699.0,0.0,0.0,235.0,25.7,-27.6,1.0,26.0,249.0,normal
1.0,4602.0,15.0,1.0,26.0,29.0,699.0,2.0,0.0,783.0,35.5,-10.6,1.0,27.0,339.0,normal
1.0,4601.0,15.0,1.0,26.0,24.0,635.0,4.0,0.0,655.0,25.5,-27.7,1.0,26.0,235.0,normal
1.0,4602.0,15.0,1.0,26.0,28.0,685.0,2.0,0.0,743.0,35.2,-11.2,1.0,27.0,326.0,normal
1.0,4601.0,15.0,1.0,27.0,28.0,697.0,0.0,0.0,332.0,25.4,-27.7,1.0,26.0,230.0,normal
1.0,4602.0,15.0,1.0,26.0,29.0,697.0,8.0,1.0,792.0,35.9,-10.4,1.0,27.0,339.0,normal
1.0,4601.0,15.0,1.0,27.0,2.8,74.0,0.0,0.0,0.0,24.7,-27.9,1.0,25.0,27.0,normal
1.0,4602.0,15.0,1.0,26.0,39.0,950.0,8.0,0.0,44.5,36.1,-11.8,1.0,27.0,339.0,normal
1.0,4601.0,15.0,1.0,27.0,7.5,4.0,0.0,0.0,0.0,1.0,0.0,0.0,0.0,0.0,normal
1.0,4602.0,15.0,1.0,25.0,55.0,1374.0,26.0,1.0,240.0,36.1,-11.1,1.0,27.0,380.0,normal
1.0,4601.0,15.0,1.0,27.0,7.5,4.0,0.0,0.0,0.0,1.0,0.0,0.0,0.0,0.0,normal
1.0,4602.0,15.0,1.0,25.0,43.0,1079.0,2.0,0.0,130.0,35.8,-11.7,1.0,27.0,353.0,normal
1.0,4601.0,15.0,1.0,0.0,0.0,0.0,0.0,0.0,0.0,1.0,0.0,0.0,0.0,0.0,normal
1.0,4602.0,15.0,1.0,26.0,45.0,1220.0,11.0,0.0,11.3,36.0,-11.6,1.0,27.0,391.0,normal
1.0,4601.0,15.0,1.0,27.0,2.8,2.0,0.0,0.0,0.0,1.0,0.0,0.0,0.0,0.0,normal
1.0,4602.0,15.0,1.0,25.0,22.0,708.0,10.0,1.0,0.0,36.1,-11.0,1.0,27.0,181.0,normal
1.0,4601.0,15.0,1.0,0.0,0.0,0.0,0.0,0.0,0.0,1.0,0.0,0.0,0.0,0.0,normal
1.0,4602.0,15.0,1.0,0.0,0.0,0.0,0.0,0.0,0.0,1.0,0.0,0.0,0.0,0.0,normal
1.0,4601.0,15.0,1.0,27.0,3.7,2.0,0.0,0.0,0.0,1.0,0.0,0.0,0.0,0.0,normal
1.0,4602.0,15.0,1.0,0.0,0.0,0.0,0.0,0.0,0.0,1.0,0.0,0.0,0.0,0.0,normal
1.0,4601.0,15.0,1.0,0.0,0.0,0.0,0.0,0.0,0.0,1.0,0.0,0.0,0.0,0.0,normal
1.0,4602.0,15.0,1.0,0.0,0.0,0.0,0.0,0.0,0.0,1.0,0.0,0.0,0.0,0.0,normal
1.0,4601.0,15.0,1.0,0.0,0.0,0.0,0.0,0.0,0.0,1.0,0.0,0.0,0.0,0.0,normal
1.0,4602.0,14.0,1.0,0.0,0.0,0.0,0.0,0.0,0.0,1.0,0.0,0.0,0.0,0.0,normal
1.0,4601.0,15.0,1.0,25.0,3.5,2.0,0.0,0.0,0.0,1.0,0.0,0.0,0.0,0.0,normal
1.0,4602.0,13.0,1.0,0.0,0.0,0.0,0.0,0.0,0.0,1.0,0.0,0.0,0.0,0.0,normal
1.0,4601.0,15.0,1.0,0.0,0.0,0.0,0.0,0.0,0.0,1.0,0.0,0.0,0.0,0.0,normal
1.0,4602.0,14.0,1.0,23.0,3.2,2.0,0.0,0.0,0.0,37.2,-12.4,1.0,27.0,9.7,normal
1.0,4601.0,15.0,1.0,0.0,0.0,0.0,0.0,0.0,0.0,1.0,0.0,0.0,0.0,0.0,normal
1.0,4602.0,15.0,1.0,0.0,0.0,0.0,0.0,0.0,0.0,1.0,0.0,0.0,0.0,0.0,normal
1.0,4601.0,15.0,1.0,27.0,2.8,2.0,0.0,0.0,0.0,1.0,0.0,0.0,0.0,0.0,normal
1.0,4602.0,15.0,1.0,0.0,0.0,0.0,0.0,0.0,0.0,1.0,0.0,0.0,0.0,0.0,normal
1.0,4601.0,15.0,1.0,0.0,0.0,0.0,0.0,0.0,0.0,27.4,-27.3,1.0,25.0,4.5,normal
1.0,4602.0,15.0,1.0,0.0,0.0,0.0,0.0,0.0,0.0,36.0,-12.1,1.0,27.0,4.9,normal
1.0,4601.0,15.0,1.0,0.0,0.0,0.0,0.0,0.0,0.0,1.0,0.0,0.0,0.0,0.0,normal
1.0,4602.0,15.0,1.0,0.0,0.0,0.0,0.0,0.0,0.0,35.8,-12.1,1.0,27.0,9.7,normal
1.0,4601.0,15.0,1.0,27.0,2.8,2.0,0.0,0.0,0.0,27.5,-27.1,1.0,27.0,4.9,normal
1.0,4602.0,15.0,1.0,0.0,0.0,0.0,0.0,0.0,0.0,1.0,0.0,0.0,0.0,0.0,normal
1.0,4601.0,15.0,1.0,0.0,0.0,0.0,0.0,0.0,0.0,27.5,-27.1,1.0,27.0,4.9,normal
1.0,4602.0,15.0,1.0,0.0,0.0,0.0,0.0,0.0,0.0,1.0,0.0,0.0,0.0,0.0,normal
1.0,4601.0,15.0,1.0,27.0,7.5,4.0,0.0,0.0,0.0,1.0,0.0,0.0,0.0,0.0,normal
1.0,4602.0,15.0,1.0,0.0,0.0,0.0,0.0,0.0,0.0,36.7,-12.1,1.0,27.0,4.9,normal
1.0,4601.0,15.0,1.0,0.0,0.0,0.0,0.0,0.0,0.0,28.5,-27.2,1.0,27.0,4.9,normal
1.0,4602.0,15.0,1.0,0.0,0.0,0.0,0.0,0.0,0.0,1.0,0.0,0.0,0.0,0.0,normal
1.0,4601.0,15.0,1.0,0.0,0.0,0.0,0.0,0.0,0.0,1.0,0.0,0.0,0.0,0.0,normal
1.0,4602.0,15.0,1.0,0.0,0.0,0.0,0.0,0.0,0.0,37.0,-12.1,1.0,27.0,4.9,normal
1.0,4601.0,15.0,1.0,27.0,5.6,3.0,0.0,0.0,0.0,27.7,-27.1,1.0,27.0,9.7,normal
1.0,4602.0,15.0,1.0,0.0,0.0,0.0,0.0,0.0,0.0,1.0,0.0,0.0,0.0,0.0,normal
1.0,4601.0,15.0,1.0,0.0,0.0,0.0,0.0,0.0,0.0,1.0,0.0,0.0,0.0,0.0,normal
1.0,4602.0,14.0,1.0,25.0,4.7,3.0,0.0,0.0,0.0,36.6,-12.1,1.0,27.0,4.9,normal
1.0,4601.0,15.0,1.0,27.0,10.0,6.0,0.0,0.0,0.0,1.0,0.0,0.0,0.0,0.0,normal
1.0,4602.0,15.0,1.0,25.0,9.5,6.0,0.0,0.0,0.0,36.5,-12.1,1.0,27.0,19.0,normal
1.0,4601.0,15.0,1.0,26.0,3.6,2.0,0.0,0.0,0.0,1.0,0.0,0.0,0.0,0.0,normal
1.0,4602.0,15.0,1.0,0.0,0.0,0.0,0.0,0.0,0.0,1.0,0.0,0.0,0.0,0.0,normal
1.0,4601.0,15.0,1.0,0.0,0.0,0.0,0.0,0.0,0.0,1.0,0.0,0.0,0.0,0.0,normal
1.0,4602.0,15.0,1.0,0.0,0.0,0.0,0.0,0.0,0.0,1.0,0.0,0.0,0.0,0.0,normal
1.0,4601.0,15.0,1.0,26.0,13.0,8.0,0.0,0.0,0.0,1.0,0.0,0.0,0.0,0.0,normal
1.0,4602.0,15.0,1.0,0.0,0.0,0.0,0.0,0.0,0.0,1.0,0.0,0.0,0.0,0.0,normal
1.0,4601.0,15.0,1.0,0.0,0.0,0.0,0.0,0.0,0.0,1.0,0.0,0.0,0.0,0.0,normal
1.0,4602.0,15.0,1.0,0.0,0.0,0.0,0.0,0.0,0.0,1.0,0.0,0.0,0.0,0.0,normal
1.0,4601.0,15.0,1.0,0.0,0.0,0.0,0.0,0.0,0.0,1.0,0.0,0.0,0.0,0.0,normal
1.0,4602.0,15.0,1.0,0.0,0.0,0.0,0.0,0.0,0.0,36.3,-12.1,1.0,27.0,9.7,normal
1.0,4601.0,15.0,1.0,0.0,0.0,0.0,0.0,0.0,0.0,1.0,0.0,0.0,0.0,0.0,normal
1.0,4602.0,15.0,1.0,0.0,0.0,0.0,0.0,0.0,0.0,37.0,-12.2,1.0,27.0,9.7,normal
1.0,4601.0,15.0,1.0,27.0,3.7,2.0,0.0,0.0,0.0,1.0,0.0,0.0,0.0,0.0,normal
1.0,4602.0,15.0,1.0,0.0,0.0,0.0,0.0,0.0,0.0,1.0,0.0,0.0,0.0,0.0,normal
1.0,4601.0,15.0,1.0,0.0,0.0,0.0,0.0,0.0,0.0,1.0,0.0,0.0,0.0,0.0,normal
1.0,4602.0,15.0,1.0,0.0,0.0,0.0,0.0,0.0,0.0,36.8,-12.3,1.0,27.0,4.9,normal
1.0,4601.0,15.0,1.0,27.0,0.0,0.0,0.0,0.0,0.0,1.0,0.0,0.0,0.0,0.0,normal
1.0,4602.0,15.0,1.0,0.0,0.0,0.0,0.0,0.0,0.0,35.9,-12.1,1.0,27.0,9.7,normal
1.0,4601.0,15.0,1.0,27.0,7.5,4.0,0.0,0.0,0.0,27.4,-27.3,1.0,27.0,4.9,normal
1.0,4602.0,15.0,1.0,0.0,0.0,0.0,0.0,0.0,0.0,37.5,-12.2,1.0,27.0,4.9,normal
1.0,4601.0,15.0,1.0,27.0,3.7,2.0,0.0,0.0,0.0,1.0,0.0,0.0,0.0,0.0,normal
1.0,4602.0,15.0,1.0,0.0,0.0,0.0,0.0,0.0,0.0,1.0,0.0,0.0,0.0,0.0,normal
1.0,4601.0,15.0,1.0,0.0,0.0,0.0,0.0,0.0,0.0,28.3,-27.2,1.0,27.0,4.9,normal
1.0,4602.0,14.0,1.0,0.0,0.0,0.0,0.0,0.0,0.0,1.0,0.0,0.0,0.0,0.0,normal
1.0,4601.0,15.0,1.0,0.0,0.0,0.0,0.0,0.0,0.0,27.6,-27.1,1.0,27.0,9.7,normal
1.0,4602.0,14.0,1.0,0.0,0.0,0.0,0.0,0.0,0.0,1.0,0.0,0.0,0.0,0.0,normal
1.0,4601.0,15.0,1.0,27.0,7.5,4.0,0.0,0.0,0.0,1.0,0.0,0.0,0.0,0.0,normal
1.0,4602.0,13.0,1.0,0.0,0.0,0.0,0.0,0.0,0.0,1.0,0.0,0.0,0.0,0.0,normal
1.0,4601.0,15.0,1.0,0.0,0.0,0.0,0.0,0.0,0.0,27.8,-27.0,1.0,27.0,4.9,normal
1.0,4602.0,14.0,1.0,0.0,0.0,0.0,0.0,0.0,0.0,1.0,0.0,0.0,0.0,0.0,normal
1.0,4601.0,15.0,1.0,0.0,0.0,0.0,0.0,0.0,0.0,1.0,0.0,0.0,0.0,0.0,normal
1.0,4602.0,14.0,1.0,0.0,0.0,0.0,0.0,0.0,0.0,1.0,0.0,0.0,0.0,0.0,normal
1.0,4601.0,15.0,1.0,0.0,0.0,0.0,0.0,0.0,0.0,1.0,0.0,0.0,0.0,0.0,normal
1.0,4602.0,13.0,1.0,0.0,0.0,0.0,0.0,0.0,0.0,35.0,-12.0,1.0,27.0,4.9,normal
1.0,4601.0,15.0,1.0,27.0,10.0,6.0,0.0,0.0,0.0,1.0,0.0,0.0,0.0,0.0,normal
1.0,4602.0,13.0,1.0,0.0,0.0,0.0,0.0,0.0,0.0,37.0,-12.1,1.0,27.0,4.9,normal
1.0,4601.0,15.0,1.0,27.0,47.0,1144.0,2.0,0.0,335.0,28.0,-26.7,1.0,27.0,322.0,normal
1.0,4602.0,14.0,1.0,0.0,0.0,0.0,0.0,0.0,0.0,33.6,-12.1,1.0,27.0,4.9,normal
1.0,4601.0,15.0,1.0,27.0,47.0,1143.0,1.0,0.0,0.0,27.6,-26.8,1.0,27.0,318.0,normal
1.0,4602.0,14.0,1.0,0.0,0.0,0.0,0.0,0.0,0.0,37.4,-12.1,1.0,27.0,4.9,normal
1.0,4601.0,15.0,1.0,26.0,55.0,1326.0,4.0,0.0,230.0,27.9,-26.8,1.0,27.0,319.0,normal
1.0,4602.0,14.0,1.0,0.0,0.0,0.0,0.0,0.0,0.0,1.0,0.0,0.0,0.0,0.0,normal
1.0,4601.0,15.0,1.0,27.0,52.0,1273.0,2.0,0.0,542.0,28.2,-26.4,1.0,27.0,360.0,normal
1.0,4602.0,14.0,1.0,0.0,0.0,0.0,0.0,0.0,0.0,37.2,-12.1,1.0,27.0,4.9,normal
1.0,4601.0,15.0,1.0,27.0,45.0,1093.0,0.0,0.0,359.0,28.3,-26.6,1.0,27.0,324.0,normal
1.0,4602.0,14.0,1.0,0.0,0.0,0.0,0.0,0.0,0.0,1.0,0.0,0.0,0.0,0.0,normal
1.0,4601.0,15.0,1.0,26.0,29.0,722.0,5.0,0.0,748.0,26.8,-26.3,1.0,26.0,289.0,normal
1.0,4602.0,15.0,1.0,26.0,28.0,688.0,4.0,0.0,999.0,35.9,-10.6,1.0,27.0,368.0,normal
1.0,4601.0,15.0,1.0,26.0,29.0,696.0,4.0,0.0,621.0,27.7,-25.0,1.0,27.0,331.0,normal
1.0,4602.0,15.0,1.0,26.0,28.0,696.0,4.0,0.0,649.0,36.1,-10.3,1.0,27.0,339.0,normal
1.0,4601.0,15.0,1.0,27.0,26.0,626.0,0.0,0.0,325.0,27.6,-25.7,1.0,27.0,241.0,normal
1.0,4602.0,15.0,1.0,26.0,25.0,678.0,5.0,0.0,307.0,35.6,-11.2,1.0,27.0,318.0,normal
1.0,4601.0,15.0,1.0,27.0,29.0,696.0,0.0,0.0,634.0,25.8,-26.4,1.0,25.0,248.0,normal
1.0,4602.0,15.0,1.0,26.0,28.0,695.0,9.0,1.0,356.0,36.1,-10.0,1.0,27.0,339.0,normal
1.0,4601.0,15.0,1.0,27.0,5.3,128.0,0.0,0.0,0.0,24.0,-27.9,1.0,24.0,48.0,normal
1.0,4602.0,15.0,1.0,26.0,45.0,1162.0,10.0,0.0,16.9,35.9,-10.7,1.0,27.0,375.0,normal
1.0,4601.0,15.0,1.0,26.0,11.0,6.0,0.0,0.0,0.0,1.0,0.0,0.0,0.0,0.0,normal
1.0,4602.0,15.0,1.0,26.0,47.0,1175.0,14.0,1.0,0.0,35.7,-11.1,1.0,27.0,344.0,normal
1.0,4601.0,15.0,1.0,27.0,7.5,4.0,0.0,0.0,0.0,1.0,0.0,0.0,0.0,0.0,normal
1.0,4602.0,15.0,1.0,26.0,50.0,1243.0,6.0,0.0,78.4,35.3,-11.9,1.0,27.0,312.0,normal
1.0,4601.0,15.0,1.0,27.0,3.7,2.0,0.0,0.0,0.0,1.0,0.0,0.0,0.0,0.0,normal
1.0,4602.0,15.0,1.0,26.0,16.0,419.0,8.0,1.0,0.0,35.4,-11.5,1.0,27.0,168.0,normal
1.0,4601.0,15.0,1.0,27.0,3.7,2.0,0.0,0.0,0.0,1.0,0.0,0.0,0.0,0.0,normal
1.0,4602.0,15.0,1.0,0.0,0.0,0.0,0.0,0.0,0.0,1.0,0.0,0.0,0.0,0.0,normal
1.0,4601.0,15.0,1.0,27.0,3.7,2.0,0.0,0.0,0.0,1.0,0.0,0.0,0.0,0.0,normal
1.0,4602.0,15.0,1.0,0.0,0.0,0.0,0.0,0.0,0.0,1.0,0.0,0.0,0.0,0.0,normal
1.0,4601.0,15.0,1.0,26.0,7.3,4.0,0.0,0.0,0.0,1.0,0.0,0.0,0.0,0.0,normal
1.0,4602.0,15.0,1.0,0.0,0.0,0.0,0.0,0.0,0.0,1.0,0.0,0.0,0.0,0.0,normal
1.0,4601.0,15.0,1.0,27.0,2.8,2.0,0.0,0.0,0.0,1.0,0.0,0.0,0.0,0.0,normal
1.0,4602.0,15.0,1.0,0.0,0.0,0.0,0.0,0.0,0.0,37.2,-12.1,1.0,27.0,4.9,normal
1.0,4601.0,15.0,1.0,0.0,0.0,0.0,0.0,0.0,0.0,1.0,0.0,0.0,0.0,0.0,normal
1.0,4602.0,14.0,1.0,0.0,0.0,0.0,0.0,0.0,0.0,35.2,-12.0,1.0,27.0,4.9,normal
1.0,4601.0,15.0,1.0,0.0,0.0,0.0,0.0,0.0,0.0,27.5,-27.9,1.0,25.0,4.5,normal
1.0,4602.0,14.0,1.0,0.0,0.0,0.0,0.0,0.0,0.0,1.0,0.0,0.0,0.0,0.0,normal
1.0,4601.0,15.0,1.0,27.0,11.0,6.0,0.0,0.0,0.0,1.0,0.0,0.0,0.0,0.0,normal
1.0,4602.0,14.0,1.0,0.0,0.0,0.0,0.0,0.0,0.0,35.7,-12.2,1.0,27.0,4.9,normal
1.0,4601.0,15.0,1.0,0.0,0.0,0.0,0.0,0.0,0.0,1.0,0.0,0.0,0.0,0.0,normal
1.0,4602.0,14.0,1.0,0.0,0.0,0.0,0.0,0.0,0.0,1.0,0.0,0.0,0.0,0.0,normal
1.0,4601.0,15.0,1.0,26.0,9.1,5.0,0.0,0.0,0.0,27.4,-27.5,1.0,27.0,15.0,normal
1.0,4602.0,14.0,1.0,0.0,0.0,0.0,0.0,0.0,0.0,1.0,0.0,0.0,0.0,0.0,normal
1.0,4601.0,15.0,1.0,27.0,2.8,2.0,0.0,0.0,0.0,1.0,0.0,0.0,0.0,0.0,normal
1.0,4602.0,14.0,1.0,0.0,0.0,0.0,0.0,0.0,0.0,1.0,0.0,0.0,0.0,0.0,normal
1.0,4601.0,15.0,1.0,26.0,3.6,2.0,0.0,0.0,0.0,1.0,0.0,0.0,0.0,0.0,normal
1.0,4602.0,14.0,1.0,0.0,0.0,0.0,0.0,0.0,0.0,36.5,-12.5,1.0,27.0,9.7,normal
1.0,4601.0,15.0,1.0,27.0,7.3,4.0,0.0,0.0,0.0,1.0,0.0,0.0,0.0,0.0,normal
1.0,4602.0,14.0,1.0,0.0,0.0,0.0,0.0,0.0,0.0,1.0,0.0,0.0,0.0,0.0,normal
1.0,4601.0,15.0,1.0,27.0,3.7,2.0,0.0,0.0,0.0,27.5,-27.8,1.0,27.0,4.9,normal
1.0,4602.0,14.0,1.0,0.0,0.0,0.0,0.0,0.0,0.0,36.9,-12.4,1.0,27.0,4.9,normal
1.0,4601.0,15.0,1.0,0.0,0.0,0.0,0.0,0.0,0.0,27.2,-27.9,1.0,27.0,4.9,normal
1.0,4602.0,14.0,1.0,0.0,0.0,0.0,0.0,0.0,0.0,1.0,0.0,0.0,0.0,0.0,normal
1.0,4601.0,15.0,1.0,0.0,0.0,0.0,0.0,0.0,0.0,1.0,0.0,0.0,0.0,0.0,normal
1.0,4602.0,13.0,1.0,0.0,0.0,0.0,0.0,0.0,0.0,1.0,0.0,0.0,0.0,0.0,normal
1.0,4601.0,15.0,1.0,0.0,0.0,0.0,0.0,0.0,0.0,1.0,0.0,0.0,0.0,0.0,normal
1.0,4602.0,14.0,1.0,0.0,0.0,0.0,0.0,0.0,0.0,1.0,0.0,0.0,0.0,0.0,normal
1.0,4601.0,15.0,1.0,27.0,3.7,2.0,0.0,0.0,0.0,27.3,-27.8,1.0,27.0,4.9,normal
1.0,4602.0,14.0,1.0,23.0,6.2,4.0,0.0,0.0,0.0,35.2,-12.4,1.0,27.0,19.0,normal
1.0,4601.0,15.0,1.0,27.0,3.7,2.0,0.0,0.0,0.0,27.2,-27.8,1.0,27.0,4.9,normal
1.0,4602.0,15.0,1.0,0.0,0.0,0.0,0.0,0.0,0.0,1.0,0.0,0.0,0.0,0.0,normal
1.0,4601.0,15.0,1.0,0.0,0.0,0.0,0.0,0.0,0.0,28.8,-27.7,1.0,27.0,4.9,normal
1.0,4602.0,15.0,1.0,0.0,0.0,0.0,0.0,0.0,0.0,1.0,0.0,0.0,0.0,0.0,normal
1.0,4601.0,15.0,1.0,0.0,0.0,0.0,0.0,0.0,0.0,1.0,0.0,0.0,0.0,0.0,normal
1.0,4602.0,15.0,1.0,0.0,0.0,0.0,0.0,0.0,0.0,35.2,-12.4,1.0,27.0,4.9,normal
1.0,4601.0,15.0,1.0,0.0,0.0,0.0,0.0,0.0,0.0,1.0,0.0,0.0,0.0,0.0,normal
1.0,4602.0,15.0,1.0,0.0,0.0,0.0,0.0,0.0,0.0,1.0,0.0,0.0,0.0,0.0,normal
1.0,4601.0,15.0,1.0,27.0,5.6,3.0,0.0,0.0,0.0,27.8,-27.8,1.0,27.0,4.9,normal
1.0,4602.0,15.0,1.0,0.0,0.0,0.0,0.0,0.0,0.0,1.0,0.0,0.0,0.0,0.0,normal
1.0,4601.0,15.0,1.0,27.0,5.6,3.0,0.0,0.0,0.0,1.0,0.0,0.0,0.0,0.0,normal
1.0,4602.0,15.0,1.0,0.0,0.0,0.0,0.0,0.0,0.0,1.0,0.0,0.0,0.0,0.0,normal
1.0,4601.0,15.0,1.0,27.0,7.3,4.0,0.0,0.0,0.0,1.0,0.0,0.0,0.0,0.0,normal
1.0,4602.0,15.0,1.0,0.0,0.0,0.0,0.0,0.0,0.0,1.0,0.0,0.0,0.0,0.0,normal
1.0,4601.0,15.0,1.0,27.0,3.7,2.0,0.0,0.0,0.0,1.0,0.0,0.0,0.0,0.0,normal
1.0,4602.0,15.0,1.0,0.0,0.0,0.0,0.0,0.0,0.0,36.0,-12.5,1.0,27.0,4.9,normal
1.0,4601.0,15.0,1.0,27.0,7.5,4.0,0.0,0.0,0.0,1.0,0.0,0.0,0.0,0.0,normal
1.0,4602.0,15.0,1.0,0.0,0.0,0.0,0.0,0.0,0.0,1.0,0.0,0.0,0.0,0.0,normal
1.0,4601.0,15.0,1.0,27.0,6.5,4.0,0.0,0.0,0.0,1.0,0.0,0.0,0.0,0.0,normal
1.0,4602.0,15.0,1.0,0.0,0.0,0.0,0.0,0.0,0.0,1.0,0.0,0.0,0.0,0.0,normal
1.0,4601.0,15.0,1.0,27.0,7.5,4.0,0.0,0.0,0.0,28.1,-26.8,1.0,27.0,9.7,normal
1.0,4602.0,15.0,1.0,0.0,0.0,0.0,0.0,0.0,0.0,1.0,0.0,0.0,0.0,0.0,normal
1.0,4601.0,15.0,1.0,0.0,0.0,0.0,0.0,0.0,0.0,1.0,0.0,0.0,0.0,0.0,normal
1.0,4602.0,15.0,1.0,24.0,3.3,2.0,0.0,0.0,0.0,36.4,-12.1,1.0,27.0,15.0,normal
1.0,4601.0,15.0,1.0,27.0,3.7,2.0,0.0,0.0,0.0,1.0,0.0,0.0,0.0,0.0,normal
1.0,4602.0,15.0,1.0,0.0,0.0,0.0,0.0,0.0,0.0,37.4,-12.1,1.0,27.0,15.0,normal
1.0,4601.0,15.0,1.0,27.0,10.0,6.0,0.0,0.0,0.0,1.0,0.0,0.0,0.0,0.0,normal
1.0,4602.0,15.0,1.0,0.0,0.0,0.0,0.0,0.0,0.0,37.4,-12.1,1.0,27.0,4.9,normal
1.0,4601.0,15.0,1.0,0.0,0.0,0.0,0.0,0.0,0.0,1.0,0.0,0.0,0.0,0.0,normal
1.0,4602.0,15.0,1.0,0.0,0.0,0.0,0.0,0.0,0.0,36.4,-12.4,1.0,27.0,9.7,normal
1.0,4601.0,15.0,1.0,0.0,0.0,0.0,0.0,0.0,0.0,27.6,-27.6,1.0,27.0,4.9,normal
1.0,4602.0,15.0,1.0,0.0,0.0,0.0,0.0,0.0,0.0,37.7,-12.5,1.0,27.0,9.7,normal
1.0,4601.0,15.0,1.0,0.0,0.0,0.0,0.0,0.0,0.0,1.0,0.0,0.0,0.0,0.0,normal
1.0,4602.0,15.0,1.0,0.0,0.0,0.0,0.0,0.0,0.0,1.0,0.0,0.0,0.0,0.0,normal
1.0,4601.0,15.0,1.0,27.0,3.7,2.0,0.0,0.0,0.0,1.0,0.0,0.0,0.0,0.0,normal
1.0,4602.0,15.0,1.0,0.0,0.0,0.0,0.0,0.0,0.0,1.0,0.0,0.0,0.0,0.0,normal
1.0,4601.0,15.0,1.0,0.0,0.0,0.0,0.0,0.0,0.0,27.8,-27.6,1.0,27.0,9.7,normal
1.0,4602.0,15.0,1.0,0.0,0.0,0.0,0.0,0.0,0.0,1.0,0.0,0.0,0.0,0.0,normal
1.0,4601.0,15.0,1.0,26.0,44.0,1077.0,6.0,0.0,488.0,27.5,-27.2,1.0,27.0,308.0,normal
1.0,4602.0,14.0,1.0,0.0,0.0,0.0,0.0,0.0,0.0,1.0,0.0,0.0,0.0,0.0,normal
1.0,4601.0,15.0,1.0,26.0,53.0,1281.0,2.0,0.0,0.0,27.1,-26.9,1.0,27.0,471.0,normal
1.0,4602.0,15.0,1.0,0.0,0.0,0.0,0.0,0.0,0.0,1.0,0.0,0.0,0.0,0.0,normal
1.0,4601.0,15.0,1.0,26.0,46.0,1127.0,3.0,0.0,655.0,27.7,-27.3,1.0,27.0,276.0,normal
1.0,4602.0,15.0,1.0,0.0,0.0,0.0,0.0,0.0,0.0,1.0,0.0,0.0,0.0,0.0,normal
1.0,4601.0,15.0,1.0,27.0,43.0,1045.0,1.0,0.0,26.8,27.7,-27.1,1.0,27.0,304.0,normal
1.0,4602.0,15.0,1.0,0.0,0.0,0.0,0.0,0.0,0.0,1.0,0.0,0.0,0.0,0.0,normal
1.0,4601.0,15.0,1.0,26.0,58.0,1397.0,3.0,0.0,508.0,27.6,-27.2,1.0,27.0,339.0,normal
1.0,4602.0,14.0,1.0,0.0,0.0,0.0,0.0,0.0,0.0,1.0,0.0,0.0,0.0,0.0,normal
1.0,4601.0,15.0,1.0,26.0,42.0,1039.0,6.0,0.0,272.0,27.1,-27.3,1.0,27.0,317.0,normal
1.0,4602.0,14.0,1.0,0.0,0.0,0.0,0.0,0.0,0.0,1.0,0.0,0.0,0.0,0.0,normal
1.0,4601.0,15.0,1.0,26.0,58.0,1397.0,3.0,0.0,494.0,27.3,-27.3,1.0,27.0,346.0,normal
1.0,4602.0,14.0,1.0,0.0,0.0,0.0,0.0,0.0,0.0,1.0,0.0,0.0,0.0,0.0,normal
1.0,4601.0,15.0,1.0,26.0,14.0,358.0,2.0,0.0,0.0,27.7,-27.2,1.0,27.0,140.0,normal
1.0,4602.0,14.0,1.0,0.0,0.0,0.0,0.0,0.0,0.0,1.0,0.0,0.0,0.0,0.0,normal
1.0,4601.0,15.0,1.0,26.0,18.0,10.0,0.0,0.0,0.0,1.0,0.0,0.0,0.0,0.0,normal
1.0,4602.0,15.0,1.0,26.0,30.0,793.0,4.0,0.0,31.3,35.6,-12.0,1.0,27.0,295.0,normal
1.0,4601.0,15.0,1.0,27.0,10.0,6.0,0.0,0.0,0.0,1.0,0.0,0.0,0.0,0.0,normal
1.0,4602.0,15.0,1.0,26.0,41.0,1016.0,8.0,0.0,21.9,35.4,-11.9,1.0,27.0,426.0,normal
1.0,4601.0,15.0,1.0,27.0,6.5,4.0,0.0,0.0,0.0,1.0,0.0,0.0,0.0,0.0,normal
1.0,4602.0,15.0,1.0,26.0,57.0,1395.0,5.0,0.0,14.1,35.7,-12.1,1.0,27.0,353.0,normal
1.0,4601.0,15.0,1.0,0.0,0.0,0.0,0.0,0.0,0.0,1.0,0.0,0.0,0.0,0.0,normal
1.0,4602.0,15.0,1.0,26.0,48.0,1194.0,8.0,0.0,70.0,35.7,-12.0,1.0,27.0,352.0,normal
1.0,4601.0,15.0,1.0,0.0,0.0,0.0,0.0,0.0,0.0,25.9,-27.9,1.0,27.0,4.9,normal
1.0,4602.0,15.0,1.0,26.0,48.0,1190.0,7.0,0.0,46.1,35.6,-12.0,1.0,27.0,346.0,normal
1.0,4601.0,15.0,1.0,0.0,0.0,0.0,0.0,0.0,0.0,1.0,0.0,0.0,0.0,0.0,normal
1.0,4602.0,15.0,1.0,26.0,52.0,1286.0,4.0,0.0,11.3,35.5,-12.1,1.0,27.0,361.0,normal
1.0,4601.0,15.0,1.0,27.0,7.5,4.0,0.0,0.0,0.0,1.0,0.0,0.0,0.0,0.0,normal
1.0,4602.0,14.0,1.0,26.0,1.2,39.0,1.0,2.0,0.0,36.2,-12.2,1.0,27.0,12.0,normal
1.0,4601.0,15.0,1.0,27.0,3.7,2.0,0.0,0.0,0.0,27.4,-27.9,1.0,27.0,4.9,normal
1.0,4602.0,14.0,1.0,0.0,0.0,0.0,0.0,0.0,0.0,1.0,0.0,0.0,0.0,0.0,normal
1.0,4601.0,15.0,1.0,0.0,0.0,0.0,0.0,0.0,0.0,1.0,0.0,0.0,0.0,0.0,normal
1.0,4602.0,14.0,1.0,0.0,0.0,0.0,0.0,0.0,0.0,1.0,0.0,0.0,0.0,0.0,normal
1.0,4601.0,15.0,1.0,0.0,0.0,0.0,0.0,0.0,0.0,1.0,0.0,0.0,0.0,0.0,normal
1.0,4602.0,14.0,1.0,0.0,0.0,0.0,0.0,0.0,0.0,1.0,0.0,0.0,0.0,0.0,normal
1.0,4601.0,15.0,1.0,26.0,3.5,2.0,0.0,0.0,0.0,1.0,0.0,0.0,0.0,0.0,normal
1.0,4602.0,14.0,1.0,0.0,0.0,0.0,0.0,0.0,0.0,1.0,0.0,0.0,0.0,0.0,normal
1.0,4601.0,15.0,1.0,0.0,0.0,0.0,0.0,0.0,0.0,1.0,0.0,0.0,0.0,0.0,normal
1.0,4602.0,14.0,1.0,0.0,0.0,0.0,0.0,0.0,0.0,1.0,0.0,0.0,0.0,0.0,normal
1.0,4601.0,15.0,1.0,0.0,0.0,0.0,0.0,0.0,0.0,26.8,-27.0,1.0,27.0,4.9,normal
1.0,4602.0,14.0,1.0,0.0,0.0,0.0,0.0,0.0,0.0,34.9,-12.3,1.0,27.0,4.9,normal
1.0,4601.0,15.0,1.0,26.0,3.5,2.0,0.0,0.0,0.0,27.8,-27.4,1.0,27.0,4.9,normal
1.0,4602.0,14.0,1.0,0.0,0.0,0.0,0.0,0.0,0.0,1.0,0.0,0.0,0.0,0.0,normal
1.0,4601.0,15.0,1.0,27.0,3.7,2.0,0.0,0.0,0.0,1.0,0.0,0.0,0.0,0.0,normal
1.0,4602.0,14.0,1.0,24.0,1.7,1.0,0.0,0.0,0.0,1.0,0.0,0.0,0.0,0.0,normal
1.0,4601.0,15.0,1.0,0.0,0.0,0.0,0.0,0.0,0.0,27.8,-26.9,1.0,27.0,4.9,normal
1.0,4602.0,15.0,1.0,25.0,5.3,3.0,0.0,0.0,0.0,38.0,-12.4,1.0,27.0,9.7,normal
1.0,4601.0,15.0,1.0,27.0,2.8,2.0,0.0,0.0,0.0,27.7,-26.9,1.0,27.0,4.9,normal
1.0,4602.0,15.0,1.0,0.0,0.0,0.0,0.0,0.0,0.0,1.0,0.0,0.0,0.0,0.0,normal
1.0,4601.0,15.0,1.0,0.0,0.0,0.0,0.0,0.0,0.0,1.0,0.0,0.0,0.0,0.0,normal
1.0,4602.0,15.0,1.0,0.0,0.0,0.0,0.0,0.0,0.0,1.0,0.0,0.0,0.0,0.0,normal
1.0,4601.0,15.0,1.0,27.0,3.7,2.0,0.0,0.0,0.0,1.0,0.0,0.0,0.0,0.0,normal
1.0,4602.0,15.0,1.0,0.0,0.0,0.0,0.0,0.0,0.0,1.0,0.0,0.0,0.0,0.0,normal
1.0,4601.0,15.0,1.0,0.0,0.0,0.0,0.0,0.0,0.0,27.3,-27.2,1.0,27.0,4.9,normal
1.0,4602.0,15.0,1.0,0.0,0.0,0.0,0.0,0.0,0.0,1.0,0.0,0.0,0.0,0.0,normal
1.0,4601.0,15.0,1.0,0.0,0.0,0.0,0.0,0.0,0.0,1.0,0.0,0.0,0.0,0.0,normal
1.0,4602.0,15.0,1.0,0.0,0.0,0.0,0.0,0.0,0.0,1.0,0.0,0.0,0.0,0.0,normal
1.0,4601.0,15.0,1.0,27.0,3.7,2.0,0.0,0.0,0.0,28.1,-27.1,1.0,27.0,4.9,normal
1.0,4602.0,15.0,1.0,0.0,0.0,0.0,0.0,0.0,0.0,1.0,0.0,0.0,0.0,0.0,normal
1.0,4601.0,15.0,1.0,27.0,7.5,4.0,0.0,0.0,0.0,1.0,0.0,0.0,0.0,0.0,normal
1.0,4602.0,15.0,1.0,0.0,0.0,0.0,0.0,0.0,0.0,35.3,-12.4,1.0,27.0,4.9,normal
1.0,4601.0,15.0,1.0,0.0,0.0,0.0,0.0,0.0,0.0,28.9,-27.1,1.0,27.0,4.9,normal
1.0,4602.0,15.0,1.0,0.0,0.0,0.0,0.0,0.0,0.0,34.2,-12.4,1.0,27.0,4.9,normal
1.0,4601.0,15.0,1.0,0.0,0.0,0.0,0.0,0.0,0.0,1.0,0.0,0.0,0.0,0.0,normal
1.0,4602.0,15.0,1.0,0.0,0.0,0.0,0.0,0.0,0.0,1.0,0.0,0.0,0.0,0.0,normal
1.0,4601.0,15.0,1.0,27.0,3.7,2.0,0.0,0.0,0.0,1.0,0.0,0.0,0.0,0.0,normal
1.0,4602.0,15.0,1.0,0.0,0.0,0.0,0.0,0.0,0.0,1.0,0.0,0.0,0.0,0.0,normal
1.0,4601.0,15.0,1.0,27.0,6.5,4.0,0.0,0.0,0.0,1.0,0.0,0.0,0.0,0.0,normal
1.0,4602.0,15.0,1.0,0.0,0.0,0.0,0.0,0.0,0.0,1.0,0.0,0.0,0.0,0.0,normal
1.0,4601.0,15.0,1.0,27.0,3.7,2.0,0.0,0.0,0.0,28.9,-26.7,1.0,27.0,4.9,normal
1.0,4602.0,14.0,1.0,0.0,0.0,0.0,0.0,0.0,0.0,1.0,0.0,0.0,0.0,0.0,normal
1.0,4601.0,15.0,1.0,27.0,3.7,2.0,0.0,0.0,0.0,1.0,0.0,0.0,0.0,0.0,normal
1.0,4602.0,14.0,1.0,0.0,0.0,0.0,0.0,0.0,0.0,1.0,0.0,0.0,0.0,0.0,normal
1.0,4601.0,15.0,1.0,0.0,0.0,0.0,0.0,0.0,0.0,27.7,-26.8,1.0,27.0,4.9,normal
1.0,4602.0,14.0,1.0,0.0,0.0,0.0,0.0,0.0,0.0,1.0,0.0,0.0,0.0,0.0,normal
1.0,4601.0,15.0,1.0,0.0,0.0,0.0,0.0,0.0,0.0,1.0,0.0,0.0,0.0,0.0,normal
1.0,4602.0,14.0,1.0,0.0,0.0,0.0,0.0,0.0,0.0,1.0,0.0,0.0,0.0,0.0,normal
1.0,4601.0,15.0,1.0,0.0,0.0,0.0,0.0,0.0,0.0,27.8,-26.5,1.0,27.0,4.9,normal
1.0,4602.0,14.0,1.0,0.0,0.0,0.0,0.0,0.0,0.0,1.0,0.0,0.0,0.0,0.0,normal
1.0,4601.0,15.0,1.0,0.0,0.0,0.0,0.0,0.0,0.0,1.0,0.0,0.0,0.0,0.0,normal
1.0,4602.0,14.0,1.0,0.0,0.0,0.0,0.0,0.0,0.0,36.9,-12.4,1.0,27.0,4.9,normal
1.0,4601.0,15.0,1.0,27.0,0.0,0.0,0.0,0.0,0.0,28.7,-26.5,1.0,27.0,4.9,normal
1.0,4602.0,14.0,1.0,0.0,0.0,0.0,0.0,0.0,0.0,1.0,0.0,0.0,0.0,0.0,normal
1.0,4601.0,15.0,1.0,27.0,3.7,2.0,0.0,0.0,0.0,1.0,0.0,0.0,0.0,0.0,normal
1.0,4602.0,14.0,1.0,0.0,0.0,0.0,0.0,0.0,0.0,1.0,0.0,0.0,0.0,0.0,normal
1.0,4601.0,15.0,1.0,27.0,3.7,2.0,0.0,0.0,0.0,1.0,0.0,0.0,0.0,0.0,normal
1.0,4602.0,14.0,1.0,0.0,0.0,0.0,0.0,0.0,0.0,1.0,0.0,0.0,0.0,0.0,normal
1.0,4601.0,15.0,1.0,0.0,0.0,0.0,0.0,0.0,0.0,28.8,-26.6,1.0,27.0,4.9,normal
1.0,4602.0,14.0,1.0,0.0,0.0,0.0,0.0,0.0,0.0,1.0,0.0,0.0,0.0,0.0,normal
1.0,4601.0,15.0,1.0,27.0,10.0,6.0,0.0,0.0,0.0,27.9,-26.7,1.0,27.0,9.7,normal
1.0,4602.0,14.0,1.0,25.0,6.8,4.0,0.0,0.0,0.0,36.2,-12.4,1.0,27.0,9.7,normal
1.0,4601.0,15.0,1.0,0.0,0.0,0.0,0.0,0.0,0.0,1.0,0.0,0.0,0.0,0.0,normal
1.0,4602.0,15.0,1.0,0.0,0.0,0.0,0.0,0.0,0.0,37.4,-12.4,1.0,27.0,4.9,normal
1.0,4601.0,15.0,1.0,0.0,0.0,0.0,0.0,0.0,0.0,29.4,-26.6,1.0,27.0,4.9,normal
1.0,4602.0,15.0,1.0,0.0,0.0,0.0,0.0,0.0,0.0,1.0,0.0,0.0,0.0,0.0,normal
1.0,4601.0,15.0,1.0,0.0,0.0,0.0,0.0,0.0,0.0,1.0,0.0,0.0,0.0,0.0,normal
1.0,4602.0,15.0,1.0,0.0,0.0,0.0,0.0,0.0,0.0,1.0,0.0,0.0,0.0,0.0,normal
1.0,4601.0,15.0,1.0,27.0,3.7,2.0,0.0,0.0,0.0,1.0,0.0,0.0,0.0,0.0,normal
1.0,4602.0,15.0,1.0,0.0,0.0,0.0,0.0,0.0,0.0,1.0,0.0,0.0,0.0,0.0,normal
1.0,4601.0,15.0,1.0,26.0,37.0,913.0,2.0,0.0,335.0,28.2,-26.2,1.0,27.0,317.0,normal
1.0,4602.0,15.0,1.0,0.0,0.0,0.0,0.0,0.0,0.0,1.0,0.0,0.0,0.0,0.0,normal
1.0,4601.0,15.0,1.0,26.0,43.0,1062.0,4.0,0.0,145.0,27.9,-26.2,1.0,27.0,417.0,normal
1.0,4602.0,15.0,1.0,0.0,0.0,0.0,0.0,0.0,0.0,37.3,-12.4,1.0,27.0,9.7,normal
1.0,4601.0,15.0,1.0,27.0,52.0,1257.0,1.0,0.0,0.0,28.3,-26.1,1.0,27.0,366.0,normal
1.0,4602.0,15.0,1.0,26.0,22.0,6.0,0.0,0.0,0.0,36.2,-11.6,1.0,27.0,36.0,normal
1.0,4601.0,15.0,1.0,26.0,29.0,684.0,3.0,0.0,876.0,26.4,-25.9,1.0,26.0,254.0,normal
1.0,4602.0,15.0,1.0,26.0,21.0,534.0,1.0,0.0,719.0,35.8,-10.4,1.0,27.0,343.0,normal
1.0,4601.0,15.0,1.0,27.0,29.0,699.0,1.0,0.0,183.0,25.7,-26.4,1.0,26.0,254.0,normal
1.0,4602.0,15.0,1.0,26.0,29.0,698.0,2.0,0.0,565.0,36.1,-9.7,1.0,27.0,339.0,normal
1.0,4601.0,15.0,1.0,26.0,24.0,616.0,2.0,0.0,20.8,26.2,-26.3,1.0,26.0,242.0,normal
1.0,4602.0,15.0,1.0,26.0,33.0,807.0,7.0,0.0,691.0,36.2,-10.0,1.0,27.0,332.0,normal
1.0,4601.0,15.0,1.0,27.0,29.0,697.0,1.0,0.0,703.0,25.6,-26.4,1.0,26.0,235.0,normal
1.0,4602.0,15.0,1.0,26.0,29.0,701.0,3.0,0.0,744.0,36.0,-9.7,1.0,27.0,339.0,normal
1.0,4601.0,15.0,1.0,26.0,31.0,769.0,2.0,0.0,674.0,25.7,-26.6,1.0,26.0,242.0,normal
1.0,4602.0,15.0,1.0,26.0,26.0,634.0,2.0,0.0,190.0,36.1,-9.7,1.0,27.0,347.0,normal
1.0,4601.0,15.0,1.0,26.0,28.0,680.0,4.0,0.0,770.0,25.5,-26.6,1.0,25.0,257.0,normal
1.0,4602.0,15.0,1.0,27.0,30.0,743.0,1.0,0.0,547.0,36.1,-9.9,1.0,27.0,339.0,normal
1.0,4601.0,15.0,1.0,26.0,29.0,698.0,2.0,0.0,252.0,25.1,-26.7,1.0,25.0,231.0,normal
1.0,4602.0,15.0,1.0,26.0,28.0,698.0,2.0,0.0,494.0,35.9,-9.8,1.0,27.0,339.0,normal
1.0,4601.0,15.0,1.0,27.0,2.2,57.0,0.0,0.0,0.0,25.2,-26.8,1.0,25.0,18.0,normal
1.0,4602.0,15.0,1.0,27.0,36.0,968.0,0.0,0.0,14.1,35.6,-10.9,1.0,27.0,298.0,normal
1.0,4601.0,15.0,1.0,27.0,3.7,2.0,0.0,0.0,0.0,28.5,-26.6,1.0,25.0,4.5,normal
1.0,4602.0,15.0,1.0,26.0,44.0,1116.0,8.0,0.0,0.0,35.8,-11.0,1.0,27.0,325.0,normal
1.0,4601.0,15.0,1.0,0.0,0.0,0.0,0.0,0.0,0.0,1.0,0.0,0.0,0.0,0.0,normal
1.0,4602.0,15.0,1.0,26.0,1.5,51.0,0.0,0.0,0.0,35.7,-11.1,1.0,27.0,18.0,normal
1.0,4601.0,15.0,1.0,0.0,0.0,0.0,0.0,0.0,0.0,1.0,0.0,0.0,0.0,0.0,normal
1.0,4602.0,15.0,1.0,0.0,0.0,0.0,0.0,0.0,0.0,1.0,0.0,0.0,0.0,0.0,normal
1.0,4601.0,15.0,1.0,0.0,0.0,0.0,0.0,0.0,0.0,28.4,-26.7,1.0,27.0,4.9,normal
1.0,4602.0,14.0,1.0,0.0,0.0,0.0,0.0,0.0,0.0,1.0,0.0,0.0,0.0,0.0,normal
1.0,4601.0,15.0,1.0,0.0,0.0,0.0,0.0,0.0,0.0,29.1,-26.7,1.0,27.0,4.9,normal
1.0,4602.0,14.0,1.0,0.0,0.0,0.0,0.0,0.0,0.0,1.0,0.0,0.0,0.0,0.0,normal
1.0,4601.0,15.0,1.0,26.0,9.8,6.0,0.0,0.0,0.0,1.0,0.0,0.0,0.0,0.0,normal
1.0,4602.0,14.0,1.0,0.0,0.0,0.0,0.0,0.0,0.0,1.0,0.0,0.0,0.0,0.0,normal
1.0,4601.0,15.0,1.0,27.0,2.8,2.0,0.0,0.0,0.0,1.0,0.0,0.0,0.0,0.0,normal
1.0,4602.0,14.0,1.0,0.0,0.0,0.0,0.0,0.0,0.0,1.0,0.0,0.0,0.0,0.0,normal
1.0,4601.0,15.0,1.0,27.0,3.7,2.0,0.0,0.0,0.0,1.0,0.0,0.0,0.0,0.0,normal
1.0,4602.0,14.0,1.0,0.0,0.0,0.0,0.0,0.0,0.0,1.0,0.0,0.0,0.0,0.0,normal
1.0,4601.0,15.0,1.0,27.0,6.5,4.0,0.0,0.0,0.0,27.2,-27.2,1.0,27.0,4.9,normal
1.0,4602.0,15.0,1.0,24.0,5.1,3.0,0.0,0.0,0.0,36.8,-11.5,1.0,27.0,15.0,normal
1.0,4601.0,15.0,1.0,26.0,16.0,9.0,0.0,0.0,0.0,1.0,0.0,0.0,0.0,0.0,normal
1.0,4602.0,15.0,1.0,0.0,0.0,0.0,0.0,0.0,0.0,1.0,0.0,0.0,0.0,0.0,normal
1.0,4601.0,15.0,1.0,27.0,16.0,9.0,0.0,0.0,0.0,1.0,0.0,0.0,0.0,0.0,normal
1.0,4602.0,15.0,1.0,0.0,0.0,0.0,0.0,0.0,0.0,1.0,0.0,0.0,0.0,0.0,normal
1.0,4601.0,15.0,1.0,0.0,0.0,0.0,0.0,0.0,0.0,1.0,0.0,0.0,0.0,0.0,normal
1.0,4602.0,15.0,1.0,0.0,0.0,0.0,0.0,0.0,0.0,1.0,0.0,0.0,0.0,0.0,normal
1.0,4601.0,15.0,1.0,0.0,0.0,0.0,0.0,0.0,0.0,1.0,0.0,0.0,0.0,0.0,normal
1.0,4602.0,15.0,1.0,0.0,0.0,0.0,0.0,0.0,0.0,1.0,0.0,0.0,0.0,0.0,normal
1.0,4601.0,15.0,1.0,27.0,10.0,6.0,0.0,0.0,0.0,27.5,-27.3,1.0,27.0,4.9,normal
1.0,4602.0,15.0,1.0,0.0,0.0,0.0,0.0,0.0,0.0,36.7,-12.1,1.0,27.0,4.9,normal
1.0,4601.0,15.0,1.0,27.0,2.8,2.0,0.0,0.0,0.0,1.0,0.0,0.0,0.0,0.0,normal
1.0,4602.0,15.0,1.0,0.0,0.0,0.0,0.0,0.0,0.0,37.2,-12.1,1.0,27.0,4.9,normal
1.0,4601.0,15.0,1.0,0.0,0.0,0.0,0.0,0.0,0.0,27.9,-27.2,1.0,27.0,9.7,normal
1.0,4602.0,15.0,1.0,0.0,0.0,0.0,0.0,0.0,0.0,1.0,0.0,0.0,0.0,0.0,normal
1.0,4601.0,15.0,1.0,27.0,7.5,4.0,0.0,0.0,0.0,1.0,0.0,0.0,0.0,0.0,normal
1.0,4602.0,15.0,1.0,0.0,0.0,0.0,0.0,0.0,0.0,1.0,0.0,0.0,0.0,0.0,normal
1.0,4601.0,15.0,1.0,0.0,0.0,0.0,0.0,0.0,0.0,26.9,-27.3,1.0,27.0,4.9,normal
1.0,4602.0,15.0,1.0,0.0,0.0,0.0,0.0,0.0,0.0,1.0,0.0,0.0,0.0,0.0,normal
1.0,4601.0,15.0,1.0,27.0,3.7,2.0,0.0,0.0,0.0,1.0,0.0,0.0,0.0,0.0,normal
1.0,4602.0,15.0,1.0,0.0,0.0,0.0,0.0,0.0,0.0,35.5,-12.2,1.0,27.0,4.9,normal
1.0,4601.0,15.0,1.0,27.0,3.7,2.0,0.0,0.0,0.0,1.0,0.0,0.0,0.0,0.0,normal
1.0,4602.0,15.0,1.0,0.0,0.0,0.0,0.0,0.0,0.0,1.0,0.0,0.0,0.0,0.0,normal
1.0,4601.0,15.0,1.0,0.0,0.0,0.0,0.0,0.0,0.0,1.0,0.0,0.0,0.0,0.0,normal
1.0,4602.0,15.0,1.0,0.0,0.0,0.0,0.0,0.0,0.0,37.4,-12.2,1.0,27.0,4.9,normal
1.0,4601.0,15.0,1.0,27.0,1.9,1.0,0.0,0.0,0.0,1.0,0.0,0.0,0.0,0.0,normal
1.0,4602.0,14.0,1.0,0.0,0.0,0.0,0.0,0.0,0.0,1.0,0.0,0.0,0.0,0.0,normal
1.0,4601.0,15.0,1.0,26.0,18.0,11.0,0.0,0.0,0.0,1.0,0.0,0.0,0.0,0.0,normal
1.0,4602.0,14.0,1.0,0.0,0.0,0.0,0.0,0.0,0.0,1.0,0.0,0.0,0.0,0.0,normal
1.0,4601.0,15.0,1.0,27.0,2.8,2.0,0.0,0.0,0.0,1.0,0.0,0.0,0.0,0.0,normal
1.0,4602.0,14.0,1.0,0.0,0.0,0.0,0.0,0.0,0.0,38.5,-12.2,1.0,27.0,4.9,normal
1.0,4601.0,15.0,1.0,0.0,0.0,0.0,0.0,0.0,0.0,1.0,0.0,0.0,0.0,0.0,normal
1.0,4602.0,14.0,1.0,0.0,0.0,0.0,0.0,0.0,0.0,1.0,0.0,0.0,0.0,0.0,normal
1.0,4601.0,15.0,1.0,27.0,21.0,12.0,0.0,0.0,0.0,1.0,0.0,0.0,0.0,0.0,normal
1.0,4602.0,14.0,1.0,0.0,0.0,0.0,0.0,0.0,0.0,35.7,-12.2,1.0,27.0,9.7,normal
1.0,4601.0,15.0,1.0,0.0,0.0,0.0,0.0,0.0,0.0,1.0,0.0,0.0,0.0,0.0,normal
1.0,4602.0,14.0,1.0,0.0,0.0,0.0,0.0,0.0,0.0,1.0,0.0,0.0,0.0,0.0,normal
1.0,4601.0,15.0,1.0,0.0,0.0,0.0,0.0,0.0,0.0,27.7,-27.3,1.0,27.0,4.9,normal
1.0,4602.0,14.0,1.0,0.0,0.0,0.0,0.0,0.0,0.0,1.0,0.0,0.0,0.0,0.0,normal
1.0,4601.0,15.0,1.0,27.0,1.9,1.0,0.0,0.0,0.0,1.0,0.0,0.0,0.0,0.0,normal
1.0,4602.0,14.0,1.0,0.0,0.0,0.0,0.0,0.0,0.0,36.9,-12.1,1.0,27.0,4.9,normal
1.0,4601.0,15.0,1.0,26.0,4.4,3.0,0.0,0.0,0.0,1.0,0.0,0.0,0.0,0.0,normal
1.0,4602.0,14.0,1.0,0.0,0.0,0.0,0.0,0.0,0.0,1.0,0.0,0.0,0.0,0.0,normal
1.0,4601.0,15.0,1.0,0.0,0.0,0.0,0.0,0.0,0.0,1.0,0.0,0.0,0.0,0.0,normal
1.0,4602.0,14.0,1.0,0.0,0.0,0.0,0.0,0.0,0.0,1.0,0.0,0.0,0.0,0.0,normal
1.0,4601.0,15.0,1.0,0.0,0.0,0.0,0.0,0.0,0.0,1.0,0.0,0.0,0.0,0.0,normal
1.0,4602.0,14.0,1.0,0.0,0.0,0.0,0.0,0.0,0.0,1.0,0.0,0.0,0.0,0.0,normal
1.0,4601.0,15.0,1.0,27.0,2.8,2.0,0.0,0.0,0.0,1.0,0.0,0.0,0.0,0.0,normal
1.0,4602.0,14.0,1.0,0.0,0.0,0.0,0.0,0.0,0.0,1.0,0.0,0.0,0.0,0.0,normal
1.0,4601.0,15.0,1.0,27.0,14.0,8.0,0.0,0.0,0.0,1.0,0.0,0.0,0.0,0.0,normal
1.0,4602.0,14.0,1.0,0.0,0.0,0.0,0.0,0.0,0.0,1.0,0.0,0.0,0.0,0.0,normal
1.0,4601.0,15.0,1.0,0.0,0.0,0.0,0.0,0.0,0.0,1.0,0.0,0.0,0.0,0.0,normal
1.0,4602.0,14.0,1.0,0.0,0.0,0.0,0.0,0.0,0.0,36.7,-12.1,1.0,27.0,4.9,normal
1.0,4601.0,15.0,1.0,27.0,1.9,1.0,0.0,0.0,0.0,1.0,0.0,0.0,0.0,0.0,normal
1.0,4602.0,14.0,1.0,0.0,0.0,0.0,0.0,0.0,0.0,1.0,0.0,0.0,0.0,0.0,normal
1.0,4601.0,15.0,1.0,0.0,888.0,1.0,0.0,0.0,0.0,28.4,-27.2,1.0,27.0,9.7,normal
1.0,4602.0,14.0,1.0,0.0,0.0,0.0,0.0,0.0,0.0,1.0,0.0,0.0,0.0,0.0,normal
1.0,4601.0,15.0,1.0,27.0,3.7,2.0,0.0,0.0,0.0,1.0,0.0,0.0,0.0,0.0,normal
1.0,4602.0,14.0,1.0,0.0,0.0,0.0,0.0,0.0,0.0,1.0,0.0,0.0,0.0,0.0,normal
1.0,4601.0,15.0,1.0,27.0,3.7,2.0,0.0,0.0,0.0,1.0,0.0,0.0,0.0,0.0,normal
1.0,4602.0,14.0,1.0,0.0,0.0,0.0,0.0,0.0,0.0,1.0,0.0,0.0,0.0,0.0,normal
1.0,4601.0,15.0,1.0,26.0,50.0,1215.0,6.0,0.0,467.0,28.0,-26.8,1.0,27.0,401.0,normal
1.0,4602.0,14.0,1.0,0.0,0.0,0.0,0.0,0.0,0.0,35.2,-12.1,1.0,27.0,4.9,normal
1.0,4601.0,15.0,1.0,26.0,46.0,1135.0,4.0,0.0,304.0,28.0,-26.8,1.0,27.0,402.0,normal
1.0,4602.0,14.0,1.0,0.0,0.0,0.0,0.0,0.0,0.0,1.0,0.0,0.0,0.0,0.0,normal
1.0,4601.0,15.0,1.0,26.0,58.0,1396.0,4.0,0.0,542.0,28.1,-26.8,1.0,27.0,444.0,normal
1.0,4602.0,14.0,1.0,0.0,0.0,0.0,0.0,0.0,0.0,1.0,0.0,0.0,0.0,0.0,normal
1.0,4601.0,15.0,1.0,27.0,42.0,1033.0,2.0,0.0,361.0,27.8,-26.6,1.0,27.0,354.0,normal
1.0,4602.0,14.0,1.0,0.0,0.0,0.0,0.0,0.0,0.0,35.7,-12.1,1.0,27.0,4.9,normal
1.0,4601.0,15.0,1.0,27.0,58.0,1398.0,2.0,0.0,517.0,28.2,-26.8,1.0,27.0,436.0,normal
1.0,4602.0,14.0,1.0,0.0,0.0,0.0,0.0,0.0,0.0,1.0,0.0,0.0,0.0,0.0,normal
1.0,4601.0,15.0,1.0,26.0,54.0,1301.0,3.0,0.0,463.0,28.1,-26.6,1.0,27.0,457.0,normal
1.0,4602.0,14.0,1.0,0.0,0.0,0.0,0.0,0.0,0.0,38.4,-12.1,1.0,27.0,4.9,normal
1.0,4601.0,15.0,1.0,27.0,55.0,1336.0,1.0,0.0,3.0,28.1,-26.7,1.0,27.0,472.0,normal
1.0,4602.0,14.0,1.0,0.0,0.0,0.0,0.0,0.0,0.0,38.0,-12.1,1.0,27.0,4.9,normal
1.0,4601.0,15.0,1.0,26.0,21.0,529.0,2.0,0.0,725.0,26.6,-27.1,1.0,26.0,213.0,normal
1.0,4602.0,15.0,1.0,25.0,20.0,496.0,10.0,1.0,741.0,36.0,-10.8,1.0,27.0,294.0,normal
1.0,4601.0,15.0,1.0,26.0,28.0,697.0,2.0,0.0,62.6,25.7,-27.3,1.0,26.0,247.0,normal
1.0,4602.0,15.0,1.0,25.0,29.0,697.0,4.0,0.0,584.0,36.4,-10.7,1.0,27.0,339.0,normal
1.0,4601.0,15.0,1.0,26.0,29.0,728.0,5.0,0.0,3.0,26.4,-27.1,1.0,26.0,277.0,normal
1.0,4602.0,15.0,1.0,25.0,27.0,686.0,5.0,0.0,539.0,35.8,-10.9,1.0,27.0,368.0,normal
1.0,4601.0,15.0,1.0,26.0,96.0,6.0,0.0,0.0,0.0,25.3,-27.1,1.0,26.0,4.7,normal
1.0,4602.0,15.0,1.0,25.0,55.0,1379.0,19.0,1.0,417.0,35.7,-11.9,1.0,27.0,360.0,normal
1.0,4601.0,15.0,1.0,0.0,0.0,0.0,0.0,0.0,0.0,1.0,0.0,0.0,0.0,0.0,normal
1.0,4602.0,15.0,1.0,25.0,40.0,1047.0,9.0,0.0,66.2,35.5,-11.0,1.0,27.0,324.0,normal
1.0,4601.0,15.0,1.0,0.0,0.0,0.0,0.0,0.0,0.0,1.0,0.0,0.0,0.0,0.0,normal
1.0,4602.0,15.0,1.0,25.0,38.0,1007.0,15.0,1.0,34.9,36.0,-11.0,1.0,27.0,342.0,normal
1.0,4601.0,15.0,1.0,0.0,0.0,0.0,0.0,0.0,0.0,24.3,-27.4,1.0,25.0,4.5,normal
1.0,4602.0,15.0,1.0,24.0,53.0,1385.0,15.0,1.0,407.0,35.5,-10.9,1.0,27.0,366.0,normal
1.0,4601.0,15.0,1.0,26.0,14.0,8.0,0.0,0.0,0.0,27.1,-27.5,1.0,26.0,9.3,normal
1.0,4602.0,15.0,1.0,25.0,30.0,945.0,7.0,0.0,11.3,35.3,-11.0,1.0,27.0,278.0,normal
1.0,4601.0,15.0,1.0,0.0,0.0,0.0,0.0,0.0,0.0,1.0,0.0,0.0,0.0,0.0,normal
1.0,4602.0,15.0,1.0,24.0,11.0,357.0,4.0,1.0,0.0,35.2,-11.0,1.0,27.0,98.0,normal
1.0,4601.0,15.0,1.0,26.0,3.6,2.0,0.0,0.0,0.0,28.2,-26.9,1.0,27.0,4.9,normal
1.0,4602.0,15.0,1.0,0.0,0.0,0.0,0.0,0.0,0.0,1.0,0.0,0.0,0.0,0.0,normal
1.0,4601.0,15.0,1.0,0.0,0.0,0.0,0.0,0.0,0.0,1.0,0.0,0.0,0.0,0.0,normal
1.0,4602.0,15.0,1.0,25.0,35.0,1146.0,6.0,0.0,11.5,35.3,-11.0,1.0,27.0,331.0,normal
1.0,4601.0,15.0,1.0,0.0,0.0,0.0,0.0,0.0,0.0,1.0,0.0,0.0,0.0,0.0,normal
1.0,4602.0,15.0,1.0,25.0,735.0,28.0,0.0,0.0,0.0,35.9,-11.0,1.0,27.0,12.0,normal
1.0,4601.0,15.0,1.0,0.0,0.0,0.0,0.0,0.0,0.0,1.0,0.0,0.0,0.0,0.0,normal
1.0,4602.0,15.0,1.0,0.0,0.0,0.0,0.0,0.0,0.0,36.9,-11.1,1.0,27.0,4.9,normal
1.0,4601.0,15.0,1.0,27.0,38.0,918.0,0.0,0.0,421.0,27.3,-26.8,1.0,27.0,508.0,normal
1.0,4602.0,15.0,1.0,0.0,0.0,0.0,0.0,0.0,0.0,1.0,0.0,0.0,0.0,0.0,normal
1.0,4601.0,15.0,1.0,26.0,36.0,889.0,3.0,0.0,0.0,28.1,-26.9,1.0,27.0,322.0,normal
1.0,4602.0,15.0,1.0,0.0,0.0,0.0,0.0,0.0,0.0,1.0,0.0,0.0,0.0,0.0,normal
1.0,4601.0,15.0,1.0,0.0,0.0,0.0,0.0,0.0,0.0,1.0,0.0,0.0,0.0,0.0,normal
1.0,4602.0,15.0,1.0,0.0,0.0,0.0,0.0,0.0,0.0,1.0,0.0,0.0,0.0,0.0,normal
1.0,4601.0,15.0,1.0,26.0,19.0,621.0,5.0,0.0,14.1,27.9,-26.9,1.0,27.0,216.0,normal
1.0,4602.0,15.0,1.0,0.0,0.0,0.0,0.0,0.0,0.0,1.0,0.0,0.0,0.0,0.0,normal
1.0,4601.0,15.0,1.0,26.0,5.4,183.0,1.0,0.0,0.0,27.5,-27.1,1.0,27.0,52.0,normal
1.0,4602.0,15.0,1.0,0.0,0.0,0.0,0.0,0.0,0.0,1.0,0.0,0.0,0.0,0.0,normal
1.0,4601.0,15.0,1.0,0.0,0.0,0.0,0.0,0.0,0.0,1.0,0.0,0.0,0.0,0.0,normal
1.0,4602.0,15.0,1.0,0.0,0.0,0.0,0.0,0.0,0.0,36.5,-12.2,1.0,27.0,4.9,normal
1.0,4601.0,15.0,1.0,26.0,8.2,5.0,0.0,0.0,0.0,1.0,0.0,0.0,0.0,0.0,normal
1.0,4602.0,15.0,1.0,0.0,0.0,0.0,0.0,0.0,0.0,1.0,0.0,0.0,0.0,0.0,normal
1.0,4601.0,15.0,1.0,27.0,19.0,10.0,0.0,0.0,0.0,1.0,0.0,0.0,0.0,0.0,normal
1.0,4602.0,15.0,1.0,0.0,0.0,0.0,0.0,0.0,0.0,35.8,-12.1,1.0,27.0,4.9,normal
1.0,4601.0,15.0,1.0,27.0,1.9,1.0,0.0,0.0,0.0,1.0,0.0,0.0,0.0,0.0,normal
1.0,4602.0,15.0,1.0,0.0,0.0,0.0,0.0,0.0,0.0,1.0,0.0,0.0,0.0,0.0,normal
1.0,4601.0,15.0,1.0,27.0,7.5,4.0,0.0,0.0,0.0,1.0,0.0,0.0,0.0,0.0,normal
1.0,4602.0,15.0,1.0,24.0,3.3,2.0,0.0,0.0,0.0,37.7,-12.2,1.0,27.0,9.7,normal
1.0,4601.0,15.0,1.0,0.0,0.0,0.0,0.0,0.0,0.0,1.0,0.0,0.0,0.0,0.0,normal
1.0,4602.0,15.0,1.0,0.0,0.0,0.0,0.0,0.0,0.0,1.0,0.0,0.0,0.0,0.0,normal
1.0,4601.0,15.0,1.0,27.0,3.7,2.0,0.0,0.0,0.0,1.0,0.0,0.0,0.0,0.0,normal
1.0,4602.0,15.0,1.0,0.0,0.0,0.0,0.0,0.0,0.0,36.5,-12.2,1.0,27.0,4.9,normal
1.0,4601.0,15.0,1.0,27.0,3.7,2.0,0.0,0.0,0.0,1.0,0.0,0.0,0.0,0.0,normal
1.0,4602.0,15.0,1.0,0.0,0.0,0.0,0.0,0.0,0.0,36.6,-12.1,1.0,27.0,4.9,normal
1.0,4601.0,15.0,1.0,0.0,0.0,0.0,0.0,0.0,0.0,27.7,-26.9,1.0,27.0,4.9,normal
1.0,4602.0,15.0,1.0,0.0,0.0,0.0,0.0,0.0,0.0,1.0,0.0,0.0,0.0,0.0,normal
1.0,4601.0,15.0,1.0,0.0,0.0,0.0,0.0,0.0,0.0,29.0,-27.3,1.0,27.0,4.9,normal
1.0,4602.0,15.0,1.0,0.0,0.0,0.0,0.0,0.0,0.0,1.0,0.0,0.0,0.0,0.0,normal
1.0,4601.0,15.0,1.0,0.0,0.0,0.0,0.0,0.0,0.0,1.0,0.0,0.0,0.0,0.0,normal
1.0,4602.0,15.0,1.0,0.0,0.0,0.0,0.0,0.0,0.0,1.0,0.0,0.0,0.0,0.0,normal
1.0,4601.0,15.0,1.0,0.0,0.0,0.0,0.0,0.0,0.0,28.5,-27.2,1.0,27.0,4.9,normal
1.0,4602.0,15.0,1.0,0.0,0.0,0.0,0.0,0.0,0.0,1.0,0.0,0.0,0.0,0.0,normal
1.0,4601.0,15.0,1.0,27.0,2.8,2.0,0.0,0.0,0.0,1.0,0.0,0.0,0.0,0.0,normal
1.0,4602.0,15.0,1.0,0.0,0.0,0.0,0.0,0.0,0.0,1.0,0.0,0.0,0.0,0.0,normal
1.0,4601.0,15.0,1.0,27.0,3.7,2.0,0.0,0.0,0.0,1.0,0.0,0.0,0.0,0.0,normal
1.0,4602.0,15.0,1.0,0.0,0.0,0.0,0.0,0.0,0.0,1.0,0.0,0.0,0.0,0.0,normal
1.0,4601.0,15.0,1.0,26.0,7.3,4.0,0.0,0.0,0.0,1.0,0.0,0.0,0.0,0.0,normal
1.0,4602.0,15.0,1.0,0.0,0.0,0.0,0.0,0.0,0.0,1.0,0.0,0.0,0.0,0.0,normal
1.0,4601.0,15.0,1.0,27.0,3.7,2.0,0.0,0.0,0.0,1.0,0.0,0.0,0.0,0.0,normal
1.0,4602.0,15.0,1.0,0.0,0.0,0.0,0.0,0.0,0.0,1.0,0.0,0.0,0.0,0.0,normal
1.0,4601.0,15.0,1.0,27.0,4.6,3.0,0.0,0.0,0.0,1.0,0.0,0.0,0.0,0.0,normal
1.0,4602.0,14.0,1.0,0.0,0.0,0.0,0.0,0.0,0.0,1.0,0.0,0.0,0.0,0.0,normal
1.0,4601.0,15.0,1.0,27.0,4.6,3.0,0.0,0.0,0.0,1.0,0.0,0.0,0.0,0.0,normal
1.0,4602.0,13.0,1.0,0.0,0.0,0.0,0.0,0.0,0.0,37.2,-12.4,1.0,27.0,4.9,normal
1.0,4601.0,15.0,1.0,27.0,7.5,4.0,0.0,0.0,0.0,27.8,-27.1,1.0,27.0,4.9,normal
1.0,4602.0,14.0,1.0,0.0,0.0,0.0,0.0,0.0,0.0,1.0,0.0,0.0,0.0,0.0,normal
1.0,4601.0,15.0,1.0,0.0,0.0,0.0,0.0,0.0,0.0,1.0,0.0,0.0,0.0,0.0,normal
1.0,4602.0,14.0,1.0,0.0,0.0,0.0,0.0,0.0,0.0,1.0,0.0,0.0,0.0,0.0,normal
1.0,4601.0,15.0,1.0,0.0,0.0,0.0,0.0,0.0,0.0,28.2,-27.2,1.0,27.0,4.9,normal
1.0,4602.0,14.0,1.0,0.0,0.0,0.0,0.0,0.0,0.0,1.0,0.0,0.0,0.0,0.0,normal
1.0,4601.0,15.0,1.0,0.0,0.0,0.0,0.0,0.0,0.0,1.0,0.0,0.0,0.0,0.0,normal
1.0,4602.0,14.0,1.0,0.0,0.0,0.0,0.0,0.0,0.0,1.0,0.0,0.0,0.0,0.0,normal
1.0,4601.0,15.0,1.0,0.0,0.0,0.0,0.0,0.0,0.0,1.0,0.0,0.0,0.0,0.0,normal
1.0,4602.0,14.0,1.0,0.0,0.0,0.0,0.0,0.0,0.0,1.0,0.0,0.0,0.0,0.0,normal
1.0,4601.0,15.0,1.0,0.0,0.0,0.0,0.0,0.0,0.0,1.0,0.0,0.0,0.0,0.0,normal
1.0,4602.0,14.0,1.0,0.0,0.0,0.0,0.0,0.0,0.0,37.1,-12.4,1.0,27.0,9.7,normal
1.0,4601.0,15.0,1.0,0.0,0.0,0.0,0.0,0.0,0.0,1.0,0.0,0.0,0.0,0.0,normal
1.0,4602.0,14.0,1.0,0.0,0.0,0.0,0.0,0.0,0.0,1.0,0.0,0.0,0.0,0.0,normal
1.0,4601.0,15.0,1.0,0.0,0.0,0.0,0.0,0.0,0.0,28.0,-27.0,1.0,27.0,4.9,normal
1.0,4602.0,14.0,1.0,0.0,0.0,0.0,0.0,0.0,0.0,1.0,0.0,0.0,0.0,0.0,normal
1.0,4601.0,15.0,1.0,27.0,7.5,4.0,0.0,0.0,0.0,1.0,0.0,0.0,0.0,0.0,normal
1.0,4602.0,14.0,1.0,0.0,0.0,0.0,0.0,0.0,0.0,36.7,-12.4,1.0,27.0,4.9,normal
1.0,4601.0,15.0,1.0,0.0,0.0,0.0,0.0,0.0,0.0,1.0,0.0,0.0,0.0,0.0,normal
1.0,4602.0,14.0,1.0,0.0,0.0,0.0,0.0,0.0,0.0,35.7,-11.5,1.0,27.0,4.9,normal
1.0,4601.0,15.0,1.0,27.0,3.7,2.0,0.0,0.0,0.0,28.0,-27.1,1.0,27.0,4.9,normal
1.0,4602.0,14.0,1.0,0.0,0.0,0.0,0.0,0.0,0.0,1.0,0.0,0.0,0.0,0.0,normal
1.0,4601.0,15.0,1.0,27.0,10.0,6.0,0.0,0.0,0.0,1.0,0.0,0.0,0.0,0.0,normal
1.0,4602.0,14.0,1.0,0.0,0.0,0.0,0.0,0.0,0.0,1.0,0.0,0.0,0.0,0.0,normal
1.0,4601.0,15.0,1.0,0.0,0.0,0.0,0.0,0.0,0.0,1.0,0.0,0.0,0.0,0.0,normal
1.0,4602.0,14.0,1.0,0.0,0.0,0.0,0.0,0.0,0.0,38.1,-12.1,1.0,27.0,4.9,normal
1.0,4601.0,15.0,1.0,0.0,0.0,0.0,0.0,0.0,0.0,1.0,0.0,0.0,0.0,0.0,normal
1.0,4602.0,14.0,1.0,0.0,0.0,0.0,0.0,0.0,0.0,1.0,0.0,0.0,0.0,0.0,normal
1.0,4601.0,15.0,1.0,26.0,17.0,10.0,0.0,0.0,0.0,1.0,0.0,0.0,0.0,0.0,normal
1.0,4602.0,14.0,1.0,0.0,0.0,0.0,0.0,0.0,0.0,1.0,0.0,0.0,0.0,0.0,normal
1.0,4601.0,15.0,1.0,27.0,3.7,2.0,0.0,0.0,0.0,1.0,0.0,0.0,0.0,0.0,normal
1.0,4602.0,14.0,1.0,0.0,0.0,0.0,0.0,0.0,0.0,1.0,0.0,0.0,0.0,0.0,normal
1.0,4601.0,15.0,1.0,0.0,0.0,0.0,0.0,0.0,0.0,28.1,-26.8,1.0,27.0,4.9,normal
1.0,4602.0,14.0,1.0,0.0,0.0,0.0,0.0,0.0,0.0,1.0,0.0,0.0,0.0,0.0,normal
1.0,4601.0,15.0,1.0,0.0,0.0,0.0,0.0,0.0,0.0,1.0,0.0,0.0,0.0,0.0,normal
1.0,4602.0,14.0,1.0,0.0,0.0,0.0,0.0,0.0,0.0,38.4,-11.0,1.0,27.0,4.9,normal
1.0,4601.0,15.0,1.0,27.0,7.5,4.0,0.0,0.0,0.0,1.0,0.0,0.0,0.0,0.0,normal
1.0,4602.0,14.0,1.0,0.0,0.0,0.0,0.0,0.0,0.0,1.0,0.0,0.0,0.0,0.0,normal
1.0,4601.0,15.0,1.0,27.0,1.9,1.0,0.0,0.0,0.0,1.0,0.0,0.0,0.0,0.0,normal
1.0,4602.0,14.0,1.0,0.0,0.0,0.0,0.0,0.0,0.0,1.0,0.0,0.0,0.0,0.0,normal
1.0,4601.0,15.0,1.0,27.0,888.0,1.0,0.0,0.0,0.0,1.0,0.0,0.0,0.0,0.0,normal
1.0,4602.0,14.0,1.0,0.0,0.0,0.0,0.0,0.0,0.0,1.0,0.0,0.0,0.0,0.0,normal
1.0,4601.0,15.0,1.0,0.0,0.0,0.0,0.0,0.0,0.0,1.0,0.0,0.0,0.0,0.0,normal
1.0,4602.0,14.0,1.0,0.0,0.0,0.0,0.0,0.0,0.0,38.2,-11.1,1.0,27.0,4.9,normal
1.0,4601.0,15.0,1.0,27.0,2.8,2.0,0.0,0.0,0.0,1.0,0.0,0.0,0.0,0.0,normal
1.0,4602.0,13.0,1.0,0.0,0.0,0.0,0.0,0.0,0.0,35.3,-12.0,1.0,27.0,4.9,normal
1.0,4601.0,15.0,1.0,0.0,0.0,0.0,0.0,0.0,0.0,26.9,-26.9,1.0,27.0,4.9,normal
1.0,4602.0,14.0,1.0,0.0,0.0,0.0,0.0,0.0,0.0,1.0,0.0,0.0,0.0,0.0,normal
1.0,4601.0,15.0,1.0,0.0,0.0,0.0,0.0,0.0,0.0,1.0,0.0,0.0,0.0,0.0,normal
1.0,4602.0,15.0,1.0,26.0,38.0,986.0,6.0,0.0,33.2,35.9,-10.9,1.0,27.0,495.0,normal
1.0,4601.0,15.0,1.0,26.0,5.4,3.0,0.0,0.0,0.0,1.0,0.0,0.0,0.0,0.0,normal
1.0,4602.0,15.0,1.0,26.0,49.0,1206.0,5.0,0.0,14.1,36.1,-10.9,1.0,27.0,453.0,normal
1.0,4601.0,15.0,1.0,27.0,3.7,2.0,0.0,0.0,0.0,1.0,0.0,0.0,0.0,0.0,normal
1.0,4602.0,15.0,1.0,26.0,41.0,1029.0,4.0,0.0,21.6,36.1,-11.0,1.0,27.0,340.0,normal
1.0,4601.0,15.0,1.0,27.0,20.0,470.0,1.0,0.0,932.0,25.9,-26.8,1.0,26.0,216.0,normal
1.0,4602.0,15.0,1.0,26.0,37.0,924.0,10.0,1.0,711.0,36.3,-10.2,1.0,27.0,366.0,normal
1.0,4601.0,15.0,1.0,27.0,34.0,829.0,0.0,0.0,913.0,26.6,-26.6,1.0,26.0,279.0,normal
1.0,4602.0,15.0,1.0,26.0,24.0,580.0,1.0,0.0,656.0,35.7,-10.2,1.0,27.0,435.0,normal
1.0,4601.0,15.0,1.0,27.0,28.0,698.0,0.0,0.0,818.0,25.9,-26.8,1.0,26.0,257.0,normal
1.0,4602.0,15.0,1.0,26.0,30.0,697.0,5.0,0.0,504.0,35.9,-10.0,1.0,27.0,366.0,normal
1.0,4601.0,15.0,1.0,26.0,26.0,639.0,8.0,1.0,526.0,25.9,-26.8,1.0,26.0,256.0,normal
1.0,4602.0,15.0,1.0,26.0,31.0,763.0,2.0,0.0,0.0,35.9,-10.1,1.0,27.0,372.0,normal
1.0,4601.0,15.0,1.0,26.0,33.0,806.0,1.0,0.0,789.0,26.3,-26.7,1.0,26.0,297.0,normal
1.0,4602.0,15.0,1.0,26.0,24.0,614.0,0.0,0.0,473.0,35.8,-9.9,1.0,27.0,312.0,normal
1.0,4601.0,15.0,1.0,27.0,43.0,1043.0,3.0,0.0,0.0,27.4,-26.6,1.0,27.0,347.0,normal
1.0,4602.0,15.0,1.0,26.0,11.0,294.0,4.0,1.0,0.0,35.6,-9.9,1.0,27.0,152.0,normal
1.0,4601.0,15.0,1.0,26.0,41.0,1081.0,3.0,0.0,16.9,28.2,-26.4,1.0,27.0,297.0,normal
1.0,4602.0,15.0,1.0,20.0,1.4,1.0,0.0,0.0,0.0,33.1,-10.9,1.0,27.0,37.0,normal
1.0,4601.0,15.0,1.0,27.0,30.0,719.0,0.0,0.0,584.0,26.3,-26.6,1.0,26.0,268.0,normal
1.0,4602.0,15.0,1.0,26.0,27.0,680.0,3.0,0.0,471.0,35.5,-9.8,1.0,27.0,339.0,normal
1.0,4601.0,15.0,1.0,26.0,33.0,862.0,2.0,0.0,14.1,27.6,-26.5,1.0,27.0,307.0,normal
1.0,4602.0,15.0,1.0,26.0,8.2,196.0,2.0,1.0,0.0,36.0,-9.7,1.0,27.0,91.0,normal
1.0,4601.0,15.0,1.0,26.0,54.0,1393.0,7.0,0.0,276.0,28.4,-26.4,1.0,27.0,402.0,normal
1.0,4602.0,15.0,1.0,0.0,0.0,0.0,0.0,0.0,0.0,38.6,-11.1,1.0,27.0,4.9,normal
1.0,4601.0,15.0,1.0,26.0,52.0,1271.0,3.0,0.0,395.0,28.4,-26.5,1.0,27.0,426.0,normal
1.0,4602.0,15.0,1.0,0.0,0.0,0.0,0.0,0.0,0.0,1.0,0.0,0.0,0.0,0.0,normal
1.0,4601.0,15.0,1.0,26.0,24.0,598.0,2.0,0.0,0.0,28.3,-26.5,1.0,27.0,181.0,normal
1.0,4602.0,15.0,1.0,0.0,0.0,0.0,0.0,0.0,0.0,1.0,0.0,0.0,0.0,0.0,normal
1.0,4601.0,15.0,1.0,0.0,0.0,0.0,0.0,0.0,0.0,1.0,0.0,0.0,0.0,0.0,normal
1.0,4602.0,15.0,1.0,0.0,0.0,0.0,0.0,0.0,0.0,1.0,0.0,0.0,0.0,0.0,normal
1.0,4601.0,15.0,1.0,26.0,1.6,55.0,0.0,0.0,0.0,27.9,-26.3,1.0,27.0,56.0,normal
1.0,4602.0,15.0,1.0,0.0,0.0,0.0,0.0,0.0,0.0,1.0,0.0,0.0,0.0,0.0,normal
1.0,4601.0,15.0,1.0,0.0,0.0,0.0,0.0,0.0,0.0,1.0,0.0,0.0,0.0,0.0,normal
1.0,4602.0,15.0,1.0,0.0,0.0,0.0,0.0,0.0,0.0,1.0,0.0,0.0,0.0,0.0,normal
1.0,4601.0,15.0,1.0,0.0,0.0,0.0,0.0,0.0,0.0,1.0,0.0,0.0,0.0,0.0,normal
1.0,4602.0,15.0,1.0,0.0,0.0,0.0,0.0,0.0,0.0,36.3,-11.2,1.0,27.0,4.9,normal
1.0,4601.0,15.0,1.0,27.0,9.0,6.0,0.0,0.0,0.0,1.0,0.0,0.0,0.0,0.0,normal
1.0,4602.0,15.0,1.0,0.0,0.0,0.0,0.0,0.0,0.0,36.0,-11.2,1.0,27.0,4.9,normal
1.0,4601.0,15.0,1.0,27.0,3.7,2.0,0.0,0.0,0.0,27.6,-26.8,1.0,27.0,9.7,normal
1.0,4602.0,15.0,1.0,0.0,0.0,0.0,0.0,0.0,0.0,37.9,-11.3,1.0,27.0,4.9,normal
1.0,4601.0,15.0,1.0,27.0,2.8,2.0,0.0,0.0,0.0,27.7,-26.8,1.0,27.0,4.9,normal
1.0,4602.0,15.0,1.0,0.0,0.0,0.0,0.0,0.0,0.0,1.0,0.0,0.0,0.0,0.0,normal
1.0,4601.0,15.0,1.0,27.0,3.7,2.0,0.0,0.0,0.0,1.0,0.0,0.0,0.0,0.0,normal
1.0,4602.0,14.0,1.0,0.0,0.0,0.0,0.0,0.0,0.0,38.0,-11.3,1.0,27.0,4.9,normal
1.0,4601.0,15.0,1.0,0.0,0.0,0.0,0.0,0.0,0.0,1.0,0.0,0.0,0.0,0.0,normal
1.0,4602.0,14.0,1.0,0.0,0.0,0.0,0.0,0.0,0.0,1.0,0.0,0.0,0.0,0.0,normal
1.0,4601.0,15.0,1.0,0.0,0.0,0.0,0.0,0.0,0.0,1.0,0.0,0.0,0.0,0.0,normal
1.0,4602.0,14.0,1.0,0.0,0.0,0.0,0.0,0.0,0.0,1.0,0.0,0.0,0.0,0.0,normal
1.0,4601.0,15.0,1.0,27.0,3.7,2.0,0.0,0.0,0.0,1.0,0.0,0.0,0.0,0.0,normal
1.0,4602.0,14.0,1.0,0.0,0.0,0.0,0.0,0.0,0.0,1.0,0.0,0.0,0.0,0.0,normal
1.0,4601.0,15.0,1.0,27.0,7.3,4.0,0.0,0.0,0.0,29.4,-27.0,1.0,27.0,4.9,normal
1.0,4602.0,14.0,1.0,0.0,0.0,0.0,0.0,0.0,0.0,1.0,0.0,0.0,0.0,0.0,normal
1.0,4601.0,15.0,1.0,26.0,6.2,4.0,0.0,0.0,0.0,1.0,0.0,0.0,0.0,0.0,normal
1.0,4602.0,13.0,1.0,0.0,0.0,0.0,0.0,0.0,0.0,1.0,0.0,0.0,0.0,0.0,normal
1.0,4601.0,15.0,1.0,0.0,0.0,0.0,0.0,0.0,0.0,1.0,0.0,0.0,0.0,0.0,normal
1.0,4602.0,14.0,1.0,0.0,0.0,0.0,0.0,0.0,0.0,1.0,0.0,0.0,0.0,0.0,normal
1.0,4601.0,15.0,1.0,27.0,3.7,2.0,0.0,0.0,0.0,1.0,0.0,0.0,0.0,0.0,normal
1.0,4602.0,14.0,1.0,0.0,0.0,0.0,0.0,0.0,0.0,1.0,0.0,0.0,0.0,0.0,normal
1.0,4601.0,15.0,1.0,0.0,0.0,0.0,0.0,0.0,0.0,1.0,0.0,0.0,0.0,0.0,normal
1.0,4602.0,14.0,1.0,0.0,0.0,0.0,0.0,0.0,0.0,1.0,0.0,0.0,0.0,0.0,normal
1.0,4601.0,15.0,1.0,27.0,3.7,2.0,0.0,0.0,0.0,27.2,-27.3,1.0,27.0,4.9,normal
1.0,4602.0,14.0,1.0,0.0,0.0,0.0,0.0,0.0,0.0,1.0,0.0,0.0,0.0,0.0,normal
1.0,4601.0,15.0,1.0,27.0,10.0,6.0,0.0,0.0,0.0,1.0,0.0,0.0,0.0,0.0,normal
1.0,4602.0,14.0,1.0,0.0,0.0,0.0,0.0,0.0,0.0,1.0,0.0,0.0,0.0,0.0,normal
1.0,4601.0,15.0,1.0,27.0,11.0,6.0,0.0,0.0,0.0,28.6,-27.0,1.0,27.0,4.9,normal
1.0,4602.0,14.0,1.0,0.0,0.0,0.0,0.0,0.0,0.0,1.0,0.0,0.0,0.0,0.0,normal
1.0,4601.0,15.0,1.0,24.0,3.3,2.0,0.0,0.0,0.0,1.0,0.0,0.0,0.0,0.0,normal
1.0,4602.0,14.0,1.0,0.0,0.0,0.0,0.0,0.0,0.0,33.3,-12.0,1.0,27.0,4.9,normal
1.0,4601.0,15.0,1.0,27.0,3.7,2.0,0.0,0.0,0.0,1.0,0.0,0.0,0.0,0.0,normal
1.0,4602.0,14.0,1.0,0.0,0.0,0.0,0.0,0.0,0.0,1.0,0.0,0.0,0.0,0.0,normal
1.0,4601.0,15.0,1.0,27.0,11.0,6.0,0.0,0.0,0.0,28.4,-26.9,1.0,27.0,4.9,normal
1.0,4602.0,14.0,1.0,0.0,0.0,0.0,0.0,0.0,0.0,36.6,-12.2,1.0,27.0,4.9,normal
1.0,4601.0,15.0,1.0,0.0,0.0,0.0,0.0,0.0,0.0,1.0,0.0,0.0,0.0,0.0,normal
1.0,4602.0,14.0,1.0,0.0,0.0,0.0,0.0,0.0,0.0,1.0,0.0,0.0,0.0,0.0,normal
1.0,4601.0,15.0,1.0,0.0,0.0,0.0,0.0,0.0,0.0,1.0,0.0,0.0,0.0,0.0,normal
1.0,4602.0,14.0,1.0,0.0,0.0,0.0,0.0,0.0,0.0,1.0,0.0,0.0,0.0,0.0,normal
1.0,4601.0,15.0,1.0,0.0,0.0,0.0,0.0,0.0,0.0,1.0,0.0,0.0,0.0,0.0,normal
1.0,4602.0,14.0,1.0,0.0,0.0,0.0,0.0,0.0,0.0,1.0,0.0,0.0,0.0,0.0,normal
1.0,4601.0,15.0,1.0,27.0,7.5,4.0,0.0,0.0,0.0,1.0,0.0,0.0,0.0,0.0,normal
1.0,4602.0,14.0,1.0,0.0,0.0,0.0,0.0,0.0,0.0,37.7,-12.1,1.0,27.0,4.9,normal
1.0,4601.0,15.0,1.0,27.0,3.7,2.0,0.0,0.0,0.0,1.0,0.0,0.0,0.0,0.0,normal
1.0,4602.0,14.0,1.0,0.0,0.0,0.0,0.0,0.0,0.0,1.0,0.0,0.0,0.0,0.0,normal
1.0,4601.0,15.0,1.0,27.0,3.7,2.0,0.0,0.0,0.0,27.7,-27.0,1.0,27.0,4.9,normal
1.0,4602.0,14.0,1.0,0.0,0.0,0.0,0.0,0.0,0.0,1.0,0.0,0.0,0.0,0.0,normal
1.0,4601.0,15.0,1.0,27.0,3.7,2.0,0.0,0.0,0.0,1.0,0.0,0.0,0.0,0.0,normal
1.0,4602.0,14.0,1.0,0.0,0.0,0.0,0.0,0.0,0.0,1.0,0.0,0.0,0.0,0.0,normal
1.0,4601.0,15.0,1.0,0.0,0.0,0.0,0.0,0.0,0.0,1.0,0.0,0.0,0.0,0.0,normal
1.0,4602.0,14.0,1.0,0.0,0.0,0.0,0.0,0.0,0.0,1.0,0.0,0.0,0.0,0.0,normal
1.0,4601.0,15.0,1.0,0.0,0.0,0.0,0.0,0.0,0.0,1.0,0.0,0.0,0.0,0.0,normal
1.0,4602.0,14.0,1.0,0.0,0.0,0.0,0.0,0.0,0.0,1.0,0.0,0.0,0.0,0.0,normal
1.0,4601.0,15.0,1.0,0.0,0.0,0.0,0.0,0.0,0.0,28.4,-26.8,1.0,27.0,4.9,normal
1.0,4602.0,14.0,1.0,0.0,0.0,0.0,0.0,0.0,0.0,37.2,-12.1,1.0,27.0,4.9,normal
1.0,4601.0,15.0,1.0,27.0,3.7,2.0,0.0,0.0,0.0,1.0,0.0,0.0,0.0,0.0,normal
1.0,4602.0,14.0,1.0,0.0,0.0,0.0,0.0,0.0,0.0,36.4,-12.2,1.0,27.0,4.9,normal
1.0,4601.0,15.0,1.0,27.0,7.5,4.0,0.0,0.0,0.0,1.0,0.0,0.0,0.0,0.0,normal
1.0,4602.0,14.0,1.0,0.0,0.0,0.0,0.0,0.0,0.0,1.0,0.0,0.0,0.0,0.0,normal
1.0,4601.0,15.0,1.0,0.0,0.0,0.0,0.0,0.0,0.0,26.2,-27.2,1.0,27.0,4.9,normal
1.0,4602.0,13.0,1.0,0.0,0.0,0.0,0.0,0.0,0.0,36.9,-10.6,1.0,27.0,4.9,normal
1.0,4601.0,15.0,1.0,27.0,5.6,3.0,0.0,0.0,0.0,1.0,0.0,0.0,0.0,0.0,normal
1.0,4602.0,13.0,1.0,0.0,0.0,0.0,0.0,0.0,0.0,1.0,0.0,0.0,0.0,0.0,normal
1.0,4601.0,15.0,1.0,27.0,1.9,1.0,0.0,0.0,0.0,1.0,0.0,0.0,0.0,0.0,normal
1.0,4602.0,14.0,1.0,0.0,0.0,0.0,0.0,0.0,0.0,1.0,0.0,0.0,0.0,0.0,normal
1.0,4601.0,15.0,1.0,0.0,0.0,0.0,0.0,0.0,0.0,1.0,0.0,0.0,0.0,0.0,normal
1.0,4602.0,14.0,1.0,0.0,0.0,0.0,0.0,0.0,0.0,1.0,0.0,0.0,0.0,0.0,normal
1.0,4601.0,15.0,1.0,0.0,0.0,0.0,0.0,0.0,0.0,1.0,0.0,0.0,0.0,0.0,normal
1.0,4602.0,14.0,1.0,0.0,0.0,0.0,0.0,0.0,0.0,1.0,0.0,0.0,0.0,0.0,normal
1.0,4601.0,15.0,1.0,27.0,7.5,4.0,0.0,0.0,0.0,1.0,0.0,0.0,0.0,0.0,normal
1.0,4602.0,14.0,1.0,0.0,0.0,0.0,0.0,0.0,0.0,1.0,0.0,0.0,0.0,0.0,normal
1.0,4601.0,15.0,1.0,0.0,0.0,0.0,0.0,0.0,0.0,29.1,-26.9,1.0,26.0,4.7,normal
1.0,4602.0,13.0,1.0,0.0,0.0,0.0,0.0,0.0,0.0,36.2,-12.0,1.0,27.0,9.7,normal
1.0,4601.0,15.0,1.0,27.0,3.7,2.0,0.0,0.0,0.0,1.0,0.0,0.0,0.0,0.0,normal
1.0,4602.0,14.0,1.0,0.0,0.0,0.0,0.0,0.0,0.0,1.0,0.0,0.0,0.0,0.0,normal
1.0,4601.0,15.0,1.0,27.0,7.4,5.0,0.0,0.0,0.0,1.0,0.0,0.0,0.0,0.0,normal
1.0,4602.0,14.0,1.0,0.0,0.0,0.0,0.0,0.0,0.0,1.0,0.0,0.0,0.0,0.0,normal
1.0,4601.0,15.0,1.0,27.0,8.3,5.0,0.0,0.0,0.0,1.0,0.0,0.0,0.0,0.0,normal
1.0,4602.0,14.0,1.0,0.0,0.0,0.0,0.0,0.0,0.0,1.0,0.0,0.0,0.0,0.0,normal
1.0,4601.0,15.0,1.0,27.0,3.7,2.0,0.0,0.0,0.0,27.5,-27.3,1.0,27.0,4.9,normal
1.0,4602.0,13.0,1.0,0.0,0.0,0.0,0.0,0.0,0.0,1.0,0.0,0.0,0.0,0.0,normal
1.0,4601.0,15.0,1.0,27.0,22.0,13.0,0.0,0.0,0.0,1.0,0.0,0.0,0.0,0.0,normal
1.0,4602.0,14.0,1.0,0.0,0.0,0.0,0.0,0.0,0.0,36.2,-12.1,1.0,27.0,4.9,normal
1.0,4601.0,15.0,1.0,27.0,1.9,1.0,0.0,0.0,0.0,27.8,-27.7,1.0,27.0,9.7,normal
1.0,4602.0,15.0,1.0,25.0,38.0,957.0,10.0,1.0,25.2,35.7,-11.7,1.0,27.0,313.0,normal
1.0,4601.0,15.0,1.0,27.0,3.7,2.0,0.0,0.0,0.0,26.0,-27.6,1.0,27.0,9.7,normal
1.0,4602.0,15.0,1.0,25.0,50.0,1273.0,13.0,1.0,94.9,35.8,-11.6,1.0,27.0,416.0,normal
1.0,4601.0,15.0,1.0,27.0,3.7,2.0,0.0,0.0,0.0,1.0,0.0,0.0,0.0,0.0,normal
1.0,4602.0,15.0,1.0,26.0,42.0,1042.0,14.0,1.0,48.5,35.8,-11.2,1.0,27.0,331.0,normal
1.0,4601.0,15.0,1.0,0.0,0.0,0.0,0.0,0.0,0.0,1.0,0.0,0.0,0.0,0.0,normal
1.0,4602.0,15.0,1.0,25.0,47.0,1200.0,11.0,0.0,0.0,36.0,-10.8,1.0,27.0,386.0,normal
1.0,4601.0,15.0,1.0,27.0,6.5,4.0,0.0,0.0,0.0,27.0,-27.5,1.0,25.0,4.5,normal
1.0,4602.0,15.0,1.0,25.0,46.0,1142.0,13.0,1.0,185.0,36.3,-11.5,1.0,27.0,312.0,normal
1.0,4601.0,15.0,1.0,26.0,38.0,934.0,5.0,0.0,465.0,27.5,-27.2,1.0,27.0,329.0,normal
1.0,4602.0,14.0,1.0,26.0,10.0,258.0,3.0,1.0,0.0,36.0,-10.9,1.0,27.0,79.0,normal
1.0,4601.0,15.0,1.0,26.0,43.0,1078.0,9.0,0.0,18.4,27.5,-27.2,1.0,27.0,386.0,normal
1.0,4602.0,13.0,1.0,0.0,0.0,0.0,0.0,0.0,0.0,37.3,-11.9,1.0,27.0,4.9,normal
1.0,4601.0,15.0,1.0,26.0,57.0,1390.0,5.0,0.0,433.0,27.7,-27.1,1.0,27.0,403.0,normal
1.0,4602.0,13.0,1.0,0.0,0.0,0.0,0.0,0.0,0.0,1.0,0.0,0.0,0.0,0.0,normal
1.0,4601.0,15.0,1.0,26.0,44.0,1074.0,9.0,0.0,407.0,27.7,-27.1,1.0,27.0,360.0,normal
1.0,4602.0,13.0,1.0,0.0,0.0,0.0,0.0,0.0,0.0,1.0,0.0,0.0,0.0,0.0,normal
1.0,4601.0,15.0,1.0,27.0,57.0,1380.0,1.0,0.0,0.0,27.8,-27.2,1.0,27.0,422.0,normal
1.0,4602.0,13.0,1.0,0.0,0.0,0.0,0.0,0.0,0.0,38.4,-12.1,1.0,27.0,4.9,normal
1.0,4601.0,15.0,1.0,27.0,54.0,1317.0,1.0,0.0,416.0,27.7,-27.0,1.0,27.0,439.0,normal
1.0,4602.0,13.0,1.0,0.0,0.0,0.0,0.0,0.0,0.0,1.0,0.0,0.0,0.0,0.0,normal
1.0,4601.0,15.0,1.0,27.0,43.0,1032.0,1.0,0.0,464.0,27.5,-27.3,1.0,27.0,371.0,normal
1.0,4602.0,13.0,1.0,0.0,0.0,0.0,0.0,0.0,0.0,1.0,0.0,0.0,0.0,0.0,normal
1.0,4601.0,15.0,1.0,26.0,27.0,686.0,1.0,0.0,0.0,27.4,-27.3,1.0,27.0,250.0,normal
1.0,4602.0,13.0,1.0,0.0,0.0,0.0,0.0,0.0,0.0,37.3,-12.1,1.0,27.0,9.7,normal
1.0,4601.0,15.0,1.0,26.0,7.3,4.0,0.0,0.0,0.0,1.0,0.0,0.0,0.0,0.0,normal
1.0,4602.0,13.0,1.0,0.0,0.0,0.0,0.0,0.0,0.0,1.0,0.0,0.0,0.0,0.0,normal
1.0,4601.0,15.0,1.0,0.0,0.0,0.0,0.0,0.0,0.0,27.0,-27.6,1.0,27.0,4.9,normal
1.0,4602.0,14.0,1.0,0.0,0.0,0.0,0.0,0.0,0.0,39.0,-12.0,1.0,27.0,4.9,normal
1.0,4601.0,15.0,1.0,27.0,7.5,4.0,0.0,0.0,0.0,1.0,0.0,0.0,0.0,0.0,normal
1.0,4602.0,14.0,1.0,0.0,0.0,0.0,0.0,0.0,0.0,1.0,0.0,0.0,0.0,0.0,normal
1.0,4601.0,15.0,1.0,27.0,3.7,2.0,0.0,0.0,0.0,1.0,0.0,0.0,0.0,0.0,normal
1.0,4602.0,14.0,1.0,0.0,0.0,0.0,0.0,0.0,0.0,1.0,0.0,0.0,0.0,0.0,normal
1.0,4601.0,15.0,1.0,26.0,7.3,4.0,0.0,0.0,0.0,1.0,0.0,0.0,0.0,0.0,normal
1.0,4602.0,14.0,1.0,0.0,0.0,0.0,0.0,0.0,0.0,37.7,-12.0,1.0,27.0,9.7,normal
1.0,4601.0,15.0,1.0,27.0,6.5,4.0,0.0,0.0,0.0,28.1,-27.5,1.0,27.0,4.9,normal
1.0,4602.0,14.0,1.0,0.0,0.0,0.0,0.0,0.0,0.0,1.0,0.0,0.0,0.0,0.0,normal
1.0,4601.0,15.0,1.0,27.0,11.0,6.0,0.0,0.0,0.0,1.0,0.0,0.0,0.0,0.0,normal
1.0,4602.0,14.0,1.0,0.0,0.0,0.0,0.0,0.0,0.0,1.0,0.0,0.0,0.0,0.0,normal
1.0,4601.0,15.0,1.0,27.0,3.7,2.0,0.0,0.0,0.0,29.4,-27.6,1.0,27.0,4.9,normal
1.0,4602.0,14.0,1.0,0.0,0.0,0.0,0.0,0.0,0.0,35.4,-12.0,1.0,27.0,4.9,normal
1.0,4601.0,15.0,1.0,26.0,7.3,4.0,0.0,0.0,0.0,1.0,0.0,0.0,0.0,0.0,normal
1.0,4602.0,14.0,1.0,0.0,0.0,0.0,0.0,0.0,0.0,1.0,0.0,0.0,0.0,0.0,normal
1.0,4601.0,15.0,1.0,26.0,2.6,2.0,0.0,0.0,0.0,1.0,0.0,0.0,0.0,0.0,normal
1.0,4602.0,14.0,1.0,0.0,0.0,0.0,0.0,0.0,0.0,1.0,0.0,0.0,0.0,0.0,normal
1.0,4601.0,15.0,1.0,26.0,7.1,4.0,0.0,0.0,0.0,1.0,0.0,0.0,0.0,0.0,normal
1.0,4602.0,14.0,1.0,0.0,0.0,0.0,0.0,0.0,0.0,1.0,0.0,0.0,0.0,0.0,normal
1.0,4601.0,15.0,1.0,27.0,6.5,4.0,0.0,0.0,0.0,1.0,0.0,0.0,0.0,0.0,normal
1.0,4602.0,14.0,1.0,0.0,0.0,0.0,0.0,0.0,0.0,1.0,0.0,0.0,0.0,0.0,normal
1.0,4601.0,15.0,1.0,0.0,0.0,0.0,0.0,0.0,0.0,1.0,0.0,0.0,0.0,0.0,normal
1.0,4602.0,14.0,1.0,0.0,0.0,0.0,0.0,0.0,0.0,36.8,-12.1,1.0,27.0,4.9,normal
1.0,4601.0,15.0,1.0,25.0,3.5,2.0,0.0,0.0,0.0,1.0,0.0,0.0,0.0,0.0,normal
1.0,4602.0,13.0,1.0,0.0,0.0,0.0,0.0,0.0,0.0,1.0,0.0,0.0,0.0,0.0,normal
1.0,4601.0,15.0,1.0,27.0,7.5,4.0,0.0,0.0,0.0,1.0,0.0,0.0,0.0,0.0,normal
1.0,4602.0,14.0,1.0,0.0,0.0,0.0,0.0,0.0,0.0,1.0,0.0,0.0,0.0,0.0,normal
1.0,4601.0,15.0,1.0,24.0,3.3,2.0,0.0,0.0,0.0,1.0,0.0,0.0,0.0,0.0,normal
1.0,4602.0,13.0,1.0,0.0,0.0,0.0,0.0,0.0,0.0,1.0,0.0,0.0,0.0,0.0,normal
1.0,4601.0,15.0,1.0,0.0,0.0,0.0,0.0,0.0,0.0,1.0,0.0,0.0,0.0,0.0,normal
1.0,4602.0,14.0,1.0,0.0,0.0,0.0,0.0,0.0,0.0,1.0,0.0,0.0,0.0,0.0,normal
1.0,4601.0,15.0,1.0,0.0,0.0,0.0,0.0,0.0,0.0,1.0,0.0,0.0,0.0,0.0,normal
1.0,4602.0,13.0,1.0,0.0,0.0,0.0,0.0,0.0,0.0,1.0,0.0,0.0,0.0,0.0,normal
1.0,4601.0,15.0,1.0,0.0,0.0,0.0,0.0,0.0,0.0,1.0,0.0,0.0,0.0,0.0,normal
1.0,4602.0,14.0,1.0,0.0,0.0,0.0,0.0,0.0,0.0,1.0,0.0,0.0,0.0,0.0,normal
1.0,4601.0,15.0,1.0,0.0,0.0,0.0,0.0,0.0,0.0,27.1,-27.4,1.0,27.0,4.9,normal
1.0,4602.0,14.0,1.0,0.0,0.0,0.0,0.0,0.0,0.0,1.0,0.0,0.0,0.0,0.0,normal
1.0,4601.0,15.0,1.0,27.0,3.7,2.0,0.0,0.0,0.0,27.0,-26.7,1.0,27.0,4.9,normal
1.0,4602.0,14.0,1.0,0.0,0.0,0.0,0.0,0.0,0.0,1.0,0.0,0.0,0.0,0.0,normal
1.0,4601.0,15.0,1.0,24.0,3.3,2.0,0.0,0.0,0.0,1.0,0.0,0.0,0.0,0.0,normal
1.0,4602.0,14.0,1.0,0.0,0.0,0.0,0.0,0.0,0.0,1.0,0.0,0.0,0.0,0.0,normal
1.0,4601.0,15.0,1.0,0.0,0.0,0.0,0.0,0.0,0.0,1.0,0.0,0.0,0.0,0.0,normal
1.0,4602.0,13.0,1.0,0.0,0.0,0.0,0.0,0.0,0.0,1.0,0.0,0.0,0.0,0.0,normal
1.0,4601.0,15.0,1.0,0.0,0.0,0.0,0.0,0.0,0.0,1.0,0.0,0.0,0.0,0.0,normal
1.0,4602.0,14.0,1.0,0.0,0.0,0.0,0.0,0.0,0.0,37.6,-11.0,1.0,27.0,4.9,normal
1.0,4601.0,15.0,1.0,0.0,0.0,0.0,0.0,0.0,0.0,1.0,0.0,0.0,0.0,0.0,normal
1.0,4602.0,14.0,1.0,0.0,0.0,0.0,0.0,0.0,0.0,1.0,0.0,0.0,0.0,0.0,normal
1.0,4601.0,15.0,1.0,26.0,13.0,8.0,0.0,0.0,0.0,1.0,0.0,0.0,0.0,0.0,normal
1.0,4602.0,14.0,1.0,0.0,0.0,0.0,0.0,0.0,0.0,1.0,0.0,0.0,0.0,0.0,normal
1.0,4601.0,15.0,1.0,0.0,0.0,0.0,0.0,0.0,0.0,1.0,0.0,0.0,0.0,0.0,normal
1.0,4602.0,13.0,1.0,0.0,0.0,0.0,0.0,0.0,0.0,36.2,-12.0,1.0,27.0,4.9,normal
1.0,4601.0,15.0,1.0,27.0,2.8,2.0,0.0,0.0,0.0,1.0,0.0,0.0,0.0,0.0,normal
1.0,4602.0,14.0,1.0,0.0,0.0,0.0,0.0,0.0,0.0,1.0,0.0,0.0,0.0,0.0,normal
1.0,4601.0,15.0,1.0,27.0,3.7,2.0,0.0,0.0,0.0,1.0,0.0,0.0,0.0,0.0,normal
1.0,4602.0,14.0,1.0,0.0,0.0,0.0,0.0,0.0,0.0,1.0,0.0,0.0,0.0,0.0,normal
1.0,4601.0,15.0,1.0,0.0,0.0,0.0,0.0,0.0,0.0,1.0,0.0,0.0,0.0,0.0,normal
1.0,4602.0,14.0,1.0,0.0,0.0,0.0,0.0,0.0,0.0,1.0,0.0,0.0,0.0,0.0,normal
1.0,4601.0,15.0,1.0,0.0,0.0,0.0,0.0,0.0,0.0,1.0,0.0,0.0,0.0,0.0,normal
1.0,4602.0,14.0,1.0,0.0,0.0,0.0,0.0,0.0,0.0,1.0,0.0,0.0,0.0,0.0,normal
1.0,4601.0,15.0,1.0,27.0,3.7,2.0,0.0,0.0,0.0,28.1,-26.9,1.0,27.0,4.9,normal
1.0,4602.0,13.0,1.0,0.0,0.0,0.0,0.0,0.0,0.0,1.0,0.0,0.0,0.0,0.0,normal
1.0,4601.0,15.0,1.0,0.0,0.0,0.0,0.0,0.0,0.0,1.0,0.0,0.0,0.0,0.0,normal
1.0,4602.0,14.0,1.0,0.0,0.0,0.0,0.0,0.0,0.0,1.0,0.0,0.0,0.0,0.0,normal
1.0,4601.0,15.0,1.0,27.0,2.8,2.0,0.0,0.0,0.0,1.0,0.0,0.0,0.0,0.0,normal
1.0,4602.0,14.0,1.0,0.0,0.0,0.0,0.0,0.0,0.0,1.0,0.0,0.0,0.0,0.0,normal
1.0,4601.0,15.0,1.0,27.0,7.5,4.0,0.0,0.0,0.0,1.0,0.0,0.0,0.0,0.0,normal
1.0,4602.0,14.0,1.0,0.0,0.0,0.0,0.0,0.0,0.0,1.0,0.0,0.0,0.0,0.0,normal
1.0,4601.0,15.0,1.0,0.0,0.0,0.0,0.0,0.0,0.0,1.0,0.0,0.0,0.0,0.0,normal
1.0,4602.0,14.0,1.0,0.0,0.0,0.0,0.0,0.0,0.0,36.9,-12.0,1.0,27.0,4.9,normal
1.0,4601.0,15.0,1.0,0.0,0.0,0.0,0.0,0.0,0.0,1.0,0.0,0.0,0.0,0.0,normal
1.0,4602.0,14.0,1.0,0.0,0.0,0.0,0.0,0.0,0.0,36.8,-12.1,1.0,27.0,4.9,normal
1.0,4601.0,15.0,1.0,27.0,3.7,2.0,0.0,0.0,0.0,1.0,0.0,0.0,0.0,0.0,normal
1.0,4602.0,15.0,1.0,26.0,41.0,1021.0,3.0,0.0,16.9,36.0,-11.0,1.0,27.0,354.0,normal
1.0,4601.0,15.0,1.0,27.0,7.3,4.0,0.0,0.0,0.0,1.0,0.0,0.0,0.0,0.0,normal
1.0,4602.0,15.0,1.0,26.0,40.0,979.0,3.0,0.0,20.3,35.8,-10.9,1.0,27.0,325.0,normal
1.0,4601.0,15.0,1.0,0.0,0.0,0.0,0.0,0.0,0.0,1.0,0.0,0.0,0.0,0.0,normal
1.0,4602.0,15.0,1.0,26.0,41.0,1013.0,8.0,0.0,25.0,35.7,-10.9,1.0,27.0,341.0,normal
1.0,4601.0,15.0,1.0,0.0,0.0,0.0,0.0,0.0,0.0,1.0,0.0,0.0,0.0,0.0,normal
1.0,4602.0,15.0,1.0,26.0,53.0,1289.0,2.0,0.0,16.9,35.9,-10.9,1.0,27.0,429.0,normal
1.0,4601.0,15.0,1.0,27.0,6.5,4.0,0.0,0.0,0.0,1.0,0.0,0.0,0.0,0.0,normal
1.0,4602.0,15.0,1.0,26.0,57.0,1397.0,3.0,0.0,36.0,35.5,-10.9,1.0,27.0,425.0,normal
1.0,4601.0,15.0,1.0,26.0,41.0,995.0,3.0,0.0,428.0,27.9,-26.9,1.0,27.0,336.0,normal
1.0,4602.0,15.0,1.0,27.0,1.9,50.0,0.0,0.0,0.0,35.7,-11.0,1.0,27.0,30.0,normal
1.0,4601.0,15.0,1.0,27.0,58.0,1400.0,0.0,0.0,184.0,28.0,-26.9,1.0,27.0,441.0,normal
1.0,4602.0,15.0,1.0,0.0,0.0,0.0,0.0,0.0,0.0,1.0,0.0,0.0,0.0,0.0,normal
1.0,4601.0,15.0,1.0,27.0,45.0,1088.0,0.0,0.0,428.0,28.1,-26.8,1.0,27.0,379.0,normal
1.0,4602.0,15.0,1.0,0.0,0.0,0.0,0.0,0.0,0.0,1.0,0.0,0.0,0.0,0.0,normal
1.0,4601.0,15.0,1.0,27.0,45.0,1082.0,0.0,0.0,322.0,28.0,-26.7,1.0,27.0,379.0,normal
1.0,4602.0,15.0,1.0,0.0,0.0,0.0,0.0,0.0,0.0,1.0,0.0,0.0,0.0,0.0,normal
1.0,4601.0,15.0,1.0,27.0,58.0,1400.0,0.0,0.0,531.0,28.1,-26.8,1.0,27.0,453.0,normal
1.0,4602.0,15.0,1.0,0.0,0.0,0.0,0.0,0.0,0.0,1.0,0.0,0.0,0.0,0.0,normal
1.0,4601.0,15.0,1.0,26.0,52.0,1272.0,4.0,0.0,540.0,27.7,-26.7,1.0,27.0,430.0,normal
1.0,4602.0,15.0,1.0,0.0,0.0,0.0,0.0,0.0,0.0,1.0,0.0,0.0,0.0,0.0,normal
1.0,4601.0,15.0,1.0,27.0,58.0,1398.0,2.0,0.0,457.0,27.9,-26.9,1.0,27.0,427.0,normal
1.0,4602.0,15.0,1.0,0.0,0.0,0.0,0.0,0.0,0.0,1.0,0.0,0.0,0.0,0.0,normal
1.0,4601.0,15.0,1.0,26.0,34.0,1083.0,2.0,0.0,9.85,28.0,-26.8,1.0,27.0,331.0,normal
1.0,4602.0,14.0,1.0,0.0,0.0,0.0,0.0,0.0,0.0,36.8,-12.0,1.0,27.0,9.7,normal
1.0,4601.0,15.0,1.0,27.0,23.0,737.0,0.0,0.0,0.0,27.9,-26.7,1.0,27.0,193.0,normal
1.0,4602.0,14.0,1.0,0.0,0.0,0.0,0.0,0.0,0.0,1.0,0.0,0.0,0.0,0.0,normal
1.0,4601.0,15.0,1.0,27.0,3.7,2.0,0.0,0.0,0.0,1.0,0.0,0.0,0.0,0.0,normal
1.0,4602.0,14.0,1.0,0.0,0.0,0.0,0.0,0.0,0.0,37.0,-12.2,1.0,27.0,9.7,normal
1.0,4601.0,15.0,1.0,27.0,3.7,2.0,0.0,0.0,0.0,27.5,-27.1,1.0,27.0,4.9,normal
1.0,4602.0,15.0,1.0,26.0,7.2,4.0,0.0,0.0,0.0,37.1,-11.2,1.0,27.0,9.7,normal
1.0,4601.0,15.0,1.0,0.0,0.0,0.0,0.0,0.0,0.0,1.0,0.0,0.0,0.0,0.0,normal
1.0,4602.0,15.0,1.0,0.0,0.0,0.0,0.0,0.0,0.0,1.0,0.0,0.0,0.0,0.0,normal
1.0,4601.0,15.0,1.0,0.0,0.0,0.0,0.0,0.0,0.0,28.2,-26.8,1.0,27.0,4.9,normal
1.0,4602.0,15.0,1.0,0.0,0.0,0.0,0.0,0.0,0.0,1.0,0.0,0.0,0.0,0.0,normal
1.0,4601.0,15.0,1.0,0.0,0.0,0.0,0.0,0.0,0.0,28.3,-26.8,1.0,27.0,9.7,normal
1.0,4602.0,15.0,1.0,0.0,0.0,0.0,0.0,0.0,0.0,1.0,0.0,0.0,0.0,0.0,normal
1.0,4601.0,15.0,1.0,0.0,0.0,0.0,0.0,0.0,0.0,1.0,0.0,0.0,0.0,0.0,normal
1.0,4602.0,15.0,1.0,0.0,0.0,0.0,0.0,0.0,0.0,36.8,-12.3,1.0,27.0,4.9,normal
1.0,4601.0,15.0,1.0,0.0,0.0,0.0,0.0,0.0,0.0,1.0,0.0,0.0,0.0,0.0,normal
1.0,4602.0,15.0,1.0,0.0,0.0,0.0,0.0,0.0,0.0,37.3,-12.3,1.0,27.0,4.9,normal
1.0,4601.0,15.0,1.0,27.0,11.0,6.0,0.0,0.0,0.0,27.7,-26.7,1.0,27.0,4.9,normal
1.0,4602.0,15.0,1.0,0.0,0.0,0.0,0.0,0.0,0.0,1.0,0.0,0.0,0.0,0.0,normal
1.0,4601.0,15.0,1.0,0.0,0.0,0.0,0.0,0.0,0.0,1.0,0.0,0.0,0.0,0.0,normal
1.0,4602.0,15.0,1.0,0.0,0.0,0.0,0.0,0.0,0.0,1.0,0.0,0.0,0.0,0.0,normal
1.0,4601.0,15.0,1.0,0.0,0.0,0.0,0.0,0.0,0.0,28.0,-26.8,1.0,27.0,4.9,normal
1.0,4602.0,15.0,1.0,0.0,0.0,0.0,0.0,0.0,0.0,1.0,0.0,0.0,0.0,0.0,normal
1.0,4601.0,15.0,1.0,27.0,1.9,1.0,0.0,0.0,0.0,28.3,-26.8,1.0,27.0,4.9,normal
1.0,4602.0,15.0,1.0,0.0,0.0,0.0,0.0,0.0,0.0,1.0,0.0,0.0,0.0,0.0,normal
1.0,4601.0,15.0,1.0,27.0,9.2,6.0,0.0,0.0,0.0,1.0,0.0,0.0,0.0,0.0,normal
1.0,4602.0,15.0,1.0,0.0,0.0,0.0,0.0,0.0,0.0,1.0,0.0,0.0,0.0,0.0,normal
1.0,4601.0,15.0,1.0,27.0,5.6,3.0,0.0,0.0,0.0,1.0,0.0,0.0,0.0,0.0,normal
1.0,4602.0,15.0,1.0,0.0,0.0,0.0,0.0,0.0,0.0,37.4,-11.8,1.0,27.0,4.9,normal
1.0,4601.0,15.0,1.0,27.0,6.5,4.0,0.0,0.0,0.0,1.0,0.0,0.0,0.0,0.0,normal
1.0,4602.0,14.0,1.0,0.0,0.0,0.0,0.0,0.0,0.0,1.0,0.0,0.0,0.0,0.0,normal
1.0,4601.0,15.0,1.0,27.0,6.5,4.0,0.0,0.0,0.0,1.0,0.0,0.0,0.0,0.0,normal
1.0,4602.0,14.0,1.0,0.0,0.0,0.0,0.0,0.0,0.0,1.0,0.0,0.0,0.0,0.0,normal
1.0,4601.0,15.0,1.0,0.0,0.0,0.0,0.0,0.0,0.0,1.0,0.0,0.0,0.0,0.0,normal
1.0,4602.0,14.0,1.0,0.0,0.0,0.0,0.0,0.0,0.0,38.1,-12.1,1.0,27.0,4.9,normal
1.0,4601.0,15.0,1.0,24.0,3.3,2.0,0.0,0.0,0.0,1.0,0.0,0.0,0.0,0.0,normal
1.0,4602.0,14.0,1.0,0.0,0.0,0.0,0.0,0.0,0.0,1.0,0.0,0.0,0.0,0.0,normal
1.0,4601.0,15.0,1.0,27.0,11.0,6.0,0.0,0.0,0.0,1.0,0.0,0.0,0.0,0.0,normal
1.0,4602.0,14.0,1.0,0.0,0.0,0.0,0.0,0.0,0.0,1.0,0.0,0.0,0.0,0.0,normal
1.0,4601.0,15.0,1.0,0.0,0.0,0.0,0.0,0.0,0.0,1.0,0.0,0.0,0.0,0.0,normal
1.0,4602.0,14.0,1.0,0.0,0.0,0.0,0.0,0.0,0.0,1.0,0.0,0.0,0.0,0.0,normal
1.0,4601.0,15.0,1.0,0.0,0.0,0.0,0.0,0.0,0.0,1.0,0.0,0.0,0.0,0.0,normal
1.0,4602.0,14.0,1.0,0.0,0.0,0.0,0.0,0.0,0.0,1.0,0.0,0.0,0.0,0.0,normal
1.0,4601.0,15.0,1.0,27.0,2.8,2.0,0.0,0.0,0.0,28.2,-26.9,1.0,27.0,4.9,normal
1.0,4602.0,14.0,1.0,0.0,0.0,0.0,0.0,0.0,0.0,1.0,0.0,0.0,0.0,0.0,normal
1.0,4601.0,15.0,1.0,26.0,8.2,5.0,0.0,0.0,0.0,1.0,0.0,0.0,0.0,0.0,normal
1.0,4602.0,14.0,1.0,0.0,0.0,0.0,0.0,0.0,0.0,1.0,0.0,0.0,0.0,0.0,normal
1.0,4601.0,15.0,1.0,26.0,8.9,5.0,0.0,0.0,0.0,1.0,0.0,0.0,0.0,0.0,normal
1.0,4602.0,14.0,1.0,0.0,0.0,0.0,0.0,0.0,0.0,1.0,0.0,0.0,0.0,0.0,normal
1.0,4601.0,15.0,1.0,0.0,0.0,0.0,0.0,0.0,0.0,1.0,0.0,0.0,0.0,0.0,normal
1.0,4602.0,14.0,1.0,0.0,0.0,0.0,0.0,0.0,0.0,37.0,-12.1,1.0,27.0,4.9,normal
1.0,4601.0,15.0,1.0,27.0,7.5,4.0,0.0,0.0,0.0,28.9,-27.0,1.0,27.0,4.9,normal
1.0,4602.0,14.0,1.0,0.0,0.0,0.0,0.0,0.0,0.0,35.8,-11.9,1.0,27.0,4.9,normal
1.0,4601.0,15.0,1.0,0.0,0.0,0.0,0.0,0.0,0.0,1.0,0.0,0.0,0.0,0.0,normal
1.0,4602.0,14.0,1.0,0.0,0.0,0.0,0.0,0.0,0.0,1.0,0.0,0.0,0.0,0.0,normal
1.0,4601.0,15.0,1.0,0.0,0.0,0.0,0.0,0.0,0.0,1.0,0.0,0.0,0.0,0.0,normal
1.0,4602.0,14.0,1.0,0.0,0.0,0.0,0.0,0.0,0.0,1.0,0.0,0.0,0.0,0.0,normal
1.0,4601.0,15.0,1.0,27.0,3.7,2.0,0.0,0.0,0.0,28.5,-26.6,1.0,27.0,4.9,normal
1.0,4602.0,14.0,1.0,0.0,0.0,0.0,0.0,0.0,0.0,1.0,0.0,0.0,0.0,0.0,normal
1.0,4601.0,15.0,1.0,0.0,0.0,0.0,0.0,0.0,0.0,1.0,0.0,0.0,0.0,0.0,normal
1.0,4602.0,14.0,1.0,0.0,0.0,0.0,0.0,0.0,0.0,35.9,-11.9,1.0,27.0,4.9,normal
1.0,4601.0,15.0,1.0,0.0,0.0,0.0,0.0,0.0,0.0,1.0,0.0,0.0,0.0,0.0,normal
1.0,4602.0,14.0,1.0,0.0,0.0,0.0,0.0,0.0,0.0,1.0,0.0,0.0,0.0,0.0,normal
1.0,4601.0,15.0,1.0,26.0,14.0,8.0,0.0,0.0,0.0,1.0,0.0,0.0,0.0,0.0,normal
1.0,4602.0,15.0,1.0,27.0,5.6,3.0,0.0,0.0,0.0,36.4,-11.9,1.0,27.0,15.0,normal
1.0,4601.0,15.0,1.0,27.0,3.7,2.0,0.0,0.0,0.0,1.0,0.0,0.0,0.0,0.0,normal
1.0,4602.0,15.0,1.0,0.0,0.0,0.0,0.0,0.0,0.0,1.0,0.0,0.0,0.0,0.0,normal
1.0,4601.0,15.0,1.0,0.0,0.0,0.0,0.0,0.0,0.0,1.0,0.0,0.0,0.0,0.0,normal
1.0,4602.0,15.0,1.0,0.0,0.0,0.0,0.0,0.0,0.0,1.0,0.0,0.0,0.0,0.0,normal
1.0,4601.0,15.0,1.0,0.0,0.0,0.0,0.0,0.0,0.0,27.5,-27.3,1.0,27.0,4.9,normal
1.0,4602.0,15.0,1.0,27.0,1.9,1.0,0.0,0.0,0.0,36.3,-11.8,1.0,27.0,4.9,normal
1.0,4601.0,15.0,1.0,27.0,11.0,6.0,0.0,0.0,0.0,1.0,0.0,0.0,0.0,0.0,normal
1.0,4602.0,15.0,1.0,0.0,0.0,0.0,0.0,0.0,0.0,1.0,0.0,0.0,0.0,0.0,normal
1.0,4601.0,15.0,1.0,27.0,7.3,4.0,0.0,0.0,0.0,27.5,-27.0,1.0,27.0,4.9,normal
1.0,4602.0,15.0,1.0,0.0,0.0,0.0,0.0,0.0,0.0,36.4,-11.9,1.0,27.0,15.0,normal
1.0,4601.0,15.0,1.0,26.0,3.6,2.0,0.0,0.0,0.0,1.0,0.0,0.0,0.0,0.0,normal
1.0,4602.0,15.0,1.0,26.0,35.0,888.0,11.0,1.0,69.9,35.9,-11.7,1.0,27.0,272.0,normal
1.0,4601.0,15.0,1.0,0.0,0.0,0.0,0.0,0.0,0.0,1.0,0.0,0.0,0.0,0.0,normal
1.0,4602.0,15.0,1.0,26.0,30.0,745.0,2.0,0.0,58.0,36.1,-11.6,1.0,27.0,223.0,normal
1.0,4601.0,15.0,1.0,27.0,7.5,4.0,0.0,0.0,0.0,28.0,-27.1,1.0,27.0,4.9,normal
1.0,4602.0,15.0,1.0,26.0,56.0,1376.0,10.0,0.0,111.0,35.8,-11.7,1.0,27.0,339.0,normal
1.0,4601.0,15.0,1.0,0.0,0.0,0.0,0.0,0.0,0.0,1.0,0.0,0.0,0.0,0.0,normal
1.0,4602.0,15.0,1.0,26.0,39.0,961.0,7.0,0.0,43.6,35.7,-11.7,1.0,27.0,297.0,normal
1.0,4601.0,15.0,1.0,26.0,7.3,4.0,0.0,0.0,0.0,1.0,0.0,0.0,0.0,0.0,normal
1.0,4602.0,15.0,1.0,26.0,39.0,965.0,8.0,0.0,40.4,35.7,-11.6,1.0,27.0,292.0,normal
1.0,4601.0,15.0,1.0,27.0,10.0,6.0,0.0,0.0,0.0,26.1,-27.6,1.0,27.0,4.9,normal
1.0,4602.0,15.0,1.0,26.0,57.0,1391.0,9.0,0.0,0.0,35.4,-11.2,1.0,27.0,346.0,normal
1.0,4601.0,15.0,1.0,27.0,7.5,4.0,0.0,0.0,0.0,1.0,0.0,0.0,0.0,0.0,normal
1.0,4602.0,15.0,1.0,26.0,263.0,12.0,0.0,0.0,0.0,36.2,-11.5,1.0,27.0,19.0,normal
1.0,4601.0,15.0,1.0,27.0,13.0,8.0,0.0,0.0,0.0,27.0,-27.8,1.0,27.0,4.9,normal
1.0,4602.0,15.0,1.0,0.0,0.0,0.0,0.0,0.0,0.0,36.9,-11.8,1.0,27.0,4.9,normal
1.0,4601.0,15.0,1.0,27.0,14.0,8.0,0.0,0.0,0.0,1.0,0.0,0.0,0.0,0.0,normal
1.0,4602.0,15.0,1.0,0.0,0.0,0.0,0.0,0.0,0.0,1.0,0.0,0.0,0.0,0.0,normal
1.0,4601.0,15.0,1.0,27.0,41.0,998.0,2.0,0.0,454.0,28.1,-26.6,1.0,27.0,346.0,normal
1.0,4602.0,15.0,1.0,26.0,1.8,1.0,0.0,0.0,0.0,38.5,-11.8,1.0,27.0,4.9,normal
1.0,4601.0,15.0,1.0,26.0,45.0,1094.0,2.0,0.0,196.0,28.6,-26.0,1.0,27.0,381.0,normal
1.0,4602.0,15.0,1.0,0.0,0.0,0.0,0.0,0.0,0.0,37.8,-12.2,1.0,27.0,4.9,normal
1.0,4601.0,15.0,1.0,26.0,58.0,1397.0,3.0,0.0,481.0,29.2,-25.2,1.0,27.0,442.0,normal
1.0,4602.0,15.0,1.0,0.0,0.0,0.0,0.0,0.0,0.0,37.5,-12.1,1.0,27.0,4.9,normal
1.0,4601.0,15.0,1.0,27.0,46.0,1104.0,1.0,0.0,328.0,29.3,-25.2,1.0,27.0,406.0,normal
1.0,4602.0,15.0,1.0,26.0,1.8,1.0,0.0,0.0,0.0,37.4,-12.1,1.0,27.0,9.7,normal
1.0,4601.0,15.0,1.0,26.0,44.0,1070.0,4.0,0.0,187.0,28.8,-25.7,1.0,27.0,380.0,normal
1.0,4602.0,15.0,1.0,0.0,0.0,0.0,0.0,0.0,0.0,37.1,-12.2,1.0,27.0,4.9,normal
1.0,4601.0,15.0,1.0,27.0,46.0,1136.0,1.0,0.0,0.0,28.4,-26.3,1.0,27.0,428.0,normal
1.0,4602.0,15.0,1.0,0.0,0.0,0.0,0.0,0.0,0.0,37.9,-12.2,1.0,27.0,4.9,normal
1.0,4601.0,15.0,1.0,26.0,55.0,1342.0,4.0,0.0,460.0,28.4,-26.4,1.0,27.0,428.0,normal
1.0,4602.0,15.0,1.0,22.0,1.5,1.0,0.0,0.0,0.0,34.4,-12.1,1.0,27.0,4.9,normal
1.0,4601.0,15.0,1.0,27.0,4.0,101.0,1.0,0.0,0.0,28.5,-26.4,1.0,27.0,41.0,normal
1.0,4602.0,15.0,1.0,0.0,0.0,0.0,0.0,0.0,0.0,1.0,0.0,0.0,0.0,0.0,normal
1.0,4601.0,15.0,1.0,26.0,3.6,2.0,0.0,0.0,0.0,1.0,0.0,0.0,0.0,0.0,normal
1.0,4602.0,15.0,1.0,0.0,0.0,0.0,0.0,0.0,0.0,1.0,0.0,0.0,0.0,0.0,normal
1.0,4601.0,15.0,1.0,0.0,0.0,0.0,0.0,0.0,0.0,1.0,0.0,0.0,0.0,0.0,normal
1.0,4602.0,15.0,1.0,26.0,5.4,3.0,0.0,0.0,0.0,36.4,-12.2,1.0,27.0,15.0,normal
1.0,4601.0,15.0,1.0,25.0,2.6,2.0,0.0,0.0,0.0,1.0,0.0,0.0,0.0,0.0,normal
1.0,4602.0,15.0,1.0,0.0,0.0,0.0,0.0,0.0,0.0,1.0,0.0,0.0,0.0,0.0,normal
1.0,4601.0,15.0,1.0,26.0,5.4,3.0,0.0,0.0,0.0,27.4,-26.6,1.0,27.0,4.9,normal
1.0,4602.0,15.0,1.0,0.0,0.0,0.0,0.0,0.0,0.0,35.9,-12.2,1.0,27.0,4.9,normal
1.0,4601.0,15.0,1.0,26.0,5.4,3.0,0.0,0.0,0.0,1.0,0.0,0.0,0.0,0.0,normal
1.0,4602.0,15.0,1.0,26.0,1.8,1.0,0.0,0.0,0.0,36.9,-12.2,1.0,27.0,4.9,normal
1.0,4601.0,15.0,1.0,26.0,21.0,13.0,0.0,0.0,161.0,27.3,-27.8,1.0,27.0,9.7,normal
1.0,4602.0,15.0,1.0,0.0,0.0,0.0,0.0,0.0,0.0,1.0,0.0,0.0,0.0,0.0,normal
1.0,4601.0,15.0,1.0,27.0,46.0,1112.0,1.0,0.0,370.0,27.3,-27.4,1.0,27.0,567.0,normal
1.0,4602.0,15.0,1.0,0.0,0.0,0.0,0.0,0.0,0.0,1.0,0.0,0.0,0.0,0.0,normal
1.0,4601.0,15.0,1.0,27.0,13.0,305.0,0.0,0.0,0.0,27.4,-27.4,1.0,27.0,105.0,normal
1.0,4602.0,15.0,1.0,26.0,2.7,74.0,2.0,2.0,32.8,35.3,-11.6,1.0,27.0,106.0,normal
1.0,4601.0,15.0,1.0,0.0,0.0,0.0,0.0,0.0,0.0,1.0,0.0,0.0,0.0,0.0,normal
1.0,4602.0,15.0,1.0,26.0,56.0,1386.0,14.0,1.0,95.5,35.8,-11.3,1.0,27.0,391.0,normal
1.0,4601.0,15.0,1.0,27.0,3.7,2.0,0.0,0.0,0.0,1.0,0.0,0.0,0.0,0.0,normal
1.0,4602.0,15.0,1.0,26.0,48.0,1179.0,11.0,0.0,76.3,35.9,-10.7,1.0,27.0,334.0,normal
1.0,4601.0,15.0,1.0,0.0,0.0,0.0,0.0,0.0,0.0,1.0,0.0,0.0,0.0,0.0,normal
1.0,4602.0,15.0,1.0,26.0,20.0,485.0,3.0,0.0,0.0,35.8,-11.5,1.0,27.0,130.0,normal
1.0,4601.0,15.0,1.0,0.0,0.0,0.0,0.0,0.0,0.0,1.0,0.0,0.0,0.0,0.0,normal
1.0,4602.0,15.0,1.0,0.0,0.0,0.0,0.0,0.0,0.0,1.0,0.0,0.0,0.0,0.0,normal
1.0,4601.0,15.0,1.0,0.0,0.0,0.0,0.0,0.0,0.0,1.0,0.0,0.0,0.0,0.0,normal
1.0,4602.0,15.0,1.0,0.0,0.0,0.0,0.0,0.0,0.0,36.9,-11.8,1.0,27.0,4.9,normal
1.0,4601.0,15.0,1.0,0.0,0.0,0.0,0.0,0.0,0.0,1.0,0.0,0.0,0.0,0.0,normal
1.0,4602.0,14.0,1.0,22.0,4.5,3.0,0.0,0.0,0.0,36.7,-11.9,1.0,27.0,9.7,normal
1.0,4601.0,15.0,1.0,0.0,0.0,0.0,0.0,0.0,0.0,1.0,0.0,0.0,0.0,0.0,normal
1.0,4602.0,15.0,1.0,0.0,0.0,0.0,0.0,0.0,0.0,1.0,0.0,0.0,0.0,0.0,normal
1.0,4601.0,15.0,1.0,27.0,7.5,4.0,0.0,0.0,0.0,28.1,-27.0,1.0,27.0,9.6,normal
1.0,4602.0,15.0,1.0,0.0,0.0,0.0,0.0,0.0,0.0,1.0,0.0,0.0,0.0,0.0,normal
1.0,4601.0,15.0,1.0,27.0,6.5,4.0,0.0,0.0,0.0,1.0,0.0,0.0,0.0,0.0,normal
1.0,4602.0,15.0,1.0,26.0,1.8,1.0,0.0,0.0,0.0,36.1,-12.2,1.0,27.0,4.9,normal
1.0,4601.0,15.0,1.0,27.0,3.7,2.0,0.0,0.0,0.0,1.0,0.0,0.0,0.0,0.0,normal
1.0,4602.0,15.0,1.0,0.0,0.0,0.0,0.0,0.0,0.0,38.3,-12.2,1.0,27.0,4.9,normal
1.0,4601.0,15.0,1.0,0.0,0.0,0.0,0.0,0.0,0.0,1.0,0.0,0.0,0.0,0.0,normal
1.0,4602.0,15.0,1.0,0.0,0.0,0.0,0.0,0.0,0.0,36.7,-12.2,1.0,27.0,4.9,normal
1.0,4601.0,15.0,1.0,27.0,3.7,2.0,0.0,0.0,0.0,1.0,0.0,0.0,0.0,0.0,normal
1.0,4602.0,15.0,1.0,26.0,1.8,1.0,0.0,0.0,0.0,36.0,-12.1,1.0,27.0,9.7,normal
1.0,4601.0,15.0,1.0,27.0,3.7,2.0,0.0,0.0,0.0,1.0,0.0,0.0,0.0,0.0,normal
1.0,4602.0,15.0,1.0,0.0,0.0,0.0,0.0,0.0,0.0,1.0,0.0,0.0,0.0,0.0,normal
1.0,4601.0,15.0,1.0,27.0,1.9,1.0,0.0,0.0,0.0,1.0,0.0,0.0,0.0,0.0,normal
1.0,4602.0,14.0,1.0,0.0,0.0,0.0,0.0,0.0,0.0,1.0,0.0,0.0,0.0,0.0,normal
1.0,4601.0,15.0,1.0,27.0,1.9,1.0,0.0,0.0,0.0,1.0,0.0,0.0,0.0,0.0,normal
1.0,4602.0,15.0,1.0,26.0,1.8,1.0,0.0,0.0,0.0,36.4,-12.0,1.0,27.0,4.9,normal
1.0,4601.0,15.0,1.0,0.0,0.0,0.0,0.0,0.0,0.0,1.0,0.0,0.0,0.0,0.0,normal
1.0,4602.0,14.0,1.0,0.0,0.0,0.0,0.0,0.0,0.0,1.0,0.0,0.0,0.0,0.0,normal
1.0,4601.0,15.0,1.0,0.0,0.0,0.0,0.0,0.0,0.0,1.0,0.0,0.0,0.0,0.0,normal
1.0,4602.0,15.0,1.0,0.0,0.0,0.0,0.0,0.0,0.0,1.0,0.0,0.0,0.0,0.0,normal
1.0,4601.0,15.0,1.0,0.0,0.0,0.0,0.0,0.0,0.0,1.0,0.0,0.0,0.0,0.0,normal
1.0,4602.0,15.0,1.0,0.0,0.0,0.0,0.0,0.0,0.0,1.0,0.0,0.0,0.0,0.0,normal
1.0,4601.0,15.0,1.0,27.0,7.5,4.0,0.0,0.0,0.0,1.0,0.0,0.0,0.0,0.0,normal
1.0,4602.0,15.0,1.0,0.0,0.0,0.0,0.0,0.0,0.0,35.8,-12.1,1.0,27.0,9.7,normal
1.0,4601.0,15.0,1.0,0.0,0.0,0.0,0.0,0.0,0.0,28.0,-27.0,1.0,27.0,9.7,normal
1.0,4602.0,15.0,1.0,0.0,0.0,0.0,0.0,0.0,0.0,1.0,0.0,0.0,0.0,0.0,normal
1.0,4601.0,15.0,1.0,0.0,0.0,0.0,0.0,0.0,0.0,1.0,0.0,0.0,0.0,0.0,normal
1.0,4602.0,15.0,1.0,0.0,0.0,0.0,0.0,0.0,0.0,1.0,0.0,0.0,0.0,0.0,normal
1.0,4601.0,15.0,1.0,27.0,2.8,2.0,0.0,0.0,0.0,1.0,0.0,0.0,0.0,0.0,normal
1.0,4602.0,15.0,1.0,0.0,0.0,0.0,0.0,0.0,0.0,37.2,-12.2,1.0,27.0,4.9,normal
1.0,4601.0,15.0,1.0,27.0,9.3,5.0,0.0,0.0,0.0,1.0,0.0,0.0,0.0,0.0,normal
1.0,4602.0,15.0,1.0,0.0,0.0,0.0,0.0,0.0,0.0,1.0,0.0,0.0,0.0,0.0,normal
1.0,4601.0,15.0,1.0,0.0,1.9,1.0,0.0,0.0,0.0,1.0,0.0,0.0,0.0,0.0,normal
1.0,4602.0,15.0,1.0,0.0,0.0,0.0,0.0,0.0,0.0,1.0,0.0,0.0,0.0,0.0,normal
1.0,4601.0,15.0,1.0,26.0,9.1,5.0,0.0,0.0,0.0,1.0,0.0,0.0,0.0,0.0,normal
1.0,4602.0,15.0,1.0,0.0,0.0,0.0,0.0,0.0,0.0,1.0,0.0,0.0,0.0,0.0,normal
1.0,4601.0,15.0,1.0,27.0,888.0,1.0,0.0,0.0,0.0,1.0,0.0,0.0,0.0,0.0,normal
1.0,4602.0,15.0,1.0,0.0,0.0,0.0,0.0,0.0,0.0,1.0,0.0,0.0,0.0,0.0,normal
1.0,4601.0,15.0,1.0,27.0,10.0,6.0,0.0,0.0,0.0,1.0,0.0,0.0,0.0,0.0,normal
1.0,4602.0,14.0,1.0,0.0,0.0,0.0,0.0,0.0,0.0,1.0,0.0,0.0,0.0,0.0,normal
1.0,4601.0,15.0,1.0,27.0,3.7,2.0,0.0,0.0,0.0,1.0,0.0,0.0,0.0,0.0,normal
1.0,4602.0,14.0,1.0,0.0,0.0,0.0,0.0,0.0,0.0,1.0,0.0,0.0,0.0,0.0,normal
1.0,4601.0,15.0,1.0,26.0,2.6,2.0,0.0,0.0,0.0,1.0,0.0,0.0,0.0,0.0,normal
1.0,4602.0,13.0,1.0,0.0,0.0,0.0,0.0,0.0,0.0,1.0,0.0,0.0,0.0,0.0,normal
1.0,4601.0,15.0,1.0,0.0,0.0,0.0,0.0,0.0,0.0,1.0,0.0,0.0,0.0,0.0,normal
1.0,4602.0,14.0,1.0,0.0,0.0,0.0,0.0,0.0,0.0,1.0,0.0,0.0,0.0,0.0,normal
1.0,4601.0,15.0,1.0,27.0,3.7,2.0,0.0,0.0,0.0,1.0,0.0,0.0,0.0,0.0,normal
1.0,4602.0,14.0,1.0,0.0,0.0,0.0,0.0,0.0,0.0,1.0,0.0,0.0,0.0,0.0,normal
1.0,4601.0,15.0,1.0,0.0,0.0,0.0,0.0,0.0,0.0,1.0,0.0,0.0,0.0,0.0,normal
1.0,4602.0,13.0,1.0,0.0,0.0,0.0,0.0,0.0,0.0,37.3,-12.2,1.0,27.0,4.9,normal
1.0,4601.0,15.0,1.0,27.0,3.7,2.0,0.0,0.0,0.0,1.0,0.0,0.0,0.0,0.0,normal
1.0,4602.0,13.0,1.0,0.0,0.0,0.0,0.0,0.0,0.0,1.0,0.0,0.0,0.0,0.0,normal
1.0,4601.0,15.0,1.0,27.0,11.0,6.0,0.0,0.0,0.0,1.0,0.0,0.0,0.0,0.0,normal
1.0,4602.0,14.0,1.0,0.0,0.0,0.0,0.0,0.0,0.0,1.0,0.0,0.0,0.0,0.0,normal
1.0,4601.0,15.0,1.0,27.0,3.7,2.0,0.0,0.0,0.0,1.0,0.0,0.0,0.0,0.0,normal
1.0,4602.0,14.0,1.0,0.0,0.0,0.0,0.0,0.0,0.0,34.6,-12.2,1.0,27.0,4.9,normal
1.0,4601.0,15.0,1.0,27.0,7.5,4.0,0.0,0.0,0.0,1.0,0.0,0.0,0.0,0.0,normal
1.0,4602.0,14.0,1.0,0.0,0.0,0.0,0.0,0.0,0.0,1.0,0.0,0.0,0.0,0.0,normal
1.0,4601.0,15.0,1.0,0.0,0.0,0.0,0.0,0.0,0.0,1.0,0.0,0.0,0.0,0.0,normal
1.0,4602.0,14.0,1.0,0.0,0.0,0.0,0.0,0.0,0.0,37.4,-12.2,1.0,27.0,4.9,normal
1.0,4601.0,15.0,1.0,0.0,0.0,0.0,0.0,0.0,0.0,1.0,0.0,0.0,0.0,0.0,normal
1.0,4602.0,14.0,1.0,0.0,0.0,0.0,0.0,0.0,0.0,1.0,0.0,0.0,0.0,0.0,normal
1.0,4601.0,15.0,1.0,27.0,3.7,2.0,0.0,0.0,0.0,1.0,0.0,0.0,0.0,0.0,normal
1.0,4602.0,14.0,1.0,0.0,0.0,0.0,0.0,0.0,0.0,36.8,-11.0,1.0,27.0,4.9,normal
1.0,4601.0,15.0,1.0,0.0,0.0,0.0,0.0,0.0,0.0,1.0,0.0,0.0,0.0,0.0,normal
1.0,4602.0,14.0,1.0,0.0,0.0,0.0,0.0,0.0,0.0,1.0,0.0,0.0,0.0,0.0,normal
1.0,4601.0,15.0,1.0,27.0,11.0,6.0,0.0,0.0,0.0,1.0,0.0,0.0,0.0,0.0,normal
1.0,4602.0,14.0,1.0,0.0,0.0,0.0,0.0,0.0,0.0,1.0,0.0,0.0,0.0,0.0,normal
1.0,4601.0,15.0,1.0,27.0,3.7,2.0,0.0,0.0,0.0,1.0,0.0,0.0,0.0,0.0,normal
1.0,4602.0,14.0,1.0,0.0,0.0,0.0,0.0,0.0,0.0,1.0,0.0,0.0,0.0,0.0,normal
1.0,4601.0,15.0,1.0,27.0,7.5,4.0,0.0,0.0,0.0,1.0,0.0,0.0,0.0,0.0,normal
1.0,4602.0,14.0,1.0,0.0,0.0,0.0,0.0,0.0,0.0,1.0,0.0,0.0,0.0,0.0,normal
1.0,4601.0,15.0,1.0,27.0,44.0,1052.0,0.0,0.0,329.0,28.3,-26.5,1.0,27.0,295.0,normal
1.0,4602.0,14.0,1.0,0.0,0.0,0.0,0.0,0.0,0.0,1.0,0.0,0.0,0.0,0.0,normal
1.0,4601.0,15.0,1.0,27.0,45.0,1096.0,0.0,0.0,158.0,28.2,-26.4,1.0,27.0,331.0,normal
1.0,4602.0,14.0,1.0,0.0,0.0,0.0,0.0,0.0,0.0,36.1,-12.0,1.0,27.0,4.9,normal
1.0,4601.0,15.0,1.0,27.0,58.0,1398.0,2.0,0.0,400.0,28.5,-26.3,1.0,27.0,346.0,normal
1.0,4602.0,14.0,1.0,0.0,0.0,0.0,0.0,0.0,0.0,1.0,0.0,0.0,0.0,0.0,normal
1.0,4601.0,15.0,1.0,27.0,53.0,1292.0,1.0,0.0,323.0,28.4,-26.4,1.0,27.0,375.0,normal
1.0,4602.0,14.0,1.0,0.0,0.0,0.0,0.0,0.0,0.0,37.1,-12.0,1.0,27.0,15.0,normal
1.0,4601.0,15.0,1.0,27.0,42.0,1022.0,1.0,0.0,96.3,28.3,-26.4,1.0,27.0,291.0,normal
1.0,4602.0,14.0,1.0,0.0,0.0,0.0,0.0,0.0,0.0,1.0,0.0,0.0,0.0,0.0,normal
1.0,4601.0,15.0,1.0,27.0,58.0,1399.0,1.0,0.0,430.0,28.4,-26.3,1.0,27.0,346.0,normal
1.0,4602.0,14.0,1.0,0.0,0.0,0.0,0.0,0.0,0.0,38.0,-12.0,1.0,27.0,4.9,normal
1.0,4601.0,15.0,1.0,27.0,44.0,1072.0,0.0,0.0,371.0,28.4,-26.3,1.0,27.0,324.0,normal
1.0,4602.0,14.0,1.0,24.0,6.8,4.0,0.0,0.0,0.0,35.3,-11.4,1.0,27.0,15.0,normal
1.0,4601.0,15.0,1.0,26.0,58.0,1395.0,5.0,0.0,378.0,28.3,-26.4,1.0,27.0,339.0,normal
1.0,4602.0,15.0,1.0,0.0,0.0,0.0,0.0,0.0,0.0,1.0,0.0,0.0,0.0,0.0,normal
1.0,4601.0,15.0,1.0,27.0,25.0,597.0,1.0,0.0,0.0,28.4,-26.3,1.0,27.0,159.0,normal
1.0,4602.0,15.0,1.0,0.0,0.0,0.0,0.0,0.0,0.0,34.9,-12.0,1.0,27.0,4.9,normal
1.0,4601.0,15.0,1.0,0.0,1.8,1.0,0.0,0.0,0.0,1.0,0.0,0.0,0.0,0.0,normal
1.0,4602.0,15.0,1.0,0.0,0.0,0.0,0.0,0.0,0.0,1.0,0.0,0.0,0.0,0.0,normal
1.0,4601.0,15.0,1.0,0.0,0.0,0.0,0.0,0.0,0.0,1.0,0.0,0.0,0.0,0.0,normal
1.0,4602.0,15.0,1.0,0.0,0.0,0.0,0.0,0.0,0.0,37.6,-12.0,1.0,27.0,4.9,normal
1.0,4601.0,15.0,1.0,0.0,0.0,0.0,0.0,0.0,0.0,1.0,0.0,0.0,0.0,0.0,normal
1.0,4602.0,15.0,1.0,0.0,0.0,0.0,0.0,0.0,0.0,36.8,-12.0,1.0,27.0,4.9,normal
1.0,4601.0,15.0,1.0,0.0,0.0,0.0,0.0,0.0,0.0,1.0,0.0,0.0,0.0,0.0,normal
1.0,4602.0,15.0,1.0,26.0,29.0,738.0,7.0,0.0,44.5,35.7,-11.3,1.0,27.0,257.0,normal
1.0,4601.0,15.0,1.0,0.0,0.0,0.0,0.0,0.0,0.0,1.0,0.0,0.0,0.0,0.0,normal
1.0,4602.0,15.0,1.0,26.0,49.0,1208.0,10.0,0.0,117.0,35.4,-10.9,1.0,27.0,448.0,normal
1.0,4601.0,15.0,1.0,0.0,0.0,0.0,0.0,0.0,0.0,1.0,0.0,0.0,0.0,0.0,normal
1.0,4602.0,15.0,1.0,26.0,51.0,1251.0,4.0,0.0,16.9,35.7,-11.0,1.0,27.0,366.0,normal
1.0,4601.0,15.0,1.0,0.0,0.0,0.0,0.0,0.0,0.0,1.0,0.0,0.0,0.0,0.0,normal
1.0,4602.0,15.0,1.0,26.0,56.0,1376.0,11.0,0.0,18.3,35.7,-10.9,1.0,27.0,346.0,normal
1.0,4601.0,15.0,1.0,26.0,2.7,2.0,0.0,0.0,0.0,1.0,0.0,0.0,0.0,0.0,normal
1.0,4602.0,15.0,1.0,25.0,49.0,1240.0,15.0,1.0,249.0,35.4,-11.0,1.0,27.0,352.0,normal
1.0,4601.0,15.0,1.0,0.0,0.0,0.0,0.0,0.0,0.0,1.0,0.0,0.0,0.0,0.0,normal
1.0,4602.0,15.0,1.0,25.0,43.0,1085.0,7.0,0.0,54.1,35.6,-11.0,1.0,27.0,319.0,normal
1.0,4601.0,15.0,1.0,0.0,0.0,0.0,0.0,0.0,0.0,26.6,-26.7,1.0,27.0,4.9,normal
1.0,4602.0,15.0,1.0,26.0,35.0,867.0,7.0,0.0,0.0,35.9,-11.0,1.0,27.0,220.0,normal
1.0,4601.0,15.0,1.0,0.0,0.0,0.0,0.0,0.0,0.0,1.0,0.0,0.0,0.0,0.0,normal
1.0,4602.0,14.0,1.0,0.0,0.0,0.0,0.0,0.0,0.0,36.2,-11.1,1.0,27.0,4.9,normal
1.0,4601.0,15.0,1.0,26.0,11.0,6.0,0.0,0.0,0.0,28.1,-26.6,1.0,27.0,4.9,normal
1.0,4602.0,14.0,1.0,0.0,0.0,0.0,0.0,0.0,0.0,1.0,0.0,0.0,0.0,0.0,normal
1.0,4601.0,15.0,1.0,26.0,2.7,2.0,0.0,0.0,0.0,1.0,0.0,0.0,0.0,0.0,normal
1.0,4602.0,14.0,1.0,0.0,0.0,0.0,0.0,0.0,0.0,37.7,-12.2,1.0,27.0,4.9,normal
1.0,4601.0,15.0,1.0,0.0,0.0,0.0,0.0,0.0,0.0,1.0,0.0,0.0,0.0,0.0,normal
1.0,4602.0,14.0,1.0,0.0,0.0,0.0,0.0,0.0,0.0,1.0,0.0,0.0,0.0,0.0,normal
1.0,4601.0,15.0,1.0,26.0,3.6,2.0,0.0,0.0,0.0,27.7,-26.8,1.0,27.0,4.9,normal
1.0,4602.0,14.0,1.0,0.0,0.0,0.0,0.0,0.0,0.0,36.0,-11.0,1.0,27.0,4.9,normal
1.0,4601.0,15.0,1.0,26.0,3.6,2.0,0.0,0.0,0.0,27.0,-26.6,1.0,27.0,4.9,normal
1.0,4602.0,14.0,1.0,0.0,0.0,0.0,0.0,0.0,0.0,36.4,-11.4,1.0,27.0,15.0,normal
1.0,4601.0,15.0,1.0,0.0,0.0,0.0,0.0,0.0,0.0,1.0,0.0,0.0,0.0,0.0,normal
1.0,4602.0,14.0,1.0,0.0,0.0,0.0,0.0,0.0,0.0,1.0,0.0,0.0,0.0,0.0,normal
1.0,4601.0,15.0,1.0,0.0,0.0,0.0,0.0,0.0,0.0,1.0,0.0,0.0,0.0,0.0,normal
1.0,4602.0,14.0,1.0,0.0,0.0,0.0,0.0,0.0,0.0,1.0,0.0,0.0,0.0,0.0,normal
1.0,4601.0,15.0,1.0,0.0,0.0,0.0,0.0,0.0,0.0,1.0,0.0,0.0,0.0,0.0,normal
1.0,4602.0,14.0,1.0,0.0,0.0,0.0,0.0,0.0,0.0,1.0,0.0,0.0,0.0,0.0,normal
1.0,4601.0,15.0,1.0,0.0,0.0,0.0,0.0,0.0,0.0,1.0,0.0,0.0,0.0,0.0,normal
1.0,4602.0,14.0,1.0,0.0,0.0,0.0,0.0,0.0,0.0,1.0,0.0,0.0,0.0,0.0,normal
1.0,4601.0,15.0,1.0,26.0,7.2,4.0,0.0,0.0,0.0,27.6,-27.4,1.0,27.0,9.7,normal
1.0,4602.0,14.0,1.0,0.0,0.0,0.0,0.0,0.0,0.0,37.7,-12.0,1.0,27.0,4.9,normal
1.0,4601.0,15.0,1.0,25.0,9.5,6.0,0.0,0.0,0.0,1.0,0.0,0.0,0.0,0.0,normal
1.0,4602.0,14.0,1.0,0.0,0.0,0.0,0.0,0.0,0.0,1.0,0.0,0.0,0.0,0.0,normal
1.0,4601.0,15.0,1.0,26.0,11.0,6.0,0.0,0.0,0.0,1.0,0.0,0.0,0.0,0.0,normal
1.0,4602.0,14.0,1.0,0.0,0.0,0.0,0.0,0.0,0.0,1.0,0.0,0.0,0.0,0.0,normal
1.0,4601.0,15.0,1.0,26.0,2.7,2.0,0.0,0.0,0.0,1.0,0.0,0.0,0.0,0.0,normal
1.0,4602.0,14.0,1.0,0.0,0.0,0.0,0.0,0.0,0.0,1.0,0.0,0.0,0.0,0.0,normal
1.0,4601.0,15.0,1.0,26.0,7.1,4.0,0.0,0.0,0.0,1.0,0.0,0.0,0.0,0.0,normal
1.0,4602.0,14.0,1.0,0.0,0.0,0.0,0.0,0.0,0.0,1.0,0.0,0.0,0.0,0.0,normal
1.0,4601.0,15.0,1.0,26.0,3.6,2.0,0.0,0.0,0.0,27.9,-27.4,1.0,27.0,4.9,normal
1.0,4602.0,14.0,1.0,0.0,0.0,0.0,0.0,0.0,0.0,1.0,0.0,0.0,0.0,0.0,normal
1.0,4601.0,15.0,1.0,26.0,13.0,8.0,0.0,0.0,0.0,28.5,-27.4,1.0,27.0,4.9,normal
1.0,4602.0,14.0,1.0,0.0,0.0,0.0,0.0,0.0,0.0,1.0,0.0,0.0,0.0,0.0,normal
1.0,4601.0,15.0,1.0,26.0,7.2,4.0,0.0,0.0,0.0,27.7,-27.5,1.0,27.0,4.9,normal
1.0,4602.0,14.0,1.0,0.0,0.0,0.0,0.0,0.0,0.0,1.0,0.0,0.0,0.0,0.0,normal
1.0,4601.0,15.0,1.0,26.0,5.4,3.0,0.0,0.0,0.0,28.3,-27.6,1.0,27.0,4.9,normal
1.0,4602.0,14.0,1.0,0.0,0.0,0.0,0.0,0.0,0.0,1.0,0.0,0.0,0.0,0.0,normal
1.0,4601.0,15.0,1.0,26.0,3.6,2.0,0.0,0.0,0.0,1.0,0.0,0.0,0.0,0.0,normal
1.0,4602.0,14.0,1.0,0.0,0.0,0.0,0.0,0.0,0.0,37.2,-12.0,1.0,27.0,4.9,normal
1.0,4601.0,15.0,1.0,26.0,3.6,2.0,0.0,0.0,0.0,1.0,0.0,0.0,0.0,0.0,normal
1.0,4602.0,14.0,1.0,0.0,0.0,0.0,0.0,0.0,0.0,35.8,-12.0,1.0,27.0,15.0,normal
1.0,4601.0,15.0,1.0,25.0,2.6,2.0,0.0,0.0,0.0,1.0,0.0,0.0,0.0,0.0,normal
1.0,4602.0,14.0,1.0,0.0,0.0,0.0,0.0,0.0,0.0,37.6,-12.0,1.0,27.0,4.9,normal
1.0,4601.0,15.0,1.0,0.0,0.0,0.0,0.0,0.0,0.0,1.0,0.0,0.0,0.0,0.0,normal
1.0,4602.0,14.0,1.0,0.0,0.0,0.0,0.0,0.0,0.0,1.0,0.0,0.0,0.0,0.0,normal
1.0,4601.0,15.0,1.0,0.0,0.0,0.0,0.0,0.0,0.0,27.9,-28.0,1.0,27.0,4.9,normal
1.0,4602.0,14.0,1.0,0.0,0.0,0.0,0.0,0.0,0.0,1.0,0.0,0.0,0.0,0.0,normal
1.0,4601.0,15.0,1.0,0.0,0.0,0.0,0.0,0.0,0.0,1.0,0.0,0.0,0.0,0.0,normal
1.0,4602.0,14.0,1.0,0.0,0.0,0.0,0.0,0.0,0.0,1.0,0.0,0.0,0.0,0.0,normal
1.0,4601.0,15.0,1.0,26.0,7.1,4.0,0.0,0.0,0.0,1.0,0.0,0.0,0.0,0.0,normal
1.0,4602.0,14.0,1.0,0.0,0.0,0.0,0.0,0.0,0.0,1.0,0.0,0.0,0.0,0.0,normal
1.0,4601.0,15.0,1.0,0.0,0.0,0.0,0.0,0.0,0.0,1.0,0.0,0.0,0.0,0.0,normal
1.0,4602.0,14.0,1.0,0.0,0.0,0.0,0.0,0.0,0.0,1.0,0.0,0.0,0.0,0.0,normal
1.0,4601.0,15.0,1.0,26.0,5.4,3.0,0.0,0.0,0.0,1.0,0.0,0.0,0.0,0.0,normal
1.0,4602.0,14.0,1.0,25.0,2.3,66.0,6.0,8.0,73.9,34.0,-11.1,1.0,27.0,79.0,normal
1.0,4601.0,15.0,1.0,26.0,12.0,7.0,0.0,0.0,0.0,1.0,0.0,0.0,0.0,0.0,normal
1.0,4602.0,15.0,1.0,25.0,50.0,1265.0,10.0,0.0,0.0,36.0,-10.7,1.0,27.0,397.0,normal
1.0,4601.0,15.0,1.0,26.0,7.2,4.0,0.0,0.0,0.0,1.0,0.0,0.0,0.0,0.0,normal
1.0,4602.0,15.0,1.0,26.0,39.0,962.0,5.0,0.0,150.0,35.6,-11.5,1.0,27.0,324.0,normal
1.0,4601.0,15.0,1.0,26.0,9.9,6.0,0.0,0.0,0.0,1.0,0.0,0.0,0.0,0.0,normal
1.0,4602.0,14.0,1.0,26.0,22.0,551.0,7.0,1.0,0.0,35.5,-10.9,1.0,27.0,183.0,normal
1.0,4601.0,15.0,1.0,26.0,9.0,6.0,0.0,0.0,0.0,28.0,-27.5,1.0,27.0,4.9,normal
1.0,4602.0,13.0,1.0,0.0,0.0,0.0,0.0,0.0,0.0,1.0,0.0,0.0,0.0,0.0,normal
1.0,4601.0,15.0,1.0,27.0,7.5,4.0,0.0,0.0,0.0,1.0,0.0,0.0,0.0,0.0,normal
1.0,4602.0,13.0,1.0,0.0,0.0,0.0,0.0,0.0,0.0,1.0,0.0,0.0,0.0,0.0,normal
1.0,4601.0,15.0,1.0,27.0,24.0,612.0,2.0,0.0,244.0,27.7,-27.3,1.0,27.0,262.0,normal
1.0,4602.0,13.0,1.0,0.0,0.0,0.0,0.0,0.0,0.0,1.0,0.0,0.0,0.0,0.0,normal
1.0,4601.0,15.0,1.0,27.0,52.0,1263.0,0.0,0.0,35.8,27.6,-27.4,1.0,27.0,467.0,normal
1.0,4602.0,13.0,1.0,0.0,0.0,0.0,0.0,0.0,0.0,37.0,-11.9,1.0,27.0,4.9,normal
1.0,4601.0,15.0,1.0,27.0,58.0,1398.0,2.0,0.0,477.0,27.6,-27.3,1.0,27.0,456.0,normal
1.0,4602.0,13.0,1.0,0.0,0.0,0.0,0.0,0.0,0.0,1.0,0.0,0.0,0.0,0.0,normal
1.0,4601.0,15.0,1.0,26.0,43.0,1045.0,2.0,0.0,72.5,27.4,-27.3,1.0,27.0,376.0,normal
1.0,4602.0,13.0,1.0,0.0,0.0,0.0,0.0,0.0,0.0,1.0,0.0,0.0,0.0,0.0,normal
1.0,4601.0,15.0,1.0,27.0,58.0,1397.0,3.0,0.0,383.0,27.2,-27.4,1.0,27.0,442.0,normal
1.0,4602.0,13.0,1.0,0.0,0.0,0.0,0.0,0.0,0.0,37.2,-12.0,1.0,27.0,9.7,normal
1.0,4601.0,15.0,1.0,26.0,53.0,1293.0,2.0,0.0,292.0,27.4,-27.5,1.0,27.0,445.0,normal
1.0,4602.0,13.0,1.0,0.0,0.0,0.0,0.0,0.0,0.0,1.0,0.0,0.0,0.0,0.0,normal
1.0,4601.0,15.0,1.0,26.0,42.0,1022.0,3.0,0.0,11.2,27.7,-27.1,1.0,27.0,363.0,normal
1.0,4602.0,13.0,1.0,0.0,0.0,0.0,0.0,0.0,0.0,1.0,0.0,0.0,0.0,0.0,normal
1.0,4601.0,15.0,1.0,26.0,42.0,1367.0,3.0,0.0,14.1,27.6,-27.3,1.0,27.0,432.0,normal
1.0,4602.0,13.0,1.0,0.0,0.0,0.0,0.0,0.0,0.0,1.0,0.0,0.0,0.0,0.0,normal
1.0,4601.0,15.0,1.0,27.0,9.6,315.0,0.0,0.0,0.0,27.7,-27.3,1.0,27.0,126.0,normal
1.0,4602.0,14.0,1.0,0.0,0.0,0.0,0.0,0.0,0.0,1.0,0.0,0.0,0.0,0.0,normal
1.0,4601.0,15.0,1.0,27.0,1.5,130.0,0.0,0.0,0.0,27.5,-27.0,1.0,27.0,249.0,normal
1.0,4602.0,14.0,1.0,0.0,0.0,0.0,0.0,0.0,0.0,1.0,0.0,0.0,0.0,0.0,normal
1.0,4601.0,15.0,1.0,27.0,2.2,185.0,0.0,0.0,0.0,27.5,-27.3,1.0,27.0,174.0,normal
1.0,4602.0,14.0,1.0,0.0,0.0,0.0,0.0,0.0,0.0,1.0,0.0,0.0,0.0,0.0,normal
1.0,4601.0,15.0,1.0,27.0,16.0,9.0,0.0,0.0,0.0,27.8,-27.4,1.0,27.0,33.0,normal
1.0,4602.0,14.0,1.0,0.0,0.0,0.0,0.0,0.0,0.0,1.0,0.0,0.0,0.0,0.0,normal
1.0,4601.0,15.0,1.0,0.0,0.0,0.0,0.0,0.0,0.0,27.3,-27.5,1.0,27.0,9.7,normal
1.0,4602.0,14.0,1.0,0.0,0.0,0.0,0.0,0.0,0.0,37.6,-11.8,1.0,27.0,4.9,normal
1.0,4601.0,15.0,1.0,27.0,12.0,7.0,0.0,0.0,0.0,27.9,-27.3,1.0,27.0,21.0,normal
1.0,4602.0,14.0,1.0,0.0,0.0,0.0,0.0,0.0,0.0,1.0,0.0,0.0,0.0,0.0,normal
1.0,4601.0,15.0,1.0,0.0,0.0,0.0,0.0,0.0,0.0,1.0,0.0,0.0,0.0,0.0,normal
1.0,4602.0,14.0,1.0,0.0,0.0,0.0,0.0,0.0,0.0,37.1,-11.8,1.0,27.0,4.9,normal
1.0,4601.0,15.0,1.0,26.0,5.3,4.0,0.0,0.0,0.0,1.0,0.0,0.0,0.0,0.0,normal
1.0,4602.0,14.0,1.0,0.0,0.0,0.0,0.0,0.0,0.0,1.0,0.0,0.0,0.0,0.0,normal
1.0,4601.0,15.0,1.0,27.0,6.5,4.0,0.0,0.0,0.0,1.0,0.0,0.0,0.0,0.0,normal
1.0,4602.0,14.0,1.0,0.0,0.0,0.0,0.0,0.0,0.0,36.8,-11.8,1.0,27.0,4.9,normal
1.0,4601.0,15.0,1.0,0.0,0.0,0.0,0.0,0.0,0.0,1.0,0.0,0.0,0.0,0.0,normal
1.0,4602.0,14.0,1.0,0.0,0.0,0.0,0.0,0.0,0.0,38.3,-11.8,1.0,27.0,4.9,normal
1.0,4601.0,15.0,1.0,0.0,0.0,0.0,0.0,0.0,0.0,1.0,0.0,0.0,0.0,0.0,normal
1.0,4602.0,14.0,1.0,0.0,0.0,0.0,0.0,0.0,0.0,1.0,0.0,0.0,0.0,0.0,normal
1.0,4601.0,15.0,1.0,27.0,7.5,4.0,0.0,0.0,0.0,1.0,0.0,0.0,0.0,0.0,normal
1.0,4602.0,14.0,1.0,0.0,0.0,0.0,0.0,0.0,0.0,1.0,0.0,0.0,0.0,0.0,normal
1.0,4601.0,15.0,1.0,27.0,2.8,2.0,0.0,0.0,0.0,1.0,0.0,0.0,0.0,0.0,normal
1.0,4602.0,14.0,1.0,0.0,0.0,0.0,0.0,0.0,0.0,1.0,0.0,0.0,0.0,0.0,normal
1.0,4601.0,15.0,1.0,0.0,0.0,0.0,0.0,0.0,0.0,1.0,0.0,0.0,0.0,0.0,normal
1.0,4602.0,14.0,1.0,0.0,0.0,0.0,0.0,0.0,0.0,1.0,0.0,0.0,0.0,0.0,normal
1.0,4601.0,15.0,1.0,27.0,6.4,4.0,0.0,0.0,0.0,1.0,0.0,0.0,0.0,0.0,normal
1.0,4602.0,14.0,1.0,0.0,0.0,0.0,0.0,0.0,0.0,1.0,0.0,0.0,0.0,0.0,normal
1.0,4601.0,15.0,1.0,26.0,9.1,5.0,0.0,0.0,0.0,27.8,-27.5,1.0,27.0,19.0,normal
1.0,4602.0,14.0,1.0,0.0,0.0,0.0,0.0,0.0,0.0,1.0,0.0,0.0,0.0,0.0,normal
1.0,4601.0,15.0,1.0,27.0,6.5,4.0,0.0,0.0,0.0,27.5,-27.5,1.0,27.0,4.9,normal
1.0,4602.0,13.0,1.0,0.0,0.0,0.0,0.0,0.0,0.0,38.0,-11.7,1.0,27.0,4.9,normal
1.0,4601.0,15.0,1.0,27.0,3.7,2.0,0.0,0.0,0.0,1.0,0.0,0.0,0.0,0.0,normal
1.0,4602.0,14.0,1.0,0.0,0.0,0.0,0.0,0.0,0.0,1.0,0.0,0.0,0.0,0.0,normal
1.0,4601.0,15.0,1.0,27.0,3.7,2.0,0.0,0.0,0.0,1.0,0.0,0.0,0.0,0.0,normal
1.0,4602.0,13.0,1.0,0.0,0.0,0.0,0.0,0.0,0.0,1.0,0.0,0.0,0.0,0.0,normal
1.0,4601.0,15.0,1.0,0.0,0.0,0.0,0.0,0.0,0.0,1.0,0.0,0.0,0.0,0.0,normal
1.0,4602.0,14.0,1.0,0.0,0.0,0.0,0.0,0.0,0.0,1.0,0.0,0.0,0.0,0.0,normal
1.0,4601.0,15.0,1.0,0.0,0.0,0.0,0.0,0.0,0.0,27.9,-27.5,1.0,27.0,4.9,normal
1.0,4602.0,14.0,1.0,0.0,0.0,0.0,0.0,0.0,0.0,1.0,0.0,0.0,0.0,0.0,normal
1.0,4601.0,15.0,1.0,27.0,14.0,8.0,0.0,0.0,0.0,27.9,-27.6,1.0,27.0,4.9,normal
1.0,4602.0,14.0,1.0,0.0,0.0,0.0,0.0,0.0,0.0,36.9,-11.9,1.0,27.0,4.9,normal
1.0,4601.0,15.0,1.0,27.0,3.7,2.0,0.0,0.0,0.0,1.0,0.0,0.0,0.0,0.0,normal
1.0,4602.0,14.0,1.0,0.0,0.0,0.0,0.0,0.0,0.0,1.0,0.0,0.0,0.0,0.0,normal
1.0,4601.0,15.0,1.0,0.0,0.0,0.0,0.0,0.0,0.0,1.0,0.0,0.0,0.0,0.0,normal
1.0,4602.0,14.0,1.0,0.0,0.0,0.0,0.0,0.0,0.0,1.0,0.0,0.0,0.0,0.0,normal
1.0,4601.0,15.0,1.0,27.0,11.0,6.0,0.0,0.0,0.0,27.9,-27.5,1.0,27.0,4.9,normal
1.0,4602.0,14.0,1.0,0.0,0.0,0.0,0.0,0.0,0.0,1.0,0.0,0.0,0.0,0.0,normal
1.0,4601.0,15.0,1.0,27.0,7.5,4.0,0.0,0.0,0.0,1.0,0.0,0.0,0.0,0.0,normal
1.0,4602.0,14.0,1.0,0.0,0.0,0.0,0.0,0.0,0.0,1.0,0.0,0.0,0.0,0.0,normal
1.0,4601.0,15.0,1.0,0.0,0.0,0.0,0.0,0.0,0.0,1.0,0.0,0.0,0.0,0.0,normal
1.0,4602.0,14.0,1.0,0.0,0.0,0.0,0.0,0.0,0.0,1.0,0.0,0.0,0.0,0.0,normal
1.0,4601.0,15.0,1.0,27.0,3.7,2.0,0.0,0.0,0.0,1.0,0.0,0.0,0.0,0.0,normal
1.0,4602.0,14.0,1.0,0.0,0.0,0.0,0.0,0.0,0.0,1.0,0.0,0.0,0.0,0.0,normal
1.0,4601.0,15.0,1.0,0.0,0.0,0.0,0.0,0.0,0.0,1.0,0.0,0.0,0.0,0.0,normal
1.0,4602.0,14.0,1.0,0.0,0.0,0.0,0.0,0.0,0.0,1.0,0.0,0.0,0.0,0.0,normal
1.0,4601.0,15.0,1.0,0.0,0.0,0.0,0.0,0.0,0.0,1.0,0.0,0.0,0.0,0.0,normal
1.0,4602.0,14.0,1.0,0.0,0.0,0.0,0.0,0.0,0.0,1.0,0.0,0.0,0.0,0.0,normal
1.0,4601.0,15.0,1.0,0.0,0.0,0.0,0.0,0.0,0.0,1.0,0.0,0.0,0.0,0.0,normal
1.0,4602.0,14.0,1.0,0.0,0.0,0.0,0.0,0.0,0.0,37.3,-11.1,1.0,27.0,4.9,normal
1.0,4601.0,15.0,1.0,0.0,0.0,0.0,0.0,0.0,0.0,1.0,0.0,0.0,0.0,0.0,normal
1.0,4602.0,14.0,1.0,0.0,0.0,0.0,0.0,0.0,0.0,36.9,-11.9,1.0,27.0,4.9,normal
1.0,4601.0,15.0,1.0,27.0,3.7,2.0,0.0,0.0,0.0,27.7,-27.4,1.0,27.0,4.9,normal
1.0,4602.0,14.0,1.0,0.0,0.0,0.0,0.0,0.0,0.0,1.0,0.0,0.0,0.0,0.0,normal
1.0,4601.0,15.0,1.0,27.0,3.7,2.0,0.0,0.0,0.0,1.0,0.0,0.0,0.0,0.0,normal
1.0,4602.0,14.0,1.0,0.0,0.0,0.0,0.0,0.0,0.0,37.6,-11.7,1.0,27.0,4.9,normal
1.0,4601.0,15.0,1.0,0.0,0.0,0.0,0.0,0.0,0.0,1.0,0.0,0.0,0.0,0.0,normal
1.0,4602.0,14.0,1.0,0.0,0.0,0.0,0.0,0.0,0.0,1.0,0.0,0.0,0.0,0.0,normal
1.0,4601.0,15.0,1.0,0.0,0.0,0.0,0.0,0.0,0.0,27.3,-27.6,1.0,27.0,4.9,normal
1.0,4602.0,14.0,1.0,0.0,0.0,0.0,0.0,0.0,0.0,1.0,0.0,0.0,0.0,0.0,normal
1.0,4601.0,15.0,1.0,0.0,0.0,0.0,0.0,0.0,0.0,28.1,-27.4,1.0,27.0,4.9,normal
1.0,4602.0,14.0,1.0,0.0,0.0,0.0,0.0,0.0,0.0,37.2,-12.0,1.0,27.0,4.9,normal
1.0,4601.0,15.0,1.0,0.0,0.0,0.0,0.0,0.0,0.0,27.1,-27.7,1.0,27.0,4.9,normal
1.0,4602.0,14.0,1.0,0.0,0.0,0.0,0.0,0.0,0.0,1.0,0.0,0.0,0.0,0.0,normal
1.0,4601.0,15.0,1.0,0.0,0.0,0.0,0.0,0.0,0.0,1.0,0.0,0.0,0.0,0.0,normal
1.0,4602.0,15.0,1.0,26.0,40.0,995.0,0.0,0.0,16.9,35.5,-11.0,1.0,27.0,320.0,normal
1.0,4601.0,15.0,1.0,0.0,0.0,0.0,0.0,0.0,0.0,27.3,-27.6,1.0,27.0,4.9,normal
1.0,4602.0,15.0,1.0,26.0,37.0,920.0,4.0,0.0,16.9,35.7,-10.7,1.0,27.0,311.0,normal
1.0,4601.0,15.0,1.0,27.0,3.7,2.0,0.0,0.0,0.0,1.0,0.0,0.0,0.0,0.0,normal
1.0,4602.0,15.0,1.0,26.0,41.0,1020.0,4.0,0.0,15.0,35.7,-10.7,1.0,27.0,353.0,normal
1.0,4601.0,15.0,1.0,0.0,0.0,0.0,0.0,0.0,0.0,1.0,0.0,0.0,0.0,0.0,normal
1.0,4602.0,15.0,1.0,26.0,50.0,1249.0,3.0,0.0,15.4,35.7,-10.6,1.0,27.0,440.0,normal
1.0,4601.0,15.0,1.0,26.0,18.0,441.0,1.0,0.0,954.0,24.9,-27.3,1.0,25.0,190.0,normal
1.0,4602.0,15.0,1.0,26.0,39.0,959.0,11.0,1.0,682.0,35.0,-9.9,1.0,27.0,373.0,normal
1.0,4601.0,15.0,1.0,26.0,37.0,904.0,6.0,0.0,701.0,25.7,-27.1,1.0,26.0,411.0,normal
1.0,4602.0,15.0,1.0,26.0,20.0,495.0,1.0,0.0,688.0,35.2,-9.7,1.0,27.0,277.0,normal
1.0,4601.0,15.0,1.0,27.0,23.0,556.0,1.0,0.0,525.0,25.5,-27.3,1.0,26.0,216.0,normal
1.0,4602.0,15.0,1.0,25.0,33.0,844.0,12.0,1.0,4.79,35.1,-10.0,1.0,27.0,339.0,normal
1.0,4601.0,15.0,1.0,26.0,45.0,1088.0,6.0,0.0,394.0,26.6,-27.2,1.0,26.0,284.0,normal
1.0,4602.0,15.0,1.0,25.0,12.0,325.0,4.0,1.0,0.0,36.2,-9.8,1.0,27.0,179.0,normal
1.0,4601.0,15.0,1.0,26.0,40.0,969.0,4.0,0.0,54.9,27.9,-26.9,1.0,27.0,278.0,normal
1.0,4602.0,15.0,1.0,0.0,0.0,0.0,0.0,0.0,0.0,1.0,0.0,0.0,0.0,0.0,normal
1.0,4601.0,15.0,1.0,26.0,36.0,885.0,3.0,0.0,686.0,25.8,-27.1,1.0,26.0,273.0,normal
1.0,4602.0,15.0,1.0,25.0,20.0,511.0,4.0,0.0,617.0,36.0,-9.9,1.0,27.0,281.0,normal
1.0,4601.0,15.0,1.0,27.0,32.0,786.0,0.0,0.0,381.0,25.3,-27.2,1.0,25.0,228.0,normal
1.0,4602.0,15.0,1.0,26.0,25.0,615.0,3.0,0.0,0.0,36.2,-9.4,1.0,27.0,303.0,normal
1.0,4601.0,15.0,1.0,27.0,50.0,1200.0,1.0,0.0,347.0,27.9,-26.9,1.0,27.0,354.0,normal
1.0,4602.0,14.0,1.0,0.0,0.0,0.0,0.0,0.0,0.0,36.3,-10.7,1.0,27.0,4.9,normal
1.0,4601.0,15.0,1.0,27.0,45.0,1099.0,0.0,0.0,14.1,27.5,-26.7,1.0,27.0,325.0,normal
1.0,4602.0,14.0,1.0,0.0,0.0,0.0,0.0,0.0,0.0,1.0,0.0,0.0,0.0,0.0,normal
1.0,4601.0,15.0,1.0,26.0,49.0,1221.0,5.0,0.0,11.2,28.1,-26.6,1.0,27.0,350.0,normal
1.0,4602.0,14.0,1.0,0.0,0.0,0.0,0.0,0.0,0.0,1.0,0.0,0.0,0.0,0.0,normal
1.0,4601.0,15.0,1.0,27.0,42.0,1375.0,0.0,0.0,14.1,27.9,-26.8,1.0,27.0,337.0,normal
1.0,4602.0,14.0,1.0,0.0,0.0,0.0,0.0,0.0,0.0,1.0,0.0,0.0,0.0,0.0,normal
1.0,4601.0,15.0,1.0,26.0,9.7,320.0,1.0,0.0,0.0,28.1,-26.9,1.0,27.0,84.0,normal
1.0,4602.0,14.0,1.0,0.0,0.0,0.0,0.0,0.0,0.0,1.0,0.0,0.0,0.0,0.0,normal
1.0,4601.0,15.0,1.0,0.0,0.0,0.0,0.0,0.0,0.0,28.6,-27.2,1.0,27.0,4.9,normal
1.0,4602.0,14.0,1.0,0.0,0.0,0.0,0.0,0.0,0.0,1.0,0.0,0.0,0.0,0.0,normal
1.0,4601.0,15.0,1.0,27.0,7.5,4.0,0.0,0.0,0.0,1.0,0.0,0.0,0.0,0.0,normal
1.0,4602.0,14.0,1.0,0.0,0.0,0.0,0.0,0.0,0.0,1.0,0.0,0.0,0.0,0.0,normal
1.0,4601.0,15.0,1.0,0.0,0.0,0.0,0.0,0.0,0.0,28.5,-27.3,1.0,27.0,4.9,normal
1.0,4602.0,14.0,1.0,0.0,0.0,0.0,0.0,0.0,0.0,1.0,0.0,0.0,0.0,0.0,normal
1.0,4601.0,15.0,1.0,27.0,6.5,4.0,0.0,0.0,0.0,1.0,0.0,0.0,0.0,0.0,normal
1.0,4602.0,14.0,1.0,0.0,0.0,0.0,0.0,0.0,0.0,1.0,0.0,0.0,0.0,0.0,normal
1.0,4601.0,15.0,1.0,27.0,3.7,2.0,0.0,0.0,0.0,1.0,0.0,0.0,0.0,0.0,normal
1.0,4602.0,14.0,1.0,0.0,0.0,0.0,0.0,0.0,0.0,37.6,-12.1,1.0,27.0,9.7,normal
1.0,4601.0,15.0,1.0,27.0,7.5,4.0,0.0,0.0,0.0,1.0,0.0,0.0,0.0,0.0,normal
1.0,4602.0,13.0,1.0,0.0,0.0,0.0,0.0,0.0,0.0,1.0,0.0,0.0,0.0,0.0,normal
1.0,4601.0,15.0,1.0,27.0,7.3,4.0,0.0,0.0,0.0,28.2,-27.2,1.0,27.0,4.9,normal
1.0,4602.0,14.0,1.0,0.0,0.0,0.0,0.0,0.0,0.0,1.0,0.0,0.0,0.0,0.0,normal
1.0,4601.0,15.0,1.0,27.0,7.5,4.0,0.0,0.0,0.0,1.0,0.0,0.0,0.0,0.0,normal
1.0,4602.0,14.0,1.0,0.0,0.0,0.0,0.0,0.0,0.0,1.0,0.0,0.0,0.0,0.0,normal
1.0,4601.0,15.0,1.0,27.0,3.7,2.0,0.0,0.0,0.0,1.0,0.0,0.0,0.0,0.0,normal
1.0,4602.0,14.0,1.0,0.0,0.0,0.0,0.0,0.0,0.0,1.0,0.0,0.0,0.0,0.0,normal
1.0,4601.0,15.0,1.0,0.0,0.0,0.0,0.0,0.0,0.0,1.0,0.0,0.0,0.0,0.0,normal
1.0,4602.0,14.0,1.0,0.0,0.0,0.0,0.0,0.0,0.0,36.6,-11.1,1.0,27.0,4.9,normal
1.0,4601.0,15.0,1.0,27.0,17.0,9.0,0.0,0.0,0.0,27.5,-28.0,1.0,27.0,4.9,normal
1.0,4602.0,14.0,1.0,0.0,0.0,0.0,0.0,0.0,0.0,1.0,0.0,0.0,0.0,0.0,normal
1.0,4601.0,15.0,1.0,27.0,22.0,13.0,0.0,0.0,0.0,1.0,0.0,0.0,0.0,0.0,normal
1.0,4602.0,14.0,1.0,0.0,0.0,0.0,0.0,0.0,0.0,1.0,0.0,0.0,0.0,0.0,normal
1.0,4601.0,15.0,1.0,27.0,3.7,2.0,0.0,0.0,0.0,1.0,0.0,0.0,0.0,0.0,normal
1.0,4602.0,14.0,1.0,0.0,0.0,0.0,0.0,0.0,0.0,1.0,0.0,0.0,0.0,0.0,normal
1.0,4601.0,15.0,1.0,27.0,3.7,2.0,0.0,0.0,0.0,27.9,-28.0,1.0,27.0,4.9,normal
1.0,4602.0,14.0,1.0,0.0,0.0,0.0,0.0,0.0,0.0,1.0,0.0,0.0,0.0,0.0,normal
1.0,4601.0,15.0,1.0,27.0,6.4,4.0,0.0,0.0,0.0,1.0,0.0,0.0,0.0,0.0,normal
1.0,4602.0,13.0,1.0,0.0,0.0,0.0,0.0,0.0,0.0,37.1,-12.2,1.0,27.0,4.9,normal
1.0,4601.0,15.0,1.0,26.0,7.3,4.0,0.0,0.0,0.0,1.0,0.0,0.0,0.0,0.0,normal
1.0,4602.0,14.0,1.0,0.0,0.0,0.0,0.0,0.0,0.0,1.0,0.0,0.0,0.0,0.0,normal
1.0,4601.0,15.0,1.0,27.0,15.0,9.0,0.0,0.0,0.0,1.0,0.0,0.0,0.0,0.0,normal
1.0,4602.0,14.0,1.0,0.0,0.0,0.0,0.0,0.0,0.0,1.0,0.0,0.0,0.0,0.0,normal
1.0,4601.0,15.0,1.0,24.0,1.7,1.0,0.0,0.0,0.0,1.0,0.0,0.0,0.0,0.0,normal
1.0,4602.0,14.0,1.0,0.0,0.0,0.0,0.0,0.0,0.0,1.0,0.0,0.0,0.0,0.0,normal
1.0,4601.0,15.0,1.0,27.0,3.7,2.0,0.0,0.0,0.0,27.8,-27.9,1.0,27.0,4.9,normal
1.0,4602.0,14.0,1.0,0.0,0.0,0.0,0.0,0.0,0.0,1.0,0.0,0.0,0.0,0.0,normal
1.0,4601.0,15.0,1.0,0.0,0.0,0.0,0.0,0.0,0.0,1.0,0.0,0.0,0.0,0.0,normal
1.0,4602.0,15.0,1.0,25.0,5.1,3.0,0.0,0.0,0.0,37.9,-10.9,1.0,27.0,9.7,normal
1.0,4601.0,15.0,1.0,0.0,0.0,0.0,0.0,0.0,0.0,1.0,0.0,0.0,0.0,0.0,normal
1.0,4602.0,15.0,1.0,0.0,0.0,0.0,0.0,0.0,0.0,1.0,0.0,0.0,0.0,0.0,normal
1.0,4601.0,15.0,1.0,25.0,6.9,4.0,0.0,0.0,0.0,26.5,-28.0,1.0,27.0,4.9,normal
1.0,4602.0,15.0,1.0,25.0,5.3,3.0,0.0,0.0,0.0,36.9,-11.8,1.0,27.0,9.7,normal
1.0,4601.0,15.0,1.0,0.0,0.0,0.0,0.0,0.0,0.0,1.0,0.0,0.0,0.0,0.0,normal
1.0,4602.0,15.0,1.0,0.0,0.0,0.0,0.0,0.0,0.0,1.0,0.0,0.0,0.0,0.0,normal
1.0,4601.0,15.0,1.0,27.0,3.7,2.0,0.0,0.0,0.0,1.0,0.0,0.0,0.0,0.0,normal
1.0,4602.0,15.0,1.0,0.0,0.0,0.0,0.0,0.0,0.0,1.0,0.0,0.0,0.0,0.0,normal
1.0,4601.0,15.0,1.0,27.0,3.7,2.0,0.0,0.0,0.0,1.0,0.0,0.0,0.0,0.0,normal
1.0,4602.0,15.0,1.0,0.0,0.0,0.0,0.0,0.0,0.0,1.0,0.0,0.0,0.0,0.0,normal
1.0,4601.0,15.0,1.0,0.0,0.0,0.0,0.0,0.0,0.0,27.8,-27.1,1.0,26.0,4.7,normal
1.0,4602.0,15.0,1.0,0.0,0.0,0.0,0.0,0.0,0.0,1.0,0.0,0.0,0.0,0.0,normal
1.0,4601.0,15.0,1.0,0.0,0.0,0.0,0.0,0.0,0.0,29.1,-27.1,1.0,27.0,4.9,normal
1.0,4602.0,15.0,1.0,0.0,0.0,0.0,0.0,0.0,0.0,1.0,0.0,0.0,0.0,0.0,normal
1.0,4601.0,15.0,1.0,0.0,0.0,0.0,0.0,0.0,0.0,1.0,0.0,0.0,0.0,0.0,normal
1.0,4602.0,15.0,1.0,0.0,0.0,0.0,0.0,0.0,0.0,1.0,0.0,0.0,0.0,0.0,normal
1.0,4601.0,15.0,1.0,0.0,0.0,0.0,0.0,0.0,0.0,1.0,0.0,0.0,0.0,0.0,normal
1.0,4602.0,15.0,1.0,0.0,0.0,0.0,0.0,0.0,0.0,1.0,0.0,0.0,0.0,0.0,normal
1.0,4601.0,15.0,1.0,0.0,0.0,0.0,0.0,0.0,0.0,1.0,0.0,0.0,0.0,0.0,normal
1.0,4602.0,15.0,1.0,0.0,0.0,0.0,0.0,0.0,0.0,37.7,-11.2,1.0,27.0,4.9,normal
1.0,4601.0,15.0,1.0,27.0,3.7,2.0,0.0,0.0,0.0,1.0,0.0,0.0,0.0,0.0,normal
1.0,4602.0,15.0,1.0,0.0,0.0,0.0,0.0,0.0,0.0,1.0,0.0,0.0,0.0,0.0,normal
1.0,4601.0,15.0,1.0,23.0,1.6,1.0,0.0,0.0,0.0,29.0,-26.9,1.0,27.0,4.9,normal
1.0,4602.0,15.0,1.0,0.0,0.0,0.0,0.0,0.0,0.0,36.7,-11.2,1.0,27.0,4.9,normal
1.0,4601.0,15.0,1.0,27.0,9.3,5.0,0.0,0.0,0.0,1.0,0.0,0.0,0.0,0.0,normal
1.0,4602.0,15.0,1.0,0.0,0.0,0.0,0.0,0.0,0.0,1.0,0.0,0.0,0.0,0.0,normal
1.0,4601.0,15.0,1.0,0.0,0.0,0.0,0.0,0.0,0.0,1.0,0.0,0.0,0.0,0.0,normal
1.0,4602.0,15.0,1.0,0.0,0.0,0.0,0.0,0.0,0.0,1.0,0.0,0.0,0.0,0.0,normal
1.0,4601.0,15.0,1.0,0.0,0.0,0.0,0.0,0.0,0.0,1.0,0.0,0.0,0.0,0.0,normal
1.0,4602.0,14.0,1.0,0.0,0.0,0.0,0.0,0.0,0.0,37.3,-11.2,1.0,27.0,4.9,normal
1.0,4601.0,15.0,1.0,27.0,3.7,2.0,0.0,0.0,0.0,1.0,0.0,0.0,0.0,0.0,normal
1.0,4602.0,14.0,1.0,0.0,0.0,0.0,0.0,0.0,0.0,1.0,0.0,0.0,0.0,0.0,normal
1.0,4601.0,15.0,1.0,27.0,3.7,2.0,0.0,0.0,0.0,1.0,0.0,0.0,0.0,0.0,normal
1.0,4602.0,14.0,1.0,0.0,0.0,0.0,0.0,0.0,0.0,1.0,0.0,0.0,0.0,0.0,normal
1.0,4601.0,15.0,1.0,0.0,0.0,0.0,0.0,0.0,0.0,1.0,0.0,0.0,0.0,0.0,normal
1.0,4602.0,14.0,1.0,0.0,0.0,0.0,0.0,0.0,0.0,1.0,0.0,0.0,0.0,0.0,normal
1.0,4601.0,15.0,1.0,0.0,0.0,0.0,0.0,0.0,0.0,1.0,0.0,0.0,0.0,0.0,normal
1.0,4602.0,14.0,1.0,0.0,0.0,0.0,0.0,0.0,0.0,1.0,0.0,0.0,0.0,0.0,normal
1.0,4601.0,15.0,1.0,27.0,3.7,2.0,0.0,0.0,0.0,1.0,0.0,0.0,0.0,0.0,normal
1.0,4602.0,14.0,1.0,0.0,0.0,0.0,0.0,0.0,0.0,1.0,0.0,0.0,0.0,0.0,normal
1.0,4601.0,15.0,1.0,0.0,0.0,0.0,0.0,0.0,0.0,1.0,0.0,0.0,0.0,0.0,normal
1.0,4602.0,14.0,1.0,0.0,0.0,0.0,0.0,0.0,0.0,1.0,0.0,0.0,0.0,0.0,normal
1.0,4601.0,15.0,1.0,0.0,0.0,0.0,0.0,0.0,0.0,1.0,0.0,0.0,0.0,0.0,normal
1.0,4602.0,14.0,1.0,0.0,0.0,0.0,0.0,0.0,0.0,37.5,-11.0,1.0,27.0,4.9,normal
1.0,4601.0,15.0,1.0,0.0,0.0,0.0,0.0,0.0,0.0,27.0,-27.2,1.0,27.0,4.9,normal
1.0,4602.0,14.0,1.0,0.0,0.0,0.0,0.0,0.0,0.0,1.0,0.0,0.0,0.0,0.0,normal
1.0,4601.0,15.0,1.0,27.0,2.8,2.0,0.0,0.0,0.0,27.9,-27.2,1.0,27.0,4.9,normal
1.0,4602.0,14.0,1.0,0.0,0.0,0.0,0.0,0.0,0.0,1.0,0.0,0.0,0.0,0.0,normal
1.0,4601.0,15.0,1.0,26.0,37.0,924.0,2.0,0.0,126.0,28.0,-26.7,1.0,27.0,360.0,normal
1.0,4602.0,14.0,1.0,24.0,1.7,1.0,0.0,0.0,0.0,33.1,-10.1,1.0,27.0,49.0,normal
1.0,4601.0,15.0,1.0,27.0,30.0,720.0,0.0,0.0,439.0,26.4,-26.7,1.0,26.0,280.0,normal
1.0,4602.0,15.0,1.0,25.0,27.0,678.0,5.0,0.0,932.0,35.9,-10.1,1.0,27.0,332.0,normal
1.0,4601.0,15.0,1.0,27.0,34.0,822.0,0.0,0.0,1.12,27.0,-26.8,1.0,26.0,322.0,normal
1.0,4602.0,15.0,1.0,26.0,24.0,593.0,0.0,0.0,675.0,35.4,-10.4,1.0,27.0,408.0,normal
1.0,4601.0,15.0,1.0,27.0,30.0,698.0,1.0,0.0,488.0,26.5,-26.4,1.0,25.0,234.0,normal
1.0,4602.0,15.0,1.0,26.0,28.0,698.0,3.0,0.0,591.0,36.1,-10.2,1.0,27.0,339.0,normal
1.0,4601.0,15.0,1.0,27.0,32.0,796.0,1.0,0.0,493.0,26.5,-26.8,1.0,26.0,308.0,normal
1.0,4602.0,15.0,1.0,26.0,21.0,520.0,2.0,0.0,531.0,36.1,-10.0,1.0,27.0,284.0,normal
1.0,4601.0,15.0,1.0,27.0,27.0,672.0,0.0,0.0,9.6,26.0,-27.0,1.0,26.0,263.0,normal
1.0,4602.0,15.0,1.0,27.0,31.0,743.0,1.0,0.0,115.0,36.2,-9.9,1.0,27.0,339.0,normal
1.0,4601.0,15.0,1.0,27.0,28.0,683.0,0.0,0.0,645.0,26.1,-26.9,1.0,26.0,239.0,normal
1.0,4602.0,15.0,1.0,26.0,29.0,727.0,4.0,0.0,215.0,35.7,-10.1,1.0,27.0,339.0,normal
1.0,4601.0,15.0,1.0,27.0,27.0,656.0,0.0,0.0,565.0,25.9,-27.4,1.0,27.0,249.0,normal
1.0,4602.0,15.0,1.0,26.0,30.0,758.0,2.0,0.0,544.0,35.8,-10.5,1.0,27.0,306.0,normal
1.0,4601.0,15.0,1.0,27.0,30.0,705.0,0.0,0.0,917.0,25.5,-27.6,1.0,26.0,270.0,normal
1.0,4602.0,15.0,1.0,27.0,28.0,697.0,0.0,0.0,3.0,35.8,-10.2,1.0,27.0,337.0,normal
1.0,4601.0,15.0,1.0,27.0,35.0,847.0,1.0,0.0,0.0,26.4,-27.0,1.0,26.0,296.0,normal
1.0,4602.0,15.0,1.0,26.0,23.0,559.0,1.0,0.0,433.0,35.9,-9.9,1.0,27.0,300.0,normal
1.0,4601.0,15.0,1.0,27.0,29.0,698.0,0.0,0.0,443.0,26.3,-27.0,1.0,26.0,274.0,normal
1.0,4602.0,15.0,1.0,27.0,29.0,709.0,0.0,0.0,0.0,36.1,-10.2,1.0,27.0,281.0,normal
1.0,4601.0,15.0,1.0,27.0,53.0,1296.0,2.0,0.0,0.0,27.7,-27.1,1.0,27.0,452.0,normal
1.0,4602.0,13.0,1.0,0.0,0.0,0.0,0.0,0.0,0.0,1.0,0.0,0.0,0.0,0.0,normal
1.0,4601.0,15.0,1.0,27.0,28.0,755.0,0.0,0.0,607.0,25.5,-27.2,1.0,26.0,252.0,normal
1.0,4602.0,14.0,1.0,26.0,20.0,483.0,3.0,0.0,11.8,36.0,-10.0,1.0,27.0,281.0,normal
1.0,4601.0,15.0,1.0,27.0,23.0,570.0,0.0,0.0,0.0,27.0,-27.1,1.0,27.0,194.0,normal
1.0,4602.0,15.0,1.0,26.0,5.8,163.0,1.0,0.0,0.0,36.2,-10.3,1.0,27.0,98.0,normal
1.0,4601.0,15.0,1.0,0.0,0.0,0.0,0.0,0.0,0.0,1.0,0.0,0.0,0.0,0.0,normal
1.0,4602.0,15.0,1.0,0.0,0.0,0.0,0.0,0.0,0.0,1.0,0.0,0.0,0.0,0.0,normal
1.0,4601.0,15.0,1.0,26.0,7.2,4.0,0.0,0.0,0.0,1.0,0.0,0.0,0.0,0.0,normal
1.0,4602.0,15.0,1.0,0.0,0.0,0.0,0.0,0.0,0.0,1.0,0.0,0.0,0.0,0.0,normal
1.0,4601.0,15.0,1.0,27.0,3.7,2.0,0.0,0.0,0.0,1.0,0.0,0.0,0.0,0.0,normal
1.0,4602.0,15.0,1.0,0.0,0.0,0.0,0.0,0.0,0.0,36.1,-11.1,1.0,27.0,4.9,normal
1.0,4601.0,15.0,1.0,27.0,13.0,8.0,0.0,0.0,0.0,1.0,0.0,0.0,0.0,0.0,normal
1.0,4602.0,15.0,1.0,0.0,0.0,0.0,0.0,0.0,0.0,1.0,0.0,0.0,0.0,0.0,normal
1.0,4601.0,15.0,1.0,27.0,6.5,4.0,0.0,0.0,0.0,1.0,0.0,0.0,0.0,0.0,normal
1.0,4602.0,15.0,1.0,0.0,0.0,0.0,0.0,0.0,0.0,1.0,0.0,0.0,0.0,0.0,normal
1.0,4601.0,15.0,1.0,0.0,0.0,0.0,0.0,0.0,0.0,27.4,-27.0,1.0,27.0,4.9,normal
1.0,4602.0,15.0,1.0,0.0,0.0,0.0,0.0,0.0,0.0,36.7,-11.1,1.0,27.0,4.9,normal
1.0,4601.0,15.0,1.0,0.0,0.0,0.0,0.0,0.0,0.0,1.0,0.0,0.0,0.0,0.0,normal
1.0,4602.0,15.0,1.0,0.0,0.0,0.0,0.0,0.0,0.0,1.0,0.0,0.0,0.0,0.0,normal
1.0,4601.0,15.0,1.0,0.0,0.0,0.0,0.0,0.0,0.0,1.0,0.0,0.0,0.0,0.0,normal
1.0,4602.0,15.0,1.0,0.0,0.0,0.0,0.0,0.0,0.0,1.0,0.0,0.0,0.0,0.0,normal
1.0,4601.0,15.0,1.0,0.0,0.0,0.0,0.0,0.0,0.0,1.0,0.0,0.0,0.0,0.0,normal
1.0,4602.0,15.0,1.0,0.0,0.0,0.0,0.0,0.0,0.0,1.0,0.0,0.0,0.0,0.0,normal
1.0,4601.0,15.0,1.0,27.0,3.7,2.0,0.0,0.0,0.0,1.0,0.0,0.0,0.0,0.0,normal
1.0,4602.0,15.0,1.0,0.0,0.0,0.0,0.0,0.0,0.0,1.0,0.0,0.0,0.0,0.0,normal
1.0,4601.0,15.0,1.0,0.0,0.0,0.0,0.0,0.0,0.0,27.6,-27.0,1.0,27.0,4.9,normal
1.0,4602.0,14.0,1.0,0.0,0.0,0.0,0.0,0.0,0.0,1.0,0.0,0.0,0.0,0.0,normal
1.0,4601.0,15.0,1.0,0.0,0.0,0.0,0.0,0.0,0.0,1.0,0.0,0.0,0.0,0.0,normal
1.0,4602.0,14.0,1.0,0.0,0.0,0.0,0.0,0.0,0.0,1.0,0.0,0.0,0.0,0.0,normal
1.0,4601.0,15.0,1.0,0.0,0.0,0.0,0.0,0.0,0.0,27.9,-27.0,1.0,27.0,4.9,normal
1.0,4602.0,14.0,1.0,0.0,0.0,0.0,0.0,0.0,0.0,1.0,0.0,0.0,0.0,0.0,normal
1.0,4601.0,15.0,1.0,27.0,3.7,2.0,0.0,0.0,0.0,1.0,0.0,0.0,0.0,0.0,normal
1.0,4602.0,14.0,1.0,0.0,0.0,0.0,0.0,0.0,0.0,36.5,-11.1,1.0,27.0,4.9,normal
1.0,4601.0,15.0,1.0,0.0,0.0,0.0,0.0,0.0,0.0,28.4,-26.8,1.0,27.0,4.9,normal
1.0,4602.0,14.0,1.0,0.0,0.0,0.0,0.0,0.0,0.0,1.0,0.0,0.0,0.0,0.0,normal
1.0,4601.0,15.0,1.0,0.0,0.0,0.0,0.0,0.0,0.0,1.0,0.0,0.0,0.0,0.0,normal
1.0,4602.0,14.0,1.0,0.0,0.0,0.0,0.0,0.0,0.0,1.0,0.0,0.0,0.0,0.0,normal
1.0,4601.0,15.0,1.0,0.0,0.0,0.0,0.0,0.0,0.0,1.0,0.0,0.0,0.0,0.0,normal
1.0,4602.0,14.0,1.0,0.0,0.0,0.0,0.0,0.0,0.0,1.0,0.0,0.0,0.0,0.0,normal
1.0,4601.0,15.0,1.0,27.0,3.7,2.0,0.0,0.0,0.0,1.0,0.0,0.0,0.0,0.0,normal
1.0,4602.0,14.0,1.0,0.0,0.0,0.0,0.0,0.0,0.0,37.4,-11.1,1.0,27.0,4.9,normal
1.0,4601.0,15.0,1.0,27.0,3.7,2.0,0.0,0.0,0.0,1.0,0.0,0.0,0.0,0.0,normal
1.0,4602.0,14.0,1.0,0.0,0.0,0.0,0.0,0.0,0.0,1.0,0.0,0.0,0.0,0.0,normal
1.0,4601.0,15.0,1.0,27.0,6.5,4.0,0.0,0.0,0.0,1.0,0.0,0.0,0.0,0.0,normal
1.0,4602.0,14.0,1.0,0.0,0.0,0.0,0.0,0.0,0.0,1.0,0.0,0.0,0.0,0.0,normal
1.0,4601.0,15.0,1.0,0.0,0.0,0.0,0.0,0.0,0.0,1.0,0.0,0.0,0.0,0.0,normal
1.0,4602.0,14.0,1.0,0.0,0.0,0.0,0.0,0.0,0.0,1.0,0.0,0.0,0.0,0.0,normal
1.0,4601.0,15.0,1.0,0.0,0.0,0.0,0.0,0.0,0.0,1.0,0.0,0.0,0.0,0.0,normal
1.0,4602.0,14.0,1.0,0.0,0.0,0.0,0.0,0.0,0.0,1.0,0.0,0.0,0.0,0.0,normal
1.0,4601.0,15.0,1.0,0.0,0.0,0.0,0.0,0.0,0.0,1.0,0.0,0.0,0.0,0.0,normal
1.0,4602.0,14.0,1.0,0.0,0.0,0.0,0.0,0.0,0.0,36.2,-11.0,1.0,27.0,4.9,normal
1.0,4601.0,15.0,1.0,27.0,17.0,9.0,0.0,0.0,0.0,27.8,-27.4,1.0,27.0,9.7,normal
1.0,4602.0,14.0,1.0,0.0,0.0,0.0,0.0,0.0,0.0,37.0,-10.9,1.0,27.0,4.9,normal
1.0,4601.0,15.0,1.0,27.0,1.9,1.0,0.0,0.0,0.0,1.0,0.0,0.0,0.0,0.0,normal
1.0,4602.0,14.0,1.0,0.0,0.0,0.0,0.0,0.0,0.0,36.9,-10.9,1.0,27.0,4.9,normal
1.0,4601.0,15.0,1.0,0.0,0.0,0.0,0.0,0.0,0.0,1.0,0.0,0.0,0.0,0.0,normal
1.0,4602.0,14.0,1.0,0.0,0.0,0.0,0.0,0.0,0.0,1.0,0.0,0.0,0.0,0.0,normal
1.0,4601.0,15.0,1.0,0.0,0.0,0.0,0.0,0.0,0.0,1.0,0.0,0.0,0.0,0.0,normal
1.0,4602.0,14.0,1.0,0.0,0.0,0.0,0.0,0.0,0.0,1.0,0.0,0.0,0.0,0.0,normal
1.0,4601.0,15.0,1.0,0.0,0.0,0.0,0.0,0.0,0.0,1.0,0.0,0.0,0.0,0.0,normal
1.0,4602.0,14.0,1.0,0.0,0.0,0.0,0.0,0.0,0.0,1.0,0.0,0.0,0.0,0.0,normal
1.0,4601.0,15.0,1.0,27.0,3.7,2.0,0.0,0.0,0.0,1.0,0.0,0.0,0.0,0.0,normal
1.0,4602.0,14.0,1.0,0.0,0.0,0.0,0.0,0.0,0.0,1.0,0.0,0.0,0.0,0.0,normal
1.0,4601.0,15.0,1.0,0.0,0.0,0.0,0.0,0.0,0.0,1.0,0.0,0.0,0.0,0.0,normal
1.0,4602.0,14.0,1.0,0.0,0.0,0.0,0.0,0.0,0.0,1.0,0.0,0.0,0.0,0.0,normal
1.0,4601.0,15.0,1.0,0.0,0.0,0.0,0.0,0.0,0.0,28.2,-26.6,1.0,27.0,4.9,normal
1.0,4602.0,14.0,1.0,0.0,0.0,0.0,0.0,0.0,0.0,1.0,0.0,0.0,0.0,0.0,normal
1.0,4601.0,15.0,1.0,0.0,0.0,0.0,0.0,0.0,0.0,1.0,0.0,0.0,0.0,0.0,normal
1.0,4602.0,14.0,1.0,0.0,0.0,0.0,0.0,0.0,0.0,1.0,0.0,0.0,0.0,0.0,normal
1.0,4601.0,15.0,1.0,0.0,0.0,0.0,0.0,0.0,0.0,1.0,0.0,0.0,0.0,0.0,normal
1.0,4602.0,14.0,1.0,0.0,0.0,0.0,0.0,0.0,0.0,1.0,0.0,0.0,0.0,0.0,normal
1.0,4601.0,15.0,1.0,26.0,3.5,2.0,0.0,0.0,0.0,26.8,-27.3,1.0,27.0,4.9,normal
1.0,4602.0,14.0,1.0,0.0,0.0,0.0,0.0,0.0,0.0,1.0,0.0,0.0,0.0,0.0,normal
1.0,4601.0,15.0,1.0,0.0,0.0,0.0,0.0,0.0,0.0,1.0,0.0,0.0,0.0,0.0,normal
1.0,4602.0,14.0,1.0,0.0,0.0,0.0,0.0,0.0,0.0,1.0,0.0,0.0,0.0,0.0,normal
1.0,4601.0,15.0,1.0,27.0,3.7,2.0,0.0,0.0,0.0,1.0,0.0,0.0,0.0,0.0,normal
1.0,4602.0,14.0,1.0,0.0,0.0,0.0,0.0,0.0,0.0,1.0,0.0,0.0,0.0,0.0,normal
1.0,4601.0,15.0,1.0,0.0,0.0,0.0,0.0,0.0,0.0,27.1,-28.0,1.0,27.0,4.9,normal
1.0,4602.0,14.0,1.0,0.0,0.0,0.0,0.0,0.0,0.0,1.0,0.0,0.0,0.0,0.0,normal
1.0,4601.0,15.0,1.0,0.0,0.0,0.0,0.0,0.0,0.0,1.0,0.0,0.0,0.0,0.0,normal
1.0,4602.0,14.0,1.0,0.0,0.0,0.0,0.0,0.0,0.0,1.0,0.0,0.0,0.0,0.0,normal
1.0,4601.0,15.0,1.0,0.0,0.0,0.0,0.0,0.0,0.0,1.0,0.0,0.0,0.0,0.0,normal
1.0,4602.0,14.0,1.0,0.0,0.0,0.0,0.0,0.0,0.0,1.0,0.0,0.0,0.0,0.0,normal
1.0,4601.0,15.0,1.0,27.0,3.7,2.0,0.0,0.0,0.0,1.0,0.0,0.0,0.0,0.0,normal
1.0,4602.0,14.0,1.0,0.0,0.0,0.0,0.0,0.0,0.0,36.3,-11.7,1.0,27.0,4.9,normal
1.0,4601.0,15.0,1.0,27.0,3.7,2.0,0.0,0.0,0.0,1.0,0.0,0.0,0.0,0.0,normal
1.0,4602.0,14.0,1.0,0.0,0.0,0.0,0.0,0.0,0.0,1.0,0.0,0.0,0.0,0.0,normal
1.0,4601.0,15.0,1.0,0.0,0.0,0.0,0.0,0.0,0.0,1.0,0.0,0.0,0.0,0.0,normal
1.0,4602.0,14.0,1.0,0.0,0.0,0.0,0.0,0.0,0.0,1.0,0.0,0.0,0.0,0.0,normal
1.0,4601.0,15.0,1.0,0.0,0.0,0.0,0.0,0.0,0.0,1.0,0.0,0.0,0.0,0.0,normal
1.0,4602.0,14.0,1.0,0.0,0.0,0.0,0.0,0.0,0.0,1.0,0.0,0.0,0.0,0.0,normal
1.0,4601.0,15.0,1.0,27.0,29.0,727.0,1.0,0.0,56.6,28.2,-26.4,1.0,27.0,367.0,normal
1.0,4602.0,14.0,1.0,0.0,0.0,0.0,0.0,0.0,0.0,1.0,0.0,0.0,0.0,0.0,normal
1.0,4601.0,15.0,1.0,27.0,58.0,1400.0,0.0,0.0,108.0,28.1,-26.8,1.0,27.0,438.0,normal
1.0,4602.0,14.0,1.0,0.0,0.0,0.0,0.0,0.0,0.0,1.0,0.0,0.0,0.0,0.0,normal
1.0,4601.0,15.0,1.0,27.0,53.0,1291.0,2.0,0.0,362.0,28.1,-26.6,1.0,27.0,383.0,normal
1.0,4602.0,14.0,1.0,0.0,0.0,0.0,0.0,0.0,0.0,1.0,0.0,0.0,0.0,0.0,normal
1.0,4601.0,15.0,1.0,27.0,43.0,1052.0,0.0,0.0,395.0,27.8,-27.0,1.0,27.0,315.0,normal
1.0,4602.0,14.0,1.0,0.0,0.0,0.0,0.0,0.0,0.0,1.0,0.0,0.0,0.0,0.0,normal
1.0,4601.0,15.0,1.0,27.0,53.0,1283.0,0.0,0.0,3.0,27.6,-27.1,1.0,27.0,409.0,normal
1.0,4602.0,13.0,1.0,0.0,0.0,0.0,0.0,0.0,0.0,37.9,-10.5,1.0,27.0,4.9,normal
1.0,4601.0,15.0,1.0,27.0,36.0,869.0,0.0,0.0,586.0,26.2,-27.1,1.0,26.0,290.0,normal
1.0,4602.0,15.0,1.0,26.0,20.0,512.0,3.0,0.0,557.0,36.1,-9.7,1.0,27.0,302.0,normal
1.0,4601.0,15.0,1.0,27.0,26.0,650.0,1.0,0.0,58.0,25.6,-26.2,1.0,26.0,256.0,normal
1.0,4602.0,15.0,1.0,26.0,31.0,748.0,6.0,0.0,306.0,35.9,-9.4,1.0,27.0,339.0,normal
1.0,4601.0,15.0,1.0,27.0,37.0,944.0,2.0,0.0,585.0,26.9,-25.9,1.0,26.0,270.0,normal
1.0,4602.0,15.0,1.0,26.0,18.0,463.0,2.0,0.0,666.0,36.1,-9.5,1.0,27.0,276.0,normal
1.0,4601.0,15.0,1.0,26.0,15.0,389.0,1.0,0.0,0.0,25.5,-26.7,1.0,25.0,141.0,normal
1.0,4602.0,15.0,1.0,26.0,42.0,1011.0,4.0,0.0,3.0,35.5,-9.4,1.0,27.0,373.0,normal
1.0,4601.0,15.0,1.0,26.0,5.4,3.0,0.0,0.0,0.0,27.4,-26.6,1.0,22.0,4.6,normal
1.0,4602.0,15.0,1.0,26.0,48.0,1197.0,9.0,0.0,0.0,35.4,-9.8,1.0,27.0,390.0,normal
1.0,4601.0,15.0,1.0,26.0,3.6,2.0,0.0,0.0,0.0,1.0,0.0,0.0,0.0,0.0,normal
1.0,4602.0,15.0,1.0,26.0,48.0,1182.0,9.0,0.0,18.5,34.8,-9.7,1.0,27.0,351.0,normal
1.0,4601.0,15.0,1.0,0.0,0.0,0.0,0.0,0.0,0.0,1.0,0.0,0.0,0.0,0.0,normal
1.0,4602.0,15.0,1.0,25.0,475.0,16.0,0.0,0.0,0.0,35.1,-9.6,1.0,27.0,14.0,normal
1.0,4601.0,15.0,1.0,26.0,8.0,5.0,0.0,0.0,0.0,27.5,-27.7,1.0,27.0,9.7,normal
1.0,4602.0,15.0,1.0,0.0,0.0,0.0,0.0,0.0,0.0,1.0,0.0,0.0,0.0,0.0,normal
1.0,4601.0,15.0,1.0,25.0,12.0,8.0,0.0,0.0,0.0,25.1,-29.1,1.0,27.0,4.9,normal
1.0,4602.0,15.0,1.0,0.0,0.0,0.0,0.0,0.0,0.0,1.0,0.0,0.0,0.0,0.0,normal
1.0,4601.0,15.0,1.0,26.0,4.5,3.0,0.0,0.0,0.0,1.0,0.0,0.0,0.0,0.0,normal
1.0,4602.0,15.0,1.0,0.0,0.0,0.0,0.0,0.0,0.0,1.0,0.0,0.0,0.0,0.0,normal
1.0,4601.0,15.0,1.0,26.0,8.1,5.0,0.0,0.0,3.0,25.8,-29.3,1.0,25.0,4.5,normal
1.0,4602.0,15.0,1.0,0.0,0.0,0.0,0.0,0.0,0.0,1.0,0.0,0.0,0.0,0.0,normal
1.0,4601.0,15.0,1.0,26.0,9.0,5.0,0.0,0.0,0.0,1.0,0.0,0.0,0.0,0.0,normal
1.0,4602.0,15.0,1.0,0.0,0.0,0.0,0.0,0.0,0.0,1.0,0.0,0.0,0.0,0.0,normal
1.0,4601.0,15.0,1.0,26.0,2.7,2.0,0.0,0.0,0.0,26.9,-28.9,1.0,26.0,4.7,normal
1.0,4602.0,15.0,1.0,0.0,0.0,0.0,0.0,0.0,0.0,1.0,0.0,0.0,0.0,0.0,normal
1.0,4601.0,15.0,1.0,25.0,3.3,2.0,0.0,0.0,3.0,27.7,-27.4,1.0,27.0,4.9,normal
1.0,4602.0,15.0,1.0,0.0,0.0,0.0,0.0,0.0,0.0,1.0,0.0,0.0,0.0,0.0,normal
1.0,4601.0,15.0,1.0,26.0,5.4,3.0,0.0,0.0,0.0,28.2,-27.3,1.0,27.0,9.7,normal
1.0,4602.0,14.0,1.0,0.0,0.0,0.0,0.0,0.0,0.0,1.0,0.0,0.0,0.0,0.0,normal
1.0,4601.0,15.0,1.0,26.0,7.1,4.0,0.0,0.0,0.0,1.0,0.0,0.0,0.0,0.0,normal
1.0,4602.0,14.0,1.0,0.0,0.0,0.0,0.0,0.0,0.0,1.0,0.0,0.0,0.0,0.0,normal
1.0,4601.0,15.0,1.0,0.0,0.0,0.0,0.0,0.0,0.0,26.8,-28.3,1.0,27.0,4.9,normal
1.0,4602.0,14.0,1.0,0.0,0.0,0.0,0.0,0.0,0.0,1.0,0.0,0.0,0.0,0.0,normal
1.0,4601.0,15.0,1.0,26.0,8.1,5.0,0.0,0.0,0.0,27.2,-28.0,1.0,27.0,4.9,normal
1.0,4602.0,14.0,1.0,0.0,0.0,0.0,0.0,0.0,0.0,1.0,0.0,0.0,0.0,0.0,normal
1.0,4601.0,15.0,1.0,0.0,0.0,0.0,0.0,0.0,0.0,1.0,0.0,0.0,0.0,0.0,normal
1.0,4602.0,14.0,1.0,0.0,0.0,0.0,0.0,0.0,0.0,35.9,-11.6,1.0,27.0,9.7,normal
1.0,4601.0,15.0,1.0,26.0,7.2,4.0,0.0,0.0,0.0,1.0,0.0,0.0,0.0,0.0,normal
1.0,4602.0,14.0,1.0,0.0,0.0,0.0,0.0,0.0,0.0,1.0,0.0,0.0,0.0,0.0,normal
1.0,4601.0,15.0,1.0,27.0,18.0,11.0,0.0,0.0,0.0,24.9,-29.4,1.0,27.0,4.9,normal
1.0,4602.0,14.0,1.0,0.0,0.0,0.0,0.0,0.0,0.0,1.0,0.0,0.0,0.0,0.0,normal
1.0,4601.0,15.0,1.0,27.0,10.0,6.0,0.0,0.0,0.0,1.0,0.0,0.0,0.0,0.0,normal
1.0,4602.0,14.0,1.0,0.0,0.0,0.0,0.0,0.0,0.0,1.0,0.0,0.0,0.0,0.0,normal
1.0,4601.0,15.0,1.0,27.0,3.7,2.0,0.0,0.0,0.0,1.0,0.0,0.0,0.0,0.0,normal
1.0,4602.0,14.0,1.0,0.0,0.0,0.0,0.0,0.0,0.0,1.0,0.0,0.0,0.0,0.0,normal
1.0,4601.0,15.0,1.0,27.0,5.6,3.0,0.0,0.0,0.0,27.5,-27.6,1.0,25.0,4.5,normal
1.0,4602.0,13.0,1.0,0.0,0.0,0.0,0.0,0.0,0.0,1.0,0.0,0.0,0.0,0.0,normal
1.0,4601.0,15.0,1.0,26.0,9.1,5.0,0.0,0.0,0.0,1.0,0.0,0.0,0.0,0.0,normal
1.0,4602.0,14.0,1.0,0.0,0.0,0.0,0.0,0.0,0.0,1.0,0.0,0.0,0.0,0.0,normal
1.0,4601.0,15.0,1.0,27.0,9.3,5.0,0.0,0.0,0.0,1.0,0.0,0.0,0.0,0.0,normal
1.0,4602.0,14.0,1.0,0.0,0.0,0.0,0.0,0.0,0.0,1.0,0.0,0.0,0.0,0.0,normal
1.0,4601.0,15.0,1.0,27.0,12.0,7.0,0.0,0.0,0.0,27.4,-27.5,1.0,27.0,9.7,normal
1.0,4602.0,14.0,1.0,0.0,0.0,0.0,0.0,0.0,0.0,1.0,0.0,0.0,0.0,0.0,normal
1.0,4601.0,15.0,1.0,27.0,3.7,2.0,0.0,0.0,0.0,1.0,0.0,0.0,0.0,0.0,normal
1.0,4602.0,14.0,1.0,0.0,0.0,0.0,0.0,0.0,0.0,35.9,-11.6,1.0,27.0,4.9,normal
1.0,4601.0,15.0,1.0,27.0,7.3,4.0,0.0,0.0,0.0,25.5,-28.8,1.0,27.0,4.9,normal
1.0,4602.0,13.0,1.0,0.0,0.0,0.0,0.0,0.0,0.0,37.5,-11.7,1.0,27.0,4.9,normal
1.0,4601.0,15.0,1.0,27.0,5.6,3.0,0.0,0.0,0.0,27.4,-27.5,1.0,25.0,4.5,normal
1.0,4602.0,14.0,1.0,0.0,0.0,0.0,0.0,0.0,0.0,1.0,0.0,0.0,0.0,0.0,normal
1.0,4601.0,15.0,1.0,27.0,888.0,1.0,0.0,0.0,0.0,1.0,0.0,0.0,0.0,0.0,normal
1.0,4602.0,13.0,1.0,0.0,0.0,0.0,0.0,0.0,0.0,1.0,0.0,0.0,0.0,0.0,normal
1.0,4601.0,15.0,1.0,27.0,1.9,1.0,0.0,0.0,0.0,1.0,0.0,0.0,0.0,0.0,normal
1.0,4602.0,14.0,1.0,0.0,0.0,0.0,0.0,0.0,0.0,35.3,-12.0,1.0,27.0,4.9,normal
1.0,4601.0,15.0,1.0,25.0,5.3,3.0,0.0,0.0,0.0,26.6,-29.3,1.0,27.0,4.9,normal
1.0,4602.0,14.0,1.0,0.0,0.0,0.0,0.0,0.0,0.0,35.7,-11.9,1.0,27.0,4.9,normal
1.0,4601.0,15.0,1.0,27.0,3.7,2.0,0.0,0.0,0.0,1.0,0.0,0.0,0.0,0.0,normal
1.0,4602.0,14.0,1.0,0.0,0.0,0.0,0.0,0.0,0.0,1.0,0.0,0.0,0.0,0.0,normal
1.0,4601.0,15.0,1.0,27.0,0.0,0.0,0.0,0.0,3.0,28.3,-27.1,1.0,26.0,4.7,normal
1.0,4602.0,14.0,1.0,0.0,0.0,0.0,0.0,0.0,0.0,1.0,0.0,0.0,0.0,0.0,normal
1.0,4601.0,15.0,1.0,27.0,38.0,923.0,0.0,0.0,520.0,27.7,-27.0,1.0,27.0,358.0,normal
1.0,4602.0,14.0,1.0,0.0,0.0,0.0,0.0,0.0,0.0,1.0,0.0,0.0,0.0,0.0,normal
1.0,4601.0,15.0,1.0,27.0,41.0,985.0,0.0,0.0,336.0,27.5,-27.0,1.0,27.0,282.0,normal
1.0,4602.0,14.0,1.0,24.0,11.0,5.0,0.0,0.0,0.0,36.3,-10.2,1.0,27.0,38.0,normal
1.0,4601.0,15.0,1.0,27.0,33.0,776.0,1.0,0.0,701.0,25.5,-27.6,1.0,26.0,231.0,normal
1.0,4602.0,15.0,1.0,26.0,25.0,623.0,4.0,0.0,936.0,36.0,-10.0,1.0,27.0,342.0,normal
1.0,4601.0,15.0,1.0,26.0,27.0,667.0,1.0,0.0,174.0,24.8,-27.5,1.0,25.0,249.0,normal
1.0,4602.0,15.0,1.0,27.0,27.0,639.0,0.0,0.0,0.0,36.0,-9.6,1.0,27.0,310.0,normal
1.0,4601.0,15.0,1.0,27.0,28.0,707.0,0.0,0.0,642.0,25.5,-28.0,1.0,26.0,186.0,normal
1.0,4602.0,15.0,1.0,26.0,19.0,456.0,3.0,0.0,536.0,36.4,-9.8,1.0,27.0,261.0,normal
1.0,4601.0,15.0,1.0,27.0,28.0,700.0,0.0,0.0,555.0,25.7,-27.6,1.0,27.0,203.0,normal
1.0,4602.0,15.0,1.0,27.0,30.0,700.0,0.0,0.0,629.0,36.4,-9.6,1.0,27.0,339.0,normal
1.0,4601.0,15.0,1.0,27.0,30.0,735.0,1.0,0.0,0.0,25.4,-27.2,1.0,25.0,241.0,normal
1.0,4602.0,15.0,1.0,27.0,25.0,606.0,1.0,0.0,16.9,36.2,-9.4,1.0,27.0,319.0,normal
1.0,4601.0,15.0,1.0,27.0,29.0,665.0,0.0,0.0,852.0,26.5,-26.3,1.0,26.0,235.0,normal
1.0,4602.0,15.0,1.0,27.0,29.0,734.0,1.0,0.0,675.0,36.6,-10.2,1.0,27.0,346.0,normal
1.0,4601.0,15.0,1.0,27.0,23.0,586.0,0.0,0.0,0.0,25.7,-26.9,1.0,26.0,204.0,normal
1.0,4602.0,15.0,1.0,26.0,34.0,806.0,2.0,0.0,0.0,36.5,-10.2,1.0,27.0,344.0,normal
1.0,4601.0,15.0,1.0,27.0,5.6,3.0,0.0,0.0,0.0,28.4,-26.9,1.0,25.0,4.5,normal
1.0,4602.0,15.0,1.0,26.0,1.8,1.0,0.0,0.0,0.0,38.5,-11.6,1.0,27.0,4.9,normal
1.0,4601.0,15.0,1.0,27.0,14.0,8.0,0.0,0.0,0.0,27.3,-28.0,1.0,27.0,4.9,normal
1.0,4602.0,15.0,1.0,0.0,0.0,0.0,0.0,0.0,0.0,1.0,0.0,0.0,0.0,0.0,normal
1.0,4601.0,15.0,1.0,27.0,3.7,2.0,0.0,0.0,0.0,1.0,0.0,0.0,0.0,0.0,normal
1.0,4602.0,15.0,1.0,0.0,0.0,0.0,0.0,0.0,0.0,37.2,-11.9,1.0,27.0,4.9,normal
1.0,4601.0,15.0,1.0,27.0,1.9,1.0,0.0,0.0,0.0,26.2,-28.4,1.0,27.0,4.9,normal
1.0,4602.0,15.0,1.0,0.0,0.0,0.0,0.0,0.0,0.0,1.0,0.0,0.0,0.0,0.0,normal
1.0,4601.0,15.0,1.0,0.0,0.0,0.0,0.0,0.0,0.0,28.5,-27.2,1.0,26.0,4.7,normal
1.0,4602.0,15.0,1.0,0.0,0.0,0.0,0.0,0.0,0.0,1.0,0.0,0.0,0.0,0.0,normal
1.0,4601.0,15.0,1.0,27.0,3.7,2.0,0.0,0.0,0.0,1.0,0.0,0.0,0.0,0.0,normal
1.0,4602.0,15.0,1.0,0.0,0.0,0.0,0.0,0.0,0.0,36.7,-11.6,1.0,27.0,9.7,normal
1.0,4601.0,15.0,1.0,27.0,7.5,4.0,0.0,0.0,0.0,1.0,0.0,0.0,0.0,0.0,normal
1.0,4602.0,15.0,1.0,0.0,0.0,0.0,0.0,0.0,0.0,1.0,0.0,0.0,0.0,0.0,normal
1.0,4601.0,15.0,1.0,0.0,0.0,0.0,0.0,0.0,0.0,1.0,0.0,0.0,0.0,0.0,normal
1.0,4602.0,14.0,1.0,0.0,0.0,0.0,0.0,0.0,0.0,1.0,0.0,0.0,0.0,0.0,normal
1.0,4601.0,15.0,1.0,27.0,3.7,2.0,0.0,0.0,0.0,27.9,-27.1,1.0,27.0,4.9,normal
1.0,4602.0,14.0,1.0,0.0,0.0,0.0,0.0,0.0,0.0,1.0,0.0,0.0,0.0,0.0,normal
1.0,4601.0,15.0,1.0,0.0,0.0,0.0,0.0,0.0,0.0,28.0,-27.3,1.0,27.0,4.9,normal
1.0,4602.0,14.0,1.0,0.0,0.0,0.0,0.0,0.0,0.0,1.0,0.0,0.0,0.0,0.0,normal
1.0,4601.0,15.0,1.0,0.0,0.0,0.0,0.0,0.0,0.0,1.0,0.0,0.0,0.0,0.0,normal
1.0,4602.0,14.0,1.0,0.0,0.0,0.0,0.0,0.0,0.0,1.0,0.0,0.0,0.0,0.0,normal
1.0,4601.0,15.0,1.0,27.0,5.6,3.0,0.0,0.0,0.0,26.3,-28.6,1.0,27.0,4.9,normal
1.0,4602.0,14.0,1.0,0.0,0.0,0.0,0.0,0.0,0.0,37.4,-11.9,1.0,27.0,4.9,normal
1.0,4601.0,15.0,1.0,27.0,8.3,5.0,0.0,0.0,0.0,26.9,-28.7,1.0,26.0,4.7,normal
1.0,4602.0,14.0,1.0,0.0,0.0,0.0,0.0,0.0,0.0,36.7,-12.2,1.0,27.0,9.7,normal
1.0,4601.0,15.0,1.0,0.0,0.0,0.0,0.0,0.0,0.0,1.0,0.0,0.0,0.0,0.0,normal
1.0,4602.0,14.0,1.0,0.0,0.0,0.0,0.0,0.0,0.0,1.0,0.0,0.0,0.0,0.0,normal
1.0,4601.0,15.0,1.0,27.0,7.5,4.0,0.0,0.0,0.0,27.3,-27.0,1.0,27.0,4.9,normal
1.0,4602.0,14.0,1.0,0.0,0.0,0.0,0.0,0.0,0.0,1.0,0.0,0.0,0.0,0.0,normal
1.0,4601.0,15.0,1.0,27.0,3.7,2.0,0.0,0.0,0.0,1.0,0.0,0.0,0.0,0.0,normal
1.0,4602.0,14.0,1.0,0.0,0.0,0.0,0.0,0.0,0.0,1.0,0.0,0.0,0.0,0.0,normal
1.0,4601.0,15.0,1.0,0.0,0.0,0.0,0.0,0.0,0.0,27.2,-28.0,1.0,27.0,9.7,normal
1.0,4602.0,14.0,1.0,24.0,5.0,3.0,0.0,0.0,0.0,37.4,-11.5,1.0,27.0,9.7,normal
1.0,4601.0,15.0,1.0,0.0,0.0,0.0,0.0,0.0,0.0,27.3,-27.6,1.0,27.0,9.7,normal
1.0,4602.0,15.0,1.0,0.0,0.0,0.0,0.0,0.0,0.0,37.6,-10.8,1.0,27.0,4.9,normal
1.0,4601.0,15.0,1.0,0.0,0.0,0.0,0.0,0.0,0.0,1.0,0.0,0.0,0.0,0.0,normal
1.0,4602.0,15.0,1.0,0.0,0.0,0.0,0.0,0.0,0.0,1.0,0.0,0.0,0.0,0.0,normal
1.0,4601.0,15.0,1.0,27.0,1.9,1.0,0.0,0.0,0.0,1.0,0.0,0.0,0.0,0.0,normal
1.0,4602.0,15.0,1.0,0.0,0.0,0.0,0.0,0.0,0.0,1.0,0.0,0.0,0.0,0.0,normal
1.0,4601.0,15.0,1.0,27.0,1.9,1.0,0.0,0.0,0.0,1.0,0.0,0.0,0.0,0.0,normal
1.0,4602.0,15.0,1.0,0.0,0.0,0.0,0.0,0.0,0.0,36.8,-11.6,1.0,27.0,4.9,normal
1.0,4601.0,15.0,1.0,27.0,6.4,4.0,0.0,0.0,0.0,1.0,0.0,0.0,0.0,0.0,normal
1.0,4602.0,15.0,1.0,0.0,0.0,0.0,0.0,0.0,0.0,1.0,0.0,0.0,0.0,0.0,normal
1.0,4601.0,15.0,1.0,26.0,7.3,4.0,0.0,0.0,0.0,1.0,0.0,0.0,0.0,0.0,normal
1.0,4602.0,15.0,1.0,0.0,0.0,0.0,0.0,0.0,0.0,1.0,0.0,0.0,0.0,0.0,normal
1.0,4601.0,15.0,1.0,27.0,3.7,2.0,0.0,0.0,0.0,1.0,0.0,0.0,0.0,0.0,normal
1.0,4602.0,15.0,1.0,0.0,0.0,0.0,0.0,0.0,0.0,1.0,0.0,0.0,0.0,0.0,normal
1.0,4601.0,15.0,1.0,27.0,11.0,6.0,0.0,0.0,0.0,1.0,0.0,0.0,0.0,0.0,normal
1.0,4602.0,15.0,1.0,0.0,0.0,0.0,0.0,0.0,0.0,1.0,0.0,0.0,0.0,0.0,normal
1.0,4601.0,15.0,1.0,27.0,2.8,2.0,0.0,0.0,0.0,1.0,0.0,0.0,0.0,0.0,normal
1.0,4602.0,14.0,1.0,0.0,0.0,0.0,0.0,0.0,0.0,35.1,-11.5,1.0,27.0,4.9,normal
1.0,4601.0,15.0,1.0,27.0,3.7,2.0,0.0,0.0,0.0,1.0,0.0,0.0,0.0,0.0,normal
1.0,4602.0,15.0,1.0,0.0,0.0,0.0,0.0,0.0,0.0,1.0,0.0,0.0,0.0,0.0,normal
1.0,4601.0,15.0,1.0,0.0,0.0,0.0,0.0,0.0,0.0,1.0,0.0,0.0,0.0,0.0,normal
1.0,4602.0,15.0,1.0,0.0,0.0,0.0,0.0,0.0,0.0,34.7,-11.7,1.0,27.0,4.9,normal
1.0,4601.0,15.0,1.0,0.0,0.0,0.0,0.0,0.0,0.0,1.0,0.0,0.0,0.0,0.0,normal
1.0,4602.0,14.0,1.0,0.0,0.0,0.0,0.0,0.0,0.0,37.3,-11.6,1.0,27.0,4.9,normal
1.0,4601.0,15.0,1.0,0.0,0.0,0.0,0.0,0.0,0.0,1.0,0.0,0.0,0.0,0.0,normal
1.0,4602.0,14.0,1.0,0.0,0.0,0.0,0.0,0.0,0.0,1.0,0.0,0.0,0.0,0.0,normal
1.0,4601.0,15.0,1.0,0.0,0.0,0.0,0.0,0.0,0.0,1.0,0.0,0.0,0.0,0.0,normal
1.0,4602.0,13.0,1.0,0.0,0.0,0.0,0.0,0.0,0.0,1.0,0.0,0.0,0.0,0.0,normal
1.0,4601.0,15.0,1.0,27.0,7.5,4.0,0.0,0.0,0.0,26.5,-28.3,1.0,27.0,9.6,normal
1.0,4602.0,14.0,1.0,0.0,0.0,0.0,0.0,0.0,0.0,1.0,0.0,0.0,0.0,0.0,normal
1.0,4601.0,15.0,1.0,27.0,3.7,2.0,0.0,0.0,0.0,1.0,0.0,0.0,0.0,0.0,normal
1.0,4602.0,14.0,1.0,0.0,0.0,0.0,0.0,0.0,0.0,1.0,0.0,0.0,0.0,0.0,normal
1.0,4601.0,15.0,1.0,27.0,5.6,3.0,0.0,0.0,0.0,1.0,0.0,0.0,0.0,0.0,normal
1.0,4602.0,14.0,1.0,0.0,0.0,0.0,0.0,0.0,0.0,1.0,0.0,0.0,0.0,0.0,normal
1.0,4601.0,15.0,1.0,27.0,5.6,3.0,0.0,0.0,0.0,1.0,0.0,0.0,0.0,0.0,normal
1.0,4602.0,13.0,1.0,0.0,0.0,0.0,0.0,0.0,0.0,37.0,-11.6,1.0,27.0,4.9,normal
1.0,4601.0,15.0,1.0,27.0,6.5,4.0,0.0,0.0,0.0,1.0,0.0,0.0,0.0,0.0,normal
1.0,4602.0,14.0,1.0,0.0,0.0,0.0,0.0,0.0,0.0,37.3,-11.4,1.0,27.0,4.9,normal
1.0,4601.0,15.0,1.0,0.0,0.0,0.0,0.0,0.0,0.0,1.0,0.0,0.0,0.0,0.0,normal
1.0,4602.0,14.0,1.0,0.0,0.0,0.0,0.0,0.0,0.0,1.0,0.0,0.0,0.0,0.0,normal
1.0,4601.0,15.0,1.0,27.0,7.5,4.0,0.0,0.0,0.0,27.2,-28.0,1.0,27.0,14.0,normal
1.0,4602.0,14.0,1.0,0.0,0.0,0.0,0.0,0.0,0.0,1.0,0.0,0.0,0.0,0.0,normal
1.0,4601.0,15.0,1.0,27.0,27.0,15.0,0.0,0.0,0.0,26.9,-28.0,1.0,27.0,24.0,normal
1.0,4602.0,14.0,1.0,0.0,0.0,0.0,0.0,0.0,0.0,1.0,0.0,0.0,0.0,0.0,normal
1.0,4601.0,15.0,1.0,27.0,3.7,2.0,0.0,0.0,0.0,1.0,0.0,0.0,0.0,0.0,normal
1.0,4602.0,14.0,1.0,0.0,0.0,0.0,0.0,0.0,0.0,1.0,0.0,0.0,0.0,0.0,normal
1.0,4601.0,15.0,1.0,26.0,6.3,4.0,0.0,0.0,0.0,1.0,0.0,0.0,0.0,0.0,normal
1.0,4602.0,14.0,1.0,0.0,0.0,0.0,0.0,0.0,0.0,1.0,0.0,0.0,0.0,0.0,normal
1.0,4601.0,15.0,1.0,26.0,34.0,911.0,3.0,0.0,38.9,27.3,-27.6,1.0,27.0,248.0,normal
1.0,4602.0,14.0,1.0,0.0,0.0,0.0,0.0,0.0,0.0,37.7,-11.5,1.0,27.0,4.9,normal
1.0,4601.0,15.0,1.0,27.0,58.0,1400.0,0.0,0.0,367.0,27.6,-27.2,1.0,27.0,341.0,normal
1.0,4602.0,14.0,1.0,0.0,0.0,0.0,0.0,0.0,0.0,1.0,0.0,0.0,0.0,0.0,normal
1.0,4601.0,15.0,1.0,27.0,39.0,966.0,0.0,0.0,736.0,26.6,-27.6,1.0,26.0,299.0,normal
1.0,4602.0,15.0,1.0,27.0,14.0,333.0,0.0,0.0,786.0,36.2,-10.6,1.0,27.0,212.0,normal
1.0,4601.0,15.0,1.0,27.0,28.0,697.0,0.0,0.0,779.0,25.5,-27.8,1.0,26.0,220.0,normal
1.0,4602.0,15.0,1.0,26.0,30.0,697.0,6.0,0.0,778.0,35.7,-10.4,1.0,27.0,458.0,normal
1.0,4601.0,15.0,1.0,27.0,31.0,760.0,1.0,0.0,662.0,26.0,-27.6,1.0,26.0,385.0,normal
1.0,4602.0,15.0,1.0,25.0,13.0,349.0,6.0,1.0,556.0,35.5,-10.6,1.0,27.0,314.0,normal
1.0,4601.0,15.0,1.0,26.0,27.0,677.0,1.0,0.0,20.8,25.0,-28.0,1.0,25.0,235.0,normal
1.0,4602.0,15.0,1.0,26.0,30.0,736.0,2.0,0.0,433.0,36.3,-10.3,1.0,27.0,339.0,normal
1.0,4601.0,15.0,1.0,26.0,31.0,743.0,5.0,0.0,575.0,25.1,-27.8,1.0,25.0,221.0,normal
1.0,4602.0,15.0,1.0,27.0,27.0,668.0,1.0,0.0,221.0,35.8,-10.4,1.0,27.0,354.0,normal
1.0,4601.0,15.0,1.0,26.0,26.0,617.0,2.0,0.0,0.0,24.8,-28.0,1.0,25.0,229.0,normal
1.0,4602.0,15.0,1.0,26.0,30.0,772.0,6.0,0.0,11.3,35.8,-10.5,1.0,27.0,339.0,normal
1.0,4601.0,15.0,1.0,26.0,34.0,831.0,2.0,0.0,655.0,25.9,-28.1,1.0,25.0,216.0,normal
1.0,4602.0,15.0,1.0,26.0,20.0,549.0,3.0,0.0,131.0,35.6,-10.7,1.0,27.0,284.0,normal
1.0,4601.0,15.0,1.0,27.0,20.0,496.0,0.0,0.0,8.5,24.9,-27.9,1.0,25.0,243.0,normal
1.0,4602.0,15.0,1.0,26.0,32.0,875.0,3.0,0.0,11.3,35.6,-10.8,1.0,27.0,339.0,normal
1.0,4601.0,15.0,1.0,27.0,34.0,789.0,0.0,0.0,279.0,25.2,-28.2,1.0,25.0,233.0,normal
1.0,4602.0,15.0,1.0,27.0,24.0,619.0,0.0,0.0,0.0,35.9,-10.5,1.0,27.0,340.0,normal
1.0,4601.0,15.0,1.0,27.0,18.0,465.0,0.0,0.0,0.0,25.9,-28.1,1.0,26.0,154.0,normal
1.0,4602.0,15.0,1.0,26.0,30.0,897.0,6.0,0.0,12.9,36.0,-11.0,1.0,27.0,305.0,normal
1.0,4601.0,15.0,1.0,26.0,18.0,11.0,0.0,0.0,0.0,1.0,0.0,0.0,0.0,0.0,normal
1.0,4602.0,15.0,1.0,26.0,19.0,508.0,0.0,0.0,0.0,35.5,-11.5,1.0,27.0,139.0,normal
1.0,4601.0,15.0,1.0,27.0,27.0,874.0,1.0,0.0,11.2,26.9,-27.7,1.0,27.0,234.0,normal
1.0,4602.0,15.0,1.0,0.0,0.0,0.0,0.0,0.0,0.0,1.0,0.0,0.0,0.0,0.0,normal
1.0,4601.0,15.0,1.0,27.0,8.5,280.0,0.0,0.0,0.0,26.9,-28.2,1.0,27.0,71.0,normal
1.0,4602.0,15.0,1.0,0.0,0.0,0.0,0.0,0.0,0.0,35.7,-11.8,1.0,27.0,4.9,normal
1.0,4601.0,15.0,1.0,27.0,1.9,1.0,0.0,0.0,0.0,1.0,0.0,0.0,0.0,0.0,normal
1.0,4602.0,15.0,1.0,0.0,0.0,0.0,0.0,0.0,0.0,36.5,-11.8,1.0,27.0,4.9,normal
1.0,4601.0,15.0,1.0,27.0,888.0,1.0,0.0,0.0,0.0,1.0,0.0,0.0,0.0,0.0,normal
1.0,4602.0,15.0,1.0,0.0,0.0,0.0,0.0,0.0,0.0,1.0,0.0,0.0,0.0,0.0,normal
1.0,4601.0,15.0,1.0,0.0,0.0,0.0,0.0,0.0,0.0,1.0,0.0,0.0,0.0,0.0,normal
1.0,4602.0,14.0,1.0,0.0,0.0,0.0,0.0,0.0,0.0,38.1,-11.5,1.0,27.0,4.9,normal
1.0,4601.0,15.0,1.0,26.0,7.1,4.0,0.0,0.0,0.0,1.0,0.0,0.0,0.0,0.0,normal
1.0,4602.0,14.0,1.0,0.0,0.0,0.0,0.0,0.0,0.0,1.0,0.0,0.0,0.0,0.0,normal
1.0,4601.0,15.0,1.0,0.0,0.0,0.0,0.0,0.0,0.0,1.0,0.0,0.0,0.0,0.0,normal
1.0,4602.0,14.0,1.0,0.0,0.0,0.0,0.0,0.0,0.0,1.0,0.0,0.0,0.0,0.0,normal
1.0,4601.0,15.0,1.0,0.0,0.0,0.0,0.0,0.0,0.0,1.0,0.0,0.0,0.0,0.0,normal
1.0,4602.0,14.0,1.0,0.0,0.0,0.0,0.0,0.0,0.0,1.0,0.0,0.0,0.0,0.0,normal
1.0,4601.0,15.0,1.0,27.0,3.7,2.0,0.0,0.0,0.0,1.0,0.0,0.0,0.0,0.0,normal
1.0,4602.0,14.0,1.0,0.0,0.0,0.0,0.0,0.0,0.0,1.0,0.0,0.0,0.0,0.0,normal
1.0,4601.0,15.0,1.0,27.0,9.3,5.0,0.0,0.0,0.0,27.7,-27.8,1.0,26.0,4.7,normal
1.0,4602.0,14.0,1.0,0.0,0.0,0.0,0.0,0.0,0.0,1.0,0.0,0.0,0.0,0.0,normal
1.0,4601.0,15.0,1.0,27.0,1.9,1.0,0.0,0.0,0.0,27.2,-27.9,1.0,27.0,4.9,normal
1.0,4602.0,14.0,1.0,0.0,0.0,0.0,0.0,0.0,0.0,1.0,0.0,0.0,0.0,0.0,normal
1.0,4601.0,15.0,1.0,0.0,0.0,0.0,0.0,0.0,0.0,26.5,-28.1,1.0,27.0,4.9,normal
1.0,4602.0,14.0,1.0,0.0,0.0,0.0,0.0,0.0,0.0,36.9,-11.5,1.0,27.0,4.9,normal
1.0,4601.0,15.0,1.0,27.0,6.5,4.0,0.0,0.0,0.0,1.0,0.0,0.0,0.0,0.0,normal
1.0,4602.0,13.0,1.0,0.0,0.0,0.0,0.0,0.0,0.0,37.9,-11.6,1.0,27.0,4.9,normal
1.0,4601.0,15.0,1.0,27.0,1.9,1.0,0.0,0.0,0.0,1.0,0.0,0.0,0.0,0.0,normal
1.0,4602.0,13.0,1.0,0.0,0.0,0.0,0.0,0.0,0.0,1.0,0.0,0.0,0.0,0.0,normal
1.0,4601.0,15.0,1.0,27.0,3.7,2.0,0.0,0.0,0.0,1.0,0.0,0.0,0.0,0.0,normal
1.0,4602.0,14.0,1.0,0.0,0.0,0.0,0.0,0.0,0.0,1.0,0.0,0.0,0.0,0.0,normal
1.0,4601.0,15.0,1.0,25.0,3.6,2.0,0.0,0.0,0.0,1.0,0.0,0.0,0.0,0.0,normal
1.0,4602.0,14.0,1.0,0.0,0.0,0.0,0.0,0.0,0.0,1.0,0.0,0.0,0.0,0.0,normal
1.0,4601.0,15.0,1.0,27.0,3.6,3.0,0.0,0.0,0.0,1.0,0.0,0.0,0.0,0.0,normal
1.0,4602.0,14.0,1.0,0.0,0.0,0.0,0.0,0.0,0.0,1.0,0.0,0.0,0.0,0.0,normal
1.0,4601.0,15.0,1.0,26.0,12.0,7.0,0.0,0.0,0.0,26.0,-27.9,1.0,26.0,4.7,normal
1.0,4602.0,14.0,1.0,0.0,0.0,0.0,0.0,0.0,0.0,1.0,0.0,0.0,0.0,0.0,normal
1.0,4601.0,15.0,1.0,26.0,15.0,9.0,0.0,0.0,0.0,27.5,-27.9,1.0,27.0,19.0,normal
1.0,4602.0,14.0,1.0,0.0,0.0,0.0,0.0,0.0,0.0,1.0,0.0,0.0,0.0,0.0,normal
1.0,4601.0,15.0,1.0,0.0,0.0,0.0,0.0,0.0,0.0,1.0,0.0,0.0,0.0,0.0,normal
1.0,4602.0,14.0,1.0,0.0,0.0,0.0,0.0,0.0,0.0,1.0,0.0,0.0,0.0,0.0,normal
1.0,4601.0,15.0,1.0,0.0,0.0,0.0,0.0,0.0,0.0,1.0,0.0,0.0,0.0,0.0,normal
1.0,4602.0,14.0,1.0,0.0,0.0,0.0,0.0,0.0,0.0,1.0,0.0,0.0,0.0,0.0,normal
1.0,4601.0,15.0,1.0,27.0,7.5,4.0,0.0,0.0,0.0,1.0,0.0,0.0,0.0,0.0,normal
1.0,4602.0,13.0,1.0,0.0,0.0,0.0,0.0,0.0,0.0,1.0,0.0,0.0,0.0,0.0,normal
1.0,4601.0,15.0,1.0,27.0,21.0,12.0,0.0,0.0,0.0,26.0,-28.2,1.0,27.0,4.9,normal
1.0,4602.0,14.0,1.0,0.0,0.0,0.0,0.0,0.0,0.0,1.0,0.0,0.0,0.0,0.0,normal
1.0,4601.0,15.0,1.0,24.0,3.3,2.0,0.0,0.0,0.0,26.5,-27.5,1.0,26.0,4.7,normal
1.0,4602.0,14.0,1.0,0.0,0.0,0.0,0.0,0.0,0.0,37.8,-11.5,1.0,27.0,4.9,normal
1.0,4601.0,15.0,1.0,0.0,0.0,0.0,0.0,0.0,0.0,1.0,0.0,0.0,0.0,0.0,normal
1.0,4602.0,14.0,1.0,0.0,0.0,0.0,0.0,0.0,0.0,1.0,0.0,0.0,0.0,0.0,normal
1.0,4601.0,15.0,1.0,27.0,11.0,6.0,0.0,0.0,0.0,1.0,0.0,0.0,0.0,0.0,normal
1.0,4602.0,14.0,1.0,0.0,0.0,0.0,0.0,0.0,0.0,1.0,0.0,0.0,0.0,0.0,normal
1.0,4601.0,15.0,1.0,27.0,10.0,6.0,0.0,0.0,0.0,1.0,0.0,0.0,0.0,0.0,normal
1.0,4602.0,13.0,1.0,0.0,0.0,0.0,0.0,0.0,0.0,1.0,0.0,0.0,0.0,0.0,normal
1.0,4601.0,15.0,1.0,27.0,3.7,2.0,0.0,0.0,0.0,27.5,-28.2,1.0,26.0,4.7,normal
1.0,4602.0,14.0,1.0,0.0,0.0,0.0,0.0,0.0,0.0,1.0,0.0,0.0,0.0,0.0,normal
1.0,4601.0,15.0,1.0,27.0,16.0,9.0,0.0,0.0,0.0,1.0,0.0,0.0,0.0,0.0,normal
1.0,4602.0,14.0,1.0,0.0,0.0,0.0,0.0,0.0,0.0,1.0,0.0,0.0,0.0,0.0,normal
1.0,4601.0,15.0,1.0,27.0,1.9,1.0,0.0,0.0,0.0,27.7,-28.0,1.0,27.0,4.9,normal
1.0,4602.0,14.0,1.0,0.0,0.0,0.0,0.0,0.0,0.0,36.2,-11.5,1.0,27.0,4.9,normal
1.0,4601.0,15.0,1.0,27.0,3.7,2.0,0.0,0.0,0.0,1.0,0.0,0.0,0.0,0.0,normal
1.0,4602.0,14.0,1.0,0.0,0.0,0.0,0.0,0.0,0.0,1.0,0.0,0.0,0.0,0.0,normal
1.0,4601.0,15.0,1.0,0.0,0.0,0.0,0.0,0.0,0.0,1.0,0.0,0.0,0.0,0.0,normal
1.0,4602.0,14.0,1.0,0.0,0.0,0.0,0.0,0.0,0.0,1.0,0.0,0.0,0.0,0.0,normal
1.0,4601.0,15.0,1.0,27.0,3.7,2.0,0.0,0.0,0.0,1.0,0.0,0.0,0.0,0.0,normal
1.0,4602.0,14.0,1.0,0.0,0.0,0.0,0.0,0.0,0.0,1.0,0.0,0.0,0.0,0.0,normal
1.0,4601.0,15.0,1.0,27.0,7.5,4.0,0.0,0.0,0.0,1.0,0.0,0.0,0.0,0.0,normal
1.0,4602.0,14.0,1.0,0.0,0.0,0.0,0.0,0.0,0.0,1.0,0.0,0.0,0.0,0.0,normal
1.0,4601.0,15.0,1.0,24.0,1.7,1.0,0.0,0.0,0.0,1.0,0.0,0.0,0.0,0.0,normal
1.0,4602.0,14.0,1.0,0.0,0.0,0.0,0.0,0.0,0.0,36.9,-11.5,1.0,27.0,4.9,normal
1.0,4601.0,15.0,1.0,27.0,11.0,7.0,0.0,0.0,0.0,1.0,0.0,0.0,0.0,0.0,normal
1.0,4602.0,14.0,1.0,0.0,0.0,0.0,0.0,0.0,0.0,1.0,0.0,0.0,0.0,0.0,normal
1.0,4601.0,15.0,1.0,27.0,3.7,2.0,0.0,0.0,0.0,27.0,-28.0,1.0,27.0,4.9,normal
1.0,4602.0,14.0,1.0,0.0,0.0,0.0,0.0,0.0,0.0,1.0,0.0,0.0,0.0,0.0,normal
1.0,4601.0,15.0,1.0,0.0,0.0,0.0,0.0,0.0,0.0,26.6,-28.2,1.0,27.0,4.9,normal
1.0,4602.0,14.0,1.0,0.0,0.0,0.0,0.0,0.0,0.0,1.0,0.0,0.0,0.0,0.0,normal
1.0,4601.0,15.0,1.0,27.0,3.7,2.0,0.0,0.0,0.0,1.0,0.0,0.0,0.0,0.0,normal
1.0,4602.0,14.0,1.0,0.0,0.0,0.0,0.0,0.0,0.0,1.0,0.0,0.0,0.0,0.0,normal
1.0,4601.0,15.0,1.0,0.0,0.0,0.0,0.0,0.0,0.0,1.0,0.0,0.0,0.0,0.0,normal
1.0,4602.0,14.0,1.0,0.0,0.0,0.0,0.0,0.0,0.0,1.0,0.0,0.0,0.0,0.0,normal
1.0,4601.0,15.0,1.0,27.0,2.8,2.0,0.0,0.0,0.0,1.0,0.0,0.0,0.0,0.0,normal
1.0,4602.0,14.0,1.0,0.0,0.0,0.0,0.0,0.0,0.0,1.0,0.0,0.0,0.0,0.0,normal
1.0,4601.0,15.0,1.0,26.0,2.6,2.0,0.0,0.0,0.0,1.0,0.0,0.0,0.0,0.0,normal
1.0,4602.0,14.0,1.0,0.0,0.0,0.0,0.0,0.0,0.0,1.0,0.0,0.0,0.0,0.0,normal
1.0,4601.0,15.0,1.0,27.0,3.7,2.0,0.0,0.0,0.0,1.0,0.0,0.0,0.0,0.0,normal
1.0,4602.0,15.0,1.0,25.0,44.0,1116.0,20.0,1.0,285.0,35.7,-11.4,1.0,27.0,354.0,normal
1.0,4601.0,15.0,1.0,27.0,11.0,7.0,0.0,0.0,0.0,1.0,0.0,0.0,0.0,0.0,normal
1.0,4602.0,15.0,1.0,25.0,35.0,916.0,0.0,0.0,144.0,35.6,-11.6,1.0,27.0,327.0,normal
1.0,4601.0,15.0,1.0,0.0,1.9,1.0,0.0,0.0,0.0,1.0,0.0,0.0,0.0,0.0,normal
1.0,4602.0,15.0,1.0,26.0,40.0,992.0,9.0,0.0,77.8,35.5,-11.5,1.0,27.0,338.0,normal
1.0,4601.0,15.0,1.0,0.0,0.0,0.0,0.0,0.0,0.0,1.0,0.0,0.0,0.0,0.0,normal
1.0,4602.0,15.0,1.0,26.0,51.0,1252.0,12.0,0.0,29.1,35.3,-11.4,1.0,27.0,405.0,normal
1.0,4601.0,15.0,1.0,26.0,7.3,4.0,0.0,0.0,0.0,1.0,0.0,0.0,0.0,0.0,normal
1.0,4602.0,15.0,1.0,26.0,52.0,1263.0,2.0,0.0,0.0,35.4,-10.9,1.0,27.0,376.0,normal
1.0,4601.0,15.0,1.0,27.0,38.0,952.0,1.0,0.0,154.0,27.4,-27.4,1.0,27.0,309.0,normal
1.0,4602.0,14.0,1.0,0.0,0.0,0.0,0.0,0.0,0.0,1.0,0.0,0.0,0.0,0.0,normal
1.0,4601.0,15.0,1.0,27.0,52.0,1256.0,1.0,0.0,74.9,26.8,-27.3,1.0,27.0,493.0,normal
1.0,4602.0,14.0,1.0,0.0,0.0,0.0,0.0,0.0,0.0,1.0,0.0,0.0,0.0,0.0,normal
1.0,4601.0,15.0,1.0,27.0,58.0,1400.0,0.0,0.0,495.0,27.4,-27.2,1.0,27.0,378.0,normal
1.0,4602.0,13.0,1.0,0.0,0.0,0.0,0.0,0.0,0.0,1.0,0.0,0.0,0.0,0.0,normal
1.0,4601.0,15.0,1.0,27.0,40.0,970.0,0.0,0.0,280.0,27.5,-27.2,1.0,27.0,287.0,normal
1.0,4602.0,14.0,1.0,26.0,7.1,4.0,0.0,0.0,0.0,35.2,-11.4,1.0,27.0,19.0,normal
1.0,4601.0,15.0,1.0,27.0,58.0,1399.0,1.0,0.0,450.0,27.6,-27.3,1.0,27.0,358.0,normal
1.0,4602.0,15.0,1.0,0.0,0.0,0.0,0.0,0.0,0.0,1.0,0.0,0.0,0.0,0.0,normal
1.0,4601.0,15.0,1.0,27.0,46.0,1115.0,0.0,0.0,528.0,27.5,-27.5,1.0,27.0,336.0,normal
1.0,4602.0,15.0,1.0,0.0,0.0,0.0,0.0,0.0,0.0,1.0,0.0,0.0,0.0,0.0,normal
1.0,4601.0,15.0,1.0,27.0,45.0,1087.0,1.0,0.0,0.0,27.6,-27.4,1.0,27.0,303.0,normal
1.0,4602.0,15.0,1.0,0.0,0.0,0.0,0.0,0.0,0.0,1.0,0.0,0.0,0.0,0.0,normal
1.0,4601.0,15.0,1.0,27.0,38.0,1229.0,0.0,0.0,0.0,27.9,-26.9,1.0,27.0,301.0,normal
1.0,4602.0,15.0,1.0,0.0,0.0,0.0,0.0,0.0,0.0,36.5,-11.6,1.0,27.0,4.9,normal
1.0,4601.0,15.0,1.0,27.0,5.6,3.0,0.0,0.0,0.0,26.8,-27.5,1.0,27.0,4.9,normal
1.0,4602.0,15.0,1.0,0.0,0.0,0.0,0.0,0.0,0.0,37.2,-11.5,1.0,27.0,4.9,normal
1.0,4601.0,15.0,1.0,27.0,13.0,7.0,0.0,0.0,0.0,28.3,-27.4,1.0,27.0,15.0,normal
1.0,4602.0,15.0,1.0,0.0,0.0,0.0,0.0,0.0,0.0,1.0,0.0,0.0,0.0,0.0,normal
1.0,4601.0,15.0,1.0,0.0,0.0,0.0,0.0,0.0,0.0,1.0,0.0,0.0,0.0,0.0,normal
1.0,4602.0,14.0,1.0,0.0,0.0,0.0,0.0,0.0,0.0,36.9,-11.6,1.0,27.0,4.9,normal
1.0,4601.0,15.0,1.0,27.0,1.9,1.0,0.0,0.0,0.0,1.0,0.0,0.0,0.0,0.0,normal
1.0,4602.0,15.0,1.0,0.0,0.0,0.0,0.0,0.0,0.0,35.9,-11.7,1.0,27.0,4.9,normal
1.0,4601.0,15.0,1.0,26.0,5.5,3.0,0.0,0.0,0.0,1.0,0.0,0.0,0.0,0.0,normal
1.0,4602.0,15.0,1.0,0.0,0.0,0.0,0.0,0.0,0.0,36.8,-11.7,1.0,27.0,4.9,normal
1.0,4601.0,15.0,1.0,27.0,21.0,12.0,0.0,0.0,0.0,1.0,0.0,0.0,0.0,0.0,normal
1.0,4602.0,15.0,1.0,0.0,0.0,0.0,0.0,0.0,0.0,1.0,0.0,0.0,0.0,0.0,normal
1.0,4601.0,15.0,1.0,0.0,0.0,0.0,0.0,0.0,0.0,1.0,0.0,0.0,0.0,0.0,normal
1.0,4602.0,15.0,1.0,0.0,0.0,0.0,0.0,0.0,0.0,34.9,-11.9,1.0,27.0,4.9,normal
1.0,4601.0,15.0,1.0,27.0,3.7,2.0,0.0,0.0,0.0,27.2,-27.9,1.0,27.0,4.9,normal
1.0,4602.0,15.0,1.0,0.0,0.0,0.0,0.0,0.0,0.0,35.6,-11.9,1.0,27.0,4.9,normal
1.0,4601.0,15.0,1.0,27.0,3.7,2.0,0.0,0.0,0.0,1.0,0.0,0.0,0.0,0.0,normal
1.0,4602.0,14.0,1.0,0.0,0.0,0.0,0.0,0.0,0.0,1.0,0.0,0.0,0.0,0.0,normal
1.0,4601.0,15.0,1.0,27.0,3.7,2.0,0.0,0.0,0.0,28.2,-27.3,1.0,27.0,4.9,normal
1.0,4602.0,14.0,1.0,0.0,0.0,0.0,0.0,0.0,0.0,1.0,0.0,0.0,0.0,0.0,normal
1.0,4601.0,15.0,1.0,0.0,0.0,0.0,0.0,0.0,0.0,1.0,0.0,0.0,0.0,0.0,normal
1.0,4602.0,14.0,1.0,0.0,0.0,0.0,0.0,0.0,0.0,35.9,-11.2,1.0,27.0,4.9,normal
1.0,4601.0,15.0,1.0,27.0,11.0,6.0,0.0,0.0,0.0,1.0,0.0,0.0,0.0,0.0,normal
1.0,4602.0,14.0,1.0,0.0,0.0,0.0,0.0,0.0,0.0,1.0,0.0,0.0,0.0,0.0,normal
1.0,4601.0,15.0,1.0,26.0,7.1,4.0,0.0,0.0,0.0,1.0,0.0,0.0,0.0,0.0,normal
1.0,4602.0,14.0,1.0,0.0,0.0,0.0,0.0,0.0,0.0,1.0,0.0,0.0,0.0,0.0,normal
1.0,4601.0,15.0,1.0,27.0,11.0,6.0,0.0,0.0,0.0,1.0,0.0,0.0,0.0,0.0,normal
1.0,4602.0,14.0,1.0,0.0,0.0,0.0,0.0,0.0,0.0,1.0,0.0,0.0,0.0,0.0,normal
1.0,4601.0,15.0,1.0,26.0,2.7,2.0,0.0,0.0,0.0,1.0,0.0,0.0,0.0,0.0,normal
1.0,4602.0,14.0,1.0,0.0,0.0,0.0,0.0,0.0,0.0,1.0,0.0,0.0,0.0,0.0,normal
1.0,4601.0,15.0,1.0,0.0,0.0,0.0,0.0,0.0,0.0,28.6,-27.5,1.0,27.0,4.9,normal
1.0,4602.0,14.0,1.0,0.0,0.0,0.0,0.0,0.0,0.0,37.6,-11.7,1.0,27.0,4.9,normal
1.0,4601.0,15.0,1.0,0.0,0.0,0.0,0.0,0.0,0.0,1.0,0.0,0.0,0.0,0.0,normal
1.0,4602.0,14.0,1.0,0.0,0.0,0.0,0.0,0.0,0.0,1.0,0.0,0.0,0.0,0.0,normal
1.0,4601.0,15.0,1.0,0.0,0.0,0.0,0.0,0.0,0.0,1.0,0.0,0.0,0.0,0.0,normal
1.0,4602.0,14.0,1.0,0.0,0.0,0.0,0.0,0.0,0.0,1.0,0.0,0.0,0.0,0.0,normal
1.0,4601.0,15.0,1.0,26.0,6.3,4.0,0.0,0.0,0.0,1.0,0.0,0.0,0.0,0.0,normal
1.0,4602.0,14.0,1.0,0.0,0.0,0.0,0.0,0.0,0.0,1.0,0.0,0.0,0.0,0.0,normal
1.0,4601.0,15.0,1.0,27.0,3.7,2.0,0.0,0.0,0.0,26.9,-27.8,1.0,27.0,4.9,normal
1.0,4602.0,14.0,1.0,0.0,0.0,0.0,0.0,0.0,0.0,1.0,0.0,0.0,0.0,0.0,normal
1.0,4601.0,15.0,1.0,27.0,3.7,2.0,0.0,0.0,0.0,1.0,0.0,0.0,0.0,0.0,normal
1.0,4602.0,13.0,1.0,0.0,0.0,0.0,0.0,0.0,0.0,1.0,0.0,0.0,0.0,0.0,normal
1.0,4601.0,15.0,1.0,26.0,3.6,2.0,0.0,0.0,0.0,1.0,0.0,0.0,0.0,0.0,normal
1.0,4602.0,12.0,1.0,0.0,0.0,0.0,0.0,0.0,0.0,1.0,0.0,0.0,0.0,0.0,normal
1.0,4601.0,15.0,1.0,0.0,0.0,0.0,0.0,0.0,0.0,1.0,0.0,0.0,0.0,0.0,normal
1.0,4602.0,14.0,1.0,0.0,0.0,0.0,0.0,0.0,0.0,1.0,0.0,0.0,0.0,0.0,normal
1.0,4601.0,15.0,1.0,0.0,0.0,0.0,0.0,0.0,0.0,1.0,0.0,0.0,0.0,0.0,normal
1.0,4602.0,13.0,1.0,0.0,0.0,0.0,0.0,0.0,0.0,1.0,0.0,0.0,0.0,0.0,normal
1.0,4601.0,15.0,1.0,27.0,3.7,2.0,0.0,0.0,0.0,27.9,-27.6,1.0,27.0,4.9,normal
1.0,4602.0,13.0,1.0,0.0,0.0,0.0,0.0,0.0,0.0,38.0,-11.8,1.0,27.0,4.9,normal
1.0,4601.0,15.0,1.0,27.0,10.0,6.0,0.0,0.0,0.0,27.6,-27.6,1.0,27.0,4.9,normal
1.0,4602.0,14.0,1.0,0.0,0.0,0.0,0.0,0.0,0.0,1.0,0.0,0.0,0.0,0.0,normal
1.0,4601.0,15.0,1.0,26.0,7.3,4.0,0.0,0.0,0.0,1.0,0.0,0.0,0.0,0.0,normal
1.0,4602.0,14.0,1.0,0.0,0.0,0.0,0.0,0.0,0.0,1.0,0.0,0.0,0.0,0.0,normal
1.0,4601.0,15.0,1.0,27.0,7.5,4.0,0.0,0.0,0.0,27.5,-27.5,1.0,27.0,4.9,normal
1.0,4602.0,14.0,1.0,0.0,0.0,0.0,0.0,0.0,0.0,1.0,0.0,0.0,0.0,0.0,normal
1.0,4601.0,15.0,1.0,27.0,3.7,2.0,0.0,0.0,0.0,1.0,0.0,0.0,0.0,0.0,normal
1.0,4602.0,14.0,1.0,0.0,0.0,0.0,0.0,0.0,0.0,1.0,0.0,0.0,0.0,0.0,normal
1.0,4601.0,15.0,1.0,27.0,10.0,6.0,0.0,0.0,0.0,1.0,0.0,0.0,0.0,0.0,normal
1.0,4602.0,14.0,1.0,0.0,0.0,0.0,0.0,0.0,0.0,1.0,0.0,0.0,0.0,0.0,normal
1.0,4601.0,15.0,1.0,25.0,6.8,4.0,0.0,0.0,0.0,1.0,0.0,0.0,0.0,0.0,normal
1.0,4602.0,13.0,1.0,0.0,0.0,0.0,0.0,0.0,0.0,1.0,0.0,0.0,0.0,0.0,normal
1.0,4601.0,15.0,1.0,27.0,10.0,6.0,0.0,0.0,0.0,1.0,0.0,0.0,0.0,0.0,normal
1.0,4602.0,14.0,1.0,0.0,0.0,0.0,0.0,0.0,0.0,1.0,0.0,0.0,0.0,0.0,normal
1.0,4601.0,15.0,1.0,27.0,37.0,918.0,0.0,0.0,337.0,27.5,-27.4,1.0,27.0,317.0,normal
1.0,4602.0,14.0,1.0,0.0,0.0,0.0,0.0,0.0,0.0,1.0,0.0,0.0,0.0,0.0,normal
1.0,4601.0,15.0,1.0,27.0,58.0,1398.0,2.0,0.0,250.0,27.7,-27.3,1.0,27.0,337.0,normal
1.0,4602.0,14.0,1.0,0.0,0.0,0.0,0.0,0.0,0.0,1.0,0.0,0.0,0.0,0.0,normal
1.0,4601.0,15.0,1.0,27.0,41.0,995.0,1.0,0.0,464.0,27.5,-27.4,1.0,27.0,282.0,normal
1.0,4602.0,14.0,1.0,0.0,0.0,0.0,0.0,0.0,0.0,1.0,0.0,0.0,0.0,0.0,normal
1.0,4601.0,15.0,1.0,26.0,50.0,1214.0,5.0,0.0,0.0,27.5,-27.3,1.0,27.0,349.0,normal
1.0,4602.0,14.0,1.0,0.0,0.0,0.0,0.0,0.0,0.0,1.0,0.0,0.0,0.0,0.0,normal
1.0,4601.0,15.0,1.0,27.0,49.0,1191.0,0.0,0.0,444.0,27.5,-27.4,1.0,27.0,283.0,normal
1.0,4602.0,14.0,1.0,0.0,0.0,0.0,0.0,0.0,0.0,1.0,0.0,0.0,0.0,0.0,normal
1.0,4601.0,15.0,1.0,27.0,33.0,821.0,0.0,0.0,426.0,24.6,-27.7,1.0,24.0,246.0,normal
1.0,4602.0,15.0,1.0,27.0,25.0,585.0,0.0,0.0,971.0,35.7,-9.4,1.0,27.0,332.0,normal
1.0,4601.0,15.0,1.0,27.0,5.2,137.0,0.0,0.0,0.0,25.2,-27.5,1.0,25.0,96.0,normal
1.0,4602.0,15.0,1.0,26.0,31.0,765.0,4.0,0.0,53.0,35.9,-10.0,1.0,27.0,264.0,normal
1.0,4601.0,15.0,1.0,0.0,0.0,0.0,0.0,0.0,0.0,26.3,-27.9,1.0,27.0,4.9,normal
1.0,4602.0,15.0,1.0,26.0,52.0,1271.0,6.0,0.0,22.2,35.6,-10.5,1.0,27.0,371.0,normal
1.0,4601.0,15.0,1.0,27.0,10.0,6.0,0.0,0.0,0.0,1.0,0.0,0.0,0.0,0.0,normal
1.0,4602.0,15.0,1.0,26.0,50.0,1215.0,3.0,0.0,20.6,35.4,-10.5,1.0,27.0,334.0,normal
1.0,4601.0,15.0,1.0,27.0,7.5,4.0,0.0,0.0,0.0,25.3,-28.0,1.0,26.0,4.7,normal
1.0,4602.0,15.0,1.0,26.0,50.0,1223.0,7.0,0.0,0.0,35.4,-10.5,1.0,27.0,317.0,normal
1.0,4601.0,15.0,1.0,27.0,3.7,2.0,0.0,0.0,0.0,26.9,-27.9,1.0,27.0,4.9,normal
1.0,4602.0,15.0,1.0,0.0,0.0,0.0,0.0,0.0,0.0,1.0,0.0,0.0,0.0,0.0,normal
1.0,4601.0,15.0,1.0,0.0,0.0,0.0,0.0,0.0,0.0,1.0,0.0,0.0,0.0,0.0,normal
1.0,4602.0,15.0,1.0,0.0,0.0,0.0,0.0,0.0,0.0,1.0,0.0,0.0,0.0,0.0,normal
1.0,4601.0,15.0,1.0,24.0,3.3,2.0,0.0,0.0,0.0,1.0,0.0,0.0,0.0,0.0,normal
1.0,4602.0,15.0,1.0,0.0,0.0,0.0,0.0,0.0,0.0,1.0,0.0,0.0,0.0,0.0,normal
1.0,4601.0,15.0,1.0,27.0,3.7,2.0,0.0,0.0,0.0,1.0,0.0,0.0,0.0,0.0,normal
1.0,4602.0,15.0,1.0,0.0,0.0,0.0,0.0,0.0,0.0,1.0,0.0,0.0,0.0,0.0,normal
1.0,4601.0,15.0,1.0,27.0,4.6,3.0,0.0,0.0,0.0,27.4,-27.9,1.0,27.0,4.9,normal
1.0,4602.0,15.0,1.0,0.0,0.0,0.0,0.0,0.0,0.0,36.0,-11.6,1.0,27.0,4.9,normal
1.0,4601.0,15.0,1.0,26.0,5.4,3.0,0.0,0.0,0.0,1.0,0.0,0.0,0.0,0.0,normal
1.0,4602.0,15.0,1.0,0.0,0.0,0.0,0.0,0.0,0.0,1.0,0.0,0.0,0.0,0.0,normal
1.0,4601.0,15.0,1.0,27.0,10.0,6.0,0.0,0.0,0.0,27.8,-27.8,1.0,27.0,4.9,normal
1.0,4602.0,15.0,1.0,0.0,0.0,0.0,0.0,0.0,0.0,1.0,0.0,0.0,0.0,0.0,normal
1.0,4601.0,15.0,1.0,27.0,7.5,4.0,0.0,0.0,0.0,26.6,-27.7,1.0,27.0,4.9,normal
1.0,4602.0,15.0,1.0,0.0,0.0,0.0,0.0,0.0,0.0,1.0,0.0,0.0,0.0,0.0,normal
1.0,4601.0,15.0,1.0,27.0,7.5,4.0,0.0,0.0,0.0,1.0,0.0,0.0,0.0,0.0,normal
1.0,4602.0,15.0,1.0,0.0,0.0,0.0,0.0,0.0,0.0,1.0,0.0,0.0,0.0,0.0,normal
1.0,4601.0,15.0,1.0,27.0,3.7,2.0,0.0,0.0,0.0,27.1,-27.9,1.0,26.0,4.7,normal
1.0,4602.0,14.0,1.0,0.0,0.0,0.0,0.0,0.0,0.0,1.0,0.0,0.0,0.0,0.0,normal
1.0,4601.0,15.0,1.0,0.0,0.0,0.0,0.0,0.0,0.0,27.3,-27.6,1.0,27.0,4.9,normal
1.0,4602.0,14.0,1.0,0.0,0.0,0.0,0.0,0.0,0.0,1.0,0.0,0.0,0.0,0.0,normal
1.0,4601.0,15.0,1.0,27.0,24.0,14.0,0.0,0.0,0.0,27.1,-28.0,1.0,27.0,9.7,normal
1.0,4602.0,14.0,1.0,0.0,0.0,0.0,0.0,0.0,0.0,1.0,0.0,0.0,0.0,0.0,normal
1.0,4601.0,15.0,1.0,26.0,11.0,6.0,0.0,0.0,0.0,27.6,-28.0,1.0,27.0,9.7,normal
1.0,4602.0,14.0,1.0,0.0,0.0,0.0,0.0,0.0,0.0,1.0,0.0,0.0,0.0,0.0,normal
1.0,4601.0,15.0,1.0,26.0,2.6,2.0,0.0,0.0,0.0,1.0,0.0,0.0,0.0,0.0,normal
1.0,4602.0,14.0,1.0,25.0,5.1,3.0,2.0,40.0,0.0,36.8,-11.4,1.0,27.0,9.7,normal
1.0,4601.0,15.0,1.0,26.0,3.6,2.0,0.0,0.0,0.0,1.0,0.0,0.0,0.0,0.0,normal
1.0,4602.0,15.0,1.0,0.0,0.0,0.0,0.0,0.0,0.0,1.0,0.0,0.0,0.0,0.0,normal
1.0,4601.0,15.0,1.0,27.0,3.7,2.0,0.0,0.0,0.0,1.0,0.0,0.0,0.0,0.0,normal
1.0,4602.0,15.0,1.0,0.0,0.0,0.0,0.0,0.0,0.0,1.0,0.0,0.0,0.0,0.0,normal
1.0,4601.0,15.0,1.0,27.0,5.6,3.0,0.0,0.0,0.0,1.0,0.0,0.0,0.0,0.0,normal
1.0,4602.0,15.0,1.0,0.0,0.0,0.0,0.0,0.0,0.0,1.0,0.0,0.0,0.0,0.0,normal
1.0,4601.0,15.0,1.0,27.0,888.0,1.0,0.0,0.0,0.0,1.0,0.0,0.0,0.0,0.0,normal
1.0,4602.0,15.0,1.0,0.0,0.0,0.0,0.0,0.0,0.0,37.6,-11.3,1.0,27.0,9.7,normal
1.0,4601.0,15.0,1.0,24.0,3.3,2.0,0.0,0.0,0.0,28.4,-27.3,1.0,27.0,4.9,normal
1.0,4602.0,15.0,1.0,0.0,0.0,0.0,0.0,0.0,0.0,1.0,0.0,0.0,0.0,0.0,normal
1.0,4601.0,15.0,1.0,27.0,9.2,6.0,0.0,0.0,0.0,1.0,0.0,0.0,0.0,0.0,normal
1.0,4602.0,15.0,1.0,0.0,0.0,0.0,0.0,0.0,0.0,1.0,0.0,0.0,0.0,0.0,normal
1.0,4601.0,15.0,1.0,26.0,7.3,4.0,0.0,0.0,0.0,1.0,0.0,0.0,0.0,0.0,normal
1.0,4602.0,15.0,1.0,0.0,0.0,0.0,0.0,0.0,0.0,37.6,-11.5,1.0,27.0,4.9,normal
1.0,4601.0,15.0,1.0,0.0,0.0,0.0,0.0,0.0,0.0,1.0,0.0,0.0,0.0,0.0,normal
1.0,4602.0,15.0,1.0,0.0,0.0,0.0,0.0,0.0,0.0,1.0,0.0,0.0,0.0,0.0,normal
1.0,4601.0,15.0,1.0,0.0,0.0,0.0,0.0,0.0,0.0,1.0,0.0,0.0,0.0,0.0,normal
1.0,4602.0,15.0,1.0,0.0,0.0,0.0,0.0,0.0,0.0,1.0,0.0,0.0,0.0,0.0,normal
1.0,4601.0,15.0,1.0,0.0,0.0,0.0,0.0,0.0,0.0,1.0,0.0,0.0,0.0,0.0,normal
1.0,4602.0,15.0,1.0,0.0,0.0,0.0,0.0,0.0,0.0,1.0,0.0,0.0,0.0,0.0,normal
1.0,4601.0,15.0,1.0,27.0,11.0,6.0,0.0,0.0,0.0,1.0,0.0,0.0,0.0,0.0,normal
1.0,4602.0,15.0,1.0,0.0,0.0,0.0,0.0,0.0,0.0,1.0,0.0,0.0,0.0,0.0,normal
1.0,4601.0,15.0,1.0,27.0,10.0,6.0,0.0,0.0,0.0,27.2,-27.7,1.0,27.0,12.0,normal
1.0,4602.0,14.0,1.0,0.0,0.0,0.0,0.0,0.0,0.0,1.0,0.0,0.0,0.0,0.0,normal
1.0,4601.0,15.0,1.0,27.0,3.7,2.0,0.0,0.0,0.0,1.0,0.0,0.0,0.0,0.0,normal
1.0,4602.0,14.0,1.0,0.0,0.0,0.0,0.0,0.0,0.0,1.0,0.0,0.0,0.0,0.0,normal
1.0,4601.0,15.0,1.0,27.0,3.7,2.0,0.0,0.0,0.0,28.1,-27.6,1.0,27.0,4.9,normal
1.0,4602.0,14.0,1.0,0.0,0.0,0.0,0.0,0.0,0.0,1.0,0.0,0.0,0.0,0.0,normal
1.0,4601.0,15.0,1.0,0.0,0.0,0.0,0.0,0.0,0.0,1.0,0.0,0.0,0.0,0.0,normal
1.0,4602.0,14.0,1.0,0.0,0.0,0.0,0.0,0.0,0.0,1.0,0.0,0.0,0.0,0.0,normal
1.0,4601.0,15.0,1.0,27.0,3.7,2.0,0.0,0.0,0.0,1.0,0.0,0.0,0.0,0.0,normal
1.0,4602.0,14.0,1.0,0.0,0.0,0.0,0.0,0.0,0.0,1.0,0.0,0.0,0.0,0.0,normal
1.0,4601.0,15.0,1.0,27.0,9.2,5.0,0.0,0.0,0.0,1.0,0.0,0.0,0.0,0.0,normal
1.0,4602.0,14.0,1.0,0.0,0.0,0.0,0.0,0.0,0.0,1.0,0.0,0.0,0.0,0.0,normal
1.0,4601.0,15.0,1.0,26.0,4.5,3.0,0.0,0.0,0.0,1.0,0.0,0.0,0.0,0.0,normal
1.0,4602.0,14.0,1.0,0.0,0.0,0.0,0.0,0.0,0.0,1.0,0.0,0.0,0.0,0.0,normal
1.0,4601.0,15.0,1.0,26.0,3.6,2.0,0.0,0.0,0.0,1.0,0.0,0.0,0.0,0.0,normal
1.0,4602.0,13.0,1.0,0.0,0.0,0.0,0.0,0.0,0.0,37.7,-11.7,1.0,27.0,4.9,normal
1.0,4601.0,15.0,1.0,0.0,0.0,0.0,0.0,0.0,0.0,1.0,0.0,0.0,0.0,0.0,normal
1.0,4602.0,13.0,1.0,0.0,0.0,0.0,0.0,0.0,0.0,37.1,-11.8,1.0,27.0,4.9,normal
1.0,4601.0,15.0,1.0,0.0,0.0,0.0,0.0,0.0,0.0,1.0,0.0,0.0,0.0,0.0,normal
1.0,4602.0,13.0,1.0,0.0,0.0,0.0,0.0,0.0,0.0,38.6,-10.8,1.0,27.0,4.9,normal
1.0,4601.0,15.0,1.0,0.0,0.0,0.0,0.0,0.0,0.0,1.0,0.0,0.0,0.0,0.0,normal
1.0,4602.0,14.0,1.0,0.0,0.0,0.0,0.0,0.0,0.0,1.0,0.0,0.0,0.0,0.0,normal
1.0,4601.0,15.0,1.0,27.0,3.7,2.0,0.0,0.0,0.0,1.0,0.0,0.0,0.0,0.0,normal
1.0,4602.0,14.0,1.0,0.0,0.0,0.0,0.0,0.0,0.0,1.0,0.0,0.0,0.0,0.0,normal
1.0,4601.0,15.0,1.0,27.0,3.7,2.0,0.0,0.0,0.0,1.0,0.0,0.0,0.0,0.0,normal
1.0,4602.0,14.0,1.0,0.0,0.0,0.0,0.0,0.0,0.0,1.0,0.0,0.0,0.0,0.0,normal
1.0,4601.0,15.0,1.0,25.0,9.6,6.0,0.0,0.0,0.0,29.0,-26.7,1.0,27.0,4.9,normal
1.0,4602.0,13.0,1.0,0.0,0.0,0.0,0.0,0.0,0.0,1.0,0.0,0.0,0.0,0.0,normal
1.0,4601.0,15.0,1.0,27.0,6.4,4.0,0.0,0.0,0.0,1.0,0.0,0.0,0.0,0.0,normal
1.0,4602.0,14.0,1.0,0.0,0.0,0.0,0.0,0.0,0.0,36.3,-11.4,1.0,27.0,4.9,normal
1.0,4601.0,15.0,1.0,27.0,2.8,2.0,0.0,0.0,0.0,1.0,0.0,0.0,0.0,0.0,normal
1.0,4602.0,14.0,1.0,0.0,0.0,0.0,0.0,0.0,0.0,1.0,0.0,0.0,0.0,0.0,normal
1.0,4601.0,15.0,1.0,27.0,18.0,477.0,0.0,0.0,106.0,26.7,-27.6,1.0,27.0,191.0,normal
1.0,4602.0,14.0,1.0,0.0,0.0,0.0,0.0,0.0,0.0,36.9,-11.3,1.0,27.0,9.7,normal
1.0,4601.0,15.0,1.0,27.0,43.0,1052.0,0.0,0.0,0.0,27.0,-27.6,1.0,27.0,307.0,normal
1.0,4602.0,14.0,1.0,0.0,0.0,0.0,0.0,0.0,0.0,1.0,0.0,0.0,0.0,0.0,normal
1.0,4601.0,15.0,1.0,27.0,57.0,1379.0,3.0,0.0,461.0,27.8,-26.7,1.0,27.0,332.0,normal
1.0,4602.0,14.0,1.0,0.0,0.0,0.0,0.0,0.0,0.0,1.0,0.0,0.0,0.0,0.0,normal
1.0,4601.0,15.0,1.0,27.0,46.0,1108.0,1.0,0.0,132.0,27.9,-26.8,1.0,27.0,311.0,normal
1.0,4602.0,14.0,1.0,0.0,0.0,0.0,0.0,0.0,0.0,1.0,0.0,0.0,0.0,0.0,normal
1.0,4601.0,15.0,1.0,27.0,31.0,760.0,1.0,0.0,613.0,25.1,-27.5,1.0,25.0,239.0,normal
1.0,4602.0,15.0,1.0,25.0,26.0,639.0,5.0,0.0,801.0,36.1,-10.2,1.0,27.0,362.0,normal
1.0,4601.0,15.0,1.0,27.0,30.0,727.0,0.0,0.0,45.4,25.4,-27.4,1.0,26.0,205.0,normal
1.0,4602.0,15.0,1.0,26.0,28.0,675.0,3.0,0.0,3.0,35.6,-9.7,1.0,27.0,405.0,normal
1.0,4601.0,15.0,1.0,26.0,23.0,560.0,2.0,0.0,976.0,25.0,-27.2,1.0,25.0,206.0,normal
1.0,4602.0,15.0,1.0,26.0,20.0,484.0,1.0,0.0,584.0,35.6,-9.5,1.0,27.0,274.0,normal
1.0,4601.0,15.0,1.0,26.0,29.0,698.0,3.0,0.0,955.0,25.3,-27.9,1.0,26.0,203.0,normal
1.0,4602.0,15.0,1.0,26.0,28.0,698.0,2.0,0.0,417.0,36.0,-9.8,1.0,27.0,339.0,normal
1.0,4601.0,15.0,1.0,27.0,36.0,870.0,0.0,0.0,784.0,25.3,-27.9,1.0,26.0,222.0,normal
1.0,4602.0,15.0,1.0,26.0,22.0,533.0,3.0,0.0,343.0,36.1,-9.8,1.0,27.0,310.0,normal
1.0,4601.0,15.0,1.0,27.0,22.0,528.0,0.0,0.0,567.0,25.6,-27.9,1.0,27.0,184.0,normal
1.0,4602.0,15.0,1.0,26.0,24.0,640.0,1.0,0.0,234.0,36.3,-9.8,1.0,27.0,296.0,normal
1.0,4601.0,15.0,1.0,27.0,38.0,897.0,1.0,0.0,341.0,25.5,-27.8,1.0,25.0,248.0,normal
1.0,4602.0,15.0,1.0,26.0,20.0,505.0,4.0,0.0,80.5,36.0,-9.6,1.0,27.0,291.0,normal
1.0,4601.0,15.0,1.0,27.0,25.0,627.0,0.0,0.0,617.0,24.7,-27.8,1.0,25.0,197.0,normal
1.0,4602.0,15.0,1.0,26.0,31.0,782.0,4.0,0.0,130.0,35.8,-9.6,1.0,27.0,339.0,normal
1.0,4601.0,15.0,1.0,27.0,23.0,560.0,1.0,0.0,0.0,25.2,-27.5,1.0,25.0,176.0,normal
1.0,4602.0,15.0,1.0,27.0,16.0,397.0,0.0,0.0,0.0,35.7,-9.7,1.0,27.0,195.0,normal
1.0,4601.0,15.0,1.0,27.0,38.0,1227.0,1.0,0.0,9.85,27.8,-27.1,1.0,27.0,338.0,normal
1.0,4602.0,13.0,1.0,0.0,0.0,0.0,0.0,0.0,0.0,1.0,0.0,0.0,0.0,0.0,normal
1.0,4601.0,15.0,1.0,26.0,13.0,438.0,1.0,0.0,0.0,27.4,-27.5,1.0,27.0,118.0,normal
1.0,4602.0,13.0,1.0,0.0,0.0,0.0,0.0,0.0,0.0,36.8,-11.6,1.0,27.0,4.9,normal
1.0,4601.0,15.0,1.0,27.0,17.0,10.0,0.0,0.0,0.0,28.2,-27.2,1.0,27.0,4.9,normal
1.0,4602.0,13.0,1.0,0.0,0.0,0.0,0.0,0.0,0.0,1.0,0.0,0.0,0.0,0.0,normal
1.0,4601.0,15.0,1.0,27.0,11.0,6.0,0.0,0.0,0.0,1.0,0.0,0.0,0.0,0.0,normal
1.0,4602.0,14.0,1.0,0.0,0.0,0.0,0.0,0.0,0.0,1.0,0.0,0.0,0.0,0.0,normal
1.0,4601.0,15.0,1.0,27.0,7.5,4.0,0.0,0.0,0.0,1.0,0.0,0.0,0.0,0.0,normal
1.0,4602.0,14.0,1.0,0.0,0.0,0.0,0.0,0.0,0.0,1.0,0.0,0.0,0.0,0.0,normal
1.0,4601.0,15.0,1.0,26.0,7.3,4.0,0.0,0.0,0.0,1.0,0.0,0.0,0.0,0.0,normal
1.0,4602.0,14.0,1.0,0.0,0.0,0.0,0.0,0.0,0.0,1.0,0.0,0.0,0.0,0.0,normal
1.0,4601.0,15.0,1.0,0.0,0.0,0.0,0.0,0.0,0.0,1.0,0.0,0.0,0.0,0.0,normal
1.0,4602.0,14.0,1.0,0.0,0.0,0.0,0.0,0.0,0.0,1.0,0.0,0.0,0.0,0.0,normal
1.0,4601.0,15.0,1.0,27.0,3.7,2.0,0.0,0.0,0.0,27.7,-27.5,1.0,27.0,4.9,normal
1.0,4602.0,14.0,1.0,0.0,0.0,0.0,0.0,0.0,0.0,1.0,0.0,0.0,0.0,0.0,normal
1.0,4601.0,15.0,1.0,27.0,2.8,2.0,0.0,0.0,0.0,1.0,0.0,0.0,0.0,0.0,normal
1.0,4602.0,14.0,1.0,0.0,0.0,0.0,0.0,0.0,0.0,1.0,0.0,0.0,0.0,0.0,normal
1.0,4601.0,15.0,1.0,27.0,7.5,4.0,0.0,0.0,0.0,1.0,0.0,0.0,0.0,0.0,normal
1.0,4602.0,14.0,1.0,0.0,0.0,0.0,0.0,0.0,0.0,1.0,0.0,0.0,0.0,0.0,normal
1.0,4601.0,15.0,1.0,0.0,0.0,0.0,0.0,0.0,0.0,1.0,0.0,0.0,0.0,0.0,normal
1.0,4602.0,14.0,1.0,0.0,0.0,0.0,0.0,0.0,0.0,1.0,0.0,0.0,0.0,0.0,normal
1.0,4601.0,15.0,1.0,27.0,3.7,2.0,0.0,0.0,0.0,1.0,0.0,0.0,0.0,0.0,normal
1.0,4602.0,14.0,1.0,0.0,0.0,0.0,0.0,0.0,0.0,1.0,0.0,0.0,0.0,0.0,normal
1.0,4601.0,15.0,1.0,27.0,7.5,4.0,0.0,0.0,0.0,1.0,0.0,0.0,0.0,0.0,normal
1.0,4602.0,14.0,1.0,0.0,0.0,0.0,0.0,0.0,0.0,1.0,0.0,0.0,0.0,0.0,normal
1.0,4601.0,15.0,1.0,27.0,7.5,4.0,0.0,0.0,0.0,1.0,0.0,0.0,0.0,0.0,normal
1.0,4602.0,14.0,1.0,0.0,0.0,0.0,0.0,0.0,0.0,1.0,0.0,0.0,0.0,0.0,normal
1.0,4601.0,15.0,1.0,0.0,0.0,0.0,0.0,0.0,0.0,1.0,0.0,0.0,0.0,0.0,normal
1.0,4602.0,14.0,1.0,0.0,0.0,0.0,0.0,0.0,0.0,1.0,0.0,0.0,0.0,0.0,normal
1.0,4601.0,15.0,1.0,0.0,0.0,0.0,0.0,0.0,0.0,1.0,0.0,0.0,0.0,0.0,normal
1.0,4602.0,14.0,1.0,0.0,0.0,0.0,0.0,0.0,0.0,36.9,-11.6,1.0,27.0,4.9,normal
1.0,4601.0,15.0,1.0,27.0,1.9,1.0,0.0,0.0,0.0,1.0,0.0,0.0,0.0,0.0,normal
1.0,4602.0,14.0,1.0,0.0,0.0,0.0,0.0,0.0,0.0,1.0,0.0,0.0,0.0,0.0,normal
1.0,4601.0,15.0,1.0,27.0,7.5,4.0,0.0,0.0,0.0,27.9,-27.3,1.0,27.0,9.7,normal
1.0,4602.0,14.0,1.0,0.0,0.0,0.0,0.0,0.0,0.0,1.0,0.0,0.0,0.0,0.0,normal
1.0,4601.0,15.0,1.0,27.0,7.5,4.0,0.0,0.0,0.0,28.0,-27.2,1.0,27.0,4.9,normal
1.0,4602.0,14.0,1.0,0.0,0.0,0.0,0.0,0.0,0.0,35.1,-11.7,1.0,27.0,4.9,normal
1.0,4601.0,15.0,1.0,27.0,2.8,2.0,0.0,0.0,0.0,1.0,0.0,0.0,0.0,0.0,normal
1.0,4602.0,14.0,1.0,0.0,0.0,0.0,0.0,0.0,0.0,1.0,0.0,0.0,0.0,0.0,normal
1.0,4601.0,15.0,1.0,27.0,7.5,4.0,0.0,0.0,0.0,1.0,0.0,0.0,0.0,0.0,normal
1.0,4602.0,14.0,1.0,0.0,0.0,0.0,0.0,0.0,0.0,1.0,0.0,0.0,0.0,0.0,normal
1.0,4601.0,15.0,1.0,27.0,6.5,4.0,0.0,0.0,0.0,1.0,0.0,0.0,0.0,0.0,normal
1.0,4602.0,14.0,1.0,0.0,0.0,0.0,0.0,0.0,0.0,1.0,0.0,0.0,0.0,0.0,normal
1.0,4601.0,15.0,1.0,27.0,6.5,4.0,0.0,0.0,0.0,1.0,0.0,0.0,0.0,0.0,normal
1.0,4602.0,14.0,1.0,0.0,0.0,0.0,0.0,0.0,0.0,36.4,-11.7,1.0,27.0,9.7,normal
1.0,4601.0,15.0,1.0,0.0,0.0,0.0,0.0,0.0,0.0,1.0,0.0,0.0,0.0,0.0,normal
1.0,4602.0,14.0,1.0,0.0,0.0,0.0,0.0,0.0,0.0,1.0,0.0,0.0,0.0,0.0,normal
1.0,4601.0,15.0,1.0,27.0,3.6,3.0,0.0,0.0,0.0,26.7,-27.4,1.0,27.0,4.9,normal
1.0,4602.0,14.0,1.0,0.0,0.0,0.0,0.0,0.0,0.0,1.0,0.0,0.0,0.0,0.0,normal
1.0,4601.0,15.0,1.0,27.0,16.0,9.0,0.0,0.0,0.0,1.0,0.0,0.0,0.0,0.0,normal
1.0,4602.0,14.0,1.0,0.0,0.0,0.0,0.0,0.0,0.0,37.3,-11.7,1.0,27.0,4.9,normal
1.0,4601.0,15.0,1.0,26.0,7.1,4.0,0.0,0.0,0.0,1.0,0.0,0.0,0.0,0.0,normal
1.0,4602.0,14.0,1.0,0.0,0.0,0.0,0.0,0.0,0.0,1.0,0.0,0.0,0.0,0.0,normal
1.0,4601.0,15.0,1.0,0.0,0.0,0.0,0.0,0.0,0.0,27.2,-27.5,1.0,26.0,4.7,normal
1.0,4602.0,14.0,1.0,25.0,3.5,2.0,0.0,0.0,0.0,37.5,-11.7,1.0,27.0,4.9,normal
1.0,4601.0,15.0,1.0,27.0,3.7,2.0,0.0,0.0,0.0,1.0,0.0,0.0,0.0,0.0,normal
1.0,4602.0,15.0,1.0,27.0,3.7,2.0,0.0,0.0,0.0,37.8,-11.7,1.0,27.0,4.9,normal
1.0,4601.0,15.0,1.0,27.0,5.6,3.0,0.0,0.0,0.0,1.0,0.0,0.0,0.0,0.0,normal
1.0,4602.0,15.0,1.0,0.0,0.0,0.0,0.0,0.0,0.0,1.0,0.0,0.0,0.0,0.0,normal
1.0,4601.0,15.0,1.0,27.0,5.6,3.0,0.0,0.0,0.0,1.0,0.0,0.0,0.0,0.0,normal
1.0,4602.0,15.0,1.0,0.0,0.0,0.0,0.0,0.0,0.0,1.0,0.0,0.0,0.0,0.0,normal
1.0,4601.0,15.0,1.0,26.0,3.6,2.0,0.0,0.0,0.0,1.0,0.0,0.0,0.0,0.0,normal
1.0,4602.0,15.0,1.0,0.0,0.0,0.0,0.0,0.0,0.0,1.0,0.0,0.0,0.0,0.0,normal
1.0,4601.0,15.0,1.0,27.0,13.0,7.0,0.0,0.0,0.0,1.0,0.0,0.0,0.0,0.0,normal
1.0,4602.0,15.0,1.0,0.0,0.0,0.0,0.0,0.0,0.0,1.0,0.0,0.0,0.0,0.0,normal
1.0,4601.0,15.0,1.0,27.0,9.3,5.0,0.0,0.0,0.0,1.0,0.0,0.0,0.0,0.0,normal
1.0,4602.0,15.0,1.0,0.0,0.0,0.0,0.0,0.0,0.0,1.0,0.0,0.0,0.0,0.0,normal
1.0,4601.0,15.0,1.0,27.0,7.5,4.0,0.0,0.0,0.0,1.0,0.0,0.0,0.0,0.0,normal
1.0,4602.0,15.0,1.0,0.0,0.0,0.0,0.0,0.0,0.0,37.4,-11.4,1.0,27.0,4.9,normal
1.0,4601.0,15.0,1.0,27.0,11.0,6.0,0.0,0.0,0.0,1.0,0.0,0.0,0.0,0.0,normal
1.0,4602.0,15.0,1.0,0.0,0.0,0.0,0.0,0.0,0.0,1.0,0.0,0.0,0.0,0.0,normal
1.0,4601.0,15.0,1.0,27.0,11.0,6.0,0.0,0.0,0.0,1.0,0.0,0.0,0.0,0.0,normal
1.0,4602.0,15.0,1.0,0.0,0.0,0.0,0.0,0.0,0.0,35.1,-11.7,1.0,27.0,4.9,normal
1.0,4601.0,15.0,1.0,27.0,10.0,6.0,0.0,0.0,0.0,1.0,0.0,0.0,0.0,0.0,normal
1.0,4602.0,15.0,1.0,0.0,0.0,0.0,0.0,0.0,0.0,1.0,0.0,0.0,0.0,0.0,normal
1.0,4601.0,15.0,1.0,0.0,0.0,0.0,0.0,0.0,0.0,27.6,-27.6,1.0,27.0,4.9,normal
1.0,4602.0,15.0,1.0,0.0,0.0,0.0,0.0,0.0,0.0,1.0,0.0,0.0,0.0,0.0,normal
1.0,4601.0,15.0,1.0,27.0,2.8,2.0,0.0,0.0,0.0,1.0,0.0,0.0,0.0,0.0,normal
1.0,4602.0,15.0,1.0,0.0,0.0,0.0,0.0,0.0,0.0,1.0,0.0,0.0,0.0,0.0,normal
1.0,4601.0,15.0,1.0,0.0,0.0,0.0,0.0,0.0,0.0,1.0,0.0,0.0,0.0,0.0,normal
1.0,4602.0,14.0,1.0,25.0,1.7,1.0,0.0,0.0,0.0,33.8,-11.2,1.0,27.0,37.0,normal
1.0,4601.0,15.0,1.0,26.0,2.6,2.0,0.0,0.0,0.0,1.0,0.0,0.0,0.0,0.0,normal
1.0,4602.0,15.0,1.0,26.0,38.0,1293.0,14.0,1.0,14.1,36.0,-10.9,1.0,27.0,326.0,normal
1.0,4601.0,15.0,1.0,0.0,0.0,0.0,0.0,0.0,0.0,25.8,-27.9,1.0,27.0,4.9,normal
1.0,4602.0,15.0,1.0,26.0,29.0,984.0,3.0,0.0,9.85,35.7,-10.5,1.0,27.0,296.0,normal
1.0,4601.0,15.0,1.0,27.0,6.5,4.0,0.0,0.0,0.0,1.0,0.0,0.0,0.0,0.0,normal
1.0,4602.0,15.0,1.0,27.0,46.0,1253.0,2.0,0.0,22.8,35.9,-10.6,1.0,27.0,360.0,normal
1.0,4601.0,15.0,1.0,26.0,3.6,2.0,0.0,0.0,0.0,1.0,0.0,0.0,0.0,0.0,normal
1.0,4602.0,15.0,1.0,27.0,58.0,1397.0,3.0,0.0,19.7,35.8,-10.4,1.0,27.0,346.0,normal
1.0,4601.0,15.0,1.0,27.0,6.5,4.0,0.0,0.0,0.0,1.0,0.0,0.0,0.0,0.0,normal
1.0,4602.0,15.0,1.0,26.0,36.0,888.0,5.0,0.0,16.9,35.7,-10.4,1.0,27.0,266.0,normal
1.0,4601.0,15.0,1.0,27.0,17.0,465.0,1.0,0.0,18.3,26.7,-26.8,1.0,27.0,258.0,normal
1.0,4602.0,15.0,1.0,26.0,32.0,782.0,5.0,0.0,0.0,35.7,-10.3,1.0,27.0,227.0,normal
1.0,4601.0,15.0,1.0,27.0,58.0,1400.0,0.0,0.0,16.9,28.0,-26.9,1.0,27.0,417.0,normal
1.0,4602.0,14.0,1.0,0.0,0.0,0.0,0.0,0.0,0.0,1.0,0.0,0.0,0.0,0.0,normal
1.0,4601.0,15.0,1.0,27.0,53.0,1289.0,1.0,0.0,86.3,27.2,-27.0,1.0,27.0,352.0,normal
1.0,4602.0,14.0,1.0,0.0,0.0,0.0,0.0,0.0,0.0,1.0,0.0,0.0,0.0,0.0,normal
1.0,4601.0,15.0,1.0,27.0,58.0,1399.0,1.0,0.0,434.0,27.5,-27.5,1.0,27.0,332.0,normal
1.0,4602.0,14.0,1.0,0.0,0.0,0.0,0.0,0.0,0.0,1.0,0.0,0.0,0.0,0.0,normal
1.0,4601.0,15.0,1.0,27.0,53.0,1287.0,0.0,0.0,442.0,27.5,-27.2,1.0,27.0,359.0,normal
1.0,4602.0,14.0,1.0,0.0,0.0,0.0,0.0,0.0,0.0,36.8,-11.9,1.0,27.0,9.7,normal
1.0,4601.0,15.0,1.0,26.0,52.0,1276.0,9.0,0.0,19.7,28.0,-26.8,1.0,27.0,354.0,normal
1.0,4602.0,14.0,1.0,0.0,0.0,0.0,0.0,0.0,0.0,1.0,0.0,0.0,0.0,0.0,normal
1.0,4601.0,15.0,1.0,27.0,51.0,1248.0,1.0,0.0,3.0,28.0,-26.7,1.0,27.0,350.0,normal
1.0,4602.0,14.0,1.0,25.0,3.5,2.0,0.0,0.0,0.0,37.8,-11.7,1.0,27.0,9.7,normal
1.0,4601.0,15.0,1.0,27.0,7.5,4.0,0.0,0.0,0.0,28.0,-27.2,1.0,27.0,9.7,normal
1.0,4602.0,15.0,1.0,0.0,0.0,0.0,0.0,0.0,0.0,1.0,0.0,0.0,0.0,0.0,normal
1.0,4601.0,15.0,1.0,27.0,3.7,2.0,0.0,0.0,0.0,1.0,0.0,0.0,0.0,0.0,normal
1.0,4602.0,15.0,1.0,0.0,0.0,0.0,0.0,0.0,0.0,1.0,0.0,0.0,0.0,0.0,normal
1.0,4601.0,15.0,1.0,27.0,3.7,2.0,0.0,0.0,0.0,1.0,0.0,0.0,0.0,0.0,normal
1.0,4602.0,15.0,1.0,0.0,0.0,0.0,0.0,0.0,0.0,33.2,-11.3,1.0,27.0,4.9,normal
1.0,4601.0,15.0,1.0,27.0,11.0,6.0,0.0,0.0,0.0,27.8,-26.5,1.0,27.0,4.9,normal
1.0,4602.0,15.0,1.0,0.0,0.0,0.0,0.0,0.0,0.0,1.0,0.0,0.0,0.0,0.0,normal
1.0,4601.0,15.0,1.0,27.0,1.9,1.0,0.0,0.0,0.0,1.0,0.0,0.0,0.0,0.0,normal
1.0,4602.0,15.0,1.0,0.0,0.0,0.0,0.0,0.0,0.0,1.0,0.0,0.0,0.0,0.0,normal
1.0,4601.0,15.0,1.0,27.0,5.6,3.0,0.0,0.0,0.0,27.9,-26.9,1.0,27.0,9.7,normal
1.0,4602.0,15.0,1.0,0.0,0.0,0.0,0.0,0.0,0.0,1.0,0.0,0.0,0.0,0.0,normal
1.0,4601.0,15.0,1.0,27.0,14.0,8.0,0.0,0.0,0.0,1.0,0.0,0.0,0.0,0.0,normal
1.0,4602.0,15.0,1.0,0.0,0.0,0.0,0.0,0.0,0.0,37.5,-11.4,1.0,27.0,4.9,normal
1.0,4601.0,15.0,1.0,27.0,6.5,4.0,0.0,0.0,0.0,1.0,0.0,0.0,0.0,0.0,normal
1.0,4602.0,15.0,1.0,0.0,0.0,0.0,0.0,0.0,0.0,36.5,-11.3,1.0,27.0,4.9,normal
1.0,4601.0,15.0,1.0,27.0,6.5,4.0,0.0,0.0,0.0,1.0,0.0,0.0,0.0,0.0,normal
1.0,4602.0,15.0,1.0,0.0,0.0,0.0,0.0,0.0,0.0,1.0,0.0,0.0,0.0,0.0,normal
1.0,4601.0,15.0,1.0,26.0,3.5,2.0,0.0,0.0,0.0,29.0,-26.7,1.0,27.0,4.9,normal
1.0,4602.0,15.0,1.0,0.0,0.0,0.0,0.0,0.0,0.0,1.0,0.0,0.0,0.0,0.0,normal
1.0,4601.0,15.0,1.0,27.0,2.8,2.0,0.0,0.0,0.0,1.0,0.0,0.0,0.0,0.0,normal
1.0,4602.0,15.0,1.0,0.0,0.0,0.0,0.0,0.0,0.0,1.0,0.0,0.0,0.0,0.0,normal
1.0,4601.0,15.0,1.0,0.0,0.0,0.0,0.0,0.0,0.0,1.0,0.0,0.0,0.0,0.0,normal
1.0,4602.0,15.0,1.0,0.0,0.0,0.0,0.0,0.0,0.0,1.0,0.0,0.0,0.0,0.0,normal
1.0,4601.0,15.0,1.0,27.0,2.8,2.0,0.0,0.0,0.0,1.0,0.0,0.0,0.0,0.0,normal
1.0,4602.0,14.0,1.0,0.0,0.0,0.0,0.0,0.0,0.0,1.0,0.0,0.0,0.0,0.0,normal
1.0,4601.0,15.0,1.0,27.0,3.7,2.0,0.0,0.0,0.0,1.0,0.0,0.0,0.0,0.0,normal
1.0,4602.0,14.0,1.0,0.0,0.0,0.0,0.0,0.0,0.0,1.0,0.0,0.0,0.0,0.0,normal
1.0,4601.0,15.0,1.0,26.0,6.3,4.0,0.0,0.0,0.0,28.2,-27.5,1.0,27.0,4.9,normal
1.0,4602.0,14.0,1.0,0.0,0.0,0.0,0.0,0.0,0.0,1.0,0.0,0.0,0.0,0.0,normal
1.0,4601.0,15.0,1.0,26.0,5.4,3.0,0.0,0.0,0.0,1.0,0.0,0.0,0.0,0.0,normal
1.0,4602.0,14.0,1.0,0.0,0.0,0.0,0.0,0.0,0.0,1.0,0.0,0.0,0.0,0.0,normal
1.0,4601.0,15.0,1.0,27.0,5.6,3.0,0.0,0.0,0.0,1.0,0.0,0.0,0.0,0.0,normal
1.0,4602.0,14.0,1.0,0.0,0.0,0.0,0.0,0.0,0.0,1.0,0.0,0.0,0.0,0.0,normal
1.0,4601.0,15.0,1.0,27.0,3.7,2.0,0.0,0.0,0.0,27.0,-26.9,1.0,27.0,4.9,normal
1.0,4602.0,14.0,1.0,0.0,0.0,0.0,0.0,0.0,0.0,1.0,0.0,0.0,0.0,0.0,normal
1.0,4601.0,15.0,1.0,0.0,0.0,0.0,0.0,0.0,0.0,1.0,0.0,0.0,0.0,0.0,normal
1.0,4602.0,14.0,1.0,0.0,0.0,0.0,0.0,0.0,0.0,1.0,0.0,0.0,0.0,0.0,normal
1.0,4601.0,15.0,1.0,0.0,0.0,0.0,0.0,0.0,0.0,1.0,0.0,0.0,0.0,0.0,normal
1.0,4602.0,14.0,1.0,0.0,0.0,0.0,0.0,0.0,0.0,37.6,-11.3,1.0,27.0,4.9,normal
1.0,4601.0,15.0,1.0,27.0,10.0,6.0,0.0,0.0,0.0,1.0,0.0,0.0,0.0,0.0,normal
1.0,4602.0,14.0,1.0,0.0,0.0,0.0,0.0,0.0,0.0,37.2,-11.3,1.0,27.0,4.9,normal
1.0,4601.0,15.0,1.0,0.0,0.0,0.0,0.0,0.0,0.0,27.2,-27.8,1.0,27.0,9.7,normal
1.0,4602.0,14.0,1.0,0.0,0.0,0.0,0.0,0.0,0.0,1.0,0.0,0.0,0.0,0.0,normal
1.0,4601.0,15.0,1.0,0.0,0.0,0.0,0.0,0.0,0.0,1.0,0.0,0.0,0.0,0.0,normal
1.0,4602.0,14.0,1.0,0.0,0.0,0.0,0.0,0.0,0.0,1.0,0.0,0.0,0.0,0.0,normal
1.0,4601.0,15.0,1.0,0.0,0.0,0.0,0.0,0.0,0.0,1.0,0.0,0.0,0.0,0.0,normal
1.0,4602.0,14.0,1.0,0.0,0.0,0.0,0.0,0.0,0.0,1.0,0.0,0.0,0.0,0.0,normal
1.0,4601.0,15.0,1.0,27.0,3.7,2.0,0.0,0.0,0.0,26.9,-27.3,1.0,27.0,4.9,normal
1.0,4602.0,14.0,1.0,0.0,0.0,0.0,0.0,0.0,0.0,1.0,0.0,0.0,0.0,0.0,normal
1.0,4601.0,15.0,1.0,27.0,2.8,2.0,0.0,0.0,0.0,1.0,0.0,0.0,0.0,0.0,normal
1.0,4602.0,13.0,1.0,0.0,0.0,0.0,0.0,0.0,0.0,1.0,0.0,0.0,0.0,0.0,normal
1.0,4601.0,15.0,1.0,0.0,0.0,0.0,0.0,0.0,0.0,1.0,0.0,0.0,0.0,0.0,normal
1.0,4602.0,14.0,1.0,0.0,0.0,0.0,0.0,0.0,0.0,1.0,0.0,0.0,0.0,0.0,normal
1.0,4601.0,15.0,1.0,27.0,7.5,4.0,0.0,0.0,0.0,27.5,-27.0,1.0,27.0,9.6,normal
1.0,4602.0,14.0,1.0,26.0,6.2,4.0,0.0,0.0,0.0,37.1,-11.2,1.0,27.0,9.7,normal
1.0,4601.0,15.0,1.0,26.0,7.3,4.0,0.0,0.0,0.0,1.0,0.0,0.0,0.0,0.0,normal
1.0,4602.0,15.0,1.0,0.0,0.0,0.0,0.0,0.0,0.0,1.0,0.0,0.0,0.0,0.0,normal
1.0,4601.0,15.0,1.0,27.0,3.7,2.0,0.0,0.0,0.0,26.9,-28.4,1.0,27.0,4.9,normal
1.0,4602.0,15.0,1.0,0.0,0.0,0.0,0.0,0.0,0.0,1.0,0.0,0.0,0.0,0.0,normal
1.0,4601.0,15.0,1.0,27.0,7.5,4.0,0.0,0.0,0.0,1.0,0.0,0.0,0.0,0.0,normal
1.0,4602.0,15.0,1.0,0.0,0.0,0.0,0.0,0.0,0.0,1.0,0.0,0.0,0.0,0.0,normal
1.0,4601.0,15.0,1.0,26.0,15.0,9.0,0.0,0.0,0.0,1.0,0.0,0.0,0.0,0.0,normal
1.0,4602.0,15.0,1.0,0.0,0.0,0.0,0.0,0.0,0.0,1.0,0.0,0.0,0.0,0.0,normal
1.0,4601.0,15.0,1.0,27.0,15.0,8.0,0.0,0.0,0.0,26.5,-28.9,1.0,27.0,0.0,normal
1.0,4602.0,15.0,1.0,0.0,0.0,0.0,0.0,0.0,0.0,1.0,0.0,0.0,0.0,0.0,normal
1.0,4601.0,15.0,1.0,27.0,46.0,1133.0,2.0,0.0,497.0,26.6,-28.4,1.0,26.0,339.0,normal
1.0,4602.0,15.0,1.0,0.0,0.0,0.0,0.0,0.0,0.0,1.0,0.0,0.0,0.0,0.0,normal
1.0,4601.0,15.0,1.0,27.0,53.0,1290.0,0.0,0.0,490.0,27.2,-27.4,1.0,27.0,358.0,normal
1.0,4602.0,15.0,1.0,25.0,24.0,8.0,0.0,0.0,0.0,36.0,-9.9,1.0,27.0,43.0,normal
1.0,4601.0,15.0,1.0,27.0,37.0,873.0,0.0,0.0,17.6,26.3,-27.0,1.0,26.0,256.0,normal
1.0,4602.0,15.0,1.0,26.0,21.0,534.0,5.0,0.0,939.0,35.9,-9.6,1.0,27.0,335.0,normal
1.0,4601.0,15.0,1.0,27.0,25.0,612.0,1.0,0.0,560.0,26.2,-26.8,1.0,26.0,248.0,normal
1.0,4602.0,15.0,1.0,26.0,32.0,794.0,4.0,0.0,0.0,36.0,-10.1,1.0,27.0,320.0,normal
1.0,4601.0,15.0,1.0,27.0,31.0,749.0,0.0,0.0,112.0,26.5,-26.6,1.0,26.0,235.0,normal
1.0,4602.0,15.0,1.0,26.0,26.0,651.0,4.0,0.0,788.0,35.9,-10.0,1.0,27.0,349.0,normal
1.0,4601.0,15.0,1.0,27.0,19.0,491.0,0.0,0.0,1.1,25.5,-27.5,1.0,26.0,213.0,normal
1.0,4602.0,15.0,1.0,26.0,38.0,911.0,3.0,0.0,558.0,36.0,-10.2,1.0,27.0,332.0,normal
1.0,4601.0,15.0,1.0,27.0,33.0,833.0,0.0,0.0,907.0,26.1,-26.6,1.0,26.0,253.0,normal
1.0,4602.0,15.0,1.0,27.0,25.0,596.0,1.0,0.0,819.0,36.3,-9.9,1.0,27.0,318.0,normal
1.0,4601.0,15.0,1.0,27.0,28.0,699.0,1.0,0.0,670.0,25.4,-27.1,1.0,25.0,226.0,normal
1.0,4602.0,15.0,1.0,27.0,30.0,699.0,1.0,0.0,339.0,36.1,-9.9,1.0,27.0,339.0,normal
1.0,4601.0,15.0,1.0,26.0,22.0,546.0,1.0,0.0,0.0,27.0,-27.5,1.0,27.0,143.0,normal
1.0,4602.0,15.0,1.0,26.0,28.0,699.0,5.0,0.0,23.0,35.6,-10.8,1.0,27.0,232.0,normal
1.0,4601.0,15.0,1.0,0.0,0.0,0.0,0.0,0.0,0.0,1.0,0.0,0.0,0.0,0.0,normal
1.0,4602.0,15.0,1.0,27.0,33.0,825.0,1.0,0.0,0.0,35.6,-11.1,1.0,27.0,227.0,normal
1.0,4601.0,15.0,1.0,0.0,0.0,0.0,0.0,0.0,0.0,1.0,0.0,0.0,0.0,0.0,normal
1.0,4602.0,14.0,1.0,26.0,11.0,265.0,2.0,0.0,48.3,35.5,-11.1,1.0,27.0,112.0,normal
1.0,4601.0,15.0,1.0,27.0,3.7,2.0,0.0,0.0,0.0,1.0,0.0,0.0,0.0,0.0,normal
1.0,4602.0,15.0,1.0,26.0,56.0,1389.0,11.0,0.0,179.0,35.4,-11.2,1.0,27.0,360.0,normal
1.0,4601.0,15.0,1.0,27.0,3.7,2.0,0.0,0.0,0.0,1.0,0.0,0.0,0.0,0.0,normal
1.0,4602.0,15.0,1.0,26.0,3.4,87.0,0.0,0.0,0.0,34.9,-11.2,1.0,27.0,25.0,normal
1.0,4601.0,15.0,1.0,27.0,16.0,9.0,0.0,0.0,0.0,1.0,0.0,0.0,0.0,0.0,normal
1.0,4602.0,15.0,1.0,0.0,0.0,0.0,0.0,0.0,0.0,1.0,0.0,0.0,0.0,0.0,normal
1.0,4601.0,15.0,1.0,27.0,9.3,5.0,0.0,0.0,0.0,1.0,0.0,0.0,0.0,0.0,normal
1.0,4602.0,15.0,1.0,0.0,0.0,0.0,0.0,0.0,0.0,1.0,0.0,0.0,0.0,0.0,normal
1.0,4601.0,15.0,1.0,27.0,7.5,4.0,0.0,0.0,0.0,1.0,0.0,0.0,0.0,0.0,normal
1.0,4602.0,15.0,1.0,0.0,0.0,0.0,0.0,0.0,0.0,35.6,-11.2,1.0,27.0,4.9,normal
1.0,4601.0,15.0,1.0,27.0,5.6,3.0,0.0,0.0,0.0,1.0,0.0,0.0,0.0,0.0,normal
1.0,4602.0,15.0,1.0,0.0,0.0,0.0,0.0,0.0,0.0,37.2,-11.4,1.0,27.0,9.7,normal
1.0,4601.0,15.0,1.0,27.0,12.0,7.0,0.0,0.0,0.0,1.0,0.0,0.0,0.0,0.0,normal
1.0,4602.0,15.0,1.0,0.0,0.0,0.0,0.0,0.0,0.0,37.2,-11.5,1.0,27.0,4.9,normal
1.0,4601.0,15.0,1.0,0.0,0.0,0.0,0.0,0.0,0.0,1.0,0.0,0.0,0.0,0.0,normal
1.0,4602.0,15.0,1.0,0.0,0.0,0.0,0.0,0.0,0.0,34.1,-11.4,1.0,27.0,4.9,normal
1.0,4601.0,15.0,1.0,0.0,0.0,0.0,0.0,0.0,0.0,1.0,0.0,0.0,0.0,0.0,normal
1.0,4602.0,15.0,1.0,0.0,0.0,0.0,0.0,0.0,0.0,1.0,0.0,0.0,0.0,0.0,normal
1.0,4601.0,15.0,1.0,0.0,0.0,0.0,0.0,0.0,0.0,1.0,0.0,0.0,0.0,0.0,normal
1.0,4602.0,15.0,1.0,0.0,0.0,0.0,0.0,0.0,0.0,36.6,-11.2,1.0,27.0,4.9,normal
1.0,4601.0,15.0,1.0,0.0,0.0,0.0,0.0,0.0,0.0,1.0,0.0,0.0,0.0,0.0,normal
1.0,4602.0,15.0,1.0,0.0,0.0,0.0,0.0,0.0,0.0,1.0,0.0,0.0,0.0,0.0,normal
1.0,4601.0,15.0,1.0,0.0,0.0,0.0,0.0,0.0,0.0,1.0,0.0,0.0,0.0,0.0,normal
1.0,4602.0,15.0,1.0,0.0,0.0,0.0,0.0,0.0,0.0,1.0,0.0,0.0,0.0,0.0,normal
1.0,4601.0,15.0,1.0,27.0,2.8,2.0,0.0,0.0,0.0,27.2,-27.6,1.0,27.0,9.6,normal
1.0,4602.0,14.0,1.0,0.0,0.0,0.0,0.0,0.0,0.0,1.0,0.0,0.0,0.0,0.0,normal
1.0,4601.0,15.0,1.0,26.0,7.3,4.0,0.0,0.0,0.0,1.0,0.0,0.0,0.0,0.0,normal
1.0,4602.0,14.0,1.0,0.0,0.0,0.0,0.0,0.0,0.0,1.0,0.0,0.0,0.0,0.0,normal
1.0,4601.0,15.0,1.0,27.0,3.7,2.0,0.0,0.0,0.0,1.0,0.0,0.0,0.0,0.0,normal
1.0,4602.0,14.0,1.0,0.0,0.0,0.0,0.0,0.0,0.0,1.0,0.0,0.0,0.0,0.0,normal
1.0,4601.0,15.0,1.0,0.0,0.0,0.0,0.0,0.0,0.0,26.6,-27.7,1.0,27.0,4.9,normal
1.0,4602.0,15.0,1.0,25.0,5.3,3.0,0.0,0.0,0.0,37.5,-11.5,1.0,27.0,9.7,normal
1.0,4601.0,15.0,1.0,0.0,0.0,0.0,0.0,0.0,0.0,1.0,0.0,0.0,0.0,0.0,normal
1.0,4602.0,15.0,1.0,0.0,0.0,0.0,0.0,0.0,0.0,1.0,0.0,0.0,0.0,0.0,normal
1.0,4601.0,15.0,1.0,0.0,0.0,0.0,0.0,0.0,0.0,1.0,0.0,0.0,0.0,0.0,normal
1.0,4602.0,15.0,1.0,0.0,0.0,0.0,0.0,0.0,0.0,1.0,0.0,0.0,0.0,0.0,normal
1.0,4601.0,15.0,1.0,0.0,0.0,0.0,0.0,0.0,0.0,27.3,-27.2,1.0,26.0,4.7,normal
1.0,4602.0,15.0,1.0,0.0,0.0,0.0,0.0,0.0,0.0,1.0,0.0,0.0,0.0,0.0,normal
1.0,4601.0,15.0,1.0,27.0,3.7,2.0,0.0,0.0,0.0,28.0,-27.6,1.0,27.0,4.9,normal
1.0,4602.0,15.0,1.0,0.0,0.0,0.0,0.0,0.0,0.0,1.0,0.0,0.0,0.0,0.0,normal
1.0,4601.0,15.0,1.0,27.0,2.8,2.0,0.0,0.0,0.0,1.0,0.0,0.0,0.0,0.0,normal
1.0,4602.0,15.0,1.0,0.0,0.0,0.0,0.0,0.0,0.0,1.0,0.0,0.0,0.0,0.0,normal
1.0,4601.0,15.0,1.0,0.0,0.0,0.0,0.0,0.0,0.0,26.3,-28.2,1.0,27.0,4.9,normal
1.0,4602.0,15.0,1.0,0.0,0.0,0.0,0.0,0.0,0.0,1.0,0.0,0.0,0.0,0.0,normal
1.0,4601.0,15.0,1.0,0.0,0.0,0.0,0.0,0.0,0.0,1.0,0.0,0.0,0.0,0.0,normal
1.0,4602.0,15.0,1.0,0.0,0.0,0.0,0.0,0.0,0.0,37.5,-11.6,1.0,27.0,4.9,normal
1.0,4601.0,15.0,1.0,27.0,3.7,2.0,0.0,0.0,0.0,1.0,0.0,0.0,0.0,0.0,normal
1.0,4602.0,15.0,1.0,0.0,0.0,0.0,0.0,0.0,0.0,1.0,0.0,0.0,0.0,0.0,normal
1.0,4601.0,15.0,1.0,27.0,3.7,2.0,0.0,0.0,0.0,26.9,-28.1,1.0,26.0,4.7,normal
1.0,4602.0,15.0,1.0,0.0,0.0,0.0,0.0,0.0,0.0,1.0,0.0,0.0,0.0,0.0,normal
1.0,4601.0,15.0,1.0,27.0,3.7,2.0,0.0,0.0,0.0,1.0,0.0,0.0,0.0,0.0,normal
1.0,4602.0,15.0,1.0,0.0,0.0,0.0,0.0,0.0,0.0,37.7,-11.8,1.0,27.0,4.9,normal
1.0,4601.0,15.0,1.0,27.0,3.7,2.0,0.0,0.0,0.0,1.0,0.0,0.0,0.0,0.0,normal
1.0,4602.0,14.0,1.0,0.0,0.0,0.0,0.0,0.0,0.0,1.0,0.0,0.0,0.0,0.0,normal
1.0,4601.0,15.0,1.0,27.0,3.7,2.0,0.0,0.0,0.0,1.0,0.0,0.0,0.0,0.0,normal
1.0,4602.0,15.0,1.0,0.0,0.0,0.0,0.0,0.0,0.0,37.4,-10.7,1.0,27.0,4.9,normal
1.0,4601.0,15.0,1.0,27.0,3.7,2.0,0.0,0.0,0.0,1.0,0.0,0.0,0.0,0.0,normal
1.0,4602.0,14.0,1.0,0.0,0.0,0.0,0.0,0.0,0.0,36.2,-11.7,1.0,27.0,4.9,normal
1.0,4601.0,15.0,1.0,27.0,7.5,4.0,0.0,0.0,0.0,26.6,-28.5,1.0,27.0,4.9,normal
1.0,4602.0,14.0,1.0,0.0,0.0,0.0,0.0,0.0,0.0,1.0,0.0,0.0,0.0,0.0,normal
1.0,4601.0,15.0,1.0,0.0,0.0,0.0,0.0,0.0,0.0,1.0,0.0,0.0,0.0,0.0,normal
1.0,4602.0,14.0,1.0,0.0,0.0,0.0,0.0,0.0,0.0,1.0,0.0,0.0,0.0,0.0,normal
1.0,4601.0,15.0,1.0,0.0,0.0,0.0,0.0,0.0,0.0,1.0,0.0,0.0,0.0,0.0,normal
1.0,4602.0,14.0,1.0,0.0,0.0,0.0,0.0,0.0,0.0,1.0,0.0,0.0,0.0,0.0,normal
1.0,4601.0,15.0,1.0,27.0,7.3,4.0,0.0,0.0,0.0,1.0,0.0,0.0,0.0,0.0,normal
1.0,4602.0,14.0,1.0,0.0,0.0,0.0,0.0,0.0,0.0,1.0,0.0,0.0,0.0,0.0,normal
1.0,4601.0,15.0,1.0,27.0,9.3,5.0,0.0,0.0,0.0,1.0,0.0,0.0,0.0,0.0,normal
1.0,4602.0,13.0,1.0,0.0,0.0,0.0,0.0,0.0,0.0,37.8,-10.8,1.0,27.0,4.9,normal
1.0,4601.0,15.0,1.0,27.0,2.8,2.0,0.0,0.0,0.0,1.0,0.0,0.0,0.0,0.0,normal
1.0,4602.0,14.0,1.0,0.0,0.0,0.0,0.0,0.0,0.0,1.0,0.0,0.0,0.0,0.0,normal
1.0,4601.0,15.0,1.0,27.0,6.5,4.0,0.0,0.0,0.0,1.0,0.0,0.0,0.0,0.0,normal
1.0,4602.0,13.0,1.0,0.0,0.0,0.0,0.0,0.0,0.0,1.0,0.0,0.0,0.0,0.0,normal
1.0,4601.0,15.0,1.0,27.0,3.7,2.0,0.0,0.0,0.0,1.0,0.0,0.0,0.0,0.0,normal
1.0,4602.0,14.0,1.0,0.0,0.0,0.0,0.0,0.0,0.0,35.6,-11.7,1.0,27.0,4.9,normal
1.0,4601.0,15.0,1.0,27.0,7.5,4.0,0.0,0.0,0.0,1.0,0.0,0.0,0.0,0.0,normal
1.0,4602.0,14.0,1.0,0.0,0.0,0.0,0.0,0.0,0.0,1.0,0.0,0.0,0.0,0.0,normal
1.0,4601.0,15.0,1.0,27.0,3.7,2.0,0.0,0.0,0.0,27.9,-27.1,1.0,27.0,9.6,normal
1.0,4602.0,14.0,1.0,0.0,0.0,0.0,0.0,0.0,0.0,1.0,0.0,0.0,0.0,0.0,normal
1.0,4601.0,15.0,1.0,27.0,26.0,638.0,1.0,0.0,554.0,27.3,-27.7,1.0,27.0,203.0,normal
1.0,4602.0,14.0,1.0,0.0,0.0,0.0,0.0,0.0,0.0,1.0,0.0,0.0,0.0,0.0,normal
1.0,4601.0,15.0,1.0,27.0,55.0,1324.0,1.0,0.0,116.0,27.2,-27.6,1.0,27.0,467.0,normal
1.0,4602.0,14.0,1.0,0.0,0.0,0.0,0.0,0.0,0.0,1.0,0.0,0.0,0.0,0.0,normal
1.0,4601.0,15.0,1.0,27.0,46.0,1119.0,0.0,0.0,531.0,27.3,-27.6,1.0,27.0,360.0,normal
1.0,4602.0,14.0,1.0,0.0,0.0,0.0,0.0,0.0,0.0,1.0,0.0,0.0,0.0,0.0,normal
1.0,4601.0,15.0,1.0,27.0,43.0,1034.0,1.0,0.0,40.2,27.2,-27.6,1.0,27.0,421.0,normal
1.0,4602.0,14.0,1.0,22.0,1.5,1.0,0.0,0.0,0.0,33.9,-10.4,1.0,27.0,49.0,normal
1.0,4601.0,15.0,1.0,26.0,31.0,747.0,3.0,0.0,676.0,25.6,-27.3,1.0,26.0,256.0,normal
1.0,4602.0,15.0,1.0,27.0,27.0,666.0,0.0,0.0,644.0,35.8,-9.7,1.0,27.0,332.0,normal
1.0,4601.0,15.0,1.0,26.0,28.0,697.0,1.0,0.0,1.16,25.5,-27.4,1.0,26.0,253.0,normal
1.0,4602.0,15.0,1.0,26.0,29.0,697.0,5.0,0.0,719.0,35.8,-9.6,1.0,27.0,415.0,normal
1.0,4601.0,15.0,1.0,27.0,35.0,867.0,0.0,0.0,93.7,26.0,-27.5,1.0,26.0,278.0,normal
1.0,4602.0,15.0,1.0,26.0,23.0,536.0,2.0,0.0,809.0,35.8,-9.7,1.0,27.0,293.0,normal
1.0,4601.0,15.0,1.0,27.0,22.0,559.0,0.0,0.0,822.0,25.3,-27.9,1.0,26.0,251.0,normal
1.0,4602.0,15.0,1.0,26.0,35.0,856.0,4.0,0.0,905.0,35.6,-9.8,1.0,27.0,346.0,normal
1.0,4601.0,15.0,1.0,26.0,31.0,760.0,3.0,0.0,386.0,25.6,-27.0,1.0,26.0,229.0,normal
1.0,4602.0,15.0,1.0,27.0,27.0,642.0,0.0,0.0,0.0,34.9,-8.7,1.0,27.0,364.0,normal
1.0,4601.0,15.0,1.0,26.0,27.0,674.0,1.0,0.0,547.0,26.0,-27.1,1.0,27.0,278.0,normal
1.0,4602.0,15.0,1.0,26.0,26.0,652.0,5.0,0.0,526.0,34.9,-9.1,1.0,27.0,305.0,normal
1.0,4601.0,15.0,1.0,27.0,28.0,700.0,0.0,0.0,915.0,25.8,-26.7,1.0,26.0,243.0,normal
1.0,4602.0,15.0,1.0,27.0,30.0,700.0,0.0,0.0,574.0,35.8,-9.1,1.0,27.0,339.0,normal
1.0,4601.0,15.0,1.0,27.0,39.0,949.0,0.0,0.0,404.0,26.7,-26.5,1.0,27.0,308.0,normal
1.0,4602.0,15.0,1.0,27.0,19.0,457.0,0.0,0.0,544.0,35.9,-8.9,1.0,27.0,266.0,normal
1.0,4601.0,15.0,1.0,27.0,3.4,90.0,0.0,0.0,0.0,26.2,-26.5,1.0,26.0,38.0,normal
1.0,4602.0,15.0,1.0,26.0,43.0,1043.0,2.0,0.0,0.0,35.4,-9.7,1.0,27.0,297.0,normal
1.0,4601.0,15.0,1.0,26.0,2.6,2.0,0.0,0.0,0.0,1.0,0.0,0.0,0.0,0.0,normal
1.0,4602.0,15.0,1.0,0.0,0.0,0.0,0.0,0.0,0.0,35.7,-9.6,1.0,27.0,4.9,normal
1.0,4601.0,15.0,1.0,0.0,0.0,0.0,0.0,0.0,0.0,1.0,0.0,0.0,0.0,0.0,normal
1.0,4602.0,15.0,1.0,0.0,0.0,0.0,0.0,0.0,0.0,1.0,0.0,0.0,0.0,0.0,normal
1.0,4601.0,15.0,1.0,27.0,11.0,6.0,0.0,0.0,0.0,1.0,0.0,0.0,0.0,0.0,normal
1.0,4602.0,15.0,1.0,0.0,0.0,0.0,0.0,0.0,0.0,1.0,0.0,0.0,0.0,0.0,normal
1.0,4601.0,15.0,1.0,0.0,0.0,0.0,0.0,0.0,0.0,1.0,0.0,0.0,0.0,0.0,normal
1.0,4602.0,15.0,1.0,0.0,0.0,0.0,0.0,0.0,0.0,1.0,0.0,0.0,0.0,0.0,normal
1.0,4601.0,15.0,1.0,27.0,12.0,7.0,0.0,0.0,0.0,1.0,0.0,0.0,0.0,0.0,normal
1.0,4602.0,15.0,1.0,0.0,0.0,0.0,0.0,0.0,0.0,1.0,0.0,0.0,0.0,0.0,normal
1.0,4601.0,15.0,1.0,27.0,4.6,3.0,0.0,0.0,0.0,1.0,0.0,0.0,0.0,0.0,normal
1.0,4602.0,15.0,1.0,0.0,0.0,0.0,0.0,0.0,0.0,1.0,0.0,0.0,0.0,0.0,normal
1.0,4601.0,15.0,1.0,27.0,6.5,4.0,0.0,0.0,0.0,1.0,0.0,0.0,0.0,0.0,normal
1.0,4602.0,15.0,1.0,0.0,0.0,0.0,0.0,0.0,0.0,1.0,0.0,0.0,0.0,0.0,normal
1.0,4601.0,15.0,1.0,0.0,0.0,0.0,0.0,0.0,0.0,25.9,-28.9,1.0,25.0,4.5,normal
1.0,4602.0,15.0,1.0,0.0,0.0,0.0,0.0,0.0,0.0,37.3,-10.5,1.0,27.0,4.9,normal
1.0,4601.0,15.0,1.0,27.0,3.7,2.0,0.0,0.0,0.0,1.0,0.0,0.0,0.0,0.0,normal
1.0,4602.0,15.0,1.0,0.0,0.0,0.0,0.0,0.0,0.0,1.0,0.0,0.0,0.0,0.0,normal
1.0,4601.0,15.0,1.0,27.0,11.0,6.0,0.0,0.0,0.0,1.0,0.0,0.0,0.0,0.0,normal
1.0,4602.0,15.0,1.0,0.0,0.0,0.0,0.0,0.0,0.0,35.2,-10.5,1.0,27.0,4.9,normal
1.0,4601.0,15.0,1.0,27.0,14.0,8.0,0.0,0.0,0.0,1.0,0.0,0.0,0.0,0.0,normal
1.0,4602.0,15.0,1.0,0.0,0.0,0.0,0.0,0.0,0.0,1.0,0.0,0.0,0.0,0.0,normal
1.0,4601.0,15.0,1.0,25.0,11.0,7.0,0.0,0.0,0.0,1.0,0.0,0.0,0.0,0.0,normal
1.0,4602.0,14.0,1.0,0.0,0.0,0.0,0.0,0.0,0.0,1.0,0.0,0.0,0.0,0.0,normal
1.0,4601.0,15.0,1.0,27.0,2.8,2.0,0.0,0.0,0.0,1.0,0.0,0.0,0.0,0.0,normal
1.0,4602.0,14.0,1.0,0.0,0.0,0.0,0.0,0.0,0.0,1.0,0.0,0.0,0.0,0.0,normal
1.0,4601.0,15.0,1.0,27.0,2.8,2.0,0.0,0.0,0.0,1.0,0.0,0.0,0.0,0.0,normal
1.0,4602.0,14.0,1.0,0.0,0.0,0.0,0.0,0.0,0.0,1.0,0.0,0.0,0.0,0.0,normal
1.0,4601.0,15.0,1.0,27.0,6.5,4.0,0.0,0.0,0.0,1.0,0.0,0.0,0.0,0.0,normal
1.0,4602.0,14.0,1.0,0.0,0.0,0.0,0.0,0.0,0.0,1.0,0.0,0.0,0.0,0.0,normal
1.0,4601.0,15.0,1.0,26.0,7.1,4.0,0.0,0.0,0.0,1.0,0.0,0.0,0.0,0.0,normal
1.0,4602.0,14.0,1.0,0.0,0.0,0.0,0.0,0.0,0.0,1.0,0.0,0.0,0.0,0.0,normal
1.0,4601.0,15.0,1.0,27.0,10.0,6.0,0.0,0.0,0.0,1.0,0.0,0.0,0.0,0.0,normal
1.0,4602.0,14.0,1.0,0.0,0.0,0.0,0.0,0.0,0.0,36.2,-10.6,1.0,27.0,4.9,normal
1.0,4601.0,15.0,1.0,27.0,2.8,2.0,0.0,0.0,0.0,26.2,-28.2,1.0,26.0,4.7,normal
1.0,4602.0,14.0,1.0,0.0,0.0,0.0,0.0,0.0,0.0,1.0,0.0,0.0,0.0,0.0,normal
1.0,4601.0,15.0,1.0,27.0,11.0,6.0,0.0,0.0,0.0,26.8,-28.2,1.0,27.0,9.6,normal
1.0,4602.0,14.0,1.0,0.0,0.0,0.0,0.0,0.0,0.0,1.0,0.0,0.0,0.0,0.0,normal
1.0,4601.0,15.0,1.0,0.0,0.0,0.0,0.0,0.0,0.0,1.0,0.0,0.0,0.0,0.0,normal
1.0,4602.0,14.0,1.0,0.0,0.0,0.0,0.0,0.0,0.0,1.0,0.0,0.0,0.0,0.0,normal
1.0,4601.0,15.0,1.0,27.0,7.5,4.0,0.0,0.0,0.0,1.0,0.0,0.0,0.0,0.0,normal
1.0,4602.0,14.0,1.0,0.0,0.0,0.0,0.0,0.0,0.0,1.0,0.0,0.0,0.0,0.0,normal
1.0,4601.0,15.0,1.0,27.0,3.7,2.0,0.0,0.0,0.0,1.0,0.0,0.0,0.0,0.0,normal
1.0,4602.0,14.0,1.0,0.0,0.0,0.0,0.0,0.0,0.0,1.0,0.0,0.0,0.0,0.0,normal
1.0,4601.0,15.0,1.0,27.0,7.5,4.0,0.0,0.0,0.0,1.0,0.0,0.0,0.0,0.0,normal
1.0,4602.0,14.0,1.0,0.0,0.0,0.0,0.0,0.0,0.0,1.0,0.0,0.0,0.0,0.0,normal
1.0,4601.0,15.0,1.0,27.0,14.0,8.0,0.0,0.0,0.0,1.0,0.0,0.0,0.0,0.0,normal
1.0,4602.0,14.0,1.0,0.0,0.0,0.0,0.0,0.0,0.0,37.6,-10.6,1.0,27.0,4.9,normal
1.0,4601.0,15.0,1.0,26.0,7.3,4.0,0.0,0.0,0.0,26.5,-28.6,1.0,26.0,4.7,normal
1.0,4602.0,14.0,1.0,0.0,0.0,0.0,0.0,0.0,0.0,37.8,-10.6,1.0,27.0,4.9,normal
1.0,4601.0,15.0,1.0,27.0,10.0,6.0,0.0,0.0,0.0,1.0,0.0,0.0,0.0,0.0,normal
1.0,4602.0,14.0,1.0,0.0,0.0,0.0,0.0,0.0,0.0,1.0,0.0,0.0,0.0,0.0,normal
1.0,4601.0,15.0,1.0,26.0,11.0,7.0,0.0,0.0,0.0,1.0,0.0,0.0,0.0,0.0,normal
1.0,4602.0,14.0,1.0,0.0,0.0,0.0,0.0,0.0,0.0,1.0,0.0,0.0,0.0,0.0,normal
1.0,4601.0,15.0,1.0,27.0,11.0,7.0,0.0,0.0,0.0,1.0,0.0,0.0,0.0,0.0,normal
1.0,4602.0,14.0,1.0,0.0,0.0,0.0,0.0,0.0,0.0,1.0,0.0,0.0,0.0,0.0,normal
1.0,4601.0,15.0,1.0,27.0,11.0,6.0,0.0,0.0,0.0,1.0,0.0,0.0,0.0,0.0,normal
1.0,4602.0,14.0,1.0,25.0,1.7,1.0,0.0,0.0,0.0,36.6,-10.0,1.0,27.0,17.0,normal
1.0,4601.0,15.0,1.0,27.0,3.7,2.0,0.0,0.0,0.0,1.0,0.0,0.0,0.0,0.0,normal
1.0,4602.0,15.0,1.0,26.0,43.0,1053.0,4.0,0.0,20.7,36.0,-10.2,1.0,27.0,343.0,normal
1.0,4601.0,15.0,1.0,27.0,2.8,2.0,0.0,0.0,0.0,27.5,-27.6,1.0,26.0,4.7,normal
1.0,4602.0,15.0,1.0,27.0,47.0,1138.0,2.0,0.0,16.9,35.2,-9.4,1.0,27.0,384.0,normal
1.0,4601.0,15.0,1.0,27.0,3.7,2.0,0.0,0.0,0.0,1.0,0.0,0.0,0.0,0.0,normal
1.0,4602.0,15.0,1.0,26.0,44.0,1092.0,6.0,0.0,0.0,35.1,-9.3,1.0,27.0,354.0,normal
1.0,4601.0,15.0,1.0,0.0,0.0,0.0,0.0,0.0,0.0,21.1,-27.9,1.0,27.0,4.9,normal
1.0,4602.0,15.0,1.0,26.0,51.0,1253.0,2.0,0.0,26.7,35.3,-9.2,1.0,27.0,326.0,normal
1.0,4601.0,15.0,1.0,27.0,13.0,7.0,0.0,0.0,0.0,1.0,0.0,0.0,0.0,0.0,normal
1.0,4602.0,15.0,1.0,27.0,9.5,239.0,0.0,0.0,0.0,35.6,-9.4,1.0,27.0,120.0,normal
1.0,4601.0,15.0,1.0,27.0,1.9,1.0,0.0,0.0,0.0,1.0,0.0,0.0,0.0,0.0,normal
1.0,4602.0,14.0,1.0,0.0,0.0,0.0,0.0,0.0,0.0,35.9,-10.1,1.0,27.0,9.7,normal
1.0,4601.0,15.0,1.0,27.0,3.7,2.0,0.0,0.0,0.0,1.0,0.0,0.0,0.0,0.0,normal
1.0,4602.0,14.0,1.0,0.0,0.0,0.0,0.0,0.0,0.0,1.0,0.0,0.0,0.0,0.0,normal
1.0,4601.0,15.0,1.0,27.0,11.0,6.0,0.0,0.0,0.0,1.0,0.0,0.0,0.0,0.0,normal
1.0,4602.0,14.0,1.0,0.0,0.0,0.0,0.0,0.0,0.0,37.6,-10.4,1.0,27.0,4.9,normal
1.0,4601.0,15.0,1.0,27.0,33.0,805.0,0.0,0.0,146.0,27.5,-27.0,1.0,27.0,243.0,normal
1.0,4602.0,15.0,1.0,0.0,0.0,0.0,0.0,0.0,0.0,36.5,-10.2,1.0,27.0,4.9,normal
1.0,4601.0,15.0,1.0,27.0,41.0,1006.0,1.0,0.0,48.7,27.5,-26.5,1.0,27.0,396.0,normal
1.0,4602.0,15.0,1.0,0.0,0.0,0.0,0.0,0.0,0.0,1.0,0.0,0.0,0.0,0.0,normal
1.0,4601.0,15.0,1.0,27.0,58.0,1400.0,0.0,0.0,433.0,27.9,-27.1,1.0,27.0,343.0,normal
1.0,4602.0,14.0,1.0,0.0,0.0,0.0,0.0,0.0,0.0,35.4,-10.6,1.0,27.0,4.9,normal
1.0,4601.0,15.0,1.0,27.0,43.0,1047.0,1.0,0.0,253.0,28.0,-26.7,1.0,27.0,296.0,normal
1.0,4602.0,14.0,1.0,0.0,0.0,0.0,0.0,0.0,0.0,1.0,0.0,0.0,0.0,0.0,normal
1.0,4601.0,15.0,1.0,27.0,50.0,1207.0,3.0,0.0,0.0,27.9,-26.7,1.0,27.0,339.0,normal
1.0,4602.0,14.0,1.0,0.0,0.0,0.0,0.0,0.0,0.0,1.0,0.0,0.0,0.0,0.0,normal
1.0,4601.0,15.0,1.0,27.0,53.0,1287.0,0.0,0.0,526.0,27.5,-27.0,1.0,27.0,310.0,normal
1.0,4602.0,13.0,1.0,0.0,0.0,0.0,0.0,0.0,0.0,1.0,0.0,0.0,0.0,0.0,normal
1.0,4601.0,15.0,1.0,27.0,26.0,628.0,1.0,0.0,188.0,28.0,-26.7,1.0,27.0,171.0,normal
1.0,4602.0,14.0,1.0,0.0,0.0,0.0,0.0,0.0,0.0,1.0,0.0,0.0,0.0,0.0,normal
1.0,4601.0,15.0,1.0,27.0,18.0,484.0,0.0,0.0,0.0,28.3,-26.5,1.0,27.0,213.0,normal
1.0,4602.0,14.0,1.0,0.0,0.0,0.0,0.0,0.0,0.0,1.0,0.0,0.0,0.0,0.0,normal
1.0,4601.0,15.0,1.0,0.0,0.0,0.0,0.0,0.0,0.0,1.0,0.0,0.0,0.0,0.0,normal
1.0,4602.0,14.0,1.0,0.0,0.0,0.0,0.0,0.0,0.0,1.0,0.0,0.0,0.0,0.0,normal
1.0,4601.0,15.0,1.0,0.0,0.0,0.0,0.0,0.0,0.0,1.0,0.0,0.0,0.0,0.0,normal
1.0,4602.0,14.0,1.0,0.0,0.0,0.0,0.0,0.0,0.0,1.0,0.0,0.0,0.0,0.0,normal
1.0,4601.0,15.0,1.0,0.0,0.0,0.0,0.0,0.0,0.0,1.0,0.0,0.0,0.0,0.0,normal
1.0,4602.0,13.0,1.0,0.0,0.0,0.0,0.0,0.0,0.0,1.0,0.0,0.0,0.0,0.0,normal
1.0,4601.0,15.0,1.0,27.0,0.0,0.0,0.0,0.0,0.0,1.0,0.0,0.0,0.0,0.0,normal
1.0,4602.0,14.0,1.0,0.0,0.0,0.0,0.0,0.0,0.0,36.3,-10.4,1.0,27.0,4.9,normal
1.0,4601.0,15.0,1.0,27.0,221.0,32.0,0.0,0.0,0.0,27.5,-27.0,1.0,27.0,121.0,normal
1.0,4602.0,14.0,1.0,0.0,0.0,0.0,0.0,0.0,0.0,1.0,0.0,0.0,0.0,0.0,normal
1.0,4601.0,15.0,1.0,0.0,0.0,0.0,0.0,0.0,0.0,1.0,0.0,0.0,0.0,0.0,normal
1.0,4602.0,14.0,1.0,0.0,0.0,0.0,0.0,0.0,0.0,1.0,0.0,0.0,0.0,0.0,normal
1.0,4601.0,15.0,1.0,26.0,36.0,883.0,3.0,0.0,200.0,28.7,-26.0,1.0,27.0,268.0,normal
1.0,4602.0,14.0,1.0,0.0,0.0,0.0,0.0,0.0,0.0,36.5,-10.5,1.0,27.0,4.9,normal
1.0,4601.0,15.0,1.0,26.0,16.0,389.0,1.0,0.0,0.0,28.8,-25.9,1.0,27.0,110.0,normal
1.0,4602.0,14.0,1.0,0.0,0.0,0.0,0.0,0.0,0.0,1.0,0.0,0.0,0.0,0.0,normal
1.0,4601.0,15.0,1.0,27.0,7.5,4.0,0.0,0.0,0.0,1.0,0.0,0.0,0.0,0.0,normal
1.0,4602.0,14.0,1.0,0.0,0.0,0.0,0.0,0.0,0.0,36.0,-10.7,1.0,27.0,4.9,normal
1.0,4601.0,15.0,1.0,0.0,0.0,0.0,0.0,0.0,0.0,1.0,0.0,0.0,0.0,0.0,normal
1.0,4602.0,14.0,1.0,0.0,0.0,0.0,0.0,0.0,0.0,1.0,0.0,0.0,0.0,0.0,normal
1.0,4601.0,15.0,1.0,0.0,0.0,0.0,0.0,0.0,0.0,1.0,0.0,0.0,0.0,0.0,normal
1.0,4602.0,14.0,1.0,0.0,0.0,0.0,0.0,0.0,0.0,1.0,0.0,0.0,0.0,0.0,normal
1.0,4601.0,15.0,1.0,27.0,3.7,2.0,0.0,0.0,0.0,1.0,0.0,0.0,0.0,0.0,normal
1.0,4602.0,14.0,1.0,0.0,0.0,0.0,0.0,0.0,0.0,1.0,0.0,0.0,0.0,0.0,normal
1.0,4601.0,15.0,1.0,0.0,0.0,0.0,0.0,0.0,0.0,1.0,0.0,0.0,0.0,0.0,normal
1.0,4602.0,14.0,1.0,0.0,0.0,0.0,0.0,0.0,0.0,1.0,0.0,0.0,0.0,0.0,normal
1.0,4601.0,15.0,1.0,27.0,3.7,2.0,0.0,0.0,0.0,1.0,0.0,0.0,0.0,0.0,normal
1.0,4602.0,14.0,1.0,23.0,2.5,85.0,1.0,1.0,72.4,35.3,-10.5,1.0,27.0,164.0,normal
1.0,4601.0,15.0,1.0,27.0,3.7,2.0,0.0,0.0,0.0,28.0,-26.6,1.0,27.0,4.9,normal
1.0,4602.0,15.0,1.0,26.0,45.0,1103.0,6.0,0.0,0.0,35.2,-9.6,1.0,27.0,346.0,normal
1.0,4601.0,15.0,1.0,0.0,0.0,0.0,0.0,0.0,0.0,1.0,0.0,0.0,0.0,0.0,normal
1.0,4602.0,15.0,1.0,26.0,39.0,963.0,4.0,0.0,58.7,35.1,-9.6,1.0,27.0,308.0,normal
1.0,4601.0,15.0,1.0,0.0,0.0,0.0,0.0,0.0,0.0,29.1,-26.6,1.0,27.0,4.9,normal
1.0,4602.0,15.0,1.0,27.0,9.7,238.0,0.0,0.0,0.0,34.9,-9.6,1.0,27.0,71.0,normal
1.0,4601.0,15.0,1.0,27.0,3.7,2.0,0.0,0.0,0.0,1.0,0.0,0.0,0.0,0.0,normal
1.0,4602.0,15.0,1.0,27.0,1.9,1.0,0.0,0.0,58.0,32.9,-10.0,1.0,27.0,37.0,normal
1.0,4601.0,15.0,1.0,27.0,10.0,6.0,0.0,0.0,0.0,25.8,-26.2,1.0,27.0,4.9,normal
1.0,4602.0,15.0,1.0,26.0,24.0,697.0,5.0,0.0,0.0,35.1,-9.6,1.0,27.0,188.0,normal
1.0,4601.0,15.0,1.0,27.0,3.7,2.0,0.0,0.0,0.0,1.0,0.0,0.0,0.0,0.0,normal
1.0,4602.0,14.0,1.0,0.0,0.0,0.0,0.0,0.0,0.0,1.0,0.0,0.0,0.0,0.0,normal
1.0,4601.0,15.0,1.0,26.0,20.0,12.0,0.0,0.0,0.0,1.0,0.0,0.0,0.0,0.0,normal
1.0,4602.0,14.0,1.0,0.0,0.0,0.0,0.0,0.0,0.0,37.6,-10.7,1.0,27.0,4.9,normal
1.0,4601.0,15.0,1.0,0.0,0.0,0.0,0.0,0.0,0.0,1.0,0.0,0.0,0.0,0.0,normal
1.0,4602.0,14.0,1.0,0.0,0.0,0.0,0.0,0.0,0.0,1.0,0.0,0.0,0.0,0.0,normal
1.0,4601.0,15.0,1.0,0.0,0.0,0.0,0.0,0.0,0.0,28.3,-26.5,1.0,27.0,4.9,normal
1.0,4602.0,14.0,1.0,0.0,0.0,0.0,0.0,0.0,0.0,38.0,-9.7,1.0,27.0,4.9,normal
1.0,4601.0,15.0,1.0,26.0,4.4,3.0,0.0,0.0,0.0,1.0,0.0,0.0,0.0,0.0,normal
1.0,4602.0,14.0,1.0,0.0,0.0,0.0,0.0,0.0,0.0,1.0,0.0,0.0,0.0,0.0,normal
1.0,4601.0,15.0,1.0,27.0,8.3,5.0,0.0,0.0,0.0,1.0,0.0,0.0,0.0,0.0,normal
1.0,4602.0,14.0,1.0,0.0,0.0,0.0,0.0,0.0,0.0,1.0,0.0,0.0,0.0,0.0,normal
1.0,4601.0,15.0,1.0,0.0,0.0,0.0,0.0,0.0,0.0,1.0,0.0,0.0,0.0,0.0,normal
1.0,4602.0,14.0,1.0,0.0,0.0,0.0,0.0,0.0,0.0,1.0,0.0,0.0,0.0,0.0,normal
1.0,4601.0,15.0,1.0,0.0,0.0,0.0,0.0,0.0,0.0,1.0,0.0,0.0,0.0,0.0,normal
1.0,4602.0,14.0,1.0,0.0,0.0,0.0,0.0,0.0,0.0,36.9,-9.7,1.0,27.0,4.9,normal
1.0,4601.0,15.0,1.0,27.0,6.5,4.0,0.0,0.0,0.0,28.3,-26.8,1.0,27.0,9.7,normal
1.0,4602.0,14.0,1.0,0.0,0.0,0.0,0.0,0.0,0.0,1.0,0.0,0.0,0.0,0.0,normal
1.0,4601.0,15.0,1.0,27.0,3.7,2.0,0.0,0.0,0.0,1.0,0.0,0.0,0.0,0.0,normal
1.0,4602.0,14.0,1.0,0.0,0.0,0.0,0.0,0.0,0.0,36.7,-9.7,1.0,27.0,4.9,normal
1.0,4601.0,15.0,1.0,27.0,3.7,2.0,0.0,0.0,0.0,1.0,0.0,0.0,0.0,0.0,normal
1.0,4602.0,14.0,1.0,0.0,0.0,0.0,0.0,0.0,0.0,38.2,-9.8,1.0,27.0,4.9,normal
1.0,4601.0,15.0,1.0,27.0,3.7,2.0,0.0,0.0,0.0,28.1,-26.6,1.0,27.0,4.9,normal
1.0,4602.0,14.0,1.0,0.0,0.0,0.0,0.0,0.0,0.0,1.0,0.0,0.0,0.0,0.0,normal
1.0,4601.0,15.0,1.0,26.0,7.1,4.0,0.0,0.0,0.0,26.9,-26.5,1.0,27.0,4.9,normal
1.0,4602.0,14.0,1.0,0.0,0.0,0.0,0.0,0.0,0.0,37.1,-9.7,1.0,27.0,4.9,normal
1.0,4601.0,15.0,1.0,0.0,0.0,0.0,0.0,0.0,0.0,28.4,-26.7,1.0,27.0,4.9,normal
1.0,4602.0,14.0,1.0,0.0,0.0,0.0,0.0,0.0,0.0,1.0,0.0,0.0,0.0,0.0,normal
1.0,4601.0,15.0,1.0,0.0,0.0,0.0,0.0,0.0,0.0,1.0,0.0,0.0,0.0,0.0,normal
1.0,4602.0,14.0,1.0,0.0,0.0,0.0,0.0,0.0,0.0,1.0,0.0,0.0,0.0,0.0,normal
1.0,4601.0,15.0,1.0,0.0,0.0,0.0,0.0,0.0,0.0,28.4,-26.8,1.0,27.0,4.9,normal
1.0,4602.0,14.0,1.0,0.0,0.0,0.0,0.0,0.0,0.0,1.0,0.0,0.0,0.0,0.0,normal
1.0,4601.0,15.0,1.0,27.0,3.7,2.0,0.0,0.0,0.0,1.0,0.0,0.0,0.0,0.0,normal
1.0,4602.0,14.0,1.0,0.0,0.0,0.0,0.0,0.0,0.0,1.0,0.0,0.0,0.0,0.0,normal
1.0,4601.0,15.0,1.0,0.0,0.0,0.0,0.0,0.0,0.0,27.8,-27.2,1.0,27.0,9.7,normal
1.0,4602.0,14.0,1.0,0.0,0.0,0.0,0.0,0.0,0.0,1.0,0.0,0.0,0.0,0.0,normal
1.0,4601.0,15.0,1.0,27.0,3.7,2.0,0.0,0.0,0.0,1.0,0.0,0.0,0.0,0.0,normal
1.0,4602.0,14.0,1.0,0.0,0.0,0.0,0.0,0.0,0.0,1.0,0.0,0.0,0.0,0.0,normal
1.0,4601.0,15.0,1.0,26.0,3.6,2.0,0.0,0.0,0.0,1.0,0.0,0.0,0.0,0.0,normal
1.0,4602.0,14.0,1.0,0.0,0.0,0.0,0.0,0.0,0.0,1.0,0.0,0.0,0.0,0.0,normal
1.0,4601.0,15.0,1.0,26.0,16.0,10.0,0.0,0.0,0.0,1.0,0.0,0.0,0.0,0.0,normal
1.0,4602.0,14.0,1.0,0.0,0.0,0.0,0.0,0.0,0.0,1.0,0.0,0.0,0.0,0.0,normal
1.0,4601.0,15.0,1.0,0.0,0.0,0.0,0.0,0.0,0.0,1.0,0.0,0.0,0.0,0.0,normal
1.0,4602.0,14.0,1.0,0.0,0.0,0.0,0.0,0.0,0.0,1.0,0.0,0.0,0.0,0.0,normal
1.0,4601.0,15.0,1.0,26.0,7.3,4.0,0.0,0.0,0.0,1.0,0.0,0.0,0.0,0.0,normal
1.0,4602.0,13.0,1.0,0.0,0.0,0.0,0.0,0.0,0.0,1.0,0.0,0.0,0.0,0.0,normal
1.0,4601.0,15.0,1.0,27.0,3.7,2.0,0.0,0.0,0.0,1.0,0.0,0.0,0.0,0.0,normal
1.0,4602.0,14.0,1.0,0.0,0.0,0.0,0.0,0.0,0.0,1.0,0.0,0.0,0.0,0.0,normal
1.0,4601.0,15.0,1.0,27.0,3.7,2.0,0.0,0.0,0.0,1.0,0.0,0.0,0.0,0.0,normal
1.0,4602.0,14.0,1.0,0.0,0.0,0.0,0.0,0.0,0.0,1.0,0.0,0.0,0.0,0.0,normal
1.0,4601.0,15.0,1.0,0.0,0.0,0.0,0.0,0.0,0.0,1.0,0.0,0.0,0.0,0.0,normal
1.0,4602.0,14.0,1.0,0.0,0.0,0.0,0.0,0.0,0.0,1.0,0.0,0.0,0.0,0.0,normal
1.0,4601.0,15.0,1.0,27.0,3.7,2.0,0.0,0.0,0.0,1.0,0.0,0.0,0.0,0.0,normal
1.0,4602.0,14.0,1.0,0.0,0.0,0.0,0.0,0.0,0.0,1.0,0.0,0.0,0.0,0.0,normal
1.0,4601.0,15.0,1.0,0.0,0.0,0.0,0.0,0.0,0.0,1.0,0.0,0.0,0.0,0.0,normal
1.0,4602.0,14.0,1.0,0.0,0.0,0.0,0.0,0.0,0.0,1.0,0.0,0.0,0.0,0.0,normal
1.0,4601.0,15.0,1.0,0.0,0.0,0.0,0.0,0.0,0.0,1.0,0.0,0.0,0.0,0.0,normal
1.0,4602.0,13.0,1.0,0.0,0.0,0.0,0.0,0.0,0.0,37.3,-10.4,1.0,27.0,4.9,normal
1.0,4601.0,15.0,1.0,27.0,16.0,9.0,0.0,0.0,0.0,1.0,0.0,0.0,0.0,0.0,normal
1.0,4602.0,14.0,1.0,0.0,0.0,0.0,0.0,0.0,0.0,1.0,0.0,0.0,0.0,0.0,normal
1.0,4601.0,15.0,1.0,27.0,5.6,3.0,0.0,0.0,0.0,27.5,-27.4,1.0,27.0,4.9,normal
1.0,4602.0,14.0,1.0,0.0,0.0,0.0,0.0,0.0,0.0,36.3,-10.4,1.0,27.0,4.9,normal
1.0,4601.0,15.0,1.0,27.0,3.7,2.0,0.0,0.0,0.0,1.0,0.0,0.0,0.0,0.0,normal
1.0,4602.0,14.0,1.0,0.0,0.0,0.0,0.0,0.0,0.0,1.0,0.0,0.0,0.0,0.0,normal
1.0,4601.0,15.0,1.0,27.0,7.5,4.0,0.0,0.0,0.0,1.0,0.0,0.0,0.0,0.0,normal
1.0,4602.0,14.0,1.0,0.0,0.0,0.0,0.0,0.0,0.0,1.0,0.0,0.0,0.0,0.0,normal
1.0,4601.0,15.0,1.0,26.0,33.0,826.0,2.0,0.0,368.0,27.9,-26.9,1.0,27.0,344.0,normal
1.0,4602.0,13.0,1.0,0.0,0.0,0.0,0.0,0.0,0.0,1.0,0.0,0.0,0.0,0.0,normal
1.0,4601.0,15.0,1.0,26.0,53.0,1282.0,3.0,0.0,292.0,27.9,-27.0,1.0,27.0,449.0,normal
1.0,4602.0,14.0,1.0,0.0,0.0,0.0,0.0,0.0,0.0,37.5,-10.5,1.0,27.0,4.9,normal
1.0,4601.0,15.0,1.0,27.0,58.0,1399.0,1.0,0.0,635.0,27.9,-26.9,1.0,27.0,426.0,normal
1.0,4602.0,14.0,1.0,0.0,0.0,0.0,0.0,0.0,0.0,1.0,0.0,0.0,0.0,0.0,normal
1.0,4601.0,15.0,1.0,26.0,43.0,1044.0,2.0,0.0,454.0,27.8,-26.8,1.0,27.0,356.0,normal
1.0,4602.0,14.0,1.0,0.0,0.0,0.0,0.0,0.0,0.0,1.0,0.0,0.0,0.0,0.0,normal
1.0,4601.0,15.0,1.0,26.0,45.0,1100.0,4.0,0.0,316.0,27.9,-26.9,1.0,27.0,411.0,normal
1.0,4602.0,14.0,1.0,0.0,0.0,0.0,0.0,0.0,0.0,1.0,0.0,0.0,0.0,0.0,normal
1.0,4601.0,15.0,1.0,26.0,58.0,1399.0,1.0,0.0,397.0,28.2,-26.5,1.0,27.0,418.0,normal
1.0,4602.0,14.0,1.0,0.0,0.0,0.0,0.0,0.0,0.0,1.0,0.0,0.0,0.0,0.0,normal
1.0,4601.0,15.0,1.0,26.0,51.0,1252.0,3.0,0.0,462.0,28.5,-26.3,1.0,27.0,427.0,normal
1.0,4602.0,13.0,1.0,0.0,0.0,0.0,0.0,0.0,0.0,37.7,-11.0,1.0,27.0,4.9,normal
1.0,4601.0,15.0,1.0,26.0,38.0,917.0,2.0,0.0,0.0,28.8,-26.0,1.0,27.0,297.0,normal
1.0,4602.0,14.0,1.0,0.0,0.0,0.0,0.0,0.0,0.0,1.0,0.0,0.0,0.0,0.0,normal
1.0,4601.0,15.0,1.0,27.0,3.7,2.0,0.0,0.0,0.0,1.0,0.0,0.0,0.0,0.0,normal
1.0,4602.0,14.0,1.0,0.0,0.0,0.0,0.0,0.0,0.0,38.4,-11.1,1.0,27.0,4.9,normal
1.0,4601.0,15.0,1.0,0.0,0.0,0.0,0.0,0.0,0.0,1.0,0.0,0.0,0.0,0.0,normal
1.0,4602.0,13.0,1.0,0.0,0.0,0.0,0.0,0.0,0.0,36.7,-11.4,1.0,27.0,4.9,normal
1.0,4601.0,15.0,1.0,0.0,0.0,0.0,0.0,0.0,0.0,1.0,0.0,0.0,0.0,0.0,normal
1.0,4602.0,14.0,1.0,0.0,0.0,0.0,0.0,0.0,0.0,1.0,0.0,0.0,0.0,0.0,normal
1.0,4601.0,15.0,1.0,0.0,0.0,0.0,0.0,0.0,0.0,1.0,0.0,0.0,0.0,0.0,normal
1.0,4602.0,14.0,1.0,0.0,0.0,0.0,0.0,0.0,0.0,36.7,-10.4,1.0,27.0,4.9,normal
1.0,4601.0,15.0,1.0,27.0,3.7,2.0,0.0,0.0,0.0,1.0,0.0,0.0,0.0,0.0,normal
1.0,4602.0,13.0,1.0,0.0,0.0,0.0,0.0,0.0,0.0,1.0,0.0,0.0,0.0,0.0,normal
1.0,4601.0,15.0,1.0,27.0,6.5,4.0,0.0,0.0,0.0,27.7,-27.4,1.0,27.0,4.9,normal
1.0,4602.0,13.0,1.0,0.0,0.0,0.0,0.0,0.0,0.0,1.0,0.0,0.0,0.0,0.0,normal
1.0,4601.0,15.0,1.0,27.0,3.7,2.0,0.0,0.0,0.0,1.0,0.0,0.0,0.0,0.0,normal
1.0,4602.0,14.0,1.0,0.0,0.0,0.0,0.0,0.0,0.0,37.1,-11.4,1.0,27.0,4.9,normal
1.0,4601.0,15.0,1.0,26.0,7.3,4.0,0.0,0.0,0.0,1.0,0.0,0.0,0.0,0.0,normal
1.0,4602.0,15.0,1.0,26.0,44.0,1098.0,5.0,0.0,32.6,36.2,-10.3,1.0,27.0,411.0,normal
1.0,4601.0,15.0,1.0,27.0,3.7,2.0,0.0,0.0,0.0,1.0,0.0,0.0,0.0,0.0,normal
1.0,4602.0,15.0,1.0,26.0,39.0,957.0,7.0,0.0,71.2,35.9,-10.2,1.0,27.0,334.0,normal
1.0,4601.0,15.0,1.0,27.0,4.6,3.0,0.0,0.0,0.0,23.8,-27.8,1.0,27.0,4.9,normal
1.0,4602.0,15.0,1.0,26.0,49.0,1214.0,5.0,0.0,36.5,35.9,-10.2,1.0,27.0,400.0,normal
1.0,4601.0,15.0,1.0,27.0,1.9,1.0,0.0,0.0,0.0,27.4,-27.6,1.0,20.0,4.2,normal
1.0,4602.0,15.0,1.0,26.0,44.0,1102.0,5.0,0.0,0.0,35.9,-10.2,1.0,27.0,321.0,normal
1.0,4601.0,15.0,1.0,27.0,4.6,3.0,0.0,0.0,0.0,24.5,-27.6,1.0,27.0,4.9,normal
1.0,4602.0,15.0,1.0,26.0,51.0,1245.0,3.0,0.0,21.3,35.8,-10.1,1.0,27.0,397.0,normal
1.0,4601.0,15.0,1.0,0.0,1.9,1.0,0.0,0.0,0.0,1.0,0.0,0.0,0.0,0.0,normal
1.0,4602.0,15.0,1.0,27.0,14.0,345.0,0.0,0.0,0.0,35.9,-10.2,1.0,27.0,123.0,normal
1.0,4601.0,15.0,1.0,27.0,2.8,2.0,0.0,0.0,0.0,1.0,0.0,0.0,0.0,0.0,normal
1.0,4602.0,14.0,1.0,0.0,0.0,0.0,0.0,0.0,0.0,37.3,-10.3,1.0,27.0,4.9,normal
1.0,4601.0,15.0,1.0,26.0,18.0,10.0,0.0,0.0,0.0,1.0,0.0,0.0,0.0,0.0,normal
1.0,4602.0,15.0,1.0,0.0,0.0,0.0,0.0,0.0,0.0,36.6,-11.3,1.0,27.0,4.9,normal
1.0,4601.0,15.0,1.0,27.0,3.7,2.0,0.0,0.0,0.0,1.0,0.0,0.0,0.0,0.0,normal
1.0,4602.0,15.0,1.0,0.0,0.0,0.0,0.0,0.0,0.0,1.0,0.0,0.0,0.0,0.0,normal
1.0,4601.0,15.0,1.0,27.0,6.5,4.0,0.0,0.0,0.0,28.2,-26.8,1.0,25.0,4.5,normal
1.0,4602.0,15.0,1.0,0.0,0.0,0.0,0.0,0.0,0.0,37.0,-11.2,1.0,27.0,4.9,normal
1.0,4601.0,15.0,1.0,0.0,0.0,0.0,0.0,0.0,0.0,1.0,0.0,0.0,0.0,0.0,normal
1.0,4602.0,15.0,1.0,0.0,0.0,0.0,0.0,0.0,0.0,1.0,0.0,0.0,0.0,0.0,normal
1.0,4601.0,15.0,1.0,25.0,9.5,6.0,0.0,0.0,0.0,1.0,0.0,0.0,0.0,0.0,normal
1.0,4602.0,15.0,1.0,0.0,0.0,0.0,0.0,0.0,0.0,1.0,0.0,0.0,0.0,0.0,normal
1.0,4601.0,15.0,1.0,27.0,7.5,4.0,0.0,0.0,0.0,1.0,0.0,0.0,0.0,0.0,normal
1.0,4602.0,14.0,1.0,0.0,0.0,0.0,0.0,0.0,0.0,1.0,0.0,0.0,0.0,0.0,normal
1.0,4601.0,15.0,1.0,0.0,0.0,0.0,0.0,0.0,0.0,1.0,0.0,0.0,0.0,0.0,normal
1.0,4602.0,14.0,1.0,0.0,0.0,0.0,0.0,0.0,0.0,1.0,0.0,0.0,0.0,0.0,normal
1.0,4601.0,15.0,1.0,0.0,0.0,0.0,0.0,0.0,0.0,1.0,0.0,0.0,0.0,0.0,normal
1.0,4602.0,14.0,1.0,0.0,0.0,0.0,0.0,0.0,0.0,36.8,-11.5,1.0,27.0,4.9,normal
1.0,4601.0,15.0,1.0,27.0,7.5,4.0,0.0,0.0,0.0,1.0,0.0,0.0,0.0,0.0,normal
1.0,4602.0,14.0,1.0,0.0,0.0,0.0,0.0,0.0,0.0,1.0,0.0,0.0,0.0,0.0,normal
1.0,4601.0,15.0,1.0,27.0,3.7,2.0,0.0,0.0,0.0,1.0,0.0,0.0,0.0,0.0,normal
1.0,4602.0,14.0,1.0,0.0,0.0,0.0,0.0,0.0,0.0,1.0,0.0,0.0,0.0,0.0,normal
1.0,4601.0,15.0,1.0,0.0,0.0,0.0,0.0,0.0,0.0,1.0,0.0,0.0,0.0,0.0,normal
1.0,4602.0,14.0,1.0,0.0,0.0,0.0,0.0,0.0,0.0,1.0,0.0,0.0,0.0,0.0,normal
1.0,4601.0,15.0,1.0,0.0,0.0,0.0,0.0,0.0,0.0,1.0,0.0,0.0,0.0,0.0,normal
1.0,4602.0,14.0,1.0,0.0,0.0,0.0,0.0,0.0,0.0,37.4,-11.4,1.0,27.0,4.9,normal
1.0,4601.0,15.0,1.0,0.0,0.0,0.0,0.0,0.0,0.0,26.5,-27.7,1.0,27.0,4.9,normal
1.0,4602.0,14.0,1.0,0.0,0.0,0.0,0.0,0.0,0.0,1.0,0.0,0.0,0.0,0.0,normal
1.0,4601.0,15.0,1.0,0.0,0.0,0.0,0.0,0.0,0.0,27.0,-27.8,1.0,26.0,4.7,normal
1.0,4602.0,14.0,1.0,0.0,0.0,0.0,0.0,0.0,0.0,36.4,-11.4,1.0,27.0,4.9,normal
1.0,4601.0,15.0,1.0,0.0,0.0,0.0,0.0,0.0,0.0,1.0,0.0,0.0,0.0,0.0,normal
1.0,4602.0,14.0,1.0,23.0,5.5,3.0,0.0,0.0,0.0,36.6,-11.4,1.0,27.0,19.0,normal
1.0,4601.0,15.0,1.0,27.0,2.8,2.0,0.0,0.0,0.0,1.0,0.0,0.0,0.0,0.0,normal
1.0,4602.0,15.0,1.0,0.0,0.0,0.0,0.0,0.0,0.0,36.8,-11.3,1.0,27.0,4.9,normal
1.0,4601.0,15.0,1.0,27.0,3.7,2.0,0.0,0.0,0.0,1.0,0.0,0.0,0.0,0.0,normal
1.0,4602.0,15.0,1.0,0.0,0.0,0.0,0.0,0.0,0.0,1.0,0.0,0.0,0.0,0.0,normal
1.0,4601.0,15.0,1.0,27.0,2.8,2.0,0.0,0.0,0.0,27.2,-28.1,1.0,27.0,4.9,normal
1.0,4602.0,15.0,1.0,0.0,0.0,0.0,0.0,0.0,0.0,1.0,0.0,0.0,0.0,0.0,normal
1.0,4601.0,15.0,1.0,26.0,3.6,2.0,0.0,0.0,0.0,1.0,0.0,0.0,0.0,0.0,normal
1.0,4602.0,15.0,1.0,0.0,0.0,0.0,0.0,0.0,0.0,1.0,0.0,0.0,0.0,0.0,normal
1.0,4601.0,15.0,1.0,0.0,0.0,0.0,0.0,0.0,0.0,1.0,0.0,0.0,0.0,0.0,normal
1.0,4602.0,15.0,1.0,0.0,0.0,0.0,0.0,0.0,0.0,1.0,0.0,0.0,0.0,0.0,normal
1.0,4601.0,15.0,1.0,27.0,3.7,2.0,0.0,0.0,0.0,1.0,0.0,0.0,0.0,0.0,normal
1.0,4602.0,15.0,1.0,0.0,0.0,0.0,0.0,0.0,0.0,1.0,0.0,0.0,0.0,0.0,normal
1.0,4601.0,15.0,1.0,27.0,13.0,8.0,0.0,0.0,0.0,1.0,0.0,0.0,0.0,0.0,normal
1.0,4602.0,15.0,1.0,0.0,0.0,0.0,0.0,0.0,0.0,35.7,-11.3,1.0,27.0,4.9,normal
1.0,4601.0,15.0,1.0,26.0,7.3,4.0,0.0,0.0,0.0,1.0,0.0,0.0,0.0,0.0,normal
1.0,4602.0,15.0,1.0,0.0,0.0,0.0,0.0,0.0,0.0,1.0,0.0,0.0,0.0,0.0,normal
1.0,4601.0,15.0,1.0,27.0,14.0,8.0,0.0,0.0,0.0,1.0,0.0,0.0,0.0,0.0,normal
1.0,4602.0,15.0,1.0,0.0,0.0,0.0,0.0,0.0,0.0,1.0,0.0,0.0,0.0,0.0,normal
1.0,4601.0,15.0,1.0,27.0,7.3,4.0,0.0,0.0,0.0,1.0,0.0,0.0,0.0,0.0,normal
1.0,4602.0,15.0,1.0,0.0,0.0,0.0,0.0,0.0,0.0,1.0,0.0,0.0,0.0,0.0,normal
1.0,4601.0,15.0,1.0,27.0,10.0,6.0,0.0,0.0,0.0,1.0,0.0,0.0,0.0,0.0,normal
1.0,4602.0,15.0,1.0,0.0,0.0,0.0,0.0,0.0,0.0,1.0,0.0,0.0,0.0,0.0,normal
1.0,4601.0,15.0,1.0,0.0,0.0,0.0,0.0,0.0,0.0,27.7,-28.0,1.0,27.0,9.7,normal
1.0,4602.0,14.0,1.0,0.0,0.0,0.0,0.0,0.0,0.0,1.0,0.0,0.0,0.0,0.0,normal
1.0,4601.0,15.0,1.0,26.0,13.0,7.0,0.0,0.0,0.0,1.0,0.0,0.0,0.0,0.0,normal
1.0,4602.0,14.0,1.0,0.0,0.0,0.0,0.0,0.0,0.0,1.0,0.0,0.0,0.0,0.0,normal
1.0,4601.0,15.0,1.0,27.0,5.6,3.0,0.0,0.0,0.0,1.0,0.0,0.0,0.0,0.0,normal
1.0,4602.0,14.0,1.0,0.0,0.0,0.0,0.0,0.0,0.0,33.1,-11.4,1.0,27.0,4.9,normal
1.0,4601.0,15.0,1.0,25.0,2.6,2.0,0.0,0.0,0.0,25.3,-28.3,1.0,27.0,4.9,normal
1.0,4602.0,14.0,1.0,0.0,0.0,0.0,0.0,0.0,0.0,1.0,0.0,0.0,0.0,0.0,normal
1.0,4601.0,15.0,1.0,26.0,29.0,713.0,3.0,0.0,451.0,26.8,-28.2,1.0,27.0,253.0,normal
1.0,4602.0,14.0,1.0,0.0,0.0,0.0,0.0,0.0,0.0,36.8,-11.5,1.0,27.0,4.9,normal
1.0,4601.0,15.0,1.0,26.0,53.0,1288.0,5.0,0.0,434.0,26.8,-28.3,1.0,27.0,428.0,normal
1.0,4602.0,14.0,1.0,0.0,0.0,0.0,0.0,0.0,0.0,1.0,0.0,0.0,0.0,0.0,normal
1.0,4601.0,15.0,1.0,26.0,58.0,1396.0,4.0,0.0,487.0,26.7,-28.5,1.0,27.0,406.0,normal
1.0,4602.0,14.0,1.0,0.0,0.0,0.0,0.0,0.0,0.0,1.0,0.0,0.0,0.0,0.0,normal
1.0,4601.0,15.0,1.0,26.0,41.0,1001.0,2.0,0.0,573.0,28.3,-26.4,1.0,27.0,351.0,normal
1.0,4602.0,14.0,1.0,0.0,0.0,0.0,0.0,0.0,0.0,1.0,0.0,0.0,0.0,0.0,normal
1.0,4601.0,15.0,1.0,26.0,48.0,1176.0,3.0,0.0,0.0,27.4,-27.4,1.0,27.0,430.0,normal
1.0,4602.0,14.0,1.0,0.0,0.0,0.0,0.0,0.0,0.0,36.7,-10.3,1.0,27.0,4.9,normal
1.0,4601.0,15.0,1.0,26.0,44.0,1087.0,3.0,0.0,138.0,27.2,-27.6,1.0,27.0,338.0,normal
1.0,4602.0,14.0,1.0,0.0,0.0,0.0,0.0,0.0,0.0,1.0,0.0,0.0,0.0,0.0,normal
1.0,4601.0,15.0,1.0,26.0,44.0,1068.0,4.0,0.0,115.0,28.0,-26.9,1.0,27.0,384.0,normal
1.0,4602.0,14.0,1.0,0.0,0.0,0.0,0.0,0.0,0.0,1.0,0.0,0.0,0.0,0.0,normal
1.0,4601.0,15.0,1.0,26.0,39.0,939.0,3.0,0.0,0.0,28.3,-26.6,1.0,27.0,285.0,normal
1.0,4602.0,14.0,1.0,0.0,0.0,0.0,0.0,0.0,0.0,1.0,0.0,0.0,0.0,0.0,normal
1.0,4601.0,15.0,1.0,27.0,3.7,2.0,0.0,0.0,0.0,1.0,0.0,0.0,0.0,0.0,normal
1.0,4602.0,14.0,1.0,0.0,0.0,0.0,0.0,0.0,0.0,1.0,0.0,0.0,0.0,0.0,normal
1.0,4601.0,15.0,1.0,0.0,0.0,0.0,0.0,0.0,0.0,1.0,0.0,0.0,0.0,0.0,normal
1.0,4602.0,14.0,1.0,0.0,0.0,0.0,0.0,0.0,0.0,1.0,0.0,0.0,0.0,0.0,normal
1.0,4601.0,15.0,1.0,27.0,3.7,2.0,0.0,0.0,0.0,29.3,-26.3,1.0,27.0,4.9,normal
1.0,4602.0,14.0,1.0,0.0,0.0,0.0,0.0,0.0,0.0,1.0,0.0,0.0,0.0,0.0,normal
1.0,4601.0,15.0,1.0,0.0,0.0,0.0,0.0,0.0,0.0,1.0,0.0,0.0,0.0,0.0,normal
1.0,4602.0,14.0,1.0,0.0,0.0,0.0,0.0,0.0,0.0,1.0,0.0,0.0,0.0,0.0,normal
1.0,4601.0,15.0,1.0,0.0,0.0,0.0,0.0,0.0,0.0,1.0,0.0,0.0,0.0,0.0,normal
1.0,4602.0,14.0,1.0,0.0,0.0,0.0,0.0,0.0,0.0,36.7,-9.8,1.0,27.0,4.9,normal
1.0,4601.0,15.0,1.0,0.0,0.0,0.0,0.0,0.0,0.0,1.0,0.0,0.0,0.0,0.0,normal
1.0,4602.0,14.0,1.0,0.0,0.0,0.0,0.0,0.0,0.0,37.0,-11.7,1.0,27.0,9.7,normal
1.0,4601.0,15.0,1.0,0.0,0.0,0.0,0.0,0.0,0.0,26.2,-28.7,1.0,27.0,4.9,normal
1.0,4602.0,14.0,1.0,0.0,0.0,0.0,0.0,0.0,0.0,36.7,-10.1,1.0,27.0,4.9,normal
1.0,4601.0,15.0,1.0,27.0,3.7,2.0,0.0,0.0,0.0,1.0,0.0,0.0,0.0,0.0,normal
1.0,4602.0,14.0,1.0,0.0,0.0,0.0,0.0,0.0,0.0,1.0,0.0,0.0,0.0,0.0,normal
1.0,4601.0,15.0,1.0,26.0,8.0,5.0,0.0,0.0,0.0,1.0,0.0,0.0,0.0,0.0,normal
1.0,4602.0,14.0,1.0,0.0,0.0,0.0,0.0,0.0,0.0,35.1,-14.7,1.0,27.0,4.9,normal
1.0,4601.0,15.0,1.0,27.0,12.0,7.0,0.0,0.0,0.0,1.0,0.0,0.0,0.0,0.0,normal
1.0,4602.0,14.0,1.0,0.0,0.0,0.0,0.0,0.0,0.0,35.3,-16.1,1.0,27.0,4.9,normal
1.0,4601.0,15.0,1.0,27.0,14.0,8.0,0.0,0.0,0.0,1.0,0.0,0.0,0.0,0.0,normal
1.0,4602.0,14.0,1.0,0.0,0.0,0.0,0.0,0.0,0.0,1.0,0.0,0.0,0.0,0.0,normal
1.0,4601.0,15.0,1.0,27.0,13.0,7.0,0.0,0.0,0.0,1.0,0.0,0.0,0.0,0.0,normal
1.0,4602.0,15.0,1.0,26.0,27.0,702.0,2.0,0.0,30.6,35.1,-13.8,1.0,27.0,255.0,normal
1.0,4601.0,15.0,1.0,27.0,3.7,2.0,0.0,0.0,0.0,1.0,0.0,0.0,0.0,0.0,normal
1.0,4602.0,15.0,1.0,26.0,41.0,996.0,5.0,0.0,0.0,35.7,-9.0,1.0,27.0,259.0,normal
1.0,4601.0,15.0,1.0,27.0,14.0,8.0,0.0,0.0,0.0,33.0,-21.0,1.0,26.0,4.7,normal
1.0,4602.0,15.0,1.0,26.0,48.0,1205.0,11.0,0.0,174.0,34.9,-12.4,1.0,27.0,347.0,normal
1.0,4601.0,15.0,1.0,27.0,3.7,2.0,0.0,0.0,0.0,1.0,0.0,0.0,0.0,0.0,normal
1.0,4602.0,15.0,1.0,26.0,43.0,1073.0,5.0,0.0,33.6,33.9,-14.6,1.0,27.0,319.0,normal
1.0,4601.0,15.0,1.0,0.0,0.0,0.0,0.0,0.0,0.0,1.0,0.0,0.0,0.0,0.0,normal
1.0,4602.0,15.0,1.0,26.0,42.0,1024.0,12.0,1.0,51.2,30.4,-22.6,1.0,27.0,359.0,normal
1.0,4601.0,14.0,1.0,0.0,0.0,0.0,0.0,0.0,0.0,1.0,0.0,0.0,0.0,0.0,normal
1.0,4602.0,15.0,1.0,24.0,41.0,1123.0,28.0,2.0,0.0,33.6,-17.6,1.0,27.0,295.0,normal
1.0,4601.0,14.0,1.0,0.0,0.0,0.0,0.0,0.0,0.0,1.0,0.0,0.0,0.0,0.0,normal
1.0,4602.0,15.0,1.0,22.0,41.0,1175.0,17.0,1.0,471.0,32.3,-19.2,1.0,27.0,327.0,normal
1.0,4601.0,14.0,1.0,26.0,3.5,2.0,1.0,33.0,0.0,1.0,0.0,0.0,0.0,0.0,normal
1.0,4602.0,15.0,1.0,21.0,14.0,434.0,1.0,0.0,0.0,33.0,-19.1,1.0,27.0,107.0,normal
1.0,4601.0,14.0,1.0,0.0,0.0,0.0,0.0,0.0,0.0,1.0,0.0,0.0,0.0,0.0,normal
1.0,4602.0,15.0,1.0,0.0,0.0,0.0,0.0,0.0,0.0,1.0,0.0,0.0,0.0,0.0,normal
1.0,4601.0,13.0,1.0,24.0,6.4,4.0,2.0,33.0,0.0,34.9,-15.0,1.0,27.0,15.0,normal
1.0,4602.0,14.0,1.0,0.0,0.0,0.0,0.0,0.0,0.0,1.0,0.0,0.0,0.0,0.0,normal
1.0,4601.0,13.0,1.0,0.0,0.0,0.0,0.0,0.0,0.0,1.0,0.0,0.0,0.0,0.0,normal
1.0,4602.0,15.0,1.0,0.0,0.0,0.0,0.0,0.0,0.0,1.0,0.0,0.0,0.0,0.0,normal
1.0,4601.0,13.0,1.0,0.0,0.0,0.0,0.0,0.0,0.0,32.6,-21.3,1.0,27.0,4.9,normal
1.0,4602.0,14.0,1.0,0.0,0.0,0.0,0.0,0.0,0.0,1.0,0.0,0.0,0.0,0.0,normal
1.0,4601.0,13.0,1.0,0.0,0.0,0.0,0.0,0.0,0.0,33.4,-19.0,1.0,27.0,4.9,normal
1.0,4602.0,15.0,1.0,0.0,0.0,0.0,0.0,0.0,0.0,1.0,0.0,0.0,0.0,0.0,normal
1.0,4601.0,14.0,1.0,22.0,3.0,2.0,0.0,0.0,0.0,1.0,0.0,0.0,0.0,0.0,normal
1.0,4602.0,14.0,1.0,0.0,0.0,0.0,0.0,0.0,0.0,1.0,0.0,0.0,0.0,0.0,normal
1.0,4601.0,15.0,1.0,25.0,39.0,991.0,12.0,1.0,554.0,30.0,-23.1,1.0,26.0,336.0,normal
1.0,4602.0,14.0,1.0,0.0,0.0,0.0,0.0,0.0,0.0,35.0,-15.5,1.0,27.0,4.9,normal
1.0,4601.0,15.0,1.0,24.0,38.0,1004.0,25.0,2.0,559.0,32.4,-17.7,1.0,27.0,299.0,normal
1.0,4602.0,13.0,1.0,0.0,0.0,0.0,0.0,0.0,0.0,1.0,0.0,0.0,0.0,0.0,normal
1.0,4601.0,15.0,1.0,22.0,45.0,1379.0,21.0,1.0,637.0,32.1,-18.7,1.0,27.0,330.0,normal
1.0,4602.0,13.0,1.0,0.0,0.0,0.0,0.0,0.0,0.0,1.0,0.0,0.0,0.0,0.0,normal
1.0,4601.0,14.0,1.0,18.0,38.0,1369.0,31.0,2.0,278.0,33.5,-15.0,1.0,27.0,326.0,normal
1.0,4602.0,12.0,1.0,0.0,0.0,0.0,0.0,0.0,0.0,1.0,0.0,0.0,0.0,0.0,normal
1.0,4601.0,15.0,1.0,19.0,32.0,1133.0,48.0,4.0,487.0,33.5,-15.3,1.0,27.0,346.0,normal
1.0,4602.0,13.0,1.0,0.0,0.0,0.0,0.0,0.0,0.0,1.0,0.0,0.0,0.0,0.0,normal
1.0,4601.0,15.0,1.0,19.0,35.0,1210.0,20.0,1.0,503.0,31.9,-19.8,1.0,27.0,333.0,normal
1.0,4602.0,13.0,1.0,0.0,0.0,0.0,0.0,0.0,0.0,31.8,-21.6,1.0,27.0,4.9,normal
1.0,4601.0,15.0,1.0,19.0,19.0,652.0,0.0,0.0,0.0,32.1,-21.5,1.0,27.0,159.0,normal
1.0,4602.0,14.0,1.0,17.0,2.3,2.0,0.0,0.0,0.0,30.6,-22.6,1.0,27.0,4.9,normal
1.0,4601.0,15.0,1.0,0.0,0.0,0.0,0.0,0.0,0.0,1.0,0.0,0.0,0.0,0.0,normal
1.0,4602.0,14.0,1.0,0.0,0.0,0.0,0.0,0.0,0.0,1.0,0.0,0.0,0.0,0.0,normal
1.0,4601.0,14.0,1.0,0.0,0.0,0.0,0.0,0.0,0.0,1.0,0.0,0.0,0.0,0.0,normal
1.0,4602.0,14.0,1.0,0.0,0.0,0.0,0.0,0.0,0.0,34.4,-17.1,1.0,27.0,4.9,normal
1.0,4601.0,14.0,1.0,0.0,0.0,0.0,0.0,0.0,0.0,1.0,0.0,0.0,0.0,0.0,normal
1.0,4602.0,14.0,1.0,20.0,2.0,2.0,0.0,0.0,0.0,1.0,0.0,0.0,0.0,0.0,normal
1.0,4601.0,14.0,1.0,0.0,0.0,0.0,0.0,0.0,0.0,1.0,0.0,0.0,0.0,0.0,normal
1.0,4602.0,14.0,1.0,0.0,0.0,0.0,0.0,0.0,0.0,1.0,0.0,0.0,0.0,0.0,normal
1.0,4601.0,14.0,1.0,0.0,0.0,0.0,0.0,0.0,0.0,1.0,0.0,0.0,0.0,0.0,normal
1.0,4602.0,14.0,1.0,0.0,0.0,0.0,0.0,0.0,0.0,31.5,-23.6,1.0,27.0,4.9,normal
1.0,4601.0,13.0,1.0,0.0,0.0,0.0,0.0,0.0,0.0,1.0,0.0,0.0,0.0,0.0,normal
1.0,4602.0,14.0,1.0,19.0,2.6,2.0,0.0,0.0,0.0,1.0,0.0,0.0,0.0,0.0,normal
1.0,4601.0,13.0,1.0,0.0,0.0,0.0,0.0,0.0,0.0,1.0,0.0,0.0,0.0,0.0,normal
1.0,4602.0,14.0,1.0,0.0,0.0,0.0,0.0,0.0,0.0,30.8,-22.4,1.0,27.0,4.9,normal
1.0,4601.0,13.0,1.0,0.0,0.0,0.0,0.0,0.0,0.0,1.0,0.0,0.0,0.0,0.0,normal
1.0,4602.0,14.0,1.0,0.0,0.0,0.0,0.0,0.0,0.0,31.2,-23.3,1.0,27.0,9.7,normal
1.0,4601.0,13.0,1.0,0.0,0.0,0.0,0.0,0.0,0.0,1.0,0.0,0.0,0.0,0.0,normal
1.0,4602.0,14.0,1.0,0.0,0.0,0.0,0.0,0.0,0.0,1.0,0.0,0.0,0.0,0.0,normal
1.0,4601.0,13.0,1.0,0.0,0.0,0.0,0.0,0.0,0.0,1.0,0.0,0.0,0.0,0.0,normal
1.0,4602.0,14.0,1.0,0.0,0.0,0.0,0.0,0.0,0.0,1.0,0.0,0.0,0.0,0.0,normal
1.0,4601.0,12.0,1.0,0.0,0.0,0.0,0.0,0.0,0.0,1.0,0.0,0.0,0.0,0.0,normal
1.0,4602.0,14.0,1.0,0.0,0.0,0.0,0.0,0.0,0.0,1.0,0.0,0.0,0.0,0.0,normal
1.0,4601.0,13.0,1.0,0.0,0.0,0.0,0.0,0.0,0.0,1.0,0.0,0.0,0.0,0.0,normal
1.0,4602.0,14.0,1.0,20.0,2.7,2.0,0.0,0.0,0.0,1.0,0.0,0.0,0.0,0.0,normal
1.0,4601.0,14.0,1.0,0.0,0.0,0.0,0.0,0.0,0.0,1.0,0.0,0.0,0.0,0.0,normal
1.0,4602.0,14.0,1.0,20.0,2.6,2.0,0.0,0.0,0.0,1.0,0.0,0.0,0.0,0.0,normal
1.0,4601.0,13.0,1.0,0.0,0.0,0.0,0.0,0.0,0.0,1.0,0.0,0.0,0.0,0.0,normal
1.0,4602.0,14.0,1.0,0.0,0.0,0.0,0.0,0.0,0.0,1.0,0.0,0.0,0.0,0.0,normal
1.0,4601.0,13.0,1.0,0.0,0.0,0.0,0.0,0.0,0.0,1.0,0.0,0.0,0.0,0.0,normal
1.0,4602.0,14.0,1.0,0.0,0.0,0.0,0.0,0.0,0.0,1.0,0.0,0.0,0.0,0.0,normal
1.0,4601.0,13.0,1.0,0.0,0.0,0.0,0.0,0.0,0.0,1.0,0.0,0.0,0.0,0.0,normal
1.0,4602.0,14.0,1.0,0.0,0.0,0.0,0.0,0.0,0.0,1.0,0.0,0.0,0.0,0.0,normal
1.0,4601.0,13.0,1.0,0.0,0.0,0.0,0.0,0.0,0.0,1.0,0.0,0.0,0.0,0.0,normal
1.0,4602.0,14.0,1.0,0.0,0.0,0.0,0.0,0.0,0.0,28.2,-26.9,1.0,27.0,4.9,normal
1.0,4601.0,14.0,1.0,0.0,0.0,0.0,0.0,0.0,0.0,1.0,0.0,0.0,0.0,0.0,normal
1.0,4602.0,14.0,1.0,20.0,6.6,5.0,0.0,0.0,0.0,33.3,-18.8,1.0,27.0,4.9,normal
1.0,4601.0,13.0,1.0,0.0,0.0,0.0,0.0,0.0,0.0,1.0,0.0,0.0,0.0,0.0,normal
1.0,4602.0,14.0,1.0,0.0,0.0,0.0,0.0,0.0,0.0,33.6,-18.0,1.0,27.0,9.7,normal
1.0,4601.0,13.0,1.0,0.0,0.0,0.0,0.0,0.0,0.0,1.0,0.0,0.0,0.0,0.0,normal
1.0,4602.0,13.0,1.0,17.0,2.3,2.0,0.0,0.0,0.0,1.0,0.0,0.0,0.0,0.0,normal
1.0,4601.0,13.0,1.0,0.0,0.0,0.0,0.0,0.0,0.0,1.0,0.0,0.0,0.0,0.0,normal
1.0,4602.0,13.0,1.0,0.0,0.0,0.0,0.0,0.0,0.0,1.0,0.0,0.0,0.0,0.0,normal
1.0,4601.0,14.0,1.0,0.0,0.0,0.0,0.0,0.0,0.0,1.0,0.0,0.0,0.0,0.0,normal
1.0,4602.0,13.0,1.0,20.0,4.6,4.0,0.0,0.0,0.0,1.0,0.0,0.0,0.0,0.0,normal
1.0,4601.0,14.0,1.0,0.0,0.0,0.0,0.0,0.0,0.0,1.0,0.0,0.0,0.0,0.0,normal
1.0,4602.0,13.0,1.0,0.0,0.0,0.0,0.0,0.0,0.0,1.0,0.0,0.0,0.0,0.0,normal
1.0,4601.0,14.0,1.0,19.0,5.0,4.0,0.0,0.0,0.0,32.6,-20.9,1.0,27.0,4.9,normal
1.0,4602.0,13.0,1.0,0.0,0.0,0.0,0.0,0.0,0.0,1.0,0.0,0.0,0.0,0.0,normal
1.0,4601.0,14.0,1.0,0.0,0.0,0.0,0.0,0.0,0.0,1.0,0.0,0.0,0.0,0.0,normal
1.0,4602.0,13.0,1.0,0.0,0.0,0.0,0.0,0.0,0.0,1.0,0.0,0.0,0.0,0.0,normal
1.0,4601.0,13.0,1.0,0.0,0.0,0.0,0.0,0.0,0.0,1.0,0.0,0.0,0.0,0.0,normal
1.0,4602.0,12.0,1.0,19.0,2.5,2.0,0.0,0.0,0.0,1.0,0.0,0.0,0.0,0.0,normal
1.0,4601.0,12.0,1.0,13.0,1.7,2.0,0.0,0.0,0.0,1.0,0.0,0.0,0.0,0.0,normal
1.0,4602.0,12.0,1.0,0.0,0.0,0.0,0.0,0.0,0.0,1.0,0.0,0.0,0.0,0.0,normal
1.0,4601.0,15.0,1.0,0.0,0.0,0.0,0.0,0.0,0.0,36.1,-12.9,1.0,27.0,4.9,normal
1.0,4602.0,14.0,1.0,0.0,0.0,0.0,0.0,0.0,0.0,1.0,0.0,0.0,0.0,0.0,normal
1.0,4601.0,14.0,1.0,0.0,0.0,0.0,0.0,0.0,0.0,1.0,0.0,0.0,0.0,0.0,normal
1.0,4602.0,13.0,1.0,0.0,0.0,0.0,0.0,0.0,0.0,34.0,-13.0,1.0,27.0,4.9,normal
1.0,4601.0,15.0,1.0,20.0,2.7,2.0,0.0,0.0,0.0,1.0,0.0,0.0,0.0,0.0,normal
1.0,4602.0,14.0,1.0,0.0,0.0,0.0,0.0,0.0,0.0,1.0,0.0,0.0,0.0,0.0,normal
1.0,4601.0,14.0,1.0,0.0,0.0,0.0,0.0,0.0,0.0,34.5,-17.9,1.0,27.0,4.9,normal
1.0,4602.0,13.0,1.0,0.0,0.0,0.0,0.0,0.0,0.0,1.0,0.0,0.0,0.0,0.0,normal
1.0,4601.0,15.0,1.0,0.0,0.0,0.0,0.0,0.0,0.0,34.8,-16.5,1.0,27.0,4.9,normal
1.0,4602.0,14.0,1.0,0.0,0.0,0.0,0.0,0.0,0.0,1.0,0.0,0.0,0.0,0.0,normal
1.0,4601.0,15.0,1.0,0.0,0.0,0.0,0.0,0.0,0.0,1.0,0.0,0.0,0.0,0.0,normal
1.0,4602.0,14.0,1.0,22.0,20.0,622.0,7.0,1.0,388.0,35.0,-9.8,1.0,27.0,234.0,normal
1.0,4601.0,14.0,1.0,0.0,0.0,0.0,0.0,0.0,0.0,34.7,-12.7,1.0,27.0,4.9,normal
1.0,4602.0,15.0,1.0,20.0,30.0,975.0,18.0,1.0,0.0,34.7,-9.7,1.0,27.0,283.0,normal
1.0,4601.0,15.0,1.0,0.0,0.0,0.0,0.0,0.0,0.0,1.0,0.0,0.0,0.0,0.0,normal
1.0,4602.0,15.0,1.0,20.0,34.0,1106.0,1.0,0.0,446.0,34.5,-11.5,1.0,27.0,322.0,normal
1.0,4601.0,15.0,1.0,0.0,0.0,0.0,0.0,0.0,0.0,1.0,0.0,0.0,0.0,0.0,normal
1.0,4602.0,15.0,1.0,22.0,36.0,1065.0,7.0,0.0,453.0,34.7,-10.9,1.0,27.0,332.0,normal
1.0,4601.0,14.0,1.0,0.0,0.0,0.0,0.0,0.0,0.0,1.0,0.0,0.0,0.0,0.0,normal
1.0,4602.0,15.0,1.0,23.0,41.0,1190.0,8.0,0.0,0.0,35.0,-8.7,1.0,27.0,373.0,normal
1.0,4601.0,15.0,1.0,0.0,0.0,0.0,0.0,0.0,0.0,1.0,0.0,0.0,0.0,0.0,normal
1.0,4602.0,15.0,1.0,24.0,44.0,1214.0,5.0,0.0,0.0,35.2,-12.4,1.0,27.0,394.0,normal
1.0,4601.0,15.0,1.0,0.0,0.0,0.0,0.0,0.0,0.0,1.0,0.0,0.0,0.0,0.0,normal
1.0,4602.0,13.0,1.0,22.0,3.0,2.0,0.0,0.0,0.0,34.8,-10.8,1.0,27.0,23.0,normal
1.0,4601.0,15.0,1.0,0.0,0.0,0.0,0.0,0.0,0.0,1.0,0.0,0.0,0.0,0.0,normal
1.0,4602.0,13.0,1.0,20.0,1.4,1.0,1.0,50.0,0.0,34.9,-9.5,1.0,27.0,17.0,normal
1.0,4601.0,15.0,1.0,0.0,0.0,0.0,0.0,0.0,0.0,1.0,0.0,0.0,0.0,0.0,normal
1.0,4602.0,13.0,1.0,0.0,0.0,0.0,0.0,0.0,0.0,1.0,0.0,0.0,0.0,0.0,normal
1.0,4601.0,14.0,1.0,0.0,0.0,0.0,0.0,0.0,0.0,1.0,0.0,0.0,0.0,0.0,normal
1.0,4602.0,12.0,1.0,18.0,1.2,1.0,0.0,0.0,0.0,34.3,-10.6,1.0,27.0,12.0,normal
1.0,4601.0,14.0,1.0,0.0,0.0,0.0,0.0,0.0,0.0,1.0,0.0,0.0,0.0,0.0,normal
1.0,4602.0,12.0,1.0,0.0,0.0,0.0,0.0,0.0,0.0,1.0,0.0,0.0,0.0,0.0,normal
1.0,4601.0,15.0,1.0,20.0,32.0,1023.0,1.0,0.0,740.0,35.2,-8.9,1.0,27.0,315.0,normal
1.0,4602.0,12.0,1.0,0.0,0.0,0.0,0.0,0.0,0.0,1.0,0.0,0.0,0.0,0.0,normal
1.0,4601.0,15.0,1.0,22.0,47.0,1395.0,5.0,0.0,419.0,34.6,-8.4,1.0,27.0,373.0,normal
1.0,4602.0,12.0,1.0,0.0,0.0,0.0,0.0,0.0,0.0,1.0,0.0,0.0,0.0,0.0,normal
1.0,4601.0,15.0,1.0,24.0,37.0,1008.0,1.0,0.0,61.0,35.5,-8.7,1.0,27.0,318.0,normal
1.0,4602.0,12.0,1.0,0.0,0.0,0.0,0.0,0.0,0.0,1.0,0.0,0.0,0.0,0.0,normal
1.0,4601.0,15.0,1.0,25.0,48.0,1264.0,7.0,0.0,721.0,35.5,-8.4,1.0,27.0,387.0,normal
1.0,4602.0,12.0,1.0,22.0,4.6,139.0,0.0,0.0,46.6,34.6,-10.8,1.0,27.0,182.0,normal
1.0,4601.0,15.0,1.0,25.0,26.0,659.0,7.0,1.0,71.4,35.5,-8.8,1.0,27.0,329.0,normal
1.0,4602.0,15.0,1.0,23.0,26.0,737.0,12.0,1.0,481.0,35.1,-9.5,1.0,27.0,339.0,normal
1.0,4601.0,15.0,1.0,25.0,41.0,1075.0,11.0,1.0,19.8,35.3,-9.6,1.0,27.0,540.0,normal
1.0,4602.0,14.0,1.0,23.0,11.0,306.0,2.0,0.0,0.0,35.3,-9.7,1.0,27.0,154.0,normal
1.0,4601.0,15.0,1.0,25.0,40.0,1064.0,12.0,1.0,16.8,35.6,-9.6,1.0,27.0,348.0,normal
1.0,4602.0,12.0,1.0,17.0,8.1,5.0,0.0,0.0,0.0,34.0,-10.0,1.0,27.0,37.0,normal
1.0,4601.0,15.0,1.0,25.0,38.0,981.0,7.0,0.0,678.0,35.5,-9.7,1.0,27.0,384.0,normal
1.0,4602.0,14.0,1.0,22.0,14.0,412.0,3.0,0.0,653.0,35.6,-10.1,1.0,27.0,245.0,normal
1.0,4601.0,15.0,1.0,25.0,43.0,1081.0,7.0,0.0,240.0,35.9,-9.2,1.0,27.0,346.0,normal
1.0,4602.0,14.0,1.0,23.0,11.0,312.0,3.0,0.0,0.0,35.1,-9.9,1.0,27.0,154.0,normal
1.0,4601.0,15.0,1.0,25.0,37.0,1114.0,9.0,0.0,11.3,35.6,-9.5,1.0,27.0,346.0,normal
1.0,4602.0,12.0,1.0,0.0,0.0,0.0,0.0,0.0,0.0,1.0,0.0,0.0,0.0,0.0,normal
1.0,4601.0,14.0,1.0,25.0,18.0,534.0,12.0,2.0,0.0,35.4,-8.8,1.0,27.0,145.0,normal
1.0,4602.0,12.0,1.0,0.0,0.0,0.0,0.0,0.0,0.0,1.0,0.0,0.0,0.0,0.0,normal
1.0,4601.0,14.0,1.0,24.0,20.0,652.0,3.0,0.0,14.3,35.7,-9.9,1.0,27.0,207.0,normal
1.0,4602.0,12.0,1.0,0.0,0.0,0.0,0.0,0.0,0.0,35.6,-8.8,1.0,27.0,9.7,normal
1.0,4601.0,15.0,1.0,25.0,33.0,1067.0,4.0,0.0,0.0,35.8,-10.6,1.0,27.0,288.0,normal
1.0,4602.0,12.0,1.0,0.0,0.0,0.0,0.0,0.0,0.0,1.0,0.0,0.0,0.0,0.0,normal
1.0,4601.0,13.0,1.0,0.0,0.0,0.0,0.0,0.0,0.0,1.0,0.0,0.0,0.0,0.0,normal
1.0,4602.0,12.0,1.0,0.0,0.0,0.0,0.0,0.0,0.0,36.1,-8.7,1.0,27.0,4.9,normal
1.0,4601.0,14.0,1.0,25.0,15.0,8.0,0.0,0.0,0.0,34.3,-12.7,1.0,27.0,85.0,normal
1.0,4602.0,13.0,1.0,0.0,0.0,0.0,0.0,0.0,0.0,35.2,-8.8,1.0,27.0,4.9,normal
1.0,4601.0,15.0,1.0,0.0,0.0,0.0,0.0,0.0,0.0,1.0,0.0,0.0,0.0,0.0,normal
1.0,4602.0,12.0,1.0,0.0,0.0,0.0,0.0,0.0,0.0,34.5,-8.9,1.0,27.0,4.9,normal
1.0,4601.0,15.0,1.0,0.0,0.0,0.0,0.0,0.0,0.0,37.1,-13.2,1.0,27.0,4.9,normal
1.0,4602.0,13.0,1.0,0.0,0.0,0.0,0.0,0.0,0.0,1.0,0.0,0.0,0.0,0.0,normal
1.0,4601.0,15.0,1.0,0.0,0.0,0.0,0.0,0.0,0.0,1.0,0.0,0.0,0.0,0.0,normal
1.0,4602.0,12.0,1.0,0.0,0.0,0.0,0.0,0.0,0.0,1.0,0.0,0.0,0.0,0.0,normal
1.0,4601.0,15.0,1.0,0.0,0.0,0.0,0.0,0.0,0.0,1.0,0.0,0.0,0.0,0.0,normal
1.0,4602.0,12.0,1.0,0.0,0.0,0.0,0.0,0.0,0.0,1.0,0.0,0.0,0.0,0.0,normal
1.0,4601.0,15.0,1.0,0.0,0.0,0.0,0.0,0.0,0.0,1.0,0.0,0.0,0.0,0.0,normal
1.0,4602.0,12.0,1.0,0.0,0.0,0.0,0.0,0.0,0.0,1.0,0.0,0.0,0.0,0.0,normal
1.0,4601.0,15.0,1.0,0.0,0.0,0.0,0.0,0.0,0.0,1.0,0.0,0.0,0.0,0.0,normal
1.0,4602.0,12.0,1.0,0.0,0.0,0.0,0.0,0.0,0.0,1.0,0.0,0.0,0.0,0.0,normal
1.0,4601.0,15.0,1.0,0.0,0.0,0.0,0.0,0.0,0.0,1.0,0.0,0.0,0.0,0.0,normal
1.0,4602.0,12.0,1.0,0.0,0.0,0.0,0.0,0.0,0.0,1.0,0.0,0.0,0.0,0.0,normal
1.0,4601.0,15.0,1.0,0.0,0.0,0.0,0.0,0.0,0.0,1.0,0.0,0.0,0.0,0.0,normal
1.0,4602.0,12.0,1.0,0.0,0.0,0.0,0.0,0.0,0.0,1.0,0.0,0.0,0.0,0.0,normal
1.0,4601.0,15.0,1.0,0.0,0.0,0.0,0.0,0.0,0.0,1.0,0.0,0.0,0.0,0.0,normal
1.0,4602.0,12.0,1.0,0.0,0.0,0.0,0.0,0.0,0.0,1.0,0.0,0.0,0.0,0.0,normal
1.0,4601.0,15.0,1.0,0.0,0.0,0.0,0.0,0.0,0.0,1.0,0.0,0.0,0.0,0.0,normal
1.0,4602.0,12.0,1.0,0.0,0.0,0.0,0.0,0.0,0.0,1.0,0.0,0.0,0.0,0.0,normal
1.0,4601.0,15.0,1.0,0.0,0.0,0.0,0.0,0.0,0.0,1.0,0.0,0.0,0.0,0.0,normal
1.0,4602.0,12.0,1.0,0.0,0.0,0.0,0.0,0.0,0.0,1.0,0.0,0.0,0.0,0.0,normal
1.0,4601.0,14.0,1.0,0.0,0.0,0.0,0.0,0.0,0.0,1.0,0.0,0.0,0.0,0.0,normal
1.0,4602.0,12.0,1.0,0.0,0.0,0.0,0.0,0.0,0.0,34.8,-10.0,1.0,27.0,4.9,normal
1.0,4601.0,14.0,1.0,0.0,0.0,0.0,0.0,0.0,0.0,1.0,0.0,0.0,0.0,0.0,normal
1.0,4602.0,12.0,1.0,0.0,0.0,0.0,0.0,0.0,0.0,1.0,0.0,0.0,0.0,0.0,normal
1.0,4601.0,14.0,1.0,0.0,0.0,0.0,0.0,0.0,0.0,1.0,0.0,0.0,0.0,0.0,normal
1.0,4602.0,12.0,1.0,0.0,0.0,0.0,0.0,0.0,0.0,1.0,0.0,0.0,0.0,0.0,normal
1.0,4601.0,14.0,1.0,0.0,0.0,0.0,0.0,0.0,0.0,36.3,-12.3,1.0,27.0,4.9,normal
1.0,4602.0,12.0,1.0,0.0,0.0,0.0,0.0,0.0,0.0,1.0,0.0,0.0,0.0,0.0,normal
1.0,4601.0,14.0,1.0,0.0,0.0,0.0,0.0,0.0,0.0,1.0,0.0,0.0,0.0,0.0,normal
1.0,4602.0,12.0,1.0,0.0,0.0,0.0,0.0,0.0,0.0,1.0,0.0,0.0,0.0,0.0,normal
1.0,4601.0,14.0,1.0,0.0,0.0,0.0,0.0,0.0,0.0,36.7,-13.5,1.0,27.0,4.9,normal
1.0,4602.0,12.0,1.0,0.0,0.0,0.0,0.0,0.0,0.0,1.0,0.0,0.0,0.0,0.0,normal
1.0,4601.0,14.0,1.0,0.0,0.0,0.0,0.0,0.0,0.0,1.0,0.0,0.0,0.0,0.0,normal
1.0,4602.0,12.0,1.0,0.0,0.0,0.0,0.0,0.0,0.0,1.0,0.0,0.0,0.0,0.0,normal
1.0,4601.0,14.0,1.0,0.0,0.0,0.0,0.0,0.0,0.0,1.0,0.0,0.0,0.0,0.0,normal
1.0,4602.0,12.0,1.0,0.0,0.0,0.0,0.0,0.0,0.0,1.0,0.0,0.0,0.0,0.0,normal
1.0,4601.0,14.0,1.0,0.0,0.0,0.0,0.0,0.0,0.0,35.1,-12.4,1.0,27.0,9.7,normal
1.0,4602.0,12.0,1.0,0.0,0.0,0.0,0.0,0.0,0.0,34.9,-10.0,1.0,27.0,4.9,normal
1.0,4601.0,14.0,1.0,0.0,0.0,0.0,0.0,0.0,0.0,1.0,0.0,0.0,0.0,0.0,normal
1.0,4602.0,12.0,1.0,0.0,0.0,0.0,0.0,0.0,0.0,1.0,0.0,0.0,0.0,0.0,normal
1.0,4601.0,14.0,1.0,0.0,0.0,0.0,0.0,0.0,0.0,1.0,0.0,0.0,0.0,0.0,normal
1.0,4602.0,12.0,1.0,0.0,0.0,0.0,0.0,0.0,0.0,1.0,0.0,0.0,0.0,0.0,normal
1.0,4601.0,14.0,1.0,0.0,0.0,0.0,0.0,0.0,0.0,1.0,0.0,0.0,0.0,0.0,normal
1.0,4602.0,12.0,1.0,0.0,0.0,0.0,0.0,0.0,0.0,1.0,0.0,0.0,0.0,0.0,normal
1.0,4601.0,14.0,1.0,0.0,0.0,0.0,0.0,0.0,0.0,1.0,0.0,0.0,0.0,0.0,normal
1.0,4602.0,12.0,1.0,0.0,0.0,0.0,0.0,0.0,0.0,1.0,0.0,0.0,0.0,0.0,normal
1.0,4601.0,14.0,1.0,0.0,0.0,0.0,0.0,0.0,0.0,1.0,0.0,0.0,0.0,0.0,normal
1.0,4602.0,12.0,1.0,0.0,0.0,0.0,0.0,0.0,0.0,36.4,-10.0,1.0,27.0,4.9,normal
1.0,4601.0,14.0,1.0,0.0,0.0,0.0,0.0,0.0,0.0,1.0,0.0,0.0,0.0,0.0,normal
1.0,4602.0,12.0,1.0,0.0,0.0,0.0,0.0,0.0,0.0,1.0,0.0,0.0,0.0,0.0,normal
1.0,4601.0,14.0,1.0,24.0,6.8,4.0,0.0,0.0,0.0,35.8,-12.6,1.0,27.0,9.7,normal
1.0,4602.0,12.0,1.0,0.0,0.0,0.0,0.0,0.0,0.0,1.0,0.0,0.0,0.0,0.0,normal
1.0,4601.0,15.0,1.0,0.0,0.0,0.0,0.0,0.0,0.0,1.0,0.0,0.0,0.0,0.0,normal
1.0,4602.0,12.0,1.0,0.0,0.0,0.0,0.0,0.0,0.0,35.9,-10.0,1.0,27.0,4.9,normal
1.0,4601.0,15.0,1.0,0.0,0.0,0.0,0.0,0.0,0.0,35.2,-12.3,1.0,27.0,4.9,normal
1.0,4602.0,12.0,1.0,0.0,0.0,0.0,0.0,0.0,0.0,1.0,0.0,0.0,0.0,0.0,normal
1.0,4601.0,15.0,1.0,0.0,0.0,0.0,0.0,0.0,0.0,1.0,0.0,0.0,0.0,0.0,normal
1.0,4602.0,12.0,1.0,0.0,0.0,0.0,0.0,0.0,0.0,1.0,0.0,0.0,0.0,0.0,normal
1.0,4601.0,15.0,1.0,0.0,0.0,0.0,0.0,0.0,0.0,1.0,0.0,0.0,0.0,0.0,normal
1.0,4602.0,12.0,1.0,0.0,0.0,0.0,0.0,0.0,0.0,35.7,-9.9,1.0,27.0,4.9,normal
1.0,4601.0,15.0,1.0,0.0,0.0,0.0,0.0,0.0,0.0,1.0,0.0,0.0,0.0,0.0,normal
1.0,4602.0,12.0,1.0,0.0,0.0,0.0,0.0,0.0,0.0,1.0,0.0,0.0,0.0,0.0,normal
1.0,4601.0,15.0,1.0,0.0,0.0,0.0,0.0,0.0,0.0,1.0,0.0,0.0,0.0,0.0,normal
1.0,4602.0,12.0,1.0,0.0,0.0,0.0,0.0,0.0,0.0,1.0,0.0,0.0,0.0,0.0,normal
1.0,4601.0,15.0,1.0,0.0,0.0,0.0,0.0,0.0,0.0,1.0,0.0,0.0,0.0,0.0,normal
1.0,4602.0,12.0,1.0,0.0,0.0,0.0,0.0,0.0,0.0,1.0,0.0,0.0,0.0,0.0,normal
1.0,4601.0,15.0,1.0,0.0,0.0,0.0,0.0,0.0,0.0,34.8,-12.6,1.0,27.0,4.9,normal
1.0,4602.0,12.0,1.0,0.0,0.0,0.0,0.0,0.0,0.0,1.0,0.0,0.0,0.0,0.0,normal
1.0,4601.0,15.0,1.0,0.0,0.0,0.0,0.0,0.0,0.0,1.0,0.0,0.0,0.0,0.0,normal
1.0,4602.0,12.0,1.0,0.0,0.0,0.0,0.0,0.0,0.0,1.0,0.0,0.0,0.0,0.0,normal
1.0,4601.0,15.0,1.0,0.0,0.0,0.0,0.0,0.0,0.0,35.7,-12.4,1.0,27.0,4.9,normal
1.0,4602.0,12.0,1.0,0.0,0.0,0.0,0.0,0.0,0.0,1.0,0.0,0.0,0.0,0.0,normal
1.0,4601.0,15.0,1.0,0.0,0.0,0.0,0.0,0.0,0.0,35.9,-12.4,1.0,27.0,9.7,normal
1.0,4602.0,14.0,1.0,22.0,21.0,614.0,5.0,0.0,165.0,34.3,-10.9,1.0,27.0,242.0,normal
1.0,4601.0,15.0,1.0,0.0,0.0,0.0,0.0,0.0,0.0,1.0,0.0,0.0,0.0,0.0,normal
1.0,4602.0,15.0,1.0,23.0,40.0,1124.0,10.0,0.0,0.0,34.6,-10.9,1.0,27.0,315.0,normal
1.0,4601.0,14.0,1.0,0.0,0.0,0.0,0.0,0.0,0.0,1.0,0.0,0.0,0.0,0.0,normal
1.0,4602.0,15.0,1.0,23.0,38.0,1092.0,15.0,1.0,381.0,34.5,-11.0,1.0,27.0,329.0,normal
1.0,4601.0,14.0,1.0,0.0,0.0,0.0,0.0,0.0,0.0,1.0,0.0,0.0,0.0,0.0,normal
1.0,4602.0,15.0,1.0,23.0,41.0,1165.0,10.0,0.0,217.0,34.6,-11.0,1.0,27.0,366.0,normal
1.0,4601.0,14.0,1.0,0.0,0.0,0.0,0.0,0.0,0.0,1.0,0.0,0.0,0.0,0.0,normal
1.0,4602.0,15.0,1.0,22.0,47.0,1385.0,15.0,1.0,463.0,34.7,-10.9,1.0,27.0,360.0,normal
1.0,4601.0,14.0,1.0,0.0,0.0,0.0,0.0,0.0,0.0,1.0,0.0,0.0,0.0,0.0,normal
1.0,4602.0,14.0,1.0,17.0,30.0,1146.0,23.0,1.0,3.0,34.3,-11.0,1.0,27.0,349.0,normal
1.0,4601.0,15.0,1.0,26.0,16.0,441.0,3.0,0.0,568.0,35.0,-11.8,1.0,27.0,268.0,normal
1.0,4602.0,15.0,1.0,20.0,26.0,875.0,10.0,1.0,631.0,35.0,-10.7,1.0,27.0,339.0,normal
1.0,4601.0,15.0,1.0,25.0,28.0,693.0,10.0,1.0,668.0,35.5,-11.0,1.0,27.0,406.0,normal
1.0,4602.0,15.0,1.0,19.0,20.0,692.0,7.0,1.0,3.0,35.0,-10.7,1.0,27.0,339.0,normal
1.0,4601.0,15.0,1.0,24.0,41.0,1084.0,19.0,1.0,183.0,35.9,-11.4,1.0,27.0,320.0,normal
1.0,4602.0,13.0,1.0,19.0,87.0,6.0,0.0,0.0,0.0,35.5,-10.6,1.0,27.0,4.9,normal
1.0,4601.0,15.0,1.0,23.0,39.0,1092.0,14.0,1.0,212.0,36.1,-11.0,1.0,27.0,319.0,normal
1.0,4602.0,12.0,1.0,0.0,0.0,0.0,0.0,0.0,0.0,1.0,0.0,0.0,0.0,0.0,normal
1.0,4601.0,15.0,1.0,24.0,51.0,1393.0,7.0,0.0,335.0,36.3,-11.1,1.0,27.0,339.0,normal
1.0,4602.0,12.0,1.0,0.0,0.0,0.0,0.0,0.0,0.0,1.0,0.0,0.0,0.0,0.0,normal
1.0,4601.0,15.0,1.0,24.0,48.0,1285.0,11.0,0.0,315.0,36.0,-11.2,1.0,27.0,373.0,normal
1.0,4602.0,12.0,1.0,0.0,0.0,0.0,0.0,0.0,0.0,1.0,0.0,0.0,0.0,0.0,normal
1.0,4601.0,15.0,1.0,25.0,54.0,1390.0,10.0,0.0,196.0,36.0,-11.3,1.0,27.0,339.0,normal
1.0,4602.0,12.0,1.0,0.0,0.0,0.0,0.0,0.0,0.0,1.0,0.0,0.0,0.0,0.0,normal
1.0,4601.0,15.0,1.0,24.0,28.0,767.0,11.0,1.0,260.0,35.8,-11.3,1.0,27.0,290.0,normal
1.0,4602.0,12.0,1.0,0.0,0.0,0.0,0.0,0.0,0.0,1.0,0.0,0.0,0.0,0.0,normal
1.0,4601.0,15.0,1.0,23.0,50.0,1389.0,11.0,0.0,388.0,36.0,-11.3,1.0,27.0,339.0,normal
1.0,4602.0,12.0,1.0,0.0,0.0,0.0,0.0,0.0,0.0,1.0,0.0,0.0,0.0,0.0,normal
1.0,4601.0,15.0,1.0,24.0,23.0,595.0,4.0,0.0,0.0,36.2,-10.7,1.0,27.0,147.0,normal
1.0,4602.0,12.0,1.0,0.0,0.0,0.0,0.0,0.0,0.0,1.0,0.0,0.0,0.0,0.0,normal
1.0,4601.0,15.0,1.0,0.0,0.0,0.0,0.0,0.0,0.0,1.0,0.0,0.0,0.0,0.0,normal
1.0,4602.0,12.0,1.0,0.0,0.0,0.0,0.0,0.0,0.0,1.0,0.0,0.0,0.0,0.0,normal
1.0,4601.0,15.0,1.0,0.0,0.0,0.0,0.0,0.0,0.0,1.0,0.0,0.0,0.0,0.0,normal
1.0,4602.0,12.0,1.0,0.0,0.0,0.0,0.0,0.0,0.0,1.0,0.0,0.0,0.0,0.0,normal
1.0,4601.0,14.0,1.0,0.0,0.0,0.0,0.0,0.0,0.0,1.0,0.0,0.0,0.0,0.0,normal
1.0,4602.0,12.0,1.0,0.0,0.0,0.0,0.0,0.0,0.0,34.0,-9.8,1.0,27.0,4.9,normal
1.0,4601.0,14.0,1.0,0.0,0.0,0.0,0.0,0.0,0.0,1.0,0.0,0.0,0.0,0.0,normal
1.0,4602.0,12.0,1.0,0.0,0.0,0.0,0.0,0.0,0.0,1.0,0.0,0.0,0.0,0.0,normal
1.0,4601.0,14.0,1.0,0.0,0.0,0.0,0.0,0.0,0.0,1.0,0.0,0.0,0.0,0.0,normal
1.0,4602.0,12.0,1.0,0.0,0.0,0.0,0.0,0.0,0.0,1.0,0.0,0.0,0.0,0.0,normal
1.0,4601.0,14.0,1.0,0.0,0.0,0.0,0.0,0.0,0.0,36.5,-12.4,1.0,27.0,4.9,normal
1.0,4602.0,12.0,1.0,0.0,0.0,0.0,0.0,0.0,0.0,1.0,0.0,0.0,0.0,0.0,normal
1.0,4601.0,14.0,1.0,0.0,0.0,0.0,0.0,0.0,0.0,1.0,0.0,0.0,0.0,0.0,normal
1.0,4602.0,12.0,1.0,0.0,0.0,0.0,0.0,0.0,0.0,1.0,0.0,0.0,0.0,0.0,normal
1.0,4601.0,14.0,1.0,0.0,0.0,0.0,0.0,0.0,0.0,1.0,0.0,0.0,0.0,0.0,normal
1.0,4602.0,12.0,1.0,0.0,0.0,0.0,0.0,0.0,0.0,1.0,0.0,0.0,0.0,0.0,normal
1.0,4601.0,14.0,1.0,0.0,0.0,0.0,0.0,0.0,0.0,1.0,0.0,0.0,0.0,0.0,normal
1.0,4602.0,12.0,1.0,0.0,0.0,0.0,0.0,0.0,0.0,1.0,0.0,0.0,0.0,0.0,normal
1.0,4601.0,14.0,1.0,0.0,0.0,0.0,0.0,0.0,0.0,36.7,-12.6,1.0,27.0,4.9,normal
1.0,4602.0,12.0,1.0,0.0,0.0,0.0,0.0,0.0,0.0,1.0,0.0,0.0,0.0,0.0,normal
1.0,4601.0,14.0,1.0,0.0,0.0,0.0,0.0,0.0,0.0,1.0,0.0,0.0,0.0,0.0,normal
1.0,4602.0,12.0,1.0,0.0,0.0,0.0,0.0,0.0,0.0,1.0,0.0,0.0,0.0,0.0,normal
1.0,4601.0,14.0,1.0,0.0,0.0,0.0,0.0,0.0,0.0,1.0,0.0,0.0,0.0,0.0,normal
1.0,4602.0,12.0,1.0,0.0,0.0,0.0,0.0,0.0,0.0,1.0,0.0,0.0,0.0,0.0,normal
1.0,4601.0,14.0,1.0,0.0,0.0,0.0,0.0,0.0,0.0,1.0,0.0,0.0,0.0,0.0,normal
1.0,4602.0,12.0,1.0,0.0,0.0,0.0,0.0,0.0,0.0,34.8,-9.9,1.0,27.0,4.9,normal
1.0,4601.0,14.0,1.0,0.0,0.0,0.0,0.0,0.0,0.0,1.0,0.0,0.0,0.0,0.0,normal
1.0,4602.0,12.0,1.0,0.0,0.0,0.0,0.0,0.0,0.0,1.0,0.0,0.0,0.0,0.0,normal
1.0,4601.0,14.0,1.0,0.0,0.0,0.0,0.0,0.0,0.0,1.0,0.0,0.0,0.0,0.0,normal
1.0,4602.0,12.0,1.0,0.0,0.0,0.0,0.0,0.0,0.0,1.0,0.0,0.0,0.0,0.0,normal
1.0,4601.0,14.0,1.0,0.0,0.0,0.0,0.0,0.0,0.0,1.0,0.0,0.0,0.0,0.0,normal
1.0,4602.0,12.0,1.0,0.0,0.0,0.0,0.0,0.0,0.0,34.3,-9.9,1.0,27.0,4.9,normal
1.0,4601.0,14.0,1.0,0.0,0.0,0.0,0.0,0.0,0.0,1.0,0.0,0.0,0.0,0.0,normal
1.0,4602.0,12.0,1.0,0.0,0.0,0.0,0.0,0.0,0.0,34.6,-10.0,1.0,27.0,4.9,normal
1.0,4601.0,14.0,1.0,0.0,0.0,0.0,0.0,0.0,0.0,1.0,0.0,0.0,0.0,0.0,normal
1.0,4602.0,12.0,1.0,0.0,0.0,0.0,0.0,0.0,0.0,35.3,-9.9,1.0,27.0,4.9,normal
1.0,4601.0,14.0,1.0,0.0,0.0,0.0,0.0,0.0,0.0,1.0,0.0,0.0,0.0,0.0,normal
1.0,4602.0,12.0,1.0,0.0,0.0,0.0,0.0,0.0,0.0,1.0,0.0,0.0,0.0,0.0,normal
1.0,4601.0,14.0,1.0,0.0,0.0,0.0,0.0,0.0,0.0,1.0,0.0,0.0,0.0,0.0,normal
1.0,4602.0,12.0,1.0,0.0,0.0,0.0,0.0,0.0,0.0,35.1,-9.9,1.0,27.0,4.9,normal
1.0,4601.0,14.0,1.0,0.0,0.0,0.0,0.0,0.0,0.0,35.6,-12.3,1.0,27.0,4.9,normal
1.0,4602.0,12.0,1.0,0.0,0.0,0.0,0.0,0.0,0.0,1.0,0.0,0.0,0.0,0.0,normal
1.0,4601.0,14.0,1.0,0.0,0.0,0.0,0.0,0.0,0.0,36.1,-12.6,1.0,27.0,4.9,normal
1.0,4602.0,12.0,1.0,0.0,0.0,0.0,0.0,0.0,0.0,1.0,0.0,0.0,0.0,0.0,normal
1.0,4601.0,14.0,1.0,0.0,0.0,0.0,0.0,0.0,0.0,35.9,-12.4,1.0,27.0,4.9,normal
1.0,4602.0,12.0,1.0,0.0,0.0,0.0,0.0,0.0,0.0,1.0,0.0,0.0,0.0,0.0,normal
1.0,4601.0,14.0,1.0,0.0,0.0,0.0,0.0,0.0,0.0,1.0,0.0,0.0,0.0,0.0,normal
1.0,4602.0,12.0,1.0,0.0,0.0,0.0,0.0,0.0,0.0,1.0,0.0,0.0,0.0,0.0,normal
1.0,4601.0,14.0,1.0,0.0,0.0,0.0,0.0,0.0,0.0,1.0,0.0,0.0,0.0,0.0,normal
1.0,4602.0,12.0,1.0,0.0,0.0,0.0,0.0,0.0,0.0,1.0,0.0,0.0,0.0,0.0,normal
1.0,4601.0,14.0,1.0,0.0,0.0,0.0,0.0,0.0,0.0,1.0,0.0,0.0,0.0,0.0,normal
1.0,4602.0,12.0,1.0,0.0,0.0,0.0,0.0,0.0,0.0,1.0,0.0,0.0,0.0,0.0,normal
1.0,4601.0,14.0,1.0,0.0,0.0,0.0,0.0,0.0,0.0,34.8,-12.5,1.0,27.0,9.7,normal
1.0,4602.0,12.0,1.0,0.0,0.0,0.0,0.0,0.0,0.0,35.5,-9.9,1.0,27.0,4.9,normal
1.0,4601.0,14.0,1.0,0.0,0.0,0.0,0.0,0.0,0.0,1.0,0.0,0.0,0.0,0.0,normal
1.0,4602.0,12.0,1.0,0.0,0.0,0.0,0.0,0.0,0.0,1.0,0.0,0.0,0.0,0.0,normal
1.0,4601.0,14.0,1.0,0.0,0.0,0.0,0.0,0.0,0.0,1.0,0.0,0.0,0.0,0.0,normal
1.0,4602.0,12.0,1.0,0.0,0.0,0.0,0.0,0.0,0.0,1.0,0.0,0.0,0.0,0.0,normal
1.0,4601.0,14.0,1.0,0.0,0.0,0.0,0.0,0.0,0.0,1.0,0.0,0.0,0.0,0.0,normal
1.0,4602.0,12.0,1.0,0.0,0.0,0.0,0.0,0.0,0.0,1.0,0.0,0.0,0.0,0.0,normal
1.0,4601.0,14.0,1.0,0.0,0.0,0.0,0.0,0.0,0.0,1.0,0.0,0.0,0.0,0.0,normal
1.0,4602.0,12.0,1.0,0.0,0.0,0.0,0.0,0.0,0.0,35.0,-9.9,1.0,27.0,4.9,normal
1.0,4601.0,14.0,1.0,0.0,0.0,0.0,0.0,0.0,0.0,1.0,0.0,0.0,0.0,0.0,normal
1.0,4602.0,12.0,1.0,0.0,0.0,0.0,0.0,0.0,0.0,1.0,0.0,0.0,0.0,0.0,normal
1.0,4601.0,14.0,1.0,0.0,0.0,0.0,0.0,0.0,0.0,1.0,0.0,0.0,0.0,0.0,normal
1.0,4602.0,12.0,1.0,0.0,0.0,0.0,0.0,0.0,0.0,1.0,0.0,0.0,0.0,0.0,normal
1.0,4601.0,14.0,1.0,0.0,0.0,0.0,0.0,0.0,0.0,1.0,0.0,0.0,0.0,0.0,normal
1.0,4602.0,12.0,1.0,0.0,0.0,0.0,0.0,0.0,0.0,1.0,0.0,0.0,0.0,0.0,normal
1.0,4601.0,14.0,1.0,0.0,0.0,0.0,0.0,0.0,0.0,1.0,0.0,0.0,0.0,0.0,normal
1.0,4602.0,12.0,1.0,0.0,0.0,0.0,0.0,0.0,0.0,1.0,0.0,0.0,0.0,0.0,normal
1.0,4601.0,14.0,1.0,0.0,0.0,0.0,0.0,0.0,0.0,1.0,0.0,0.0,0.0,0.0,normal
1.0,4602.0,12.0,1.0,0.0,0.0,0.0,0.0,0.0,0.0,1.0,0.0,0.0,0.0,0.0,normal
1.0,4601.0,14.0,1.0,0.0,0.0,0.0,0.0,0.0,0.0,34.0,-12.6,1.0,27.0,4.9,normal
1.0,4602.0,14.0,1.0,19.0,33.0,1146.0,17.0,1.0,352.0,34.5,-10.9,1.0,27.0,329.0,normal
1.0,4601.0,14.0,1.0,0.0,0.0,0.0,0.0,0.0,0.0,35.5,-12.4,1.0,27.0,9.7,normal
1.0,4602.0,15.0,1.0,19.0,36.0,1232.0,12.0,0.0,0.0,34.7,-10.9,1.0,27.0,310.0,normal
1.0,4601.0,14.0,1.0,0.0,0.0,0.0,0.0,0.0,0.0,1.0,0.0,0.0,0.0,0.0,normal
1.0,4602.0,14.0,1.0,19.0,24.0,823.0,5.0,0.0,338.0,34.5,-11.1,1.0,27.0,256.0,normal
1.0,4601.0,15.0,1.0,25.0,16.0,430.0,0.0,0.0,835.0,35.2,-11.8,1.0,27.0,252.0,normal
1.0,4602.0,15.0,1.0,21.0,31.0,973.0,0.0,0.0,550.0,35.0,-10.8,1.0,27.0,360.0,normal
1.0,4601.0,15.0,1.0,25.0,31.0,790.0,10.0,1.0,742.0,35.8,-11.3,1.0,27.0,346.0,normal
1.0,4602.0,15.0,1.0,22.0,20.0,597.0,9.0,1.0,539.0,35.2,-10.8,1.0,27.0,332.0,normal
1.0,4601.0,15.0,1.0,25.0,27.0,690.0,8.0,1.0,0.0,35.4,-11.1,1.0,27.0,348.0,normal
1.0,4602.0,15.0,1.0,21.0,22.0,713.0,10.0,1.0,316.0,35.0,-10.7,1.0,27.0,339.0,normal
1.0,4601.0,15.0,1.0,24.0,24.0,647.0,4.0,0.0,944.0,35.6,-10.6,1.0,27.0,291.0,normal
1.0,4602.0,15.0,1.0,19.0,22.0,738.0,14.0,1.0,520.0,34.6,-10.9,1.0,27.0,359.0,normal
1.0,4601.0,15.0,1.0,25.0,30.0,777.0,5.0,0.0,1.04,35.5,-11.3,1.0,27.0,332.0,normal
1.0,4602.0,15.0,1.0,19.0,18.0,619.0,5.0,0.0,0.0,34.9,-10.8,1.0,27.0,353.0,normal
1.0,4601.0,15.0,1.0,25.0,27.0,700.0,6.0,0.0,1.19,35.1,-11.4,1.0,27.0,356.0,normal
1.0,4602.0,15.0,1.0,19.0,20.0,687.0,15.0,2.0,661.0,34.8,-10.7,1.0,27.0,278.0,normal
1.0,4601.0,15.0,1.0,25.0,27.0,692.0,6.0,0.0,724.0,35.7,-11.3,1.0,27.0,339.0,normal
1.0,4602.0,15.0,1.0,19.0,21.0,693.0,9.0,1.0,380.0,34.9,-10.7,1.0,27.0,339.0,normal
1.0,4601.0,15.0,1.0,25.0,29.0,752.0,12.0,1.0,585.0,35.8,-11.2,1.0,27.0,337.0,normal
1.0,4602.0,15.0,1.0,19.0,18.0,649.0,6.0,0.0,14.8,34.9,-10.7,1.0,27.0,339.0,normal
1.0,4601.0,15.0,1.0,24.0,24.0,661.0,4.0,0.0,795.0,35.4,-11.2,1.0,27.0,305.0,normal
1.0,4602.0,14.0,1.0,18.0,11.0,396.0,4.0,1.0,182.0,34.1,-10.9,1.0,27.0,236.0,normal
1.0,4601.0,15.0,1.0,25.0,26.0,690.0,8.0,1.0,644.0,35.4,-11.0,1.0,27.0,332.0,normal
1.0,4602.0,15.0,1.0,19.0,20.0,690.0,13.0,1.0,267.0,34.9,-10.6,1.0,27.0,339.0,normal
1.0,4601.0,15.0,1.0,24.0,26.0,688.0,10.0,1.0,632.0,35.8,-10.8,1.0,27.0,326.0,normal
1.0,4602.0,15.0,1.0,19.0,20.0,688.0,14.0,1.0,320.0,35.4,-10.7,1.0,27.0,339.0,normal
1.0,4601.0,15.0,1.0,24.0,25.0,674.0,2.0,0.0,0.0,35.5,-11.3,1.0,27.0,330.0,normal
1.0,4602.0,15.0,1.0,18.0,20.0,723.0,6.0,0.0,66.7,35.5,-10.7,1.0,27.0,339.0,normal
1.0,4601.0,15.0,1.0,24.0,19.0,504.0,6.0,1.0,611.0,35.7,-10.9,1.0,27.0,279.0,normal
1.0,4602.0,15.0,1.0,18.0,17.0,675.0,14.0,2.0,324.0,35.2,-10.8,1.0,27.0,339.0,normal
1.0,4601.0,15.0,1.0,24.0,24.0,650.0,4.0,0.0,3.0,35.5,-11.0,1.0,27.0,325.0,normal
1.0,4602.0,15.0,1.0,18.0,21.0,753.0,8.0,1.0,59.1,35.1,-10.7,1.0,27.0,339.0,normal
1.0,4601.0,15.0,1.0,25.0,25.0,661.0,4.0,0.0,277.0,35.9,-10.8,1.0,27.0,330.0,normal
1.0,4602.0,15.0,1.0,19.0,21.0,735.0,12.0,1.0,349.0,35.0,-10.7,1.0,27.0,339.0,normal
1.0,4601.0,15.0,1.0,25.0,25.0,799.0,3.0,0.0,8.51,35.8,-10.8,1.0,27.0,284.0,normal
1.0,4602.0,14.0,1.0,19.0,5.0,180.0,2.0,1.0,0.0,35.1,-10.6,1.0,27.0,93.0,normal
1.0,4601.0,15.0,1.0,25.0,25.0,942.0,9.0,0.0,0.0,35.7,-11.3,1.0,27.0,268.0,normal
1.0,4602.0,12.0,1.0,0.0,0.0,0.0,0.0,0.0,0.0,1.0,0.0,0.0,0.0,0.0,normal
1.0,4601.0,13.0,1.0,0.0,0.0,0.0,0.0,0.0,0.0,1.0,0.0,0.0,0.0,0.0,normal
1.0,4602.0,12.0,1.0,0.0,0.0,0.0,0.0,0.0,0.0,1.0,0.0,0.0,0.0,0.0,normal
1.0,4601.0,14.0,1.0,0.0,0.0,0.0,0.0,0.0,0.0,1.0,0.0,0.0,0.0,0.0,normal
1.0,4602.0,12.0,1.0,0.0,0.0,0.0,0.0,0.0,0.0,1.0,0.0,0.0,0.0,0.0,normal
1.0,4601.0,14.0,1.0,0.0,0.0,0.0,0.0,0.0,0.0,36.3,-12.3,1.0,27.0,4.9,normal
1.0,4602.0,12.0,1.0,0.0,0.0,0.0,0.0,0.0,0.0,1.0,0.0,0.0,0.0,0.0,normal
1.0,4601.0,14.0,1.0,0.0,0.0,0.0,0.0,0.0,0.0,1.0,0.0,0.0,0.0,0.0,normal
1.0,4602.0,12.0,1.0,0.0,0.0,0.0,0.0,0.0,0.0,1.0,0.0,0.0,0.0,0.0,normal
1.0,4601.0,14.0,1.0,0.0,0.0,0.0,0.0,0.0,0.0,1.0,0.0,0.0,0.0,0.0,normal
1.0,4602.0,12.0,1.0,0.0,0.0,0.0,0.0,0.0,0.0,1.0,0.0,0.0,0.0,0.0,normal
1.0,4601.0,14.0,1.0,0.0,0.0,0.0,0.0,0.0,0.0,1.0,0.0,0.0,0.0,0.0,normal
1.0,4602.0,12.0,1.0,0.0,0.0,0.0,0.0,0.0,0.0,35.5,-9.9,1.0,27.0,4.9,normal
1.0,4601.0,14.0,1.0,0.0,0.0,0.0,0.0,0.0,0.0,1.0,0.0,0.0,0.0,0.0,normal
1.0,4602.0,12.0,1.0,0.0,0.0,0.0,0.0,0.0,0.0,1.0,0.0,0.0,0.0,0.0,normal
1.0,4601.0,14.0,1.0,0.0,0.0,0.0,0.0,0.0,0.0,1.0,0.0,0.0,0.0,0.0,normal
1.0,4602.0,12.0,1.0,0.0,0.0,0.0,0.0,0.0,0.0,1.0,0.0,0.0,0.0,0.0,normal
1.0,4601.0,14.0,1.0,0.0,0.0,0.0,0.0,0.0,0.0,1.0,0.0,0.0,0.0,0.0,normal
1.0,4602.0,12.0,1.0,0.0,0.0,0.0,0.0,0.0,0.0,1.0,0.0,0.0,0.0,0.0,normal
1.0,4601.0,14.0,1.0,0.0,0.0,0.0,0.0,0.0,0.0,1.0,0.0,0.0,0.0,0.0,normal
1.0,4602.0,12.0,1.0,0.0,0.0,0.0,0.0,0.0,0.0,1.0,0.0,0.0,0.0,0.0,normal
1.0,4601.0,14.0,1.0,0.0,0.0,0.0,0.0,0.0,0.0,1.0,0.0,0.0,0.0,0.0,normal
1.0,4602.0,12.0,1.0,0.0,0.0,0.0,0.0,0.0,0.0,1.0,0.0,0.0,0.0,0.0,normal
1.0,4601.0,14.0,1.0,0.0,0.0,0.0,0.0,0.0,0.0,1.0,0.0,0.0,0.0,0.0,normal
1.0,4602.0,12.0,1.0,0.0,0.0,0.0,0.0,0.0,0.0,1.0,0.0,0.0,0.0,0.0,normal
1.0,4601.0,14.0,1.0,0.0,0.0,0.0,0.0,0.0,0.0,1.0,0.0,0.0,0.0,0.0,normal
1.0,4602.0,12.0,1.0,0.0,0.0,0.0,0.0,0.0,0.0,1.0,0.0,0.0,0.0,0.0,normal
1.0,4601.0,13.0,1.0,0.0,0.0,0.0,0.0,0.0,0.0,37.5,-12.5,1.0,27.0,4.9,normal
1.0,4602.0,12.0,1.0,0.0,0.0,0.0,0.0,0.0,0.0,1.0,0.0,0.0,0.0,0.0,normal
1.0,4601.0,13.0,1.0,0.0,0.0,0.0,0.0,0.0,0.0,36.2,-13.7,1.0,27.0,4.9,normal
1.0,4602.0,11.0,1.0,0.0,0.0,0.0,0.0,0.0,0.0,35.2,-9.9,1.0,27.0,9.7,normal
1.0,4601.0,14.0,1.0,0.0,0.0,0.0,0.0,0.0,0.0,1.0,0.0,0.0,0.0,0.0,normal
1.0,4602.0,12.0,1.0,0.0,0.0,0.0,0.0,0.0,0.0,1.0,0.0,0.0,0.0,0.0,normal
1.0,4601.0,14.0,1.0,0.0,0.0,0.0,0.0,0.0,0.0,37.5,-12.5,1.0,27.0,4.9,normal
1.0,4602.0,12.0,1.0,0.0,0.0,0.0,0.0,0.0,0.0,1.0,0.0,0.0,0.0,0.0,normal
1.0,4601.0,14.0,1.0,0.0,0.0,0.0,0.0,0.0,0.0,1.0,0.0,0.0,0.0,0.0,normal
1.0,4602.0,12.0,1.0,0.0,0.0,0.0,0.0,0.0,0.0,1.0,0.0,0.0,0.0,0.0,normal
1.0,4601.0,14.0,1.0,0.0,0.0,0.0,0.0,0.0,0.0,37.2,-12.6,1.0,27.0,4.9,normal
1.0,4602.0,12.0,1.0,0.0,0.0,0.0,0.0,0.0,0.0,33.5,-10.0,1.0,27.0,4.9,normal
1.0,4601.0,14.0,1.0,0.0,0.0,0.0,0.0,0.0,0.0,1.0,0.0,0.0,0.0,0.0,normal
1.0,4602.0,12.0,1.0,0.0,0.0,0.0,0.0,0.0,0.0,35.6,-9.0,1.0,27.0,4.9,normal
1.0,4601.0,14.0,1.0,0.0,0.0,0.0,0.0,0.0,0.0,1.0,0.0,0.0,0.0,0.0,normal
1.0,4602.0,12.0,1.0,0.0,0.0,0.0,0.0,0.0,0.0,35.1,-9.9,1.0,27.0,4.9,normal
1.0,4601.0,14.0,1.0,0.0,0.0,0.0,0.0,0.0,0.0,1.0,0.0,0.0,0.0,0.0,normal
1.0,4602.0,12.0,1.0,0.0,0.0,0.0,0.0,0.0,0.0,34.8,-9.9,1.0,27.0,4.9,normal
1.0,4601.0,14.0,1.0,0.0,0.0,0.0,0.0,0.0,0.0,1.0,0.0,0.0,0.0,0.0,normal
1.0,4602.0,12.0,1.0,0.0,0.0,0.0,0.0,0.0,0.0,35.6,-9.1,1.0,27.0,4.9,normal
1.0,4601.0,14.0,1.0,0.0,0.0,0.0,0.0,0.0,0.0,1.0,0.0,0.0,0.0,0.0,normal
1.0,4602.0,12.0,1.0,0.0,0.0,0.0,0.0,0.0,0.0,1.0,0.0,0.0,0.0,0.0,normal
1.0,4601.0,14.0,1.0,0.0,0.0,0.0,0.0,0.0,0.0,1.0,0.0,0.0,0.0,0.0,normal
1.0,4602.0,12.0,1.0,0.0,0.0,0.0,0.0,0.0,0.0,1.0,0.0,0.0,0.0,0.0,normal
1.0,4601.0,13.0,1.0,0.0,0.0,0.0,0.0,0.0,0.0,1.0,0.0,0.0,0.0,0.0,normal
1.0,4602.0,12.0,1.0,0.0,0.0,0.0,0.0,0.0,0.0,35.3,-8.2,1.0,27.0,4.9,normal
1.0,4601.0,14.0,1.0,0.0,0.0,0.0,0.0,0.0,0.0,1.0,0.0,0.0,0.0,0.0,normal
1.0,4602.0,12.0,1.0,0.0,0.0,0.0,0.0,0.0,0.0,1.0,0.0,0.0,0.0,0.0,normal
1.0,4601.0,14.0,1.0,0.0,0.0,0.0,0.0,0.0,0.0,1.0,0.0,0.0,0.0,0.0,normal
1.0,4602.0,12.0,1.0,0.0,0.0,0.0,0.0,0.0,0.0,34.9,-8.5,1.0,27.0,9.7,normal
1.0,4601.0,13.0,1.0,0.0,0.0,0.0,0.0,0.0,0.0,1.0,0.0,0.0,0.0,0.0,normal
1.0,4602.0,12.0,1.0,0.0,0.0,0.0,0.0,0.0,0.0,1.0,0.0,0.0,0.0,0.0,normal
1.0,4601.0,13.0,1.0,0.0,0.0,0.0,0.0,0.0,0.0,1.0,0.0,0.0,0.0,0.0,normal
1.0,4602.0,12.0,1.0,0.0,0.0,0.0,0.0,0.0,0.0,35.6,-8.4,1.0,27.0,4.9,normal
1.0,4601.0,13.0,1.0,0.0,0.0,0.0,0.0,0.0,0.0,1.0,0.0,0.0,0.0,0.0,normal
1.0,4602.0,12.0,1.0,0.0,0.0,0.0,0.0,0.0,0.0,1.0,0.0,0.0,0.0,0.0,normal
1.0,4601.0,13.0,1.0,0.0,0.0,0.0,0.0,0.0,0.0,1.0,0.0,0.0,0.0,0.0,normal
1.0,4602.0,12.0,1.0,0.0,0.0,0.0,0.0,0.0,0.0,1.0,0.0,0.0,0.0,0.0,normal
1.0,4601.0,13.0,1.0,0.0,0.0,0.0,0.0,0.0,0.0,1.0,0.0,0.0,0.0,0.0,normal
1.0,4602.0,12.0,1.0,0.0,0.0,0.0,0.0,0.0,0.0,1.0,0.0,0.0,0.0,0.0,normal
1.0,4601.0,13.0,1.0,0.0,0.0,0.0,0.0,0.0,0.0,1.0,0.0,0.0,0.0,0.0,normal
1.0,4602.0,12.0,1.0,0.0,0.0,0.0,0.0,0.0,0.0,1.0,0.0,0.0,0.0,0.0,normal
1.0,4601.0,13.0,1.0,0.0,0.0,0.0,0.0,0.0,0.0,1.0,0.0,0.0,0.0,0.0,normal
1.0,4602.0,12.0,1.0,0.0,0.0,0.0,0.0,0.0,0.0,1.0,0.0,0.0,0.0,0.0,normal
1.0,4601.0,14.0,1.0,0.0,0.0,0.0,0.0,0.0,0.0,1.0,0.0,0.0,0.0,0.0,normal
1.0,4602.0,12.0,1.0,0.0,0.0,0.0,0.0,0.0,0.0,1.0,0.0,0.0,0.0,0.0,normal
1.0,4601.0,14.0,1.0,0.0,0.0,0.0,0.0,0.0,0.0,36.1,-11.9,1.0,27.0,4.9,normal
1.0,4602.0,12.0,1.0,0.0,0.0,0.0,0.0,0.0,0.0,1.0,0.0,0.0,0.0,0.0,normal
1.0,4601.0,14.0,1.0,0.0,0.0,0.0,0.0,0.0,0.0,1.0,0.0,0.0,0.0,0.0,normal
1.0,4602.0,12.0,1.0,0.0,0.0,0.0,0.0,0.0,0.0,1.0,0.0,0.0,0.0,0.0,normal
1.0,4601.0,14.0,1.0,0.0,0.0,0.0,0.0,0.0,0.0,1.0,0.0,0.0,0.0,0.0,normal
1.0,4602.0,12.0,1.0,0.0,0.0,0.0,0.0,0.0,0.0,1.0,0.0,0.0,0.0,0.0,normal
1.0,4601.0,15.0,1.0,25.0,40.0,1109.0,18.0,1.0,478.0,35.4,-10.5,1.0,27.0,356.0,normal
1.0,4602.0,12.0,1.0,13.0,848.0,1.0,0.0,0.0,174.0,31.3,-12.4,1.0,27.0,37.0,normal
1.0,4601.0,15.0,1.0,24.0,22.0,604.0,6.0,0.0,578.0,35.4,-9.9,1.0,27.0,303.0,normal
1.0,4602.0,15.0,1.0,19.0,19.0,772.0,7.0,0.0,77.6,35.7,-9.9,1.0,27.0,339.0,normal
1.0,4601.0,15.0,1.0,24.0,26.0,695.0,7.0,0.0,581.0,35.8,-10.0,1.0,27.0,326.0,normal
1.0,4602.0,15.0,1.0,19.0,20.0,694.0,6.0,0.0,293.0,35.7,-10.0,1.0,27.0,332.0,normal
1.0,4601.0,15.0,1.0,24.0,27.0,718.0,4.0,0.0,652.0,35.5,-9.9,1.0,27.0,339.0,normal
1.0,4602.0,15.0,1.0,19.0,19.0,667.0,15.0,2.0,0.0,35.6,-10.2,1.0,27.0,330.0,normal
1.0,4601.0,15.0,1.0,24.0,33.0,872.0,11.0,1.0,566.0,35.6,-8.7,1.0,27.0,332.0,normal
1.0,4602.0,15.0,1.0,18.0,14.0,510.0,11.0,2.0,177.0,35.1,-10.2,1.0,27.0,293.0,normal
1.0,4601.0,15.0,1.0,24.0,20.0,548.0,3.0,0.0,673.0,35.4,-8.4,1.0,27.0,300.0,normal
1.0,4602.0,15.0,1.0,19.0,22.0,805.0,14.0,1.0,293.0,35.1,-10.0,1.0,27.0,339.0,normal
1.0,4601.0,15.0,1.0,24.0,26.0,695.0,5.0,0.0,741.0,35.6,-7.9,1.0,27.0,319.0,normal
1.0,4602.0,15.0,1.0,19.0,20.0,696.0,4.0,0.0,174.0,35.1,-10.2,1.0,27.0,339.0,normal
1.0,4601.0,15.0,1.0,24.0,29.0,775.0,8.0,1.0,523.0,35.3,-8.1,1.0,27.0,332.0,normal
1.0,4602.0,15.0,1.0,19.0,17.0,618.0,6.0,0.0,180.0,35.0,-10.4,1.0,27.0,338.0,normal
1.0,4601.0,15.0,1.0,24.0,21.0,585.0,8.0,1.0,458.0,35.2,-8.3,1.0,27.0,325.0,normal
1.0,4602.0,15.0,1.0,20.0,22.0,780.0,1.0,0.0,54.9,34.7,-10.3,1.0,27.0,339.0,normal
1.0,4601.0,15.0,1.0,24.0,26.0,694.0,6.0,0.0,508.0,35.7,-7.8,1.0,27.0,298.0,normal
1.0,4602.0,15.0,1.0,20.0,21.0,692.0,8.0,1.0,242.0,35.1,-10.3,1.0,27.0,339.0,normal
1.0,4601.0,15.0,1.0,24.0,30.0,801.0,2.0,0.0,182.0,35.3,-8.8,1.0,27.0,320.0,normal
1.0,4602.0,15.0,1.0,19.0,11.0,463.0,1.0,0.0,28.1,34.8,-10.3,1.0,27.0,262.0,normal
1.0,4601.0,15.0,1.0,25.0,27.0,694.0,7.0,0.0,588.0,35.5,-8.4,1.0,27.0,342.0,normal
1.0,4602.0,15.0,1.0,21.0,22.0,695.0,4.0,0.0,143.0,35.3,-10.4,1.0,27.0,339.0,normal
1.0,4601.0,15.0,1.0,24.0,32.0,857.0,7.0,0.0,3.0,35.6,-8.7,1.0,27.0,335.0,normal
1.0,4602.0,15.0,1.0,21.0,16.0,503.0,4.0,0.0,0.0,35.2,-10.5,1.0,27.0,249.0,normal
1.0,4601.0,14.0,1.0,25.0,3.5,2.0,0.0,0.0,0.0,37.0,-8.8,1.0,27.0,4.9,normal
1.0,4602.0,12.0,1.0,0.0,0.0,0.0,0.0,0.0,0.0,34.0,-10.0,1.0,27.0,4.9,normal
1.0,4601.0,15.0,1.0,25.0,30.0,998.0,5.0,0.0,0.0,35.0,-8.7,1.0,27.0,307.0,normal
1.0,4602.0,12.0,1.0,0.0,0.0,0.0,0.0,0.0,0.0,1.0,0.0,0.0,0.0,0.0,normal
1.0,4601.0,13.0,1.0,0.0,0.0,0.0,0.0,0.0,0.0,1.0,0.0,0.0,0.0,0.0,normal
1.0,4602.0,12.0,1.0,0.0,0.0,0.0,0.0,0.0,0.0,1.0,0.0,0.0,0.0,0.0,normal
1.0,4601.0,13.0,1.0,0.0,0.0,0.0,0.0,0.0,0.0,35.5,-9.8,1.0,27.0,4.9,normal
1.0,4602.0,12.0,1.0,0.0,0.0,0.0,0.0,0.0,0.0,1.0,0.0,0.0,0.0,0.0,normal
1.0,4601.0,13.0,1.0,0.0,0.0,0.0,0.0,0.0,0.0,1.0,0.0,0.0,0.0,0.0,normal
1.0,4602.0,12.0,1.0,0.0,0.0,0.0,0.0,0.0,0.0,1.0,0.0,0.0,0.0,0.0,normal
1.0,4601.0,13.0,1.0,0.0,0.0,0.0,0.0,0.0,0.0,1.0,0.0,0.0,0.0,0.0,normal
1.0,4602.0,12.0,1.0,0.0,0.0,0.0,0.0,0.0,0.0,1.0,0.0,0.0,0.0,0.0,normal
1.0,4601.0,13.0,1.0,0.0,0.0,0.0,0.0,0.0,0.0,1.0,0.0,0.0,0.0,0.0,normal
1.0,4602.0,12.0,1.0,0.0,0.0,0.0,0.0,0.0,0.0,1.0,0.0,0.0,0.0,0.0,normal
1.0,4601.0,13.0,1.0,0.0,0.0,0.0,0.0,0.0,0.0,1.0,0.0,0.0,0.0,0.0,normal
1.0,4602.0,12.0,1.0,0.0,0.0,0.0,0.0,0.0,0.0,1.0,0.0,0.0,0.0,0.0,normal
1.0,4601.0,13.0,1.0,0.0,0.0,0.0,0.0,0.0,0.0,1.0,0.0,0.0,0.0,0.0,normal
1.0,4602.0,12.0,1.0,0.0,0.0,0.0,0.0,0.0,0.0,1.0,0.0,0.0,0.0,0.0,normal
1.0,4601.0,13.0,1.0,0.0,0.0,0.0,0.0,0.0,0.0,1.0,0.0,0.0,0.0,0.0,normal
1.0,4602.0,12.0,1.0,0.0,0.0,0.0,0.0,0.0,0.0,1.0,0.0,0.0,0.0,0.0,normal
1.0,4601.0,13.0,1.0,0.0,0.0,0.0,0.0,0.0,0.0,36.2,-11.9,1.0,27.0,4.9,normal
1.0,4602.0,12.0,1.0,0.0,0.0,0.0,0.0,0.0,0.0,34.7,-8.7,1.0,27.0,4.9,normal
1.0,4601.0,13.0,1.0,0.0,0.0,0.0,0.0,0.0,0.0,1.0,0.0,0.0,0.0,0.0,normal
1.0,4602.0,12.0,1.0,0.0,0.0,0.0,0.0,0.0,0.0,1.0,0.0,0.0,0.0,0.0,normal
1.0,4601.0,13.0,1.0,0.0,0.0,0.0,0.0,0.0,0.0,36.7,-12.4,1.0,27.0,4.9,normal
1.0,4602.0,12.0,1.0,0.0,0.0,0.0,0.0,0.0,0.0,1.0,0.0,0.0,0.0,0.0,normal
1.0,4601.0,13.0,1.0,0.0,0.0,0.0,0.0,0.0,0.0,36.8,-10.6,1.0,27.0,9.7,normal
1.0,4602.0,12.0,1.0,0.0,0.0,0.0,0.0,0.0,0.0,1.0,0.0,0.0,0.0,0.0,normal
1.0,4601.0,13.0,1.0,0.0,0.0,0.0,0.0,0.0,0.0,1.0,0.0,0.0,0.0,0.0,normal
1.0,4602.0,12.0,1.0,0.0,0.0,0.0,0.0,0.0,0.0,1.0,0.0,0.0,0.0,0.0,normal
1.0,4601.0,13.0,1.0,0.0,0.0,0.0,0.0,0.0,0.0,1.0,0.0,0.0,0.0,0.0,normal
1.0,4602.0,12.0,1.0,0.0,0.0,0.0,0.0,0.0,0.0,35.7,-8.5,1.0,27.0,9.7,normal
1.0,4601.0,13.0,1.0,0.0,0.0,0.0,0.0,0.0,0.0,1.0,0.0,0.0,0.0,0.0,normal
1.0,4602.0,12.0,1.0,0.0,0.0,0.0,0.0,0.0,0.0,1.0,0.0,0.0,0.0,0.0,normal
1.0,4601.0,14.0,1.0,0.0,0.0,0.0,0.0,0.0,0.0,1.0,0.0,0.0,0.0,0.0,normal
1.0,4602.0,12.0,1.0,0.0,0.0,0.0,0.0,0.0,0.0,35.6,-9.0,1.0,27.0,4.9,normal
1.0,4601.0,14.0,1.0,0.0,0.0,0.0,0.0,0.0,0.0,1.0,0.0,0.0,0.0,0.0,normal
1.0,4602.0,12.0,1.0,0.0,0.0,0.0,0.0,0.0,0.0,1.0,0.0,0.0,0.0,0.0,normal
1.0,4601.0,14.0,1.0,0.0,0.0,0.0,0.0,0.0,0.0,1.0,0.0,0.0,0.0,0.0,normal
1.0,4602.0,12.0,1.0,0.0,0.0,0.0,0.0,0.0,0.0,34.5,-8.8,1.0,27.0,4.9,normal
1.0,4601.0,13.0,1.0,0.0,0.0,0.0,0.0,0.0,0.0,1.0,0.0,0.0,0.0,0.0,normal
1.0,4602.0,12.0,1.0,0.0,0.0,0.0,0.0,0.0,0.0,35.4,-8.6,1.0,27.0,4.9,normal
1.0,4601.0,13.0,1.0,0.0,0.0,0.0,0.0,0.0,0.0,1.0,0.0,0.0,0.0,0.0,normal
1.0,4602.0,12.0,1.0,0.0,0.0,0.0,0.0,0.0,0.0,35.5,-8.6,1.0,27.0,4.9,normal
1.0,4601.0,13.0,1.0,0.0,0.0,0.0,0.0,0.0,0.0,36.5,-9.9,1.0,27.0,4.9,normal
1.0,4602.0,12.0,1.0,0.0,0.0,0.0,0.0,0.0,0.0,1.0,0.0,0.0,0.0,0.0,normal
1.0,4601.0,13.0,1.0,0.0,0.0,0.0,0.0,0.0,0.0,1.0,0.0,0.0,0.0,0.0,normal
1.0,4602.0,12.0,1.0,0.0,0.0,0.0,0.0,0.0,0.0,36.7,-8.8,1.0,27.0,4.9,normal
1.0,4601.0,13.0,1.0,0.0,0.0,0.0,0.0,0.0,0.0,1.0,0.0,0.0,0.0,0.0,normal
1.0,4602.0,12.0,1.0,0.0,0.0,0.0,0.0,0.0,0.0,1.0,0.0,0.0,0.0,0.0,normal
1.0,4601.0,13.0,1.0,0.0,0.0,0.0,0.0,0.0,0.0,1.0,0.0,0.0,0.0,0.0,normal
1.0,4602.0,12.0,1.0,0.0,0.0,0.0,0.0,0.0,0.0,34.9,-8.8,1.0,27.0,4.9,normal
1.0,4601.0,13.0,1.0,0.0,0.0,0.0,0.0,0.0,0.0,1.0,0.0,0.0,0.0,0.0,normal
1.0,4602.0,12.0,1.0,0.0,0.0,0.0,0.0,0.0,0.0,1.0,0.0,0.0,0.0,0.0,normal
1.0,4601.0,13.0,1.0,0.0,0.0,0.0,0.0,0.0,0.0,1.0,0.0,0.0,0.0,0.0,normal
1.0,4602.0,12.0,1.0,0.0,0.0,0.0,0.0,0.0,0.0,1.0,0.0,0.0,0.0,0.0,normal
1.0,4601.0,14.0,1.0,0.0,0.0,0.0,0.0,0.0,0.0,1.0,0.0,0.0,0.0,0.0,normal
1.0,4602.0,12.0,1.0,0.0,0.0,0.0,0.0,0.0,0.0,1.0,0.0,0.0,0.0,0.0,normal
1.0,4601.0,13.0,1.0,0.0,0.0,0.0,0.0,0.0,0.0,1.0,0.0,0.0,0.0,0.0,normal
1.0,4602.0,12.0,1.0,0.0,0.0,0.0,0.0,0.0,0.0,1.0,0.0,0.0,0.0,0.0,normal
1.0,4601.0,13.0,1.0,0.0,0.0,0.0,0.0,0.0,0.0,1.0,0.0,0.0,0.0,0.0,normal
1.0,4602.0,12.0,1.0,0.0,0.0,0.0,0.0,0.0,0.0,1.0,0.0,0.0,0.0,0.0,normal
1.0,4601.0,13.0,1.0,0.0,0.0,0.0,0.0,0.0,0.0,1.0,0.0,0.0,0.0,0.0,normal
1.0,4602.0,12.0,1.0,0.0,0.0,0.0,0.0,0.0,0.0,1.0,0.0,0.0,0.0,0.0,normal
1.0,4601.0,13.0,1.0,0.0,0.0,0.0,0.0,0.0,0.0,1.0,0.0,0.0,0.0,0.0,normal
1.0,4602.0,12.0,1.0,0.0,0.0,0.0,0.0,0.0,0.0,1.0,0.0,0.0,0.0,0.0,normal
1.0,4601.0,14.0,1.0,0.0,0.0,0.0,0.0,0.0,0.0,1.0,0.0,0.0,0.0,0.0,normal
1.0,4602.0,12.0,1.0,0.0,0.0,0.0,0.0,0.0,0.0,35.7,-8.9,1.0,27.0,4.9,normal
1.0,4601.0,13.0,1.0,0.0,0.0,0.0,0.0,0.0,0.0,36.1,-12.2,1.0,27.0,4.9,normal
1.0,4602.0,12.0,1.0,0.0,0.0,0.0,0.0,0.0,0.0,1.0,0.0,0.0,0.0,0.0,normal
1.0,4601.0,13.0,1.0,0.0,0.0,0.0,0.0,0.0,0.0,1.0,0.0,0.0,0.0,0.0,normal
1.0,4602.0,12.0,1.0,0.0,0.0,0.0,0.0,0.0,0.0,1.0,0.0,0.0,0.0,0.0,normal
1.0,4601.0,14.0,1.0,0.0,0.0,0.0,0.0,0.0,0.0,36.5,-12.9,1.0,27.0,4.9,normal
1.0,4602.0,12.0,1.0,0.0,0.0,0.0,0.0,0.0,0.0,1.0,0.0,0.0,0.0,0.0,normal
1.0,4601.0,13.0,1.0,0.0,0.0,0.0,0.0,0.0,0.0,35.1,-11.8,1.0,27.0,4.9,normal
1.0,4602.0,15.0,1.0,20.0,19.0,842.0,9.0,1.0,5.63,34.9,-9.8,1.0,27.0,352.0,normal
1.0,4601.0,13.0,1.0,0.0,0.0,0.0,0.0,0.0,0.0,1.0,0.0,0.0,0.0,0.0,normal
1.0,4602.0,15.0,1.0,21.0,22.0,1001.0,5.0,0.0,0.0,34.9,-9.7,1.0,27.0,322.0,normal
1.0,4601.0,14.0,1.0,0.0,0.0,0.0,0.0,0.0,0.0,1.0,0.0,0.0,0.0,0.0,normal
1.0,4602.0,14.0,1.0,21.0,17.0,777.0,7.0,0.0,11.3,34.7,-9.9,1.0,27.0,275.0,normal
1.0,4601.0,14.0,1.0,0.0,0.0,0.0,0.0,0.0,0.0,1.0,0.0,0.0,0.0,0.0,normal
1.0,4602.0,15.0,1.0,21.0,34.0,1133.0,13.0,1.0,0.0,34.7,-10.8,1.0,27.0,352.0,normal
1.0,4601.0,14.0,1.0,0.0,0.0,0.0,0.0,0.0,0.0,1.0,0.0,0.0,0.0,0.0,normal
1.0,4602.0,15.0,1.0,21.0,41.0,1325.0,18.0,1.0,348.0,34.7,-11.1,1.0,27.0,361.0,normal
1.0,4601.0,14.0,1.0,0.0,0.0,0.0,0.0,0.0,0.0,1.0,0.0,0.0,0.0,0.0,normal
1.0,4602.0,15.0,1.0,20.0,31.0,1003.0,5.0,0.0,132.0,34.5,-12.7,1.0,27.0,334.0,normal
1.0,4601.0,14.0,1.0,0.0,0.0,0.0,0.0,0.0,0.0,1.0,0.0,0.0,0.0,0.0,normal
1.0,4602.0,15.0,1.0,21.0,37.0,1186.0,16.0,1.0,258.0,34.7,-11.4,1.0,27.0,366.0,normal
1.0,4601.0,14.0,1.0,0.0,0.0,0.0,0.0,0.0,0.0,32.9,-15.1,1.0,27.0,4.9,normal
1.0,4602.0,14.0,1.0,20.0,16.0,522.0,3.0,0.0,0.0,34.6,-11.9,1.0,27.0,145.0,normal
1.0,4601.0,13.0,1.0,0.0,0.0,0.0,0.0,0.0,0.0,1.0,0.0,0.0,0.0,0.0,normal
1.0,4602.0,12.0,1.0,0.0,0.0,0.0,0.0,0.0,0.0,1.0,0.0,0.0,0.0,0.0,normal
1.0,4601.0,13.0,1.0,0.0,0.0,0.0,0.0,0.0,0.0,1.0,0.0,0.0,0.0,0.0,normal
1.0,4602.0,12.0,1.0,0.0,0.0,0.0,0.0,0.0,0.0,1.0,0.0,0.0,0.0,0.0,normal
1.0,4601.0,15.0,1.0,24.0,17.0,501.0,22.0,4.0,185.0,27.7,-26.4,1.0,26.0,198.0,normal
1.0,4602.0,11.0,1.0,0.0,0.0,0.0,0.0,0.0,0.0,1.0,0.0,0.0,0.0,0.0,normal
1.0,4601.0,15.0,1.0,21.0,42.0,1310.0,25.0,1.0,0.0,34.3,-15.0,1.0,27.0,381.0,normal
1.0,4602.0,12.0,1.0,0.0,0.0,0.0,0.0,0.0,0.0,1.0,0.0,0.0,0.0,0.0,normal
1.0,4601.0,15.0,1.0,22.0,39.0,1187.0,11.0,0.0,425.0,35.3,-10.6,1.0,27.0,337.0,normal
1.0,4602.0,12.0,1.0,0.0,0.0,0.0,0.0,0.0,0.0,1.0,0.0,0.0,0.0,0.0,normal
1.0,4601.0,15.0,1.0,21.0,32.0,1019.0,15.0,1.0,277.0,33.9,-15.4,1.0,27.0,311.0,normal
1.0,4602.0,12.0,1.0,0.0,0.0,0.0,0.0,0.0,0.0,1.0,0.0,0.0,0.0,0.0,normal
1.0,4601.0,15.0,1.0,22.0,47.0,1397.0,3.0,0.0,339.0,32.7,-18.6,1.0,27.0,375.0,normal
1.0,4602.0,12.0,1.0,0.0,0.0,0.0,0.0,0.0,0.0,1.0,0.0,0.0,0.0,0.0,normal
1.0,4601.0,15.0,1.0,23.0,40.0,1105.0,7.0,0.0,91.9,34.8,-9.6,1.0,27.0,332.0,normal
1.0,4602.0,13.0,1.0,0.0,0.0,0.0,0.0,0.0,0.0,1.0,0.0,0.0,0.0,0.0,normal
1.0,4601.0,15.0,1.0,24.0,51.0,1387.0,13.0,0.0,365.0,35.3,-12.0,1.0,27.0,389.0,normal
1.0,4602.0,13.0,1.0,0.0,0.0,0.0,0.0,0.0,0.0,1.0,0.0,0.0,0.0,0.0,normal
1.0,4601.0,15.0,1.0,24.0,39.0,1017.0,10.0,0.0,69.0,35.9,-12.7,1.0,27.0,352.0,normal
1.0,4602.0,13.0,1.0,17.0,3.4,3.0,0.0,0.0,0.0,35.7,-9.8,1.0,27.0,9.7,normal
1.0,4601.0,15.0,1.0,24.0,53.0,1388.0,12.0,0.0,386.0,35.9,-12.3,1.0,27.0,404.0,normal
1.0,4602.0,13.0,1.0,0.0,0.0,0.0,0.0,0.0,0.0,1.0,0.0,0.0,0.0,0.0,normal
1.0,4601.0,15.0,1.0,24.0,20.0,535.0,6.0,1.0,0.0,35.9,-12.8,1.0,27.0,152.0,normal
1.0,4602.0,13.0,1.0,0.0,0.0,0.0,0.0,0.0,0.0,1.0,0.0,0.0,0.0,0.0,normal
1.0,4601.0,15.0,1.0,0.0,0.0,0.0,0.0,0.0,0.0,1.0,0.0,0.0,0.0,0.0,normal
1.0,4602.0,13.0,1.0,0.0,0.0,0.0,0.0,0.0,0.0,1.0,0.0,0.0,0.0,0.0,normal
1.0,4601.0,15.0,1.0,0.0,0.0,0.0,0.0,0.0,0.0,37.1,-11.8,1.0,27.0,4.9,normal
1.0,4602.0,13.0,1.0,0.0,0.0,0.0,0.0,0.0,0.0,1.0,0.0,0.0,0.0,0.0,normal
1.0,4601.0,14.0,1.0,0.0,0.0,0.0,0.0,0.0,0.0,1.0,0.0,0.0,0.0,0.0,normal
1.0,4602.0,13.0,1.0,0.0,0.0,0.0,0.0,0.0,0.0,1.0,0.0,0.0,0.0,0.0,normal
1.0,4601.0,14.0,1.0,0.0,0.0,0.0,0.0,0.0,0.0,1.0,0.0,0.0,0.0,0.0,normal
1.0,4602.0,13.0,1.0,0.0,0.0,0.0,0.0,0.0,0.0,34.5,-10.8,1.0,27.0,4.9,normal
1.0,4601.0,14.0,1.0,0.0,0.0,0.0,0.0,0.0,0.0,1.0,0.0,0.0,0.0,0.0,normal
1.0,4602.0,13.0,1.0,0.0,0.0,0.0,0.0,0.0,0.0,1.0,0.0,0.0,0.0,0.0,normal
1.0,4601.0,14.0,1.0,0.0,0.0,0.0,0.0,0.0,0.0,1.0,0.0,0.0,0.0,0.0,normal
1.0,4602.0,13.0,1.0,0.0,0.0,0.0,0.0,0.0,0.0,1.0,0.0,0.0,0.0,0.0,normal
1.0,4601.0,14.0,1.0,0.0,0.0,0.0,0.0,0.0,0.0,1.0,0.0,0.0,0.0,0.0,normal
1.0,4602.0,13.0,1.0,0.0,0.0,0.0,0.0,0.0,0.0,34.8,-10.6,1.0,27.0,4.9,normal
1.0,4601.0,14.0,1.0,0.0,0.0,0.0,0.0,0.0,0.0,1.0,0.0,0.0,0.0,0.0,normal
1.0,4602.0,13.0,1.0,0.0,0.0,0.0,0.0,0.0,0.0,1.0,0.0,0.0,0.0,0.0,normal
1.0,4601.0,14.0,1.0,0.0,0.0,0.0,0.0,0.0,0.0,36.0,-13.1,1.0,27.0,4.9,normal
1.0,4602.0,13.0,1.0,0.0,0.0,0.0,0.0,0.0,0.0,1.0,0.0,0.0,0.0,0.0,normal
1.0,4601.0,14.0,1.0,0.0,0.0,0.0,0.0,0.0,0.0,36.7,-13.3,1.0,27.0,4.9,normal
1.0,4602.0,13.0,1.0,0.0,0.0,0.0,0.0,0.0,0.0,1.0,0.0,0.0,0.0,0.0,normal
1.0,4601.0,14.0,1.0,0.0,0.0,0.0,0.0,0.0,0.0,1.0,0.0,0.0,0.0,0.0,normal
1.0,4602.0,12.0,1.0,16.0,4.6,4.0,0.0,0.0,0.0,35.7,-10.0,1.0,27.0,9.7,normal
1.0,4601.0,14.0,1.0,0.0,0.0,0.0,0.0,0.0,0.0,37.3,-12.9,1.0,27.0,4.9,normal
1.0,4602.0,12.0,1.0,0.0,0.0,0.0,0.0,0.0,0.0,1.0,0.0,0.0,0.0,0.0,normal
1.0,4601.0,14.0,1.0,22.0,5.9,4.0,0.0,0.0,0.0,36.0,-13.1,1.0,27.0,9.7,normal
1.0,4602.0,12.0,1.0,0.0,0.0,0.0,0.0,0.0,0.0,33.9,-9.6,1.0,27.0,9.7,normal
1.0,4601.0,14.0,1.0,0.0,0.0,0.0,0.0,0.0,0.0,1.0,0.0,0.0,0.0,0.0,normal
1.0,4602.0,12.0,1.0,15.0,2.5,2.0,0.0,0.0,0.0,34.2,-9.9,1.0,27.0,4.9,normal
1.0,4601.0,14.0,1.0,0.0,0.0,0.0,0.0,0.0,0.0,1.0,0.0,0.0,0.0,0.0,normal
1.0,4602.0,12.0,1.0,15.0,2.0,2.0,0.0,0.0,0.0,34.3,-9.7,1.0,27.0,9.7,normal
1.0,4601.0,13.0,1.0,0.0,0.0,0.0,0.0,0.0,0.0,1.0,0.0,0.0,0.0,0.0,normal
1.0,4602.0,12.0,1.0,0.0,0.0,0.0,0.0,0.0,0.0,34.9,-9.7,1.0,27.0,4.9,normal
1.0,4601.0,14.0,1.0,0.0,0.0,0.0,0.0,0.0,0.0,1.0,0.0,0.0,0.0,0.0,normal
1.0,4602.0,12.0,1.0,0.0,0.0,0.0,0.0,0.0,0.0,1.0,0.0,0.0,0.0,0.0,normal
1.0,4601.0,14.0,1.0,0.0,0.0,0.0,0.0,0.0,0.0,1.0,0.0,0.0,0.0,0.0,normal
1.0,4602.0,12.0,1.0,0.0,0.0,0.0,0.0,0.0,0.0,1.0,0.0,0.0,0.0,0.0,normal
1.0,4601.0,14.0,1.0,0.0,0.0,0.0,0.0,0.0,0.0,1.0,0.0,0.0,0.0,0.0,normal
1.0,4602.0,12.0,1.0,0.0,0.0,0.0,0.0,0.0,0.0,1.0,0.0,0.0,0.0,0.0,normal
1.0,4601.0,14.0,1.0,0.0,0.0,0.0,0.0,0.0,0.0,1.0,0.0,0.0,0.0,0.0,normal
1.0,4602.0,12.0,1.0,0.0,0.0,0.0,0.0,0.0,0.0,1.0,0.0,0.0,0.0,0.0,normal
1.0,4601.0,14.0,1.0,0.0,0.0,0.0,0.0,0.0,0.0,1.0,0.0,0.0,0.0,0.0,normal
1.0,4602.0,12.0,1.0,0.0,0.0,0.0,0.0,0.0,0.0,1.0,0.0,0.0,0.0,0.0,normal
1.0,4601.0,14.0,1.0,21.0,5.7,4.0,0.0,0.0,0.0,35.1,-12.5,1.0,27.0,9.7,normal
1.0,4602.0,12.0,1.0,0.0,0.0,0.0,0.0,0.0,0.0,1.0,0.0,0.0,0.0,0.0,normal
1.0,4601.0,14.0,1.0,0.0,0.0,0.0,0.0,0.0,0.0,36.0,-12.3,1.0,27.0,4.9,normal
1.0,4602.0,12.0,1.0,0.0,0.0,0.0,0.0,0.0,0.0,1.0,0.0,0.0,0.0,0.0,normal
1.0,4601.0,14.0,1.0,0.0,0.0,0.0,0.0,0.0,0.0,35.8,-12.4,1.0,27.0,4.9,normal
1.0,4602.0,12.0,1.0,0.0,0.0,0.0,0.0,0.0,0.0,1.0,0.0,0.0,0.0,0.0,normal
1.0,4601.0,14.0,1.0,0.0,0.0,0.0,0.0,0.0,0.0,35.8,-12.6,1.0,27.0,4.9,normal
1.0,4602.0,12.0,1.0,0.0,0.0,0.0,0.0,0.0,0.0,1.0,0.0,0.0,0.0,0.0,normal
1.0,4601.0,14.0,1.0,0.0,0.0,0.0,0.0,0.0,0.0,1.0,0.0,0.0,0.0,0.0,normal
1.0,4602.0,12.0,1.0,0.0,0.0,0.0,0.0,0.0,0.0,1.0,0.0,0.0,0.0,0.0,normal
1.0,4601.0,14.0,1.0,0.0,0.0,0.0,0.0,0.0,0.0,1.0,0.0,0.0,0.0,0.0,normal
1.0,4602.0,12.0,1.0,0.0,0.0,0.0,0.0,0.0,0.0,1.0,0.0,0.0,0.0,0.0,normal
1.0,4601.0,14.0,1.0,0.0,0.0,0.0,0.0,0.0,0.0,1.0,0.0,0.0,0.0,0.0,normal
1.0,4602.0,13.0,1.0,0.0,0.0,0.0,0.0,0.0,0.0,35.8,-9.6,1.0,27.0,4.9,normal
1.0,4601.0,14.0,1.0,0.0,0.0,0.0,0.0,0.0,0.0,1.0,0.0,0.0,0.0,0.0,normal
1.0,4602.0,12.0,1.0,0.0,0.0,0.0,0.0,0.0,0.0,35.6,-9.6,1.0,27.0,4.9,normal
1.0,4601.0,14.0,1.0,0.0,0.0,0.0,0.0,0.0,0.0,34.1,-12.5,1.0,27.0,4.9,normal
1.0,4602.0,14.0,1.0,20.0,18.0,595.0,11.0,1.0,575.0,34.3,-11.1,1.0,27.0,199.0,normal
1.0,4601.0,14.0,1.0,0.0,0.0,0.0,0.0,0.0,0.0,1.0,0.0,0.0,0.0,0.0,normal
1.0,4602.0,15.0,1.0,19.0,40.0,1372.0,28.0,2.0,509.0,33.9,-11.8,1.0,27.0,431.0,normal
1.0,4601.0,14.0,1.0,0.0,0.0,0.0,0.0,0.0,0.0,1.0,0.0,0.0,0.0,0.0,normal
1.0,4602.0,14.0,1.0,18.0,19.0,670.0,12.0,1.0,320.0,34.1,-11.7,1.0,27.0,218.0,normal
1.0,4601.0,14.0,1.0,0.0,0.0,0.0,0.0,0.0,0.0,34.7,-12.6,1.0,27.0,4.9,normal
1.0,4602.0,15.0,1.0,19.0,40.0,1377.0,23.0,1.0,425.0,34.2,-11.5,1.0,27.0,353.0,normal
1.0,4601.0,14.0,1.0,0.0,0.0,0.0,0.0,0.0,0.0,1.0,0.0,0.0,0.0,0.0,normal
1.0,4602.0,15.0,1.0,19.0,27.0,942.0,26.0,2.0,390.0,34.3,-11.7,1.0,27.0,285.0,normal
1.0,4601.0,13.0,1.0,0.0,0.0,0.0,0.0,0.0,0.0,1.0,0.0,0.0,0.0,0.0,normal
1.0,4602.0,15.0,1.0,19.0,39.0,1359.0,41.0,2.0,337.0,34.3,-11.6,1.0,27.0,339.0,normal
1.0,4601.0,13.0,1.0,0.0,0.0,0.0,0.0,0.0,0.0,1.0,0.0,0.0,0.0,0.0,normal
1.0,4602.0,15.0,1.0,19.0,29.0,1003.0,19.0,1.0,187.0,34.5,-11.2,1.0,27.0,289.0,normal
1.0,4601.0,13.0,1.0,0.0,0.0,0.0,0.0,0.0,0.0,1.0,0.0,0.0,0.0,0.0,normal
1.0,4602.0,15.0,1.0,19.0,37.0,1297.0,54.0,3.0,11.5,34.6,-11.1,1.0,27.0,337.0,normal
1.0,4601.0,13.0,1.0,0.0,0.0,0.0,0.0,0.0,0.0,1.0,0.0,0.0,0.0,0.0,normal
1.0,4602.0,14.0,1.0,19.0,5.0,190.0,9.0,4.0,0.0,35.3,-10.0,1.0,27.0,86.0,normal
1.0,4601.0,13.0,1.0,0.0,0.0,0.0,0.0,0.0,0.0,1.0,0.0,0.0,0.0,0.0,normal
1.0,4602.0,12.0,1.0,0.0,0.0,0.0,0.0,0.0,0.0,35.3,-10.1,1.0,27.0,4.9,normal
1.0,4601.0,13.0,1.0,0.0,0.0,0.0,0.0,0.0,0.0,1.0,0.0,0.0,0.0,0.0,normal
1.0,4602.0,12.0,1.0,0.0,0.0,0.0,0.0,0.0,0.0,1.0,0.0,0.0,0.0,0.0,normal
1.0,4601.0,14.0,1.0,23.0,27.0,783.0,17.0,2.0,663.0,35.8,-9.7,1.0,27.0,234.0,normal
1.0,4602.0,12.0,1.0,0.0,0.0,0.0,0.0,0.0,0.0,36.3,-8.2,1.0,27.0,4.9,normal
1.0,4601.0,15.0,1.0,21.0,45.0,1382.0,18.0,1.0,580.0,35.6,-10.4,1.0,27.0,339.0,normal
1.0,4602.0,12.0,1.0,0.0,0.0,0.0,0.0,0.0,0.0,35.8,-8.2,1.0,27.0,4.9,normal
1.0,4601.0,15.0,1.0,22.0,42.0,1259.0,10.0,0.0,509.0,35.2,-10.1,1.0,27.0,352.0,normal
1.0,4602.0,12.0,1.0,0.0,0.0,0.0,0.0,0.0,0.0,1.0,0.0,0.0,0.0,0.0,normal
1.0,4601.0,15.0,1.0,21.0,44.0,1388.0,12.0,0.0,556.0,36.0,-11.3,1.0,27.0,339.0,normal
1.0,4602.0,12.0,1.0,0.0,0.0,0.0,0.0,0.0,0.0,1.0,0.0,0.0,0.0,0.0,normal
1.0,4601.0,15.0,1.0,22.0,35.0,1063.0,8.0,0.0,162.0,35.9,-12.3,1.0,27.0,300.0,normal
1.0,4602.0,12.0,1.0,0.0,0.0,0.0,0.0,0.0,0.0,1.0,0.0,0.0,0.0,0.0,normal
1.0,4601.0,15.0,1.0,21.0,45.0,1383.0,17.0,1.0,447.0,35.6,-12.3,1.0,27.0,339.0,normal
1.0,4602.0,12.0,1.0,0.0,0.0,0.0,0.0,0.0,0.0,1.0,0.0,0.0,0.0,0.0,normal
1.0,4601.0,15.0,1.0,21.0,37.0,1182.0,16.0,1.0,303.0,35.1,-10.1,1.0,27.0,332.0,normal
1.0,4602.0,12.0,1.0,0.0,0.0,0.0,0.0,0.0,0.0,1.0,0.0,0.0,0.0,0.0,normal
1.0,4601.0,15.0,1.0,21.0,44.0,1390.0,10.0,0.0,332.0,34.2,-13.6,1.0,27.0,339.0,normal
1.0,4602.0,12.0,1.0,0.0,0.0,0.0,0.0,0.0,0.0,1.0,0.0,0.0,0.0,0.0,normal
1.0,4601.0,15.0,1.0,21.0,38.0,1217.0,31.0,2.0,123.0,28.8,-24.8,1.0,26.0,305.0,normal
1.0,4602.0,12.0,1.0,0.0,0.0,0.0,0.0,0.0,0.0,34.1,-13.8,1.0,27.0,4.9,normal
1.0,4601.0,15.0,1.0,18.0,37.0,1316.0,24.0,1.0,0.0,32.8,-14.3,1.0,27.0,321.0,normal
1.0,4602.0,12.0,1.0,0.0,0.0,0.0,0.0,0.0,0.0,1.0,0.0,0.0,0.0,0.0,normal
1.0,4601.0,13.0,1.0,19.0,1.3,1.0,0.0,0.0,0.0,34.5,-17.0,1.0,27.0,4.9,normal
1.0,4602.0,15.0,1.0,17.0,2.3,2.0,0.0,0.0,0.0,1.0,0.0,0.0,0.0,0.0,normal
1.0,4601.0,13.0,1.0,0.0,0.0,0.0,0.0,0.0,0.0,1.0,0.0,0.0,0.0,0.0,normal
1.0,4602.0,15.0,1.0,0.0,0.0,0.0,0.0,0.0,0.0,1.0,0.0,0.0,0.0,0.0,normal
1.0,4601.0,13.0,1.0,15.0,2.0,2.0,0.0,0.0,0.0,1.0,0.0,0.0,0.0,0.0,normal
1.0,4602.0,15.0,1.0,0.0,0.0,0.0,0.0,0.0,0.0,1.0,0.0,0.0,0.0,0.0,normal
1.0,4601.0,13.0,1.0,15.0,4.9,5.0,0.0,0.0,0.0,1.0,0.0,0.0,0.0,0.0,normal
1.0,4602.0,15.0,1.0,19.0,2.6,2.0,0.0,0.0,0.0,1.0,0.0,0.0,0.0,0.0,normal
1.0,4601.0,13.0,1.0,0.0,0.0,0.0,0.0,0.0,0.0,36.0,-5.9,1.0,27.0,4.9,normal
1.0,4602.0,15.0,1.0,0.0,0.0,0.0,0.0,0.0,0.0,35.2,-12.9,1.0,27.0,4.9,normal
1.0,4601.0,13.0,1.0,0.0,0.0,0.0,0.0,0.0,0.0,1.0,0.0,0.0,0.0,0.0,normal
1.0,4602.0,15.0,1.0,0.0,0.0,0.0,0.0,0.0,0.0,1.0,0.0,0.0,0.0,0.0,normal
1.0,4601.0,13.0,1.0,0.0,0.0,0.0,0.0,0.0,0.0,1.0,0.0,0.0,0.0,0.0,normal
1.0,4602.0,15.0,1.0,0.0,0.0,0.0,0.0,0.0,0.0,1.0,0.0,0.0,0.0,0.0,normal
1.0,4601.0,13.0,1.0,0.0,0.0,0.0,0.0,0.0,0.0,37.5,-11.6,1.0,27.0,9.7,normal
1.0,4602.0,15.0,1.0,0.0,0.0,0.0,0.0,0.0,0.0,1.0,0.0,0.0,0.0,0.0,normal
1.0,4601.0,13.0,1.0,0.0,0.0,0.0,0.0,0.0,0.0,38.1,-11.9,1.0,27.0,9.7,normal
1.0,4602.0,15.0,1.0,0.0,0.0,0.0,0.0,0.0,0.0,1.0,0.0,0.0,0.0,0.0,normal
1.0,4601.0,13.0,1.0,0.0,0.0,0.0,0.0,0.0,0.0,1.0,0.0,0.0,0.0,0.0,normal
1.0,4602.0,15.0,1.0,0.0,0.0,0.0,0.0,0.0,0.0,1.0,0.0,0.0,0.0,0.0,normal
1.0,4601.0,13.0,1.0,0.0,0.0,0.0,0.0,0.0,0.0,1.0,0.0,0.0,0.0,0.0,normal
1.0,4602.0,15.0,1.0,0.0,0.0,0.0,0.0,0.0,0.0,38.4,-2.9,1.0,27.0,4.9,normal
1.0,4601.0,13.0,1.0,15.0,4.9,5.0,0.0,0.0,0.0,37.3,-11.8,1.0,27.0,15.0,normal
1.0,4602.0,15.0,1.0,0.0,0.0,0.0,0.0,0.0,0.0,1.0,0.0,0.0,0.0,0.0,normal
1.0,4601.0,13.0,1.0,0.0,0.0,0.0,0.0,0.0,0.0,35.0,-13.1,1.0,27.0,4.9,normal
1.0,4602.0,15.0,1.0,0.0,0.0,0.0,0.0,0.0,0.0,1.0,0.0,0.0,0.0,0.0,normal
1.0,4601.0,13.0,1.0,0.0,0.0,0.0,0.0,0.0,0.0,1.0,0.0,0.0,0.0,0.0,normal
1.0,4602.0,15.0,1.0,0.0,0.0,0.0,0.0,0.0,0.0,1.0,0.0,0.0,0.0,0.0,normal
1.0,4601.0,13.0,1.0,0.0,0.0,0.0,0.0,0.0,0.0,1.0,0.0,0.0,0.0,0.0,normal
1.0,4602.0,15.0,1.0,0.0,0.0,0.0,0.0,0.0,0.0,1.0,0.0,0.0,0.0,0.0,normal
1.0,4601.0,13.0,1.0,0.0,0.0,0.0,0.0,0.0,0.0,1.0,0.0,0.0,0.0,0.0,normal
1.0,4602.0,15.0,1.0,0.0,0.0,0.0,0.0,0.0,0.0,1.0,0.0,0.0,0.0,0.0,normal
1.0,4601.0,13.0,1.0,0.0,0.0,0.0,0.0,0.0,0.0,36.4,-11.8,1.0,27.0,4.9,normal
1.0,4602.0,15.0,1.0,0.0,0.0,0.0,0.0,0.0,0.0,38.4,-1.8,1.0,27.0,4.9,normal
1.0,4601.0,13.0,1.0,0.0,0.0,0.0,0.0,0.0,0.0,1.0,0.0,0.0,0.0,0.0,normal
1.0,4602.0,15.0,1.0,0.0,0.0,0.0,0.0,0.0,0.0,1.0,0.0,0.0,0.0,0.0,normal
1.0,4601.0,13.0,1.0,0.0,0.0,0.0,0.0,0.0,0.0,1.0,0.0,0.0,0.0,0.0,normal
1.0,4602.0,15.0,1.0,0.0,0.0,0.0,0.0,0.0,0.0,1.0,0.0,0.0,0.0,0.0,normal
1.0,4601.0,13.0,1.0,0.0,0.0,0.0,0.0,0.0,0.0,1.0,0.0,0.0,0.0,0.0,normal
1.0,4602.0,15.0,1.0,0.0,0.0,0.0,0.0,0.0,0.0,1.0,0.0,0.0,0.0,0.0,normal
1.0,4601.0,13.0,1.0,0.0,0.0,0.0,0.0,0.0,0.0,35.4,-11.8,1.0,27.0,4.9,normal
1.0,4602.0,15.0,1.0,0.0,0.0,0.0,0.0,0.0,0.0,1.0,0.0,0.0,0.0,0.0,normal
1.0,4601.0,13.0,1.0,15.0,0.0,0.0,0.0,0.0,3.0,34.8,-11.8,1.0,27.0,4.9,normal
1.0,4602.0,15.0,1.0,0.0,0.0,0.0,0.0,0.0,0.0,1.0,0.0,0.0,0.0,0.0,normal
1.0,4601.0,14.0,1.0,19.0,20.0,737.0,9.0,1.0,427.0,35.1,-10.7,1.0,27.0,318.0,normal
1.0,4602.0,15.0,1.0,0.0,0.0,0.0,0.0,0.0,0.0,1.0,0.0,0.0,0.0,0.0,normal
1.0,4601.0,15.0,1.0,19.0,39.0,1338.0,28.0,2.0,0.0,33.8,-11.5,1.0,27.0,410.0,normal
1.0,4602.0,15.0,1.0,19.0,21.0,6.0,0.0,0.0,0.0,37.5,-9.2,1.0,27.0,41.0,normal
1.0,4601.0,15.0,1.0,20.0,19.0,598.0,0.0,0.0,480.0,25.8,-26.1,1.0,25.0,256.0,normal
1.0,4602.0,15.0,1.0,19.0,18.0,656.0,1.0,0.0,429.0,27.2,-26.3,1.0,26.0,347.0,normal
1.0,4601.0,15.0,1.0,21.0,23.0,697.0,2.0,0.0,636.0,29.0,-21.8,1.0,26.0,270.0,normal
1.0,4602.0,15.0,1.0,19.0,20.0,697.0,5.0,0.0,426.0,31.1,-20.0,1.0,25.0,327.0,normal
1.0,4601.0,15.0,1.0,22.0,21.0,637.0,0.0,0.0,0.0,33.4,-15.9,1.0,27.0,301.0,normal
1.0,4602.0,15.0,1.0,20.0,19.0,612.0,1.0,0.0,0.0,33.1,-17.2,1.0,27.0,297.0,normal
1.0,4601.0,15.0,1.0,22.0,15.0,459.0,5.0,1.0,607.0,35.1,-11.0,1.0,27.0,276.0,normal
1.0,4602.0,15.0,1.0,21.0,19.0,598.0,6.0,0.0,389.0,25.7,-25.3,1.0,26.0,269.0,normal
1.0,4601.0,15.0,1.0,23.0,23.0,680.0,2.0,0.0,449.0,35.3,-11.7,1.0,27.0,339.0,normal
1.0,4602.0,15.0,1.0,21.0,23.0,718.0,11.0,1.0,433.0,27.0,-23.9,1.0,25.0,296.0,normal
1.0,4601.0,15.0,1.0,23.0,27.0,759.0,11.0,1.0,507.0,35.5,-9.5,1.0,27.0,337.0,normal
1.0,4602.0,15.0,1.0,21.0,19.0,636.0,8.0,1.0,414.0,23.1,-26.9,1.0,24.0,273.0,normal
1.0,4601.0,14.0,1.0,23.0,8.4,239.0,0.0,0.0,0.0,35.0,-10.8,1.0,27.0,111.0,normal
1.0,4602.0,15.0,1.0,21.0,22.0,711.0,7.0,0.0,21.6,21.2,-29.4,1.0,22.0,202.0,normal
1.0,4601.0,13.0,1.0,0.0,0.0,0.0,0.0,0.0,0.0,1.0,0.0,0.0,0.0,0.0,normal
1.0,4602.0,15.0,1.0,21.0,45.0,1378.0,22.0,1.0,307.0,19.9,-30.9,1.0,16.0,277.0,normal
1.0,4601.0,13.0,1.0,0.0,0.0,0.0,0.0,0.0,0.0,36.8,-11.7,1.0,27.0,4.9,normal
1.0,4602.0,15.0,1.0,21.0,22.0,705.0,16.0,2.0,286.0,20.2,-30.0,1.0,17.0,177.0,normal
1.0,4601.0,13.0,1.0,0.0,0.0,0.0,0.0,0.0,0.0,1.0,0.0,0.0,0.0,0.0,normal
1.0,4602.0,15.0,1.0,21.0,42.0,1342.0,58.0,4.0,560.0,17.6,-30.1,1.0,12.0,228.0,normal
1.0,4601.0,13.0,1.0,0.0,0.0,0.0,0.0,0.0,0.0,36.4,-11.2,1.0,27.0,4.9,normal
1.0,4602.0,15.0,1.0,19.0,4.7,173.0,2.0,1.0,0.0,13.8,-27.1,1.0,6.0,36.0,normal
1.0,4601.0,13.0,1.0,0.0,0.0,0.0,0.0,0.0,0.0,1.0,0.0,0.0,0.0,0.0,normal
1.0,4602.0,15.0,1.0,19.0,14.0,12.0,0.0,0.0,0.0,1.0,0.0,0.0,0.0,0.0,normal
1.0,4601.0,13.0,1.0,0.0,0.0,0.0,0.0,0.0,0.0,1.0,0.0,0.0,0.0,0.0,normal
1.0,4602.0,15.0,1.0,19.0,9.0,7.0,0.0,0.0,0.0,1.0,0.0,0.0,0.0,0.0,normal
1.0,4601.0,13.0,1.0,0.0,0.0,0.0,0.0,0.0,0.0,1.0,0.0,0.0,0.0,0.0,normal
1.0,4602.0,15.0,1.0,19.0,5.8,5.0,0.0,0.0,0.0,1.0,0.0,0.0,0.0,0.0,normal
1.0,4601.0,13.0,1.0,0.0,0.0,0.0,0.0,0.0,0.0,1.0,0.0,0.0,0.0,0.0,normal
1.0,4602.0,15.0,1.0,19.0,5.2,4.0,0.0,0.0,0.0,1.0,0.0,0.0,0.0,0.0,normal
1.0,4601.0,14.0,1.0,0.0,0.0,0.0,0.0,0.0,0.0,1.0,0.0,0.0,0.0,0.0,normal
1.0,4602.0,15.0,1.0,0.0,0.0,0.0,0.0,0.0,0.0,1.0,0.0,0.0,0.0,0.0,normal
1.0,4601.0,15.0,1.0,0.0,0.0,0.0,0.0,0.0,0.0,36.0,-11.3,1.0,27.0,4.9,normal
1.0,4602.0,15.0,1.0,0.0,0.0,0.0,0.0,0.0,0.0,1.0,0.0,0.0,0.0,0.0,normal
1.0,4601.0,15.0,1.0,0.0,0.0,0.0,0.0,0.0,0.0,1.0,0.0,0.0,0.0,0.0,normal
1.0,4602.0,15.0,1.0,19.0,3.8,4.0,0.0,0.0,0.0,19.9,-22.0,1.0,4.0,4.2,normal
1.0,4601.0,15.0,1.0,0.0,0.0,0.0,0.0,0.0,0.0,1.0,0.0,0.0,0.0,0.0,normal
1.0,4602.0,15.0,1.0,19.0,2.6,2.0,0.0,0.0,0.0,1.0,0.0,0.0,0.0,0.0,normal
1.0,4601.0,14.0,1.0,0.0,0.0,0.0,0.0,0.0,0.0,1.0,0.0,0.0,0.0,0.0,normal
1.0,4602.0,15.0,1.0,19.0,7.0,6.0,0.0,0.0,0.0,1.0,0.0,0.0,0.0,0.0,normal
1.0,4601.0,15.0,1.0,0.0,0.0,0.0,0.0,0.0,0.0,1.0,0.0,0.0,0.0,0.0,normal
1.0,4602.0,15.0,1.0,19.0,4.5,4.0,0.0,0.0,0.0,1.0,0.0,0.0,0.0,0.0,normal
1.0,4601.0,15.0,1.0,0.0,0.0,0.0,0.0,0.0,0.0,1.0,0.0,0.0,0.0,0.0,normal
1.0,4602.0,15.0,1.0,19.0,4.5,4.0,0.0,0.0,0.0,18.5,-32.1,1.0,14.0,4.2,normal
1.0,4601.0,14.0,1.0,0.0,0.0,0.0,0.0,0.0,0.0,1.0,0.0,0.0,0.0,0.0,normal
1.0,4602.0,15.0,1.0,19.0,5.0,4.0,2.0,33.0,0.0,1.0,0.0,0.0,0.0,0.0,normal
1.0,4601.0,15.0,1.0,0.0,0.0,0.0,0.0,0.0,0.0,1.0,0.0,0.0,0.0,0.0,normal
1.0,4602.0,14.0,1.0,17.0,4.0,4.0,0.0,0.0,0.0,19.8,-31.5,1.0,13.0,8.6,normal
1.0,4601.0,15.0,1.0,0.0,0.0,0.0,0.0,0.0,0.0,1.0,0.0,0.0,0.0,0.0,normal
1.0,4602.0,14.0,1.0,17.0,4.0,4.0,0.0,0.0,0.0,1.0,0.0,0.0,0.0,0.0,normal
1.0,4601.0,14.0,1.0,0.0,0.0,0.0,0.0,0.0,0.0,1.0,0.0,0.0,0.0,0.0,normal
1.0,4602.0,14.0,1.0,17.0,5.8,5.0,0.0,0.0,0.0,1.0,0.0,0.0,0.0,0.0,normal
1.0,4601.0,15.0,1.0,0.0,0.0,0.0,0.0,0.0,0.0,1.0,0.0,0.0,0.0,0.0,normal
1.0,4602.0,14.0,1.0,17.0,7.5,7.0,0.0,0.0,0.0,1.0,0.0,0.0,0.0,0.0,normal
1.0,4601.0,15.0,1.0,0.0,0.0,0.0,0.0,0.0,0.0,1.0,0.0,0.0,0.0,0.0,normal
1.0,4602.0,14.0,1.0,17.0,5.8,5.0,0.0,0.0,0.0,1.0,0.0,0.0,0.0,0.0,normal
1.0,4601.0,14.0,1.0,0.0,0.0,0.0,0.0,0.0,0.0,1.0,0.0,0.0,0.0,0.0,normal
1.0,4602.0,14.0,1.0,17.0,3.9,4.0,0.0,0.0,0.0,1.0,0.0,0.0,0.0,0.0,normal
1.0,4601.0,15.0,1.0,0.0,0.0,0.0,0.0,0.0,0.0,1.0,0.0,0.0,0.0,0.0,normal
1.0,4602.0,14.0,1.0,17.0,2.3,2.0,0.0,0.0,0.0,1.0,0.0,0.0,0.0,0.0,normal
1.0,4601.0,14.0,1.0,0.0,0.0,0.0,0.0,0.0,0.0,36.6,-11.1,1.0,27.0,4.9,normal
1.0,4602.0,14.0,1.0,17.0,2.3,2.0,0.0,0.0,0.0,1.0,0.0,0.0,0.0,0.0,normal
1.0,4601.0,15.0,1.0,0.0,0.0,0.0,0.0,0.0,0.0,1.0,0.0,0.0,0.0,0.0,normal
1.0,4602.0,14.0,1.0,0.0,0.0,0.0,0.0,0.0,0.0,1.0,0.0,0.0,0.0,0.0,normal
1.0,4601.0,15.0,1.0,0.0,0.0,0.0,0.0,0.0,0.0,1.0,0.0,0.0,0.0,0.0,normal
1.0,4602.0,14.0,1.0,17.0,7.0,6.0,0.0,0.0,0.0,1.0,0.0,0.0,0.0,0.0,normal
1.0,4601.0,14.0,1.0,0.0,0.0,0.0,0.0,0.0,0.0,1.0,0.0,0.0,0.0,0.0,normal
1.0,4602.0,14.0,1.0,17.0,2.3,2.0,0.0,0.0,0.0,1.0,0.0,0.0,0.0,0.0,normal
1.0,4601.0,15.0,1.0,0.0,0.0,0.0,0.0,0.0,0.0,1.0,0.0,0.0,0.0,0.0,normal
1.0,4602.0,14.0,1.0,17.0,2.3,2.0,0.0,0.0,0.0,1.0,0.0,0.0,0.0,0.0,normal
1.0,4601.0,15.0,1.0,0.0,0.0,0.0,0.0,0.0,0.0,1.0,0.0,0.0,0.0,0.0,normal
1.0,4602.0,14.0,1.0,17.0,7.0,6.0,0.0,0.0,0.0,1.0,0.0,0.0,0.0,0.0,normal
1.0,4601.0,15.0,1.0,23.0,37.0,11.0,0.0,0.0,0.0,35.2,-11.2,1.0,27.0,107.0,normal
1.0,4602.0,14.0,1.0,0.0,0.0,0.0,0.0,0.0,0.0,17.7,-32.0,1.0,13.0,4.4,normal
1.0,4601.0,15.0,1.0,24.0,48.0,1297.0,3.0,0.0,397.0,34.5,-11.1,1.0,27.0,403.0,normal
1.0,4602.0,14.0,1.0,0.0,0.0,0.0,0.0,0.0,0.0,1.0,0.0,0.0,0.0,0.0,normal
1.0,4601.0,15.0,1.0,25.0,39.0,1003.0,7.0,0.0,196.0,34.7,-11.1,1.0,27.0,307.0,normal
1.0,4602.0,14.0,1.0,17.0,1.7,2.0,0.0,0.0,0.0,1.0,0.0,0.0,0.0,0.0,normal
1.0,4601.0,15.0,1.0,25.0,34.0,866.0,8.0,0.0,724.0,34.4,-11.2,1.0,27.0,353.0,normal
1.0,4602.0,15.0,1.0,19.0,15.0,523.0,7.0,1.0,759.0,16.1,-29.2,1.0,14.0,333.0,normal
1.0,4601.0,15.0,1.0,25.0,27.0,690.0,8.0,1.0,743.0,35.0,-11.3,1.0,27.0,318.0,normal
1.0,4602.0,15.0,1.0,19.0,20.0,689.0,13.0,1.0,659.0,16.3,-31.1,1.0,11.0,167.0,normal
1.0,4601.0,15.0,1.0,25.0,27.0,693.0,5.0,0.0,254.0,35.1,-11.2,1.0,27.0,322.0,normal
1.0,4602.0,15.0,1.0,19.0,20.0,694.0,8.0,1.0,676.0,19.5,-32.0,1.0,15.0,156.0,normal
1.0,4601.0,15.0,1.0,25.0,31.0,790.0,12.0,1.0,719.0,34.6,-11.1,1.0,27.0,300.0,normal
1.0,4602.0,15.0,1.0,19.0,17.0,595.0,17.0,2.0,507.0,16.9,-28.8,1.0,10.0,185.0,normal
1.0,4601.0,15.0,1.0,25.0,27.0,688.0,5.0,0.0,798.0,34.5,-11.2,1.0,27.0,335.0,normal
1.0,4602.0,15.0,1.0,19.0,20.0,687.0,23.0,3.0,675.0,18.1,-31.7,1.0,13.0,166.0,normal
1.0,4601.0,15.0,1.0,25.0,28.0,707.0,3.0,0.0,572.0,34.9,-11.1,1.0,27.0,337.0,normal
1.0,4602.0,15.0,1.0,19.0,19.0,686.0,15.0,2.0,550.0,18.5,-29.1,1.0,14.0,199.0,normal
1.0,4601.0,15.0,1.0,25.0,21.0,545.0,6.0,1.0,11.3,34.9,-11.2,1.0,27.0,272.0,normal
1.0,4602.0,15.0,1.0,19.0,19.0,655.0,17.0,2.0,58.0,18.6,-31.3,1.0,13.0,208.0,normal
1.0,4601.0,15.0,1.0,25.0,27.0,705.0,6.0,0.0,609.0,34.4,-11.2,1.0,27.0,337.0,normal
1.0,4602.0,15.0,1.0,19.0,20.0,679.0,13.0,1.0,619.0,17.7,-31.8,1.0,13.0,175.0,normal
1.0,4601.0,15.0,1.0,25.0,14.0,354.0,3.0,0.0,0.0,34.5,-11.2,1.0,27.0,177.0,normal
1.0,4602.0,15.0,1.0,19.0,28.0,971.0,27.0,2.0,0.0,16.7,-31.0,1.0,12.0,182.0,normal
1.0,4601.0,15.0,1.0,0.0,0.0,0.0,0.0,0.0,0.0,1.0,0.0,0.0,0.0,0.0,normal
1.0,4602.0,14.0,1.0,18.0,4.8,4.0,0.0,0.0,0.0,15.3,-31.6,1.0,10.0,4.4,normal
1.0,4601.0,15.0,1.0,0.0,0.0,0.0,0.0,0.0,0.0,1.0,0.0,0.0,0.0,0.0,normal
1.0,4602.0,14.0,1.0,17.0,2.9,3.0,0.0,0.0,0.0,1.0,0.0,0.0,0.0,0.0,normal
1.0,4601.0,15.0,1.0,0.0,0.0,0.0,0.0,0.0,0.0,1.0,0.0,0.0,0.0,0.0,normal
1.0,4602.0,14.0,1.0,17.0,9.8,9.0,0.0,0.0,0.0,1.0,0.0,0.0,0.0,0.0,normal
1.0,4601.0,15.0,1.0,0.0,0.0,0.0,0.0,0.0,0.0,1.0,0.0,0.0,0.0,0.0,normal
1.0,4602.0,14.0,1.0,17.0,2.3,2.0,0.0,0.0,0.0,1.0,0.0,0.0,0.0,0.0,normal
1.0,4601.0,15.0,1.0,0.0,0.0,0.0,0.0,0.0,0.0,1.0,0.0,0.0,0.0,0.0,normal
1.0,4602.0,14.0,1.0,17.0,1.2,1.0,0.0,0.0,0.0,1.0,0.0,0.0,0.0,0.0,normal
1.0,4601.0,14.0,1.0,0.0,0.0,0.0,0.0,0.0,0.0,35.9,-11.2,1.0,27.0,4.9,normal
1.0,4602.0,14.0,1.0,17.0,5.7,5.0,0.0,0.0,0.0,1.0,0.0,0.0,0.0,0.0,normal
1.0,4601.0,15.0,1.0,0.0,0.0,0.0,0.0,0.0,0.0,1.0,0.0,0.0,0.0,0.0,normal
1.0,4602.0,14.0,1.0,0.0,0.0,0.0,0.0,0.0,0.0,1.0,0.0,0.0,0.0,0.0,normal
1.0,4601.0,15.0,1.0,0.0,0.0,0.0,0.0,0.0,0.0,36.9,-11.3,1.0,27.0,4.9,normal
1.0,4602.0,14.0,1.0,0.0,0.0,0.0,0.0,0.0,0.0,1.0,0.0,0.0,0.0,0.0,normal
1.0,4601.0,15.0,1.0,0.0,0.0,0.0,0.0,0.0,0.0,1.0,0.0,0.0,0.0,0.0,normal
1.0,4602.0,14.0,1.0,17.0,5.2,5.0,0.0,0.0,0.0,16.1,-29.3,1.0,9.0,13.0,normal
1.0,4601.0,15.0,1.0,0.0,0.0,0.0,0.0,0.0,0.0,1.0,0.0,0.0,0.0,0.0,normal
1.0,4602.0,14.0,1.0,17.0,5.8,5.0,0.0,0.0,0.0,1.0,0.0,0.0,0.0,0.0,normal
1.0,4601.0,15.0,1.0,24.0,5.1,3.0,0.0,0.0,0.0,36.7,-11.3,1.0,27.0,15.0,normal
1.0,4602.0,14.0,1.0,17.0,6.4,6.0,0.0,0.0,0.0,14.6,-26.6,1.0,6.0,4.2,normal
1.0,4601.0,15.0,1.0,0.0,0.0,0.0,0.0,0.0,0.0,1.0,0.0,0.0,0.0,0.0,normal
1.0,4602.0,14.0,1.0,0.0,0.0,0.0,0.0,0.0,0.0,1.0,0.0,0.0,0.0,0.0,normal
1.0,4601.0,15.0,1.0,0.0,0.0,0.0,0.0,0.0,0.0,36.0,-11.3,1.0,27.0,4.9,normal
1.0,4602.0,14.0,1.0,17.0,1.2,1.0,0.0,0.0,0.0,1.0,0.0,0.0,0.0,0.0,normal
1.0,4601.0,15.0,1.0,0.0,0.0,0.0,0.0,0.0,0.0,1.0,0.0,0.0,0.0,0.0,normal
1.0,4602.0,14.0,1.0,17.0,7.5,7.0,0.0,0.0,0.0,19.8,-27.5,1.0,7.0,4.2,normal
1.0,4601.0,15.0,1.0,0.0,0.0,0.0,0.0,0.0,0.0,1.0,0.0,0.0,0.0,0.0,normal
1.0,4602.0,14.0,1.0,0.0,0.0,0.0,0.0,0.0,0.0,1.0,0.0,0.0,0.0,0.0,normal
1.0,4601.0,15.0,1.0,0.0,0.0,0.0,0.0,0.0,0.0,36.5,-11.3,1.0,27.0,4.9,normal
1.0,4602.0,14.0,1.0,17.0,2.3,2.0,0.0,0.0,0.0,17.7,-33.8,1.0,14.0,4.2,normal
1.0,4601.0,15.0,1.0,0.0,0.0,0.0,0.0,0.0,0.0,1.0,0.0,0.0,0.0,0.0,normal
1.0,4602.0,14.0,1.0,17.0,4.0,4.0,0.0,0.0,0.0,14.8,-30.3,1.0,10.0,4.4,normal
1.0,4601.0,15.0,1.0,0.0,0.0,0.0,0.0,0.0,0.0,35.3,-11.3,1.0,27.0,15.0,normal
1.0,4602.0,14.0,1.0,0.0,0.0,0.0,0.0,0.0,0.0,1.0,0.0,0.0,0.0,0.0,normal
1.0,4601.0,15.0,1.0,0.0,0.0,0.0,0.0,0.0,0.0,1.0,0.0,0.0,0.0,0.0,normal
1.0,4602.0,14.0,1.0,17.0,1.7,2.0,0.0,0.0,0.0,1.0,0.0,0.0,0.0,0.0,normal
1.0,4601.0,15.0,1.0,0.0,0.0,0.0,0.0,0.0,0.0,1.0,0.0,0.0,0.0,0.0,normal
1.0,4602.0,14.0,1.0,17.0,6.3,6.0,0.0,0.0,0.0,22.0,-26.1,1.0,7.0,4.2,normal
1.0,4601.0,15.0,1.0,0.0,0.0,0.0,0.0,0.0,0.0,1.0,0.0,0.0,0.0,0.0,normal
1.0,4602.0,14.0,1.0,15.0,6.6,7.0,0.0,0.0,0.0,17.8,-35.6,1.0,18.0,4.5,normal
1.0,4601.0,15.0,1.0,0.0,0.0,0.0,0.0,0.0,0.0,1.0,0.0,0.0,0.0,0.0,normal
1.0,4602.0,13.0,1.0,16.0,5.7,6.0,0.0,0.0,0.0,18.3,-28.1,1.0,10.0,4.4,normal
1.0,4601.0,15.0,1.0,0.0,0.0,0.0,0.0,0.0,0.0,1.0,0.0,0.0,0.0,0.0,normal
1.0,4602.0,14.0,1.0,17.0,2.3,2.0,0.0,0.0,0.0,1.0,0.0,0.0,0.0,0.0,normal
1.0,4601.0,15.0,1.0,0.0,0.0,0.0,0.0,0.0,0.0,36.4,-11.3,1.0,27.0,4.9,normal
1.0,4602.0,14.0,1.0,17.0,12.0,11.0,0.0,0.0,0.0,1.0,0.0,0.0,0.0,0.0,normal
1.0,4601.0,15.0,1.0,0.0,0.0,0.0,0.0,0.0,0.0,1.0,0.0,0.0,0.0,0.0,normal
1.0,4602.0,14.0,1.0,17.0,9.2,8.0,0.0,0.0,0.0,1.0,0.0,0.0,0.0,0.0,normal
1.0,4601.0,15.0,1.0,0.0,0.0,0.0,0.0,0.0,0.0,1.0,0.0,0.0,0.0,0.0,normal
1.0,4602.0,14.0,1.0,17.0,7.5,7.0,0.0,0.0,0.0,1.0,0.0,0.0,0.0,0.0,normal
1.0,4601.0,15.0,1.0,0.0,0.0,0.0,0.0,0.0,0.0,1.0,0.0,0.0,0.0,0.0,normal
1.0,4602.0,14.0,1.0,0.0,0.0,0.0,0.0,0.0,0.0,1.0,0.0,0.0,0.0,0.0,normal
1.0,4601.0,14.0,1.0,0.0,0.0,0.0,0.0,0.0,0.0,1.0,0.0,0.0,0.0,0.0,normal
1.0,4602.0,14.0,1.0,17.0,2.9,3.0,0.0,0.0,0.0,1.0,0.0,0.0,0.0,0.0,normal
1.0,4601.0,14.0,1.0,0.0,0.0,0.0,0.0,0.0,0.0,1.0,0.0,0.0,0.0,0.0,normal
1.0,4602.0,14.0,1.0,17.0,8.1,7.0,0.0,0.0,0.0,32.9,-19.1,1.0,24.0,24.0,normal
1.0,4601.0,14.0,1.0,0.0,0.0,0.0,0.0,0.0,0.0,1.0,0.0,0.0,0.0,0.0,normal
1.0,4602.0,14.0,1.0,17.0,6.4,6.0,0.0,0.0,0.0,1.0,0.0,0.0,0.0,0.0,normal
1.0,4601.0,14.0,1.0,0.0,0.0,0.0,0.0,0.0,0.0,1.0,0.0,0.0,0.0,0.0,normal
1.0,4602.0,14.0,1.0,0.0,0.0,0.0,0.0,0.0,0.0,1.0,0.0,0.0,0.0,0.0,normal
1.0,4601.0,14.0,1.0,0.0,0.0,0.0,0.0,0.0,0.0,1.0,0.0,0.0,0.0,0.0,normal
1.0,4602.0,14.0,1.0,0.0,0.0,0.0,0.0,0.0,0.0,1.0,0.0,0.0,0.0,0.0,normal
1.0,4601.0,14.0,1.0,0.0,0.0,0.0,0.0,0.0,0.0,1.0,0.0,0.0,0.0,0.0,normal
1.0,4602.0,14.0,1.0,0.0,0.0,0.0,0.0,0.0,0.0,1.0,0.0,0.0,0.0,0.0,normal
1.0,4601.0,15.0,1.0,0.0,0.0,0.0,0.0,0.0,0.0,1.0,0.0,0.0,0.0,0.0,normal
1.0,4602.0,14.0,1.0,17.0,2.3,2.0,0.0,0.0,0.0,27.4,-24.3,1.0,27.0,4.9,normal
1.0,4601.0,14.0,1.0,0.0,0.0,0.0,0.0,0.0,0.0,34.9,-7.8,1.0,27.0,4.9,normal
1.0,4602.0,14.0,1.0,0.0,0.0,0.0,0.0,0.0,0.0,1.0,0.0,0.0,0.0,0.0,normal
1.0,4601.0,15.0,1.0,0.0,0.0,0.0,0.0,0.0,0.0,35.8,-10.2,1.0,27.0,4.9,normal
1.0,4602.0,14.0,1.0,17.0,2.3,2.0,0.0,0.0,0.0,1.0,0.0,0.0,0.0,0.0,normal
1.0,4601.0,15.0,1.0,0.0,0.0,0.0,0.0,0.0,0.0,1.0,0.0,0.0,0.0,0.0,normal
1.0,4602.0,14.0,1.0,17.0,6.8,6.0,0.0,0.0,0.0,28.9,-26.0,1.0,27.0,4.9,normal
1.0,4601.0,14.0,1.0,0.0,0.0,0.0,0.0,0.0,0.0,34.0,-8.1,1.0,27.0,4.9,normal
1.0,4602.0,14.0,1.0,17.0,2.3,2.0,0.0,0.0,0.0,1.0,0.0,0.0,0.0,0.0,normal
1.0,4601.0,15.0,1.0,0.0,0.0,0.0,0.0,0.0,0.0,33.6,-8.3,1.0,27.0,4.9,normal
1.0,4602.0,14.0,1.0,16.0,2.1,2.0,0.0,0.0,0.0,1.0,0.0,0.0,0.0,0.0,normal
1.0,4601.0,15.0,1.0,25.0,14.0,356.0,3.0,0.0,672.0,34.5,-10.9,1.0,27.0,205.0,normal
1.0,4602.0,15.0,1.0,19.0,12.0,438.0,7.0,1.0,940.0,21.9,-29.4,1.0,22.0,168.0,normal
1.0,4601.0,15.0,1.0,25.0,27.0,692.0,6.0,0.0,688.0,34.9,-10.9,1.0,27.0,330.0,normal
1.0,4602.0,15.0,1.0,19.0,20.0,695.0,7.0,0.0,739.0,19.6,-29.2,1.0,19.0,235.0,normal
1.0,4601.0,15.0,1.0,25.0,28.0,693.0,7.0,1.0,676.0,34.6,-11.1,1.0,27.0,339.0,normal
1.0,4602.0,15.0,1.0,19.0,20.0,693.0,7.0,1.0,338.0,17.4,-27.9,1.0,17.0,307.0,normal
1.0,4601.0,15.0,1.0,25.0,28.0,714.0,10.0,1.0,786.0,35.0,-12.5,1.0,27.0,325.0,normal
1.0,4602.0,15.0,1.0,19.0,14.0,499.0,7.0,1.0,690.0,16.2,-29.2,1.0,12.0,185.0,normal
1.0,4601.0,15.0,1.0,24.0,27.0,693.0,10.0,1.0,569.0,34.9,-12.2,1.0,27.0,337.0,normal
1.0,4602.0,15.0,1.0,19.0,20.0,691.0,8.0,1.0,639.0,20.4,-29.7,1.0,19.0,168.0,normal
1.0,4601.0,15.0,1.0,24.0,31.0,866.0,13.0,1.0,90.3,35.0,-12.4,1.0,27.0,315.0,normal
1.0,4602.0,15.0,1.0,19.0,14.0,513.0,20.0,3.0,43.3,14.7,-29.9,1.0,15.0,104.0,normal
1.0,4601.0,15.0,1.0,24.0,26.0,695.0,1.0,0.0,564.0,35.5,-12.5,1.0,27.0,317.0,normal
1.0,4602.0,15.0,1.0,19.0,20.0,695.0,9.0,1.0,9.37,22.9,-29.5,1.0,22.0,205.0,normal
1.0,4601.0,15.0,1.0,24.0,26.0,694.0,4.0,0.0,675.0,35.0,-12.5,1.0,27.0,312.0,normal
1.0,4602.0,15.0,1.0,19.0,17.0,648.0,12.0,1.0,232.0,22.2,-30.1,1.0,21.0,222.0,normal
1.0,4601.0,15.0,1.0,24.0,26.0,692.0,5.0,0.0,343.0,35.3,-12.5,1.0,27.0,319.0,normal
1.0,4602.0,15.0,1.0,19.0,20.0,692.0,11.0,1.0,192.0,23.4,-28.4,1.0,23.0,207.0,normal
1.0,4601.0,15.0,1.0,25.0,29.0,803.0,6.0,0.0,9.85,35.0,-12.6,1.0,27.0,335.0,normal
1.0,4602.0,15.0,1.0,19.0,16.0,565.0,3.0,0.0,0.0,23.2,-28.6,1.0,23.0,174.0,normal
1.0,4601.0,15.0,1.0,25.0,27.0,839.0,6.0,0.0,27.2,35.4,-12.6,1.0,27.0,354.0,normal
1.0,4602.0,15.0,1.0,19.0,14.0,508.0,6.0,1.0,22.4,20.4,-31.2,1.0,20.0,145.0,normal
1.0,4601.0,15.0,1.0,25.0,23.0,612.0,6.0,0.0,232.0,35.3,-12.6,1.0,27.0,330.0,normal
1.0,4602.0,15.0,1.0,19.0,21.0,773.0,11.0,1.0,374.0,23.8,-28.1,1.0,23.0,223.0,normal
1.0,4601.0,15.0,1.0,25.0,30.0,808.0,8.0,0.0,208.0,34.8,-11.6,1.0,27.0,335.0,normal
1.0,4602.0,15.0,1.0,19.0,16.0,570.0,10.0,1.0,188.0,16.0,-28.3,1.0,13.0,150.0,normal
1.0,4601.0,15.0,1.0,25.0,22.0,576.0,10.0,1.0,402.0,34.9,-11.4,1.0,27.0,316.0,normal
1.0,4602.0,15.0,1.0,19.0,18.0,672.0,17.0,2.0,277.0,19.8,-31.1,1.0,19.0,188.0,normal
1.0,4601.0,15.0,1.0,25.0,27.0,692.0,4.0,0.0,321.0,34.8,-12.5,1.0,27.0,330.0,normal
1.0,4602.0,15.0,1.0,19.0,20.0,693.0,11.0,1.0,264.0,16.4,-28.0,1.0,15.0,194.0,normal
1.0,4601.0,15.0,1.0,25.0,27.0,686.0,8.0,1.0,273.0,35.3,-12.3,1.0,27.0,332.0,normal
1.0,4602.0,15.0,1.0,19.0,19.0,685.0,23.0,3.0,382.0,18.7,-32.9,1.0,14.0,179.0,normal
1.0,4601.0,15.0,1.0,24.0,24.0,667.0,7.0,1.0,99.9,34.7,-12.3,1.0,27.0,345.0,normal
1.0,4602.0,15.0,1.0,19.0,19.0,687.0,47.0,6.0,72.2,17.0,-32.4,1.0,18.0,182.0,normal
1.0,4601.0,15.0,1.0,24.0,6.1,166.0,5.0,2.0,0.0,35.5,-12.3,1.0,27.0,84.0,normal
1.0,4602.0,15.0,1.0,19.0,24.0,1028.0,48.0,4.0,5.62,12.6,-29.4,1.0,10.0,176.0,normal
1.0,4601.0,14.0,1.0,0.0,0.0,0.0,0.0,0.0,0.0,1.0,0.0,0.0,0.0,0.0,normal
1.0,4602.0,15.0,1.0,19.0,8.6,403.0,1.0,0.0,0.0,14.3,-35.3,1.0,6.0,55.0,normal
1.0,4601.0,15.0,1.0,0.0,0.0,0.0,0.0,0.0,0.0,1.0,0.0,0.0,0.0,0.0,normal
1.0,4602.0,14.0,1.0,18.0,2.4,2.0,0.0,0.0,0.0,1.0,0.0,0.0,0.0,0.0,normal
1.0,4601.0,15.0,1.0,0.0,0.0,0.0,0.0,0.0,0.0,36.1,-11.4,1.0,27.0,9.7,normal
1.0,4602.0,14.0,1.0,18.0,9.1,8.0,0.0,0.0,0.0,19.8,-27.9,1.0,7.0,4.2,normal
1.0,4601.0,14.0,1.0,0.0,0.0,0.0,0.0,0.0,0.0,37.3,-11.4,1.0,27.0,4.9,normal
1.0,4602.0,14.0,1.0,18.0,2.4,2.0,0.0,0.0,0.0,1.0,0.0,0.0,0.0,0.0,normal
1.0,4601.0,15.0,1.0,0.0,0.0,0.0,0.0,0.0,0.0,1.0,0.0,0.0,0.0,0.0,normal
1.0,4602.0,14.0,1.0,0.0,0.0,0.0,0.0,0.0,0.0,1.0,0.0,0.0,0.0,0.0,normal
1.0,4601.0,14.0,1.0,0.0,0.0,0.0,0.0,0.0,0.0,1.0,0.0,0.0,0.0,0.0,normal
1.0,4602.0,14.0,1.0,18.0,2.4,2.0,0.0,0.0,0.0,14.6,-32.4,1.0,14.0,4.2,normal
1.0,4601.0,15.0,1.0,0.0,0.0,0.0,0.0,0.0,0.0,1.0,0.0,0.0,0.0,0.0,normal
1.0,4602.0,14.0,1.0,18.0,9.5,9.0,0.0,0.0,0.0,1.0,0.0,0.0,0.0,0.0,normal
1.0,4601.0,15.0,1.0,0.0,0.0,0.0,0.0,0.0,0.0,1.0,0.0,0.0,0.0,0.0,normal
1.0,4602.0,14.0,1.0,18.0,7.9,7.0,0.0,0.0,0.0,1.0,0.0,0.0,0.0,0.0,normal
1.0,4601.0,15.0,1.0,0.0,0.0,0.0,0.0,0.0,0.0,1.0,0.0,0.0,0.0,0.0,normal
1.0,4602.0,14.0,1.0,18.0,6.7,6.0,0.0,0.0,0.0,1.0,0.0,0.0,0.0,0.0,normal
1.0,4601.0,14.0,1.0,0.0,0.0,0.0,0.0,0.0,0.0,1.0,0.0,0.0,0.0,0.0,normal
1.0,4602.0,14.0,1.0,18.0,6.0,5.0,0.0,0.0,0.0,1.0,0.0,0.0,0.0,0.0,normal
1.0,4601.0,14.0,1.0,0.0,0.0,0.0,0.0,0.0,0.0,1.0,0.0,0.0,0.0,0.0,normal
1.0,4602.0,14.0,1.0,18.0,9.1,8.0,0.0,0.0,0.0,1.0,0.0,0.0,0.0,0.0,normal
1.0,4601.0,14.0,1.0,0.0,0.0,0.0,0.0,0.0,0.0,1.0,0.0,0.0,0.0,0.0,normal
1.0,4602.0,14.0,1.0,18.0,6.6,6.0,0.0,0.0,0.0,1.0,0.0,0.0,0.0,0.0,normal
1.0,4601.0,14.0,1.0,0.0,0.0,0.0,0.0,0.0,0.0,37.1,-11.6,1.0,27.0,4.9,normal
1.0,4602.0,14.0,1.0,18.0,4.9,4.0,0.0,0.0,0.0,1.0,0.0,0.0,0.0,0.0,normal
1.0,4601.0,14.0,1.0,0.0,0.0,0.0,0.0,0.0,0.0,1.0,0.0,0.0,0.0,0.0,normal
1.0,4602.0,14.0,1.0,18.0,1.2,1.0,0.0,0.0,0.0,1.0,0.0,0.0,0.0,0.0,normal
1.0,4601.0,15.0,1.0,23.0,4.7,3.0,0.0,0.0,0.0,36.4,-11.6,1.0,27.0,15.0,normal
1.0,4602.0,14.0,1.0,18.0,11.0,10.0,0.0,0.0,0.0,18.9,-23.5,1.0,10.0,16.0,normal
1.0,4601.0,15.0,1.0,0.0,0.0,0.0,0.0,0.0,0.0,36.9,-11.6,1.0,27.0,4.9,normal
1.0,4602.0,15.0,1.0,20.0,28.0,1002.0,9.0,0.0,238.0,18.2,-33.8,1.0,12.0,193.0,normal
1.0,4601.0,15.0,1.0,0.0,0.0,0.0,0.0,0.0,0.0,36.3,-11.6,1.0,27.0,4.9,normal
1.0,4602.0,15.0,1.0,21.0,40.0,1243.0,29.0,2.0,0.0,17.7,-34.6,1.0,11.0,196.0,normal
1.0,4601.0,15.0,1.0,0.0,0.0,0.0,0.0,0.0,0.0,1.0,0.0,0.0,0.0,0.0,normal
1.0,4602.0,15.0,1.0,21.0,34.0,1118.0,25.0,2.0,0.0,14.3,-31.4,1.0,7.0,232.0,normal
1.0,4601.0,15.0,1.0,0.0,0.0,0.0,0.0,0.0,0.0,36.4,-11.5,1.0,27.0,4.9,normal
1.0,4602.0,14.0,1.0,20.0,14.0,10.0,0.0,0.0,0.0,1.0,0.0,0.0,0.0,0.0,normal
1.0,4601.0,15.0,1.0,0.0,0.0,0.0,0.0,0.0,0.0,1.0,0.0,0.0,0.0,0.0,normal
1.0,4602.0,14.0,1.0,20.0,15.0,12.0,0.0,0.0,0.0,11.2,-26.7,1.0,8.0,4.2,normal
1.0,4601.0,15.0,1.0,0.0,0.0,0.0,0.0,0.0,0.0,1.0,0.0,0.0,0.0,0.0,normal
1.0,4602.0,14.0,1.0,20.0,8.0,6.0,0.0,0.0,0.0,8.3,-22.4,1.0,4.0,4.2,normal
1.0,4601.0,15.0,1.0,0.0,0.0,0.0,0.0,0.0,0.0,37.0,-11.6,1.0,27.0,4.9,normal
1.0,4602.0,14.0,1.0,20.0,5.4,4.0,0.0,0.0,0.0,1.0,0.0,0.0,0.0,0.0,normal
1.0,4601.0,15.0,1.0,0.0,0.0,0.0,0.0,0.0,0.0,1.0,0.0,0.0,0.0,0.0,normal
1.0,4602.0,14.0,1.0,19.0,13.0,11.0,2.0,15.0,0.0,1.0,0.0,0.0,0.0,0.0,normal
1.0,4601.0,15.0,1.0,0.0,0.0,0.0,0.0,0.0,0.0,1.0,0.0,0.0,0.0,0.0,normal
1.0,4602.0,13.0,1.0,18.0,16.0,13.0,0.0,0.0,0.0,1.0,0.0,0.0,0.0,0.0,normal
1.0,4601.0,15.0,1.0,0.0,0.0,0.0,0.0,0.0,0.0,37.9,-11.7,1.0,27.0,4.9,normal
1.0,4602.0,13.0,1.0,18.0,15.0,12.0,0.0,0.0,0.0,1.0,0.0,0.0,0.0,0.0,normal
1.0,4601.0,15.0,1.0,0.0,0.0,0.0,0.0,0.0,0.0,1.0,0.0,0.0,0.0,0.0,normal
1.0,4602.0,13.0,1.0,18.0,16.0,14.0,2.0,12.0,0.0,12.5,-20.2,1.0,0.0,1.1,normal
1.0,4601.0,15.0,1.0,0.0,0.0,0.0,0.0,0.0,0.0,1.0,0.0,0.0,0.0,0.0,normal
1.0,4602.0,13.0,1.0,18.0,4.9,4.0,0.0,0.0,0.0,1.0,0.0,0.0,0.0,0.0,normal
1.0,4601.0,15.0,1.0,0.0,0.0,0.0,0.0,0.0,0.0,1.0,0.0,0.0,0.0,0.0,normal
1.0,4602.0,13.0,1.0,18.0,4.2,4.0,0.0,0.0,0.0,1.0,0.0,0.0,0.0,0.0,normal
1.0,4601.0,15.0,1.0,0.0,0.0,0.0,0.0,0.0,0.0,1.0,0.0,0.0,0.0,0.0,normal
1.0,4602.0,13.0,1.0,18.0,2.4,2.0,0.0,0.0,0.0,1.0,0.0,0.0,0.0,0.0,normal
1.0,4601.0,15.0,1.0,0.0,0.0,0.0,0.0,0.0,0.0,36.1,-11.5,1.0,27.0,4.9,normal
1.0,4602.0,13.0,1.0,18.0,1.8,2.0,0.0,0.0,0.0,1.0,0.0,0.0,0.0,0.0,normal
1.0,4601.0,15.0,1.0,0.0,0.0,0.0,0.0,0.0,0.0,1.0,0.0,0.0,0.0,0.0,normal
1.0,4602.0,13.0,1.0,18.0,13.0,11.0,0.0,0.0,0.0,16.4,-20.6,1.0,4.0,4.2,normal
1.0,4601.0,14.0,1.0,0.0,0.0,0.0,0.0,0.0,0.0,36.3,-11.4,1.0,27.0,4.9,normal
1.0,4602.0,13.0,1.0,18.0,11.0,9.0,0.0,0.0,0.0,1.0,0.0,0.0,0.0,0.0,normal
1.0,4601.0,15.0,1.0,0.0,0.0,0.0,0.0,0.0,0.0,1.0,0.0,0.0,0.0,0.0,normal
1.0,4602.0,13.0,1.0,18.0,11.0,10.0,0.0,0.0,0.0,1.0,0.0,0.0,0.0,0.0,normal
1.0,4601.0,14.0,1.0,0.0,0.0,0.0,0.0,0.0,0.0,1.0,0.0,0.0,0.0,0.0,normal
1.0,4602.0,13.0,1.0,18.0,12.0,10.0,0.0,0.0,0.0,1.0,0.0,0.0,0.0,0.0,normal
1.0,4601.0,14.0,1.0,0.0,0.0,0.0,0.0,0.0,0.0,1.0,0.0,0.0,0.0,0.0,normal
1.0,4602.0,13.0,1.0,18.0,14.0,12.0,0.0,0.0,0.0,1.0,0.0,0.0,0.0,0.0,normal
1.0,4601.0,14.0,1.0,0.0,0.0,0.0,0.0,0.0,0.0,35.9,-11.5,1.0,27.0,4.9,normal
1.0,4602.0,13.0,1.0,18.0,13.0,11.0,0.0,0.0,0.0,1.0,0.0,0.0,0.0,0.0,normal
1.0,4601.0,14.0,1.0,0.0,0.0,0.0,0.0,0.0,0.0,1.0,0.0,0.0,0.0,0.0,normal
1.0,4602.0,13.0,1.0,18.0,10.0,9.0,0.0,0.0,0.0,1.0,0.0,0.0,0.0,0.0,normal
1.0,4601.0,15.0,1.0,0.0,0.0,0.0,0.0,0.0,0.0,1.0,0.0,0.0,0.0,0.0,normal
1.0,4602.0,13.0,1.0,18.0,8.4,7.0,0.0,0.0,0.0,1.0,0.0,0.0,0.0,0.0,normal
1.0,4601.0,15.0,1.0,0.0,0.0,0.0,0.0,0.0,0.0,1.0,0.0,0.0,0.0,0.0,normal
1.0,4602.0,13.0,1.0,18.0,9.7,8.0,0.0,0.0,0.0,1.0,0.0,0.0,0.0,0.0,normal
1.0,4601.0,15.0,1.0,0.0,0.0,0.0,0.0,0.0,0.0,36.0,-11.7,1.0,27.0,4.9,normal
1.0,4602.0,13.0,1.0,18.0,21.0,18.0,0.0,0.0,0.0,19.5,-29.0,1.0,9.0,4.1,normal
1.0,4601.0,15.0,1.0,24.0,10.0,403.0,1.0,0.0,7.03,34.9,-11.5,1.0,27.0,245.0,normal
1.0,4602.0,13.0,1.0,18.0,6.7,6.0,0.0,0.0,0.0,1.0,0.0,0.0,0.0,0.0,normal
1.0,4601.0,15.0,1.0,25.0,33.0,1247.0,2.0,0.0,8.51,35.0,-12.1,1.0,27.0,332.0,normal
1.0,4602.0,13.0,1.0,18.0,18.0,16.0,0.0,0.0,0.0,14.8,-32.6,1.0,13.0,4.4,normal
1.0,4601.0,15.0,1.0,26.0,33.0,1221.0,8.0,0.0,7.1,34.8,-12.1,1.0,27.0,346.0,normal
1.0,4602.0,13.0,1.0,18.0,11.0,10.0,0.0,0.0,0.0,1.0,0.0,0.0,0.0,0.0,normal
1.0,4601.0,15.0,1.0,26.0,40.0,1179.0,16.0,1.0,481.0,34.9,-12.5,1.0,27.0,358.0,normal
1.0,4602.0,13.0,1.0,18.0,11.0,9.0,0.0,0.0,0.0,16.3,-26.3,1.0,7.0,4.2,normal
1.0,4601.0,15.0,1.0,24.0,52.0,1385.0,15.0,1.0,363.0,34.8,-12.7,1.0,27.0,339.0,normal
1.0,4602.0,13.0,1.0,18.0,23.0,20.0,0.0,0.0,0.0,18.4,-30.7,1.0,11.0,21.0,normal
1.0,4601.0,15.0,1.0,24.0,43.0,1128.0,9.0,0.0,425.0,35.0,-12.2,1.0,27.0,318.0,normal
1.0,4602.0,13.0,1.0,18.0,10.0,9.0,0.0,0.0,0.0,1.0,0.0,0.0,0.0,0.0,normal
1.0,4601.0,15.0,1.0,24.0,43.0,1155.0,12.0,1.0,279.0,35.1,-11.5,1.0,27.0,296.0,normal
1.0,4602.0,13.0,1.0,18.0,8.4,7.0,0.0,0.0,0.0,1.0,0.0,0.0,0.0,0.0,normal
1.0,4601.0,15.0,1.0,24.0,37.0,1011.0,13.0,1.0,278.0,34.8,-11.4,1.0,27.0,303.0,normal
1.0,4602.0,13.0,1.0,18.0,8.4,8.0,0.0,0.0,0.0,1.0,0.0,0.0,0.0,0.0,normal
1.0,4601.0,15.0,1.0,23.0,48.0,1382.0,18.0,1.0,429.0,34.3,-11.4,1.0,27.0,339.0,normal
1.0,4602.0,13.0,1.0,17.0,10.0,9.0,0.0,0.0,0.0,1.0,0.0,0.0,0.0,0.0,normal
1.0,4601.0,15.0,1.0,23.0,36.0,1035.0,4.0,0.0,0.0,34.8,-11.9,1.0,27.0,305.0,normal
1.0,4602.0,13.0,1.0,18.0,12.0,11.0,0.0,0.0,0.0,1.0,0.0,0.0,0.0,0.0,normal
1.0,4601.0,14.0,1.0,23.0,1.5,53.0,0.0,0.0,0.0,36.2,-11.8,1.0,27.0,21.0,normal
1.0,4602.0,13.0,1.0,18.0,17.0,14.0,0.0,0.0,0.0,1.0,0.0,0.0,0.0,0.0,normal
1.0,4601.0,14.0,1.0,0.0,0.0,0.0,0.0,0.0,0.0,1.0,0.0,0.0,0.0,0.0,normal
1.0,4602.0,13.0,1.0,18.0,13.0,11.0,0.0,0.0,0.0,1.0,0.0,0.0,0.0,0.0,normal
1.0,4601.0,14.0,1.0,0.0,0.0,0.0,0.0,0.0,0.0,1.0,0.0,0.0,0.0,0.0,normal
1.0,4602.0,13.0,1.0,18.0,7.8,7.0,0.0,0.0,0.0,1.0,0.0,0.0,0.0,0.0,normal
1.0,4601.0,15.0,1.0,0.0,0.0,0.0,0.0,0.0,0.0,35.2,-11.7,1.0,27.0,4.9,normal
1.0,4602.0,13.0,1.0,18.0,12.0,10.0,0.0,0.0,0.0,1.0,0.0,0.0,0.0,0.0,normal
1.0,4601.0,15.0,1.0,0.0,0.0,0.0,0.0,0.0,0.0,1.0,0.0,0.0,0.0,0.0,normal
1.0,4602.0,13.0,1.0,18.0,1.8,2.0,0.0,0.0,0.0,1.0,0.0,0.0,0.0,0.0,normal
1.0,4601.0,14.0,1.0,0.0,0.0,0.0,0.0,0.0,0.0,1.0,0.0,0.0,0.0,0.0,normal
1.0,4602.0,13.0,1.0,18.0,9.5,8.0,0.0,0.0,0.0,14.3,-30.5,1.0,12.0,4.4,normal
1.0,4601.0,15.0,1.0,0.0,0.0,0.0,0.0,0.0,0.0,36.1,-11.7,1.0,27.0,4.9,normal
1.0,4602.0,13.0,1.0,18.0,11.0,9.0,0.0,0.0,0.0,1.0,0.0,0.0,0.0,0.0,normal
1.0,4601.0,15.0,1.0,0.0,0.0,0.0,0.0,0.0,0.0,1.0,0.0,0.0,0.0,0.0,normal
1.0,4602.0,13.0,1.0,18.0,14.0,13.0,0.0,0.0,0.0,1.0,0.0,0.0,0.0,0.0,normal
1.0,4601.0,15.0,1.0,0.0,0.0,0.0,0.0,0.0,0.0,1.0,0.0,0.0,0.0,0.0,normal
1.0,4602.0,13.0,1.0,18.0,9.1,8.0,0.0,0.0,0.0,1.0,0.0,0.0,0.0,0.0,normal
1.0,4601.0,15.0,1.0,0.0,0.0,0.0,0.0,0.0,0.0,1.0,0.0,0.0,0.0,0.0,normal
1.0,4602.0,13.0,1.0,18.0,1.8,2.0,0.0,0.0,0.0,1.0,0.0,0.0,0.0,0.0,normal
1.0,4601.0,15.0,1.0,0.0,0.0,0.0,0.0,0.0,0.0,36.4,-11.6,1.0,27.0,4.9,normal
1.0,4602.0,13.0,1.0,18.0,7.3,6.0,0.0,0.0,0.0,1.0,0.0,0.0,0.0,0.0,normal
1.0,4601.0,14.0,1.0,0.0,0.0,0.0,0.0,0.0,0.0,36.0,-11.5,1.0,27.0,4.9,normal
1.0,4602.0,15.0,1.0,20.0,35.0,1127.0,26.0,2.0,345.0,12.7,-28.3,1.0,7.0,240.0,normal
1.0,4601.0,14.0,1.0,0.0,0.0,0.0,0.0,0.0,0.0,1.0,0.0,0.0,0.0,0.0,normal
1.0,4602.0,15.0,1.0,19.0,33.0,1152.0,47.0,3.0,0.0,18.3,-32.3,1.0,13.0,175.0,normal
1.0,4601.0,15.0,1.0,0.0,0.0,0.0,0.0,0.0,0.0,36.5,-11.4,1.0,27.0,4.9,normal
1.0,4602.0,14.0,1.0,19.0,22.0,793.0,24.0,2.0,226.0,15.7,-30.0,1.0,10.0,189.0,normal
1.0,4601.0,15.0,1.0,0.0,0.0,0.0,0.0,0.0,0.0,1.0,0.0,0.0,0.0,0.0,normal
1.0,4602.0,15.0,1.0,19.0,40.0,1370.0,30.0,2.0,142.0,17.8,-31.4,1.0,13.0,209.0,normal
1.0,4601.0,15.0,1.0,0.0,0.0,0.0,0.0,0.0,0.0,1.0,0.0,0.0,0.0,0.0,normal
1.0,4602.0,15.0,1.0,19.0,31.0,1089.0,18.0,1.0,564.0,18.8,-31.7,1.0,16.0,216.0,normal
1.0,4601.0,15.0,1.0,0.0,0.0,0.0,0.0,0.0,0.0,1.0,0.0,0.0,0.0,0.0,normal
1.0,4602.0,15.0,1.0,19.0,38.0,1309.0,17.0,1.0,0.0,24.7,-29.2,1.0,24.0,302.0,normal
1.0,4601.0,14.0,1.0,0.0,0.0,0.0,0.0,0.0,0.0,1.0,0.0,0.0,0.0,0.0,normal
1.0,4602.0,15.0,1.0,19.0,31.0,1071.0,71.0,6.0,403.0,24.6,-28.9,1.0,23.0,223.0,normal
1.0,4601.0,14.0,1.0,0.0,0.0,0.0,0.0,0.0,0.0,1.0,0.0,0.0,0.0,0.0,normal
1.0,4602.0,15.0,1.0,19.0,22.0,769.0,18.0,2.0,0.0,29.7,-22.8,1.0,27.0,184.0,normal
1.0,4601.0,14.0,1.0,0.0,0.0,0.0,0.0,0.0,0.0,1.0,0.0,0.0,0.0,0.0,normal
1.0,4602.0,13.0,1.0,0.0,0.0,0.0,0.0,0.0,0.0,1.0,0.0,0.0,0.0,0.0,normal
1.0,4601.0,15.0,1.0,0.0,0.0,0.0,0.0,0.0,0.0,36.1,-11.2,1.0,27.0,4.9,normal
1.0,4602.0,13.0,1.0,15.0,2.0,2.0,0.0,0.0,0.0,1.0,0.0,0.0,0.0,0.0,normal
1.0,4601.0,14.0,1.0,0.0,0.0,0.0,0.0,0.0,0.0,36.5,-9.4,1.0,27.0,4.9,normal
1.0,4602.0,13.0,1.0,0.0,0.0,0.0,0.0,0.0,0.0,1.0,0.0,0.0,0.0,0.0,normal
1.0,4601.0,14.0,1.0,0.0,0.0,0.0,0.0,0.0,0.0,1.0,0.0,0.0,0.0,0.0,normal
1.0,4602.0,13.0,1.0,0.0,0.0,0.0,0.0,0.0,0.0,1.0,0.0,0.0,0.0,0.0,normal
1.0,4601.0,15.0,1.0,0.0,0.0,0.0,0.0,0.0,0.0,36.7,-3.7,1.0,27.0,4.9,normal
1.0,4602.0,13.0,1.0,0.0,0.0,0.0,0.0,0.0,0.0,1.0,0.0,0.0,0.0,0.0,normal
1.0,4601.0,15.0,1.0,0.0,0.0,0.0,0.0,0.0,0.0,1.0,0.0,0.0,0.0,0.0,normal
1.0,4602.0,13.0,1.0,15.0,12.0,9.0,0.0,0.0,0.0,33.5,-18.0,1.0,27.0,95.0,normal
1.0,4601.0,15.0,1.0,23.0,15.0,8.0,0.0,0.0,0.0,34.8,-8.9,1.0,27.0,85.0,normal
1.0,4602.0,13.0,1.0,15.0,383.0,50.0,0.0,0.0,0.0,32.2,-14.7,1.0,27.0,161.0,normal
1.0,4601.0,15.0,1.0,24.0,40.0,1295.0,4.0,0.0,14.3,34.6,-11.3,1.0,27.0,455.0,normal
1.0,4602.0,14.0,1.0,18.0,1.6,150.0,1.0,0.0,0.0,31.4,-18.5,1.0,27.0,140.0,normal
1.0,4601.0,15.0,1.0,25.0,5.8,231.0,0.0,0.0,0.0,34.8,-10.7,1.0,27.0,273.0,normal
1.0,4602.0,13.0,1.0,15.0,12.0,11.0,0.0,0.0,0.0,25.0,-22.9,1.0,23.0,66.0,normal
3.0,3.0,-7090.0,0.0,0.0,0.0,0.0,0.0,0.0,0.0,0.0,0.0,0.0,0.0,0.0,normal
3.0,3.0,-7090.0,0.0,0.0,0.0,0.0,0.0,0.0,0.0,0.0,0.0,0.0,0.0,0.0,normal
1.0,4601.0,15.0,1.0,8.0,4.2,4.0,0.0,0.0,19.0,26.1,-20.8,1.0,19.0,8.6,power_jamming
1.0,4602.0,15.0,1.0,17.0,57.0,44.0,0.0,0.0,0.0,30.2,-21.0,1.0,27.0,103.0,power_jamming
1.0,4602.0,15.0,1.0,27.0,203.0,68.0,0.0,0.0,0.0,33.6,-17.1,1.0,27.0,472.0,power_jamming
1.0,4603.0,15.0,1.0,12.0,31.0,32.0,0.0,0.0,0.0,32.6,-6.3,1.0,26.0,67.0,power_jamming
1.0,4602.0,15.0,1.0,26.0,134.0,37.0,0.0,0.0,0.0,32.3,-19.1,1.0,27.0,153.0,power_jamming
1.0,4603.0,15.0,1.0,26.0,330.0,100.0,1.0,0.0,0.0,34.2,-7.6,1.0,27.0,737.0,power_jamming
1.0,4602.0,15.0,1.0,27.0,5.6,3.0,0.0,0.0,0.0,35.4,-16.0,1.0,27.0,15.0,power_jamming
1.0,4603.0,15.0,1.0,27.0,147.0,63.0,0.0,0.0,0.0,34.1,-8.7,1.0,27.0,814.0,power_jamming
1.0,4602.0,15.0,1.0,0.0,0.0,0.0,0.0,0.0,0.0,1.0,0.0,0.0,0.0,0.0,power_jamming
1.0,4603.0,15.0,1.0,27.0,78.0,27.0,0.0,0.0,0.0,35.1,-7.2,1.0,27.0,195.0,power_jamming
1.0,4602.0,15.0,1.0,27.0,3.7,2.0,0.0,0.0,0.0,27.0,-24.4,1.0,27.0,66.0,power_jamming
1.0,4603.0,15.0,1.0,27.0,2.7,269.0,0.0,0.0,3.0,34.4,-7.8,1.0,27.0,578.0,power_jamming
1.0,4602.0,15.0,1.0,27.0,19.0,9.0,0.0,0.0,0.0,26.6,-25.7,1.0,27.0,122.0,power_jamming
1.0,4603.0,15.0,1.0,27.0,4.2,218.0,0.0,0.0,3.0,34.0,-8.4,1.0,27.0,854.0,power_jamming
1.0,4602.0,15.0,1.0,27.0,109.0,28.0,0.0,0.0,0.0,30.3,-20.5,1.0,27.0,235.0,power_jamming
1.0,4603.0,15.0,1.0,25.0,855.0,93.0,2.0,2.0,0.0,35.3,-3.1,1.0,27.0,296.0,power_jamming
1.0,4602.0,15.0,1.0,26.0,2.7,237.0,1.0,0.0,0.0,28.3,-23.0,1.0,27.0,313.0,power_jamming
1.0,4603.0,15.0,1.0,25.0,458.0,53.0,2.0,3.0,0.0,36.0,-0.3,1.0,27.0,188.0,power_jamming
1.0,4602.0,15.0,1.0,26.0,3.4,202.0,8.0,3.0,0.0,23.8,-27.1,1.0,24.0,784.0,power_jamming
1.0,4603.0,14.0,1.0,25.0,1.7,137.0,0.0,0.0,0.0,35.5,-0.1,1.0,27.0,180.0,power_jamming
1.0,4602.0,15.0,1.0,25.0,6.8,4.0,0.0,0.0,0.0,28.1,-21.3,1.0,26.0,39.0,power_jamming
1.0,4603.0,15.0,1.0,25.0,1.5,137.0,1.0,0.0,0.0,35.1,1.0,27.0,164.0,27.0,power_jamming
1.0,4602.0,15.0,1.0,25.0,3.5,2.0,0.0,0.0,0.0,25.2,-25.0,1.0,27.0,23.0,power_jamming
1.0,4603.0,15.0,1.0,25.0,7.2,212.0,6.0,2.0,30.6,33.3,-0.9,1.0,27.0,321.0,power_jamming
1.0,4602.0,15.0,1.0,25.0,17.0,9.0,0.0,0.0,0.0,28.9,-18.0,1.0,27.0,47.0,power_jamming
1.0,4603.0,15.0,1.0,26.0,37.0,1008.0,2.0,0.0,0.0,34.9,-3.7,1.0,27.0,688.0,power_jamming
1.0,4602.0,15.0,1.0,25.0,1.3,98.0,0.0,0.0,0.0,31.4,-16.9,1.0,27.0,403.0,power_jamming
1.0,4603.0,15.0,1.0,27.0,6.9,344.0,0.0,0.0,0.0,34.9,-6.9,1.0,27.0,381.0,power_jamming
1.0,4602.0,15.0,1.0,26.0,24.0,719.0,0.0,0.0,499.0,32.9,-15.9,1.0,27.0,816.0,power_jamming
1.0,4603.0,15.0,1.0,27.0,13.0,364.0,0.0,0.0,0.0,35.8,-6.6,1.0,27.0,187.0,power_jamming
1.0,4602.0,15.0,1.0,26.0,18.0,488.0,2.0,0.0,0.0,33.8,-17.6,1.0,27.0,312.0,power_jamming
1.0,4603.0,15.0,1.0,27.0,3.7,2.0,0.0,0.0,0.0,35.2,-8.5,1.0,27.0,28.0,power_jamming
1.0,4602.0,15.0,1.0,24.0,5.0,202.0,17.0,7.0,0.0,33.7,-11.8,1.0,27.0,295.0,power_jamming
1.0,4603.0,15.0,1.0,27.0,19.0,10.0,0.0,0.0,0.0,34.6,-6.1,1.0,27.0,106.0,power_jamming
1.0,4602.0,15.0,1.0,24.0,52.0,16.0,0.0,0.0,0.0,36.3,-11.4,1.0,27.0,56.0,power_jamming
1.0,4603.0,15.0,1.0,27.0,5.6,3.0,0.0,0.0,0.0,35.9,-9.5,1.0,27.0,28.0,power_jamming
1.0,4602.0,15.0,1.0,24.0,5.0,3.0,0.0,0.0,0.0,34.8,-15.3,1.0,27.0,28.0,power_jamming
1.0,4603.0,15.0,1.0,0.0,0.0,0.0,0.0,0.0,0.0,1.0,0.0,0.0,0.0,0.0,power_jamming
1.0,4602.0,15.0,1.0,24.0,15.0,8.0,0.0,0.0,0.0,33.6,-14.3,1.0,27.0,105.0,power_jamming
1.0,4603.0,15.0,1.0,27.0,1.9,1.0,0.0,0.0,0.0,35.1,-10.1,1.0,27.0,4.9,power_jamming
1.0,4602.0,15.0,1.0,23.0,6.8,214.0,16.0,6.0,0.0,34.4,-9.5,1.0,27.0,154.0,power_jamming
1.0,4603.0,15.0,1.0,0.0,0.0,0.0,0.0,0.0,0.0,1.0,0.0,0.0,0.0,0.0,power_jamming
1.0,4602.0,15.0,1.0,20.0,7.3,273.0,15.0,5.0,3.0,32.2,-16.9,1.0,27.0,283.0,power_jamming
1.0,4603.0,15.0,1.0,27.0,7.5,4.0,0.0,0.0,0.0,37.1,-5.7,1.0,27.0,15.0,power_jamming
1.0,4602.0,15.0,1.0,19.0,3.2,3.0,0.0,0.0,0.0,31.4,-16.4,1.0,27.0,17.0,power_jamming
1.0,4603.0,15.0,1.0,27.0,47.0,22.0,0.0,0.0,0.0,36.0,-4.1,1.0,27.0,71.0,power_jamming
1.0,4602.0,15.0,1.0,19.0,1.3,1.0,0.0,0.0,0.0,35.9,-15.6,1.0,27.0,12.0,power_jamming
1.0,4603.0,15.0,1.0,26.0,11.0,285.0,1.0,0.0,349.0,33.8,-0.2,1.0,27.0,117.0,power_jamming
1.0,4602.0,15.0,1.0,19.0,3.8,3.0,0.0,0.0,0.0,32.8,-15.8,1.0,27.0,15.0,power_jamming
1.0,4603.0,15.0,1.0,27.0,5.8,143.0,0.0,0.0,3.0,34.2,1.0,27.0,44.0,7.0,power_jamming
1.0,4602.0,15.0,1.0,19.0,12.0,8.0,0.0,0.0,0.0,34.2,-16.8,1.0,27.0,54.0,power_jamming
1.0,4603.0,15.0,1.0,27.0,3.7,2.0,0.0,0.0,58.0,33.9,-1.9,1.0,27.0,71.0,power_jamming
1.0,4602.0,15.0,1.0,0.0,0.0,0.0,0.0,0.0,0.0,1.0,0.0,0.0,0.0,0.0,power_jamming
1.0,4603.0,15.0,1.0,27.0,34.0,998.0,0.0,0.0,12.7,35.8,-4.7,1.0,27.0,331.0,power_jamming
1.0,4602.0,15.0,1.0,19.0,1.3,1.0,0.0,0.0,0.0,34.6,-8.5,1.0,27.0,4.9,power_jamming
1.0,4603.0,15.0,1.0,27.0,27.0,792.0,0.0,0.0,0.0,36.1,-3.4,1.0,27.0,195.0,power_jamming
1.0,4602.0,15.0,1.0,0.0,0.0,0.0,0.0,0.0,0.0,1.0,0.0,0.0,0.0,0.0,power_jamming
1.0,4603.0,15.0,1.0,27.0,1.9,1.0,0.0,0.0,0.0,37.1,-3.3,1.0,27.0,12.0,power_jamming
1.0,4602.0,15.0,1.0,0.0,0.0,0.0,0.0,0.0,0.0,1.0,0.0,0.0,0.0,0.0,power_jamming
1.0,4603.0,15.0,1.0,27.0,5.6,3.0,0.0,0.0,0.0,37.0,-4.9,1.0,27.0,26.0,power_jamming
1.0,4602.0,15.0,1.0,19.0,1.3,1.0,0.0,0.0,0.0,30.1,-24.8,1.0,27.0,4.9,power_jamming
1.0,4603.0,15.0,1.0,0.0,0.0,0.0,0.0,0.0,0.0,1.0,0.0,0.0,0.0,0.0,power_jamming
1.0,4602.0,15.0,1.0,0.0,0.0,0.0,0.0,0.0,0.0,1.0,0.0,0.0,0.0,0.0,power_jamming
1.0,4603.0,15.0,1.0,0.0,0.0,0.0,0.0,0.0,0.0,1.0,0.0,0.0,0.0,0.0,power_jamming
1.0,4602.0,15.0,1.0,19.0,2.6,2.0,0.0,0.0,0.0,1.0,0.0,0.0,0.0,0.0,power_jamming
1.0,4603.0,15.0,1.0,27.0,12.0,6.0,0.0,0.0,0.0,35.5,-12.1,1.0,27.0,47.0,power_jamming
1.0,4602.0,15.0,1.0,19.0,0.0,0.0,10.0,100.0,0.0,-22.9,-23.1,1.0,27.0,0.0,power_jamming
1.0,4603.0,15.0,1.0,27.0,0.0,0.0,10.0,100.0,0.0,35.9,-12.6,1.0,27.0,9.7,power_jamming
1.0,4602.0,10.0,1.0,17.0,0.0,0.0,20.0,100.0,0.0,-29.7,-21.8,1.0,0.0,0.0,power_jamming
1.0,4603.0,23.0,3.4,2.0,24.0,92.0,0.0,-23.1,-20.0,1.0,5.0,0.0,0.0,25.0,power_jamming
1.0,4602.0,9.0,0.0,0.0,40.0,100.0,0.0,1.0,0.0,0.0,0.0,0.0,0.0,0.0,power_jamming
1.0,4603.0,19.0,0.0,0.0,38.0,100.0,0.0,1.0,0.0,0.0,0.0,0.0,0.0,0.0,power_jamming
1.0,4605.0,2.0,160.0,1.0,36.0,97.0,0.0,1.0,0.0,0.0,0.0,0.0,0.0,0.0,power_jamming
1.0,4604.0,2.0,280.0,2.0,21.0,91.0,0.0,1.0,0.0,0.0,0.0,0.0,0.0,0.0,power_jamming
1.0,4607.0,14.0,1.0,7.0,2.5,1.0,0.0,0.0,0.0,-25.9,-20.4,1.0,2.0,0.0,power_jamming
1.0,4606.0,15.0,1.0,7.0,2.5,1.0,1.0,50.0,0.0,-14.6,-15.6,1.0,2.0,0.0,power_jamming
1.0,460.0,13.0,1.0,13.0,24.0,28.0,12.0,30.0,0.0,-17.8,-15.3,1.0,0.0,12.0,power_jamming
1.0,460.0,7.0,1.0,8.0,2.8,5.0,2.0,28.0,0.0,-20.3,-17.0,1.0,0.0,1.9,power_jamming
1.0,460.0,7.0,1.0,7.0,2.0,3.0,10.0,76.0,0.0,-20.0,-16.8,1.0,0.0,3.5,power_jamming
1.0,4612.0,14.0,1.0,3.0,2.9,5.0,4.0,44.0,0.0,-22.4,-17.9,1.0,1.0,0.0,power_jamming
1.0,4619.0,14.0,1.0,7.0,2.5,1.0,0.0,0.0,0.0,-29.8,-21.1,1.0,3.0,0.0,power_jamming
1.0,4622.0,14.0,1.0,7.0,2.5,1.0,0.0,0.0,0.0,-21.6,-18.4,1.0,4.0,0.0,power_jamming
1.0,4625.0,14.0,1.0,7.0,2.5,1.0,0.0,0.0,0.0,-21.6,-18.4,1.0,3.0,0.0,power_jamming
1.0,462.0,14.0,1.0,7.0,2.5,1.0,0.0,0.0,0.0,-21.3,-17.4,1.0,2.0,0.0,power_jamming
1.0,462.0,14.0,1.0,2.0,15.0,121.0,0.0,0.0,11.0,-16.8,-15.1,1.0,1.0,1.1,power_jamming
1.0,4631.0,7.0,2.5,1.0,2.0,66.0,0.0,1.0,0.0,0.0,0.0,0.0,0.0,0.0,power_jamming
1.0,4632.0,14.0,1.0,3.0,3.1,6.0,0.0,0.0,0.0,-16.7,-14.3,1.0,3.0,1.1,power_jamming
1.0,4634.0,7.0,2.5,1.0,0.0,0.0,0.0,1.0,0.0,0.0,0.0,0.0,0.0,0.0,power_jamming
1.0,4636.0,14.0,1.0,5.0,2.5,1.0,0.0,0.0,0.0,-20.8,-16.9,1.0,2.0,0.0,power_jamming
1.0,463.0,13.0,1.0,2.0,2.9,5.0,5.0,50.0,0.0,-30.0,-21.3,1.0,2.0,0.0,power_jamming
1.0,4640.0,15.0,1.0,4.0,2.7,2.0,6.0,75.0,0.0,-30.1,-20.3,1.0,2.0,0.0,power_jamming
1.0,464.0,7.0,2.5,1.0,0.0,0.0,0.0,1.0,0.0,0.0,0.0,0.0,0.0,0.0,power_jamming
1.0,4654.0,13.0,1.0,7.0,2.5,1.0,0.0,0.0,0.0,-18.4,-15.3,1.0,9.0,0.0,power_jamming
1.0,465.0,13.0,1.0,7.0,2.5,1.0,0.0,0.0,0.0,-29.1,-19.0,1.0,2.0,0.0,power_jamming
1.0,4660.0,14.0,1.0,7.0,2.5,1.0,0.0,0.0,0.0,-30.7,-20.7,1.0,2.0,0.0,power_jamming
1.0,4664.0,13.0,1.0,3.0,2.9,5.0,0.0,0.0,0.0,-28.0,-21.0,1.0,1.0,0.0,power_jamming
1.0,4682.0,15.0,1.0,7.0,2.5,1.0,0.0,0.0,0.0,-28.7,-20.6,1.0,2.0,0.0,power_jamming
1.0,4684.0,13.0,1.0,7.0,0.0,0.0,5.0,100.0,0.0,-30.5,-20.3,1.0,2.0,0.0,power_jamming
1.0,4691.0,14.0,1.0,3.0,21.0,37.0,1.0,2.0,99.0,-17.2,-15.4,1.0,1.0,5.4,power_jamming
1.0,4692.0,15.0,1.0,7.0,2.5,1.0,0.0,0.0,0.0,-23.8,-18.3,1.0,2.0,0.0,power_jamming
1.0,4693.0,2.0,1.2,12.0,8.0,40.0,0.0,1.0,0.0,0.0,0.0,0.0,0.0,0.0,power_jamming
1.0,4694.0,13.0,1.0,14.0,29.0,28.0,27.0,49.0,10.0,-0.9,-16.1,1.0,6.0,67.0,power_jamming
1.0,4694.0,8.0,1.0,4.0,2.0,457.0,82.0,15.0,218.0,6.1,-9.8,1.0,2.0,305.0,power_jamming
1.0,4694.0,6.0,1.0,1.0,2.2,1133.0,267.0,19.0,268.0,5.8,-19.9,1.0,6.0,83.0,power_jamming
1.0,4694.0,6.0,1.0,2.0,2.8,771.0,250.0,24.0,0.0,-4.6,-18.7,1.0,0.0,193.0,power_jamming
1.0,4694.0,2.0,1.0,0.0,1.3,969.0,169.0,14.0,172.0,-4.9,-19.3,1.0,0.0,236.0,power_jamming
1.0,4694.0,3.0,1.0,0.0,1.6,1196.0,204.0,14.0,135.0,-5.3,-18.9,1.0,0.0,160.0,power_jamming
1.0,4694.0,3.0,1.0,0.0,1.5,1026.0,374.0,26.0,69.8,-8.1,-21.3,1.0,0.0,156.0,power_jamming
1.0,4694.0,3.0,1.0,0.0,1.2,894.0,419.0,31.0,77.8,-9.3,-22.6,1.0,0.0,204.0,power_jamming
1.0,4694.0,3.0,1.0,0.0,679.0,542.0,239.0,30.0,0.0,-10.0,-24.0,1.0,0.0,135.0,power_jamming
1.0,4694.0,7.0,1.0,6.0,162.0,94.0,63.0,40.0,10.6,-9.9,-23.6,1.0,0.0,142.0,power_jamming
1.0,4695.0,14.0,1.0,14.0,21.0,31.0,13.0,29.0,0.0,19.2,-11.9,1.0,26.0,48.0,power_jamming
1.0,4694.0,7.0,1.0,3.0,4.3,770.0,475.0,38.0,0.0,-12.3,-24.8,1.0,0.0,70.0,power_jamming
1.0,4695.0,11.0,1.0,13.0,134.0,64.0,39.0,37.0,18.0,4.2,-11.1,1.0,4.0,129.0,power_jamming
1.0,4694.0,5.0,1.0,1.0,871.0,511.0,497.0,49.0,23.8,-12.1,-25.2,1.0,0.0,51.0,power_jamming
1.0,4695.0,8.0,1.0,5.0,2.3,369.0,21.0,5.0,40.2,5.2,-12.4,1.0,4.0,149.0,power_jamming
1.0,4694.0,5.0,1.0,0.0,687.0,495.0,397.0,44.0,74.7,-12.7,-25.0,1.0,0.0,74.0,power_jamming
1.0,4695.0,6.0,1.0,2.0,1.5,537.0,10.0,1.0,72.2,5.8,-12.0,1.0,4.0,136.0,power_jamming
1.0,4694.0,3.0,1.0,0.0,612.0,458.0,372.0,44.0,0.0,-10.6,-22.7,1.0,0.0,148.0,power_jamming
1.0,4695.0,4.0,1.0,0.0,818.0,608.0,7.0,1.0,78.0,4.6,-11.0,1.0,2.0,168.0,power_jamming
1.0,4694.0,2.0,1.0,0.0,754.0,577.0,155.0,21.0,119.0,-5.7,-18.8,1.0,1.0,73.0,power_jamming
1.0,4695.0,6.0,1.0,3.0,3.2,713.0,38.0,5.0,0.0,4.2,-13.7,1.0,4.0,120.0,power_jamming
1.0,4694.0,8.0,1.0,6.0,3.0,384.0,349.0,47.0,0.0,-7.9,-24.9,1.0,4.0,47.0,power_jamming
1.0,4695.0,8.0,1.0,6.0,4.1,521.0,45.0,7.0,2.72,14.2,-10.0,1.0,14.0,107.0,power_jamming
1.0,4694.0,6.0,1.0,3.0,884.0,281.0,282.0,50.0,25.4,-10.2,-17.6,1.0,0.0,62.0,power_jamming
1.0,4695.0,7.0,1.0,1.0,1.8,503.0,343.0,40.0,109.0,-10.1,-13.0,1.0,2.0,58.0,power_jamming
1.0,4694.0,6.0,1.0,1.0,106.0,58.0,555.0,90.0,0.0,-31.1,-21.6,1.0,0.0,0.0,power_jamming
1.0,4695.0,0.0,94.0,66.0,913.0,93.0,78.8,-30.6,-19.0,1.0,0.0,0.0,0.0,200.0,power_jamming
1.0,4694.0,2.0,1.0,0.0,53.0,67.0,428.0,86.0,0.0,-30.2,-21.9,1.0,0.0,0.0,power_jamming
1.0,4695.0,0.0,74.0,57.0,1038.0,94.0,43.2,-29.7,-19.5,1.0,0.0,0.0,0.0,200.0,power_jamming
1.0,4696.0,13.0,1.0,7.0,2.5,1.0,0.0,0.0,0.0,-23.6,-22.8,1.0,6.0,0.0,power_jamming
1.0,469.0,7.0,2.5,1.0,0.0,0.0,0.0,1.0,0.0,0.0,0.0,0.0,0.0,0.0,power_jamming
1.0,46.0,1.0,14.0,1.0,7.0,2.5,1.0,0.0,0.0,0.0,-13.1,-16.5,1.0,6.0,power_jamming
1.0,46.0,2.0,15.0,1.0,3.0,2.5,1.0,7.0,87.0,0.0,-28.8,-21.5,1.0,2.0,power_jamming
1.0,46.0,7.0,13.0,1.0,7.0,2.5,1.0,0.0,0.0,0.0,-29.0,-21.1,1.0,3.0,power_jamming
1.0,46.0,8.0,15.0,1.0,7.0,2.5,1.0,0.0,0.0,0.0,-6.1,-12.7,1.0,9.0,power_jamming
1.0,46.0,9.0,14.0,1.0,7.0,2.5,1.0,0.0,0.0,0.0,-15.9,-16.5,1.0,3.0,power_jamming
1.0,46.0,13.0,1.0,5.0,2.5,1.0,0.0,0.0,0.0,-30.2,-22.2,1.0,2.0,0.0,power_jamming
1.0,46.0,13.0,1.0,7.0,2.5,1.0,0.0,0.0,0.0,-17.3,-16.6,1.0,2.0,0.0,power_jamming
1.0,46.0,13.0,1.0,4.0,2.7,2.0,0.0,0.0,10.0,-18.3,-17.2,1.0,2.0,0.0,power_jamming
1.0,46.0,13.0,1.0,7.0,2.5,1.0,0.0,0.0,0.0,-27.4,-21.6,1.0,2.0,0.0,power_jamming
1.0,46.0,13.0,1.0,7.0,2.5,1.0,0.0,0.0,0.0,-27.6,-21.3,1.0,2.0,0.0,power_jamming
1.0,46.0,0.0,13.0,1.0,3.0,2.8,3.0,3.0,50.0,0.0,-30.5,-22.4,1.0,1.0,power_jamming
1.0,46.0,2.0,14.0,1.0,3.0,2.8,3.0,3.0,50.0,0.0,-20.0,-17.6,1.0,1.0,power_jamming
1.0,46.0,13.0,1.0,2.0,8.1,55.0,19.0,25.0,11.0,-13.1,-14.0,1.0,1.0,1.1,power_jamming
1.0,46.0,13.0,1.0,7.0,2.5,1.0,0.0,0.0,0.0,-18.9,-17.5,1.0,3.0,0.0,power_jamming
1.0,46.0,0.0,13.0,1.0,7.0,2.5,1.0,2.0,66.0,0.0,-22.7,-22.5,1.0,9.0,power_jamming
1.0,46.0,1.0,13.0,1.0,7.0,2.5,1.0,0.0,0.0,0.0,-23.2,-21.7,1.0,6.0,power_jamming
1.0,46.0,3.0,13.0,1.0,7.0,2.5,1.0,0.0,0.0,0.0,-26.9,-21.7,1.0,6.0,power_jamming
1.0,46.0,5.0,13.0,1.0,7.0,2.5,1.0,2.0,66.0,0.0,-30.9,-21.5,1.0,2.0,power_jamming
1.0,46.0,13.0,1.0,5.0,2.5,1.0,3.0,75.0,0.0,-27.7,-20.7,1.0,2.0,0.0,power_jamming
1.0,46.0,0.0,14.0,1.0,3.0,2.9,5.0,3.0,37.0,0.0,-19.6,-17.7,1.0,1.0,power_jamming
1.0,46.0,1.0,13.0,1.0,4.0,2.8,3.0,0.0,0.0,0.0,-28.5,-20.5,1.0,1.0,power_jamming
1.0,46.0,4.0,14.0,1.0,7.0,2.5,1.0,0.0,0.0,0.0,-10.5,-15.4,1.0,5.0,power_jamming
1.0,46.0,5.0,13.0,1.0,3.0,2.5,1.0,2.0,66.0,0.0,-28.7,-22.3,1.0,2.0,power_jamming
1.0,46.0,7.0,13.0,1.0,7.0,2.5,1.0,0.0,0.0,0.0,-30.9,-22.5,1.0,2.0,power_jamming
1.0,46.0,8.0,14.0,1.0,2.0,18.0,145.0,0.0,0.0,21.0,-12.6,-13.9,1.0,1.0,power_jamming
1.0,46.0,13.0,1.0,7.0,2.5,1.0,0.0,0.0,0.0,-28.5,-20.2,1.0,2.0,0.0,power_jamming
1.0,46.0,13.0,1.0,5.0,2.7,2.0,0.0,0.0,0.0,-29.2,-20.9,1.0,2.0,0.0,power_jamming
1.0,46.0,0.0,14.0,1.0,7.0,2.5,1.0,0.0,0.0,0.0,-11.4,-13.7,1.0,4.0,power_jamming
1.0,46.0,2.0,13.0,1.0,7.0,2.5,1.0,0.0,0.0,0.0,-18.2,-17.2,1.0,2.0,power_jamming
1.0,46.0,3.0,13.0,1.0,5.0,2.7,2.0,3.0,60.0,10.0,-29.7,-22.5,1.0,2.0,power_jamming
1.0,46.0,4.0,13.0,1.0,7.0,2.5,1.0,0.0,0.0,0.0,-14.2,-15.8,1.0,3.0,power_jamming
1.0,46.0,5.0,13.0,1.0,3.0,2.8,3.0,2.0,40.0,0.0,-28.7,-21.1,1.0,1.0,power_jamming
1.0,46.0,6.0,14.0,1.0,7.0,2.5,1.0,0.0,0.0,0.0,-10.7,-13.0,1.0,3.0,power_jamming
1.0,46.0,8.0,13.0,1.0,7.0,2.5,1.0,0.0,0.0,0.0,-14.6,-15.8,1.0,2.0,power_jamming
1.0,46.0,13.0,1.0,7.0,2.5,1.0,0.0,0.0,0.0,-21.2,-18.1,1.0,2.0,0.0,power_jamming
1.0,46.0,15.0,1.0,7.0,2.5,1.0,0.0,0.0,0.0,-17.9,-17.0,1.0,2.0,0.0,power_jamming
1.0,46.0,7.0,0.0,0.0,0.0,0.0,0.0,1.0,0.0,0.0,0.0,0.0,0.0,0.0,power_jamming
1.0,46.0,13.0,1.0,7.0,2.5,1.0,0.0,0.0,0.0,-26.0,-20.2,1.0,3.0,0.0,power_jamming
1.0,46.0,7.0,0.0,0.0,0.0,0.0,0.0,1.0,0.0,0.0,0.0,0.0,0.0,0.0,power_jamming
1.0,46.0,0.0,13.0,1.0,5.0,2.7,2.0,0.0,0.0,0.0,-25.1,-19.8,1.0,2.0,power_jamming
1.0,46.0,1.0,13.0,1.0,7.0,2.5,1.0,0.0,0.0,0.0,-23.5,-21.2,1.0,9.0,power_jamming
1.0,46.0,2.0,14.0,1.0,3.0,2.9,5.0,0.0,0.0,0.0,-18.5,-17.1,1.0,1.0,power_jamming
1.0,46.0,3.0,7.0,2.5,1.0,0.0,0.0,0.0,1.0,0.0,0.0,0.0,0.0,0.0,power_jamming
1.0,46.0,4.0,14.0,1.0,3.0,2.9,5.0,3.0,37.0,0.0,-18.9,-17.3,1.0,1.0,power_jamming
1.0,46.0,15.0,1.0,7.0,2.5,1.0,0.0,0.0,0.0,-8.5,-13.7,1.0,8.0,0.0,power_jamming
1.0,46.0,14.0,1.0,7.0,0.0,0.0,5.0,100.0,0.0,-9.2,-14.9,1.0,8.0,0.0,power_jamming
1.0,46.0,14.0,1.0,7.0,2.5,1.0,0.0,0.0,0.0,-16.6,-17.4,1.0,5.0,0.0,power_jamming
1.0,4701.0,13.0,1.0,7.0,2.5,1.0,1.0,50.0,0.0,-10.7,-15.4,1.0,6.0,0.0,power_jamming
1.0,4704.0,13.0,1.0,7.0,2.5,1.0,2.0,66.0,0.0,-26.5,-21.6,1.0,5.0,0.0,power_jamming
1.0,4706.0,13.0,1.0,7.0,2.5,1.0,0.0,0.0,0.0,-30.3,-22.5,1.0,3.0,0.0,power_jamming
1.0,4708.0,13.0,1.0,7.0,2.5,1.0,0.0,0.0,0.0,-24.2,-22.6,1.0,9.0,0.0,power_jamming
1.0,470.0,13.0,1.0,7.0,2.5,1.0,0.0,0.0,0.0,-18.9,-19.5,1.0,9.0,0.0,power_jamming
1.0,470.0,15.0,1.0,7.0,2.5,1.0,0.0,0.0,0.0,-18.0,-17.4,1.0,2.0,0.0,power_jamming
1.0,470.0,13.0,1.0,7.0,2.5,1.0,1.0,50.0,0.0,-21.1,-21.2,1.0,9.0,0.0,power_jamming
1.0,470.0,13.0,1.0,7.0,2.5,1.0,0.0,0.0,0.0,-22.9,-18.9,1.0,2.0,0.0,power_jamming
1.0,470.0,13.0,1.0,7.0,2.5,1.0,0.0,0.0,0.0,-24.0,-20.9,1.0,9.0,0.0,power_jamming
1.0,4710.0,13.0,1.0,7.0,2.5,1.0,0.0,0.0,0.0,-27.9,-20.8,1.0,2.0,0.0,power_jamming
1.0,4712.0,13.0,1.0,7.0,2.5,1.0,0.0,0.0,0.0,-29.6,-22.2,1.0,3.0,0.0,power_jamming
1.0,4714.0,13.0,1.0,7.0,2.5,1.0,0.0,0.0,0.0,-30.6,-21.7,1.0,3.0,0.0,power_jamming
1.0,4716.0,14.0,1.0,7.0,2.5,1.0,0.0,0.0,0.0,-26.4,-22.8,1.0,6.0,0.0,power_jamming
1.0,4717.0,15.0,1.0,7.0,2.5,1.0,0.0,0.0,0.0,1.0,9.0,0.0,0.0,0.0,power_jamming
1.0,4718.0,13.0,1.0,7.0,2.5,1.0,0.0,0.0,0.0,-28.5,-22.2,1.0,4.0,0.0,power_jamming
1.0,4719.0,13.0,1.0,7.0,2.5,1.0,0.0,0.0,0.0,-29.2,-21.6,1.0,3.0,0.0,power_jamming
1.0,471.0,13.0,1.0,7.0,2.5,1.0,0.0,0.0,0.0,-7.0,-12.7,1.0,9.0,0.0,power_jamming
1.0,471.0,14.0,1.0,3.0,2.9,5.0,0.0,0.0,0.0,-18.4,-17.3,1.0,2.0,0.0,power_jamming
1.0,471.0,13.0,1.0,3.0,2.5,1.0,2.0,66.0,10.0,-31.0,-22.5,1.0,2.0,0.0,power_jamming
1.0,4722.0,13.0,1.0,3.0,2.8,3.0,3.0,50.0,0.0,-18.9,-16.7,1.0,1.0,0.0,power_jamming
1.0,4727.0,14.0,1.0,12.0,50.0,20.0,10.0,33.0,66.0,-16.8,-15.8,1.0,1.0,3.4,power_jamming
1.0,4727.0,9.0,1.0,19.0,151.0,15.0,9.0,37.0,0.0,-22.6,-18.4,1.0,0.0,1.4,power_jamming
1.0,4727.0,10.0,1.0,11.0,6.4,9.0,14.0,60.0,0.0,-27.0,-19.8,1.0,0.0,0.0,power_jamming
1.0,472.0,13.0,1.0,4.0,2.5,1.0,1.0,50.0,0.0,-29.6,-22.2,1.0,2.0,0.0,power_jamming
1.0,472.0,14.0,1.0,3.0,2.8,3.0,1.0,25.0,0.0,-17.5,-15.7,1.0,2.0,0.0,power_jamming
1.0,472.0,13.0,1.0,7.0,2.5,1.0,0.0,0.0,0.0,-27.5,-21.7,1.0,2.0,0.0,power_jamming
1.0,472.0,13.0,1.0,7.0,2.5,1.0,0.0,0.0,0.0,-28.3,-20.7,1.0,2.0,0.0,power_jamming
1.0,473.0,7.0,2.5,1.0,0.0,0.0,0.0,1.0,0.0,0.0,0.0,0.0,0.0,0.0,power_jamming
1.0,473.0,13.0,1.0,7.0,2.5,1.0,0.0,0.0,0.0,-30.3,-21.7,1.0,5.0,0.0,power_jamming
1.0,4740.0,13.0,1.0,3.0,2.8,3.0,2.0,40.0,0.0,-27.3,-19.8,1.0,1.0,0.0,power_jamming
1.0,4744.0,14.0,1.0,7.0,0.0,0.0,5.0,100.0,0.0,1.0,0.0,0.0,0.0,0.0,power_jamming
1.0,4746.0,13.0,1.0,7.0,2.5,1.0,0.0,0.0,0.0,-29.6,-22.9,1.0,3.0,0.0,power_jamming
1.0,4748.0,14.0,1.0,7.0,2.5,1.0,0.0,0.0,0.0,-13.4,-15.9,1.0,6.0,0.0,power_jamming
1.0,474.0,14.0,1.0,7.0,2.5,1.0,0.0,0.0,0.0,-20.6,-16.7,1.0,3.0,0.0,power_jamming
1.0,474.0,12.0,1.0,16.0,20.0,32.0,79.0,71.0,0.0,-15.8,-14.7,1.0,0.0,7.8,power_jamming
1.0,474.0,12.0,1.0,7.0,2.5,1.0,0.0,0.0,0.0,-28.0,-22.4,1.0,5.0,0.0,power_jamming
1.0,474.0,11.0,1.0,11.0,16.0,24.0,61.0,71.0,0.0,-12.2,-12.2,1.0,0.0,28.0,power_jamming
1.0,474.0,13.0,1.0,7.0,2.5,1.0,0.0,0.0,0.0,-27.7,-23.0,1.0,6.0,0.0,power_jamming
1.0,474.0,11.0,1.0,10.0,22.0,15.0,13.0,46.0,0.0,-18.5,-15.3,1.0,0.0,21.0,power_jamming
1.0,474.0,14.0,1.0,7.0,2.5,1.0,1.0,50.0,0.0,-25.5,-20.4,1.0,5.0,0.0,power_jamming
1.0,474.0,12.0,1.0,12.0,0.0,0.0,15.0,100.0,0.0,-17.3,-15.1,1.0,0.0,1.1,power_jamming
1.0,474.0,13.0,1.0,7.0,2.5,1.0,0.0,0.0,0.0,-27.5,-20.2,1.0,3.0,0.0,power_jamming
1.0,4751.0,13.0,1.0,7.0,2.5,1.0,0.0,0.0,0.0,-24.5,-20.9,1.0,5.0,0.0,power_jamming
1.0,4756.0,15.0,1.0,4.0,2.8,3.0,0.0,0.0,0.0,-24.4,-19.2,1.0,1.0,0.0,power_jamming
1.0,4758.0,11.0,1.0,9.0,61.0,105.0,212.0,66.0,3.0,-11.4,-12.1,1.0,1.0,13.0,power_jamming
1.0,475.0,10.0,1.0,2.0,9.1,24.0,37.0,60.0,0.0,-2.8,-12.9,1.0,14.0,352.0,power_jamming
1.0,4760.0,13.0,1.0,10.0,41.0,70.0,51.0,42.0,39.0,-15.3,-13.7,1.0,1.0,3.4,power_jamming
1.0,4762.0,13.0,1.0,7.0,2.5,1.0,0.0,0.0,0.0,-30.4,-22.2,1.0,2.0,0.0,power_jamming
1.0,4763.0,13.0,1.0,5.0,2.5,1.0,1.0,50.0,0.0,-31.5,-20.8,1.0,2.0,0.0,power_jamming
1.0,4764.0,2.0,280.0,2.0,7.0,77.0,0.0,1.0,0.0,0.0,0.0,0.0,0.0,0.0,power_jamming
1.0,476.0,13.0,1.0,7.0,2.5,1.0,3.0,75.0,0.0,-30.0,-21.1,1.0,2.0,0.0,power_jamming
1.0,476.0,13.0,1.0,7.0,2.5,1.0,0.0,0.0,0.0,-28.5,-21.2,1.0,3.0,0.0,power_jamming
1.0,476.0,13.0,1.0,7.0,2.5,1.0,1.0,50.0,0.0,-30.6,-22.1,1.0,2.0,0.0,power_jamming
1.0,4770.0,13.0,1.0,7.0,2.5,1.0,0.0,0.0,0.0,-29.8,-22.3,1.0,2.0,0.0,power_jamming
1.0,4771.0,15.0,1.0,7.0,2.5,1.0,0.0,0.0,0.0,1.0,0.0,0.0,0.0,0.0,power_jamming
1.0,4773.0,13.0,1.0,5.0,0.0,0.0,7.0,100.0,10.0,-29.9,-20.3,1.0,2.0,0.0,power_jamming
1.0,4775.0,7.0,2.5,1.0,2.0,66.0,0.0,-23.0,-23.3,1.0,9.0,0.0,0.0,3.0,power_jamming
1.0,4776.0,13.0,1.0,7.0,0.0,0.0,5.0,100.0,0.0,-29.1,-22.6,1.0,2.0,0.0,power_jamming
1.0,4777.0,13.0,1.0,7.0,2.5,1.0,0.0,0.0,0.0,-28.8,-27.0,1.0,9.0,0.0,power_jamming
1.0,477.0,13.0,1.0,7.0,0.0,0.0,5.0,100.0,0.0,-28.7,-20.2,1.0,2.0,0.0,power_jamming
1.0,477.0,13.0,1.0,7.0,2.5,1.0,0.0,0.0,0.0,-29.1,-21.2,1.0,2.0,0.0,power_jamming
1.0,477.0,14.0,1.0,7.0,2.5,1.0,0.0,0.0,0.0,-26.1,-22.1,1.0,5.0,0.0,power_jamming
1.0,4781.0,13.0,1.0,7.0,2.5,1.0,0.0,0.0,0.0,-28.7,-22.3,1.0,2.0,0.0,power_jamming
1.0,4783.0,13.0,1.0,7.0,2.5,1.0,1.0,50.0,0.0,-30.4,-22.5,1.0,2.0,0.0,power_jamming
1.0,4784.0,13.0,1.0,7.0,2.5,1.0,0.0,0.0,0.0,-30.1,-21.3,1.0,3.0,0.0,power_jamming
1.0,4785.0,13.0,1.0,7.0,2.5,1.0,4.0,80.0,0.0,-23.3,-22.6,1.0,9.0,0.0,power_jamming
1.0,4786.0,13.0,1.0,7.0,2.5,1.0,0.0,0.0,0.0,-29.5,-21.7,1.0,3.0,0.0,power_jamming
1.0,4788.0,7.0,0.0,0.0,0.0,0.0,0.0,1.0,0.0,0.0,0.0,0.0,0.0,0.0,power_jamming
1.0,478.0,15.0,1.0,7.0,2.5,1.0,0.0,0.0,0.0,-25.9,-24.3,1.0,8.0,0.0,power_jamming
1.0,478.0,7.0,2.5,1.0,0.0,0.0,0.0,1.0,0.0,0.0,0.0,0.0,0.0,0.0,power_jamming
1.0,4792.0,14.0,1.0,7.0,2.5,1.0,0.0,0.0,0.0,-28.1,-24.8,1.0,9.0,0.0,power_jamming
1.0,4793.0,13.0,1.0,7.0,0.0,0.0,5.0,100.0,0.0,-27.1,-23.1,1.0,6.0,0.0,power_jamming
1.0,479.0,14.0,1.0,7.0,2.5,1.0,0.0,0.0,0.0,-26.6,-21.1,1.0,4.0,0.0,power_jamming
1.0,479.0,7.0,0.0,0.0,0.0,0.0,0.0,1.0,0.0,0.0,0.0,0.0,0.0,0.0,power_jamming
1.0,479.0,13.0,1.0,7.0,2.5,1.0,0.0,0.0,0.0,-30.3,-22.3,1.0,2.0,0.0,power_jamming
1.0,479.0,11.0,1.0,7.0,0.0,0.0,5.0,100.0,0.0,-31.5,-23.6,1.0,3.0,0.0,power_jamming
1.0,47.0,9.0,13.0,1.0,3.0,2.6,2.0,5.0,71.0,0.0,-30.9,-22.0,1.0,2.0,power_jamming
1.0,47.0,5.0,13.0,1.0,3.0,2.7,2.0,4.0,66.0,0.0,-29.4,-20.5,1.0,2.0,power_jamming
1.0,47.0,6.0,13.0,1.0,3.0,2.8,4.0,5.0,55.0,0.0,-29.5,-20.2,1.0,1.0,power_jamming
1.0,47.0,8.0,13.0,1.0,5.0,2.5,1.0,0.0,0.0,0.0,-30.1,-20.6,1.0,2.0,power_jamming
1.0,47.0,13.0,1.0,4.0,0.0,0.0,14.0,100.0,0.0,-30.8,-20.8,1.0,2.0,0.0,power_jamming
1.0,47.0,6.0,13.0,1.0,7.0,2.5,1.0,0.0,0.0,0.0,-31.9,-23.0,1.0,2.0,power_jamming
1.0,47.0,8.0,13.0,1.0,4.0,200.0,2.0,11.0,84.0,0.0,-31.2,-22.1,1.0,1.0,power_jamming
1.0,47.0,9.0,13.0,1.0,7.0,2.5,1.0,0.0,0.0,0.0,-31.4,-22.5,1.0,2.0,power_jamming
1.0,47.0,13.0,1.0,7.0,2.5,1.0,0.0,0.0,0.0,-30.1,-21.4,1.0,3.0,0.0,power_jamming
1.0,47.0,13.0,1.0,7.0,2.5,1.0,0.0,0.0,0.0,-28.8,-21.1,1.0,3.0,0.0,power_jamming
1.0,47.0,14.0,1.0,7.0,2.5,1.0,0.0,0.0,0.0,-26.8,-21.1,1.0,4.0,0.0,power_jamming
1.0,47.0,7.0,0.0,0.0,2.0,100.0,0.0,1.0,0.0,0.0,0.0,0.0,0.0,0.0,power_jamming
1.0,47.0,13.0,1.0,7.0,2.5,1.0,2.0,66.0,0.0,-29.1,-22.1,1.0,2.0,0.0,power_jamming
1.0,47.0,0.0,13.0,1.0,7.0,2.5,1.0,0.0,0.0,0.0,-25.7,-21.0,1.0,9.0,power_jamming
1.0,47.0,1.0,13.0,1.0,7.0,2.5,1.0,0.0,0.0,0.0,-27.4,-25.9,1.0,9.0,power_jamming
1.0,47.0,2.0,13.0,1.0,7.0,2.5,1.0,0.0,0.0,0.0,-22.4,-22.9,1.0,8.0,power_jamming
1.0,47.0,13.0,1.0,7.0,0.0,0.0,5.0,100.0,0.0,-30.0,-23.4,1.0,3.0,0.0,power_jamming
1.0,47.0,8.0,12.0,1.0,7.0,2.5,1.0,0.0,0.0,0.0,-28.8,-20.8,1.0,3.0,power_jamming
1.0,47.0,9.0,13.0,1.0,7.0,2.5,1.0,0.0,0.0,0.0,-28.3,-21.3,1.0,5.0,power_jamming
1.0,47.0,13.0,1.0,7.0,0.0,0.0,5.0,100.0,0.0,-25.7,-22.8,1.0,6.0,0.0,power_jamming
1.0,4802.0,13.0,1.0,3.0,2.9,5.0,0.0,0.0,0.0,-29.5,-20.4,1.0,1.0,0.0,power_jamming
1.0,4809.0,13.0,1.0,7.0,2.5,1.0,0.0,0.0,0.0,-29.9,-21.9,1.0,3.0,0.0,power_jamming
1.0,4812.0,13.0,1.0,3.0,2.9,5.0,4.0,44.0,0.0,-29.1,-20.6,1.0,1.0,0.0,power_jamming
1.0,4813.0,13.0,1.0,7.0,2.5,1.0,3.0,75.0,0.0,-30.7,-22.6,1.0,2.0,0.0,power_jamming
1.0,4815.0,13.0,1.0,7.0,2.5,1.0,0.0,0.0,0.0,-32.1,-23.2,1.0,5.0,0.0,power_jamming
1.0,4816.0,13.0,1.0,7.0,2.5,1.0,0.0,0.0,0.0,-28.8,-23.0,1.0,5.0,0.0,power_jamming
1.0,4818.0,13.0,1.0,7.0,2.5,1.0,1.0,50.0,0.0,-29.0,-20.8,1.0,2.0,0.0,power_jamming
1.0,4821.0,7.0,0.0,0.0,0.0,0.0,0.0,1.0,0.0,0.0,0.0,0.0,0.0,0.0,power_jamming
1.0,482.0,14.0,1.0,7.0,2.5,1.0,0.0,0.0,0.0,-27.2,-21.4,1.0,6.0,0.0,power_jamming
1.0,482.0,14.0,1.0,7.0,2.5,1.0,0.0,0.0,0.0,-32.1,-21.3,1.0,4.0,0.0,power_jamming
1.0,482.0,13.0,1.0,7.0,2.5,1.0,1.0,50.0,0.0,-27.9,-20.4,1.0,2.0,0.0,power_jamming
1.0,482.0,13.0,1.0,7.0,0.0,0.0,5.0,100.0,0.0,-28.3,-20.6,1.0,2.0,0.0,power_jamming
1.0,4831.0,13.0,1.0,4.0,2.7,2.0,0.0,0.0,10.0,-31.1,-22.4,1.0,2.0,0.0,power_jamming
1.0,4841.0,13.0,1.0,2.0,2.7,2.0,10.0,83.0,0.0,-31.6,-21.7,1.0,1.0,0.0,power_jamming
1.0,4843.0,13.0,1.0,4.0,2.5,1.0,1.0,50.0,0.0,-28.9,-20.7,1.0,2.0,0.0,power_jamming
1.0,4845.0,13.0,1.0,7.0,2.5,1.0,2.0,66.0,0.0,-29.7,-21.1,1.0,2.0,0.0,power_jamming
1.0,4849.0,13.0,1.0,7.0,2.5,1.0,0.0,0.0,0.0,-31.7,-22.5,1.0,2.0,0.0,power_jamming
1.0,484.0,13.0,1.0,7.0,2.5,1.0,0.0,0.0,0.0,-29.4,-20.8,1.0,2.0,0.0,power_jamming
1.0,4853.0,13.0,1.0,7.0,2.5,1.0,0.0,0.0,0.0,-28.0,-25.1,1.0,9.0,0.0,power_jamming
1.0,4859.0,13.0,1.0,7.0,0.0,0.0,5.0,100.0,0.0,-26.9,-20.7,1.0,3.0,0.0,power_jamming
1.0,485.0,13.0,1.0,7.0,2.5,1.0,0.0,0.0,0.0,-29.6,-22.3,1.0,3.0,0.0,power_jamming
1.0,485.0,13.0,1.0,7.0,2.5,1.0,0.0,0.0,0.0,-27.3,-21.6,1.0,5.0,0.0,power_jamming
1.0,485.0,13.0,1.0,7.0,2.5,1.0,0.0,0.0,0.0,-25.3,-21.7,1.0,9.0,0.0,power_jamming
1.0,485.0,7.0,2.5,1.0,0.0,0.0,0.0,1.0,0.0,0.0,0.0,0.0,0.0,0.0,power_jamming
1.0,4866.0,7.0,2.5,1.0,0.0,0.0,0.0,1.0,0.0,0.0,0.0,0.0,0.0,0.0,power_jamming
1.0,486.0,7.0,0.0,0.0,0.0,0.0,0.0,1.0,0.0,0.0,0.0,0.0,0.0,0.0,power_jamming
1.0,4871.0,13.0,1.0,7.0,0.0,0.0,5.0,100.0,0.0,-27.8,-20.2,1.0,3.0,0.0,power_jamming
1.0,4876.0,7.0,2.5,1.0,0.0,0.0,0.0,1.0,0.0,0.0,0.0,0.0,0.0,0.0,power_jamming
1.0,488.0,13.0,1.0,7.0,2.5,1.0,0.0,0.0,0.0,-22.5,-22.1,1.0,8.0,0.0,power_jamming
1.0,4890.0,12.0,1.0,5.0,2.7,2.0,0.0,0.0,0.0,-27.1,-18.8,1.0,2.0,0.0,power_jamming
1.0,4893.0,12.0,1.0,7.0,2.5,1.0,0.0,0.0,0.0,-24.4,-19.1,1.0,3.0,0.0,power_jamming
1.0,489.0,7.0,0.0,0.0,0.0,0.0,0.0,1.0,0.0,0.0,0.0,0.0,0.0,0.0,power_jamming
1.0,48.0,0.0,14.0,1.0,7.0,2.5,1.0,0.0,0.0,0.0,-28.3,-22.6,1.0,5.0,power_jamming
3.0,3.0,-7090.0,0.0,0.0,0.0,0.0,0.0,0.0,0.0,0.0,0.0,0.0,0.0,0.0,power_jamming
